player_id,player_name,position,sub_position,country_of_citizenship,date_of_birth,peak_valuation_date,peak_market_value_eur,valuation_observation_count,age_at_peak_value,peak_age_position_percentile,peak_value_position_rank
1058368,Francesco Camarda,Attack,Centre-Forward,Italy,10/3/08,12/3/24,10000000,4,16,0,253
553757,Aleksander Buksa,Attack,Centre-Forward,Poland,15/1/03,18/8/20,3000000,7,17,0.000757576,424
466810,Ansu Fati,Attack,Left Winger,Spain,31/10/02,8/10/20,80000000,11,17,0.000757576,28
719673,Ben Gannon-Doak,Attack,Right Winger,Scotland,11/11/05,9/10/23,10000000,4,17,0.000757576,254
697144,Burak İnce,Attack,Left Winger,Türkiye,20/1/04,17/1/22,2500000,10,17,0.000757576,453
819636,Dzenan Pejcinovic,Attack,Centre-Forward,Germany,15/2/05,21/9/22,1000000,5,17,0.000757576,562
1185888,Ibrahim Mbaye,Attack,Right Winger,Senegal,24/1/08,3/6/25,3000000,3,17,0.000757576,424
1069512,Jonah Kusi-Asare,Attack,Centre-Forward,Sweden,4/7/07,11/9/24,2500000,5,17,0.000757576,453
819215,Julien Duranville,Attack,Left Winger,Belgium,5/5/06,22/6/23,8500000,7,17,0.000757576,283
955357,Junior Kroupi,Attack,Centre-Forward,France,23/6/06,18/12/23,15000000,4,17,0.000757576,208
732119,Kaide Gordon,Attack,Right Winger,England,5/10/04,15/6/22,1500000,4,17,0.000757576,515
937958,Lamine Yamal,Attack,Right Winger,Spain,13/7/07,18/7/24,120000000,6,17,0.000757576,6
572919,Mohamed Sankoh,Attack,Centre-Forward,Netherlands,16/10/03,9/6/21,1000000,8,17,0.000757576,562
508639,Naci Ünüvar,Attack,Left Winger,Türkiye,13/6/03,24/10/20,6000000,13,17,0.000757576,331
726701,Rodrigo Ribeiro,Attack,Centre-Forward,Portugal,28/4/05,1/11/22,3000000,7,17,0.000757576,424
986288,Sidiki Chérif,Attack,Centre-Forward,Guinea,15/12/06,7/10/24,1000000,6,17,0.000757576,562
467720,Youssoufa Moukoko,Attack,Centre-Forward,Germany,20/11/04,9/11/22,30000000,10,17,0.000757576,117
948275,Álvaro Rodríguez,Attack,Centre-Forward,Uruguay,14/7/04,23/3/23,6000000,12,18,0.012878788,332
931841,Amar Fatah,Attack,Left Winger,Sweden,19/2/04,2/9/22,1500000,6,18,0.012878788,516
743598,Ângelo,Attack,Right Winger,Brazil,21/12/04,16/10/23,15000000,11,18,0.012878788,209
569033,Armindo Sieb,Attack,Second Striker,Germany,17/2/03,14/6/21,1500000,6,18,0.012878788,516
1061282,Assane Diao,Attack,Left Winger,Senegal,7/9/05,22/12/23,15000000,4,18,0.012878788,209
1067904,Bazoumana Touré,Attack,Left Winger,Cote d'Ivoire,2/3/06,20/12/24,9000000,4,18,0.012878788,273
546176,Brian Oddei,Attack,Right Winger,Ghana,18/9/02,3/6/21,1000000,6,18,0.012878788,563
700998,Chaka Traorè,Attack,Left Winger,Cote d'Ivoire,23/12/04,20/12/23,1500000,5,18,0.012878788,516
866579,Cole Campbell,Attack,Right Winger,United States,20/2/06,20/12/24,1500000,3,18,0.012878788,516
670883,Dane Scarlett,Attack,Centre-Forward,England,24/3/04,29/7/22,2000000,8,18,0.012878788,478
1082850,Deivid Washington,Attack,Centre-Forward,Brazil,5/6/05,9/10/23,9000000,4,18,0.012878788,273
459661,Eddie Salcedo,Attack,Centre-Forward,Italy,1/10/01,25/8/20,10000000,13,18,0.012878788,255
580276,Emrehan Gedikli,Attack,Centre-Forward,Türkiye,25/4/03,31/3/22,1200000,12,18,0.012878788,547
1060740,Enso González,Attack,Left Winger,Paraguay,20/1/05,9/10/23,4000000,5,18,0.012878788,389
903666,Ethan Mbappé,Attack,Right Winger,France,29/12/06,24/3/25,5000000,7,18,0.012878788,355
648046,Evan Ferguson,Attack,Centre-Forward,Ireland,19/10/04,9/10/23,65000000,14,18,0.012878788,42
505653,Fábio Silva,Attack,Centre-Forward,Portugal,19/7/02,13/10/20,25000000,15,18,0.012878788,139
1004834,George Ilenikhena,Attack,Centre-Forward,Nigeria,16/8/06,7/10/24,15000000,9,18,0.012878788,209
620164,Haissem Hassan,Attack,Right Winger,Egypt,8/2/02,8/10/20,2000000,8,18,0.012878788,478
1119453,Herba Guirassy,Attack,Left Winger,France,29/8/06,10/12/24,1000000,3,18,0.012878788,563
825437,Ilyes Housni,Attack,Centre-Forward,Morocco,14/5/05,27/6/23,3500000,8,18,0.012878788,408
557610,Isaac Lihadji,Attack,Right Winger,France,10/4/02,7/1/21,4000000,9,18,0.012878788,389
1031774,Jarzinho Malanga,Attack,Left Winger,Germany,10/7/06,11/6/25,1700000,3,18,0.012878788,507
470391,Jayden Braaf,Attack,Left Winger,Netherlands,31/8/02,10/2/21,3000000,8,18,0.012878788,425
939290,Jayden Danns,Attack,Centre-Forward,England,16/1/06,14/3/24,1000000,3,18,0.012878788,563
934878,Jeff Ekhator,Attack,Centre-Forward,Italy,11/11/06,18/12/24,5000000,4,18,0.012878788,355
620477,Kaio Jorge,Attack,Centre-Forward,Brazil,24/1/02,8/10/20,12000000,13,18,0.012878788,233
1043634,Leon Chiwome,Attack,Centre-Forward,England,10/1/06,27/5/24,1000000,4,18,0.012878788,563
725242,Luca D'Andrea,Attack,Right Winger,Italy,6/9/04,11/11/22,2500000,3,18,0.012878788,454
991800,Luís Guilherme,Attack,Right Winger,Brazil,9/2/06,17/6/24,24000000,9,18,0.012878788,151
1296876,Marc Domènech,Attack,Centre-Forward,Spain,1/12/06,9/6/25,1000000,3,18,0.012878788,563
938158,Marc Guiu,Attack,Centre-Forward,Spain,4/1/06,21/3/24,7500000,3,18,0.012878788,298
698548,Marko Lazetić,Attack,Centre-Forward,Serbia,22/1/04,15/3/22,3000000,10,18,0.012878788,425
845568,Marko Milovanović,Attack,Centre-Forward,Serbia,4/8/03,25/12/21,1200000,7,18,0.012878788,547
801734,Mathys Tel,Attack,Centre-Forward,France,27/4/05,18/10/23,50000000,13,18,0.012878788,62
735700,Maxence Rivera,Attack,Left Winger,France,30/5/02,9/4/21,2500000,11,18,0.012878788,454
845872,Milos Lukovic,Attack,Centre-Forward,Serbia,18/11/05,27/12/23,5000000,9,18,0.012878788,355
670847,Mohamed-Ali Cho,Attack,Right Winger,France,19/1/04,23/3/22,15000000,18,18,0.012878788,209
562030,Musa Juwara,Attack,Right Winger,The Gambia,26/12/01,25/8/20,2000000,12,18,0.012878788,478
863741,Nathan Fraser,Attack,Centre-Forward,Ireland,22/2/05,9/10/23,1000000,6,18,0.012878788,563
673071,Oscar Vilhelmsson,Attack,Centre-Forward,Sweden,2/10/03,24/6/22,2000000,9,18,0.012878788,478
624942,Raúl Moro,Attack,Left Winger,Spain,5/12/02,14/10/21,3000000,6,18,0.012878788,425
933900,Samuel Amo-Ameyaw,Attack,Right Winger,England,18/7/06,3/6/25,4000000,6,18,0.012878788,389
640026,Shola Shoretire,Attack,Left Winger,England,2/2/04,15/6/22,4000000,10,18,0.012878788,389
943837,Vitor Roque,Attack,Centre-Forward,Brazil,28/2/05,11/12/23,40000000,10,18,0.012878788,87
610431,Wahid Faghir,Attack,Centre-Forward,Denmark,29/7/03,7/10/21,4500000,9,18,0.012878788,374
764859,Williot Swedberg,Attack,Left Winger,Sweden,1/2/04,24/6/22,5000000,8,18,0.012878788,355
649035,Youssouph Badji,Attack,Centre-Forward,Senegal,20/12/01,16/10/20,5000000,12,18,0.012878788,355
586659,Yvandro Borges Sanches,Attack,Left Winger,Luxembourg,24/5/04,9/11/22,1500000,10,18,0.012878788,516
776798,Abdallah Sima,Attack,Left Winger,Senegal,17/6/01,19/4/21,11000000,12,19,0.05,247
552057,Adam Hlozek,Attack,Centre-Forward,Czech Republic,25/7/02,22/6/22,20000000,14,19,0.05,164
750886,Alexis Tibidi,Attack,Left Winger,France,3/11/03,27/3/23,2500000,7,19,0.05,455
883122,Anas Haj Mohamed,Attack,Right Winger,Tunisia,26/3/05,18/12/24,1800000,5,19,0.05,496
894914,Antonio Nusa,Attack,Left Winger,Norway,17/4/05,20/12/24,28000000,13,19,0.05,129
535551,Bartosz Bialek,Attack,Centre-Forward,Poland,11/11/01,10/2/21,5000000,14,19,0.05,356
634461,Borja Sainz,Attack,Left Winger,Spain,21/2/01,23/7/20,2500000,9,19,0.05,455
392768,Callum Hudson-Odoi,Attack,Left Winger,England,7/11/00,13/10/20,35000000,16,19,0.05,101
742451,Carlos Forbs,Attack,Right Winger,Portugal,19/3/04,2/8/23,10000000,3,19,0.05,256
950593,Damián Pizarro,Attack,Centre-Forward,Chile,28/3/05,13/6/24,6500000,11,19,0.05,320
820241,Damion Downs,Attack,Centre-Forward,United States,6/7/04,29/5/24,2000000,5,19,0.05,479
467426,Dennis Borkowski,Attack,Left Winger,Germany,26/1/02,16/6/21,1200000,10,19,0.05,548
810895,Eliesse Ben Seghir,Attack,Left Winger,Morocco,16/2/05,10/12/24,30000000,10,19,0.05,118
955070,Ernest Nuamah,Attack,Right Winger,Ghana,1/11/03,16/10/23,20000000,9,19,0.05,164
872380,Felix Afena-Gyan,Attack,Left Winger,Ghana,19/1/03,7/6/22,6000000,5,19,0.05,333
1027216,François Mughe,Attack,Right Winger,Cameroon,16/6/04,16/10/23,1000000,8,19,0.05,564
548188,Germán Valera,Attack,Left Winger,Spain,16/3/02,19/3/21,2500000,13,19,0.05,455
935230,Gonzalo García,Attack,Centre-Forward,Spain,24/3/04,20/12/23,1000000,4,19,0.05,564
574201,Grant-Leon Ranos,Attack,Centre-Forward,Armenia,20/7/03,29/6/23,1000000,8,19,0.05,564
810096,Ismaël Gharbi,Attack,Left Winger,Tunisia,10/4/04,28/3/24,7500000,13,19,0.05,299
538974,Janis Antiste,Attack,Centre-Forward,Martinique,18/8/02,14/10/21,4500000,11,19,0.05,375
1057820,Jeremy Agbonifo,Attack,Right Winger,Sweden,24/10/05,24/3/25,5000000,4,19,0.05,356
1190411,Jesús Rodríguez,Attack,Left Winger,Spain,21/11/05,9/6/25,30000000,6,19,0.05,118
711382,Jon Karrikaburu,Attack,Centre-Forward,Spain,19/9/02,21/3/22,5000000,10,19,0.05,356
658534,Lasso Coulibaly,Attack,Right Winger,Cote d'Ivoire,19/10/02,28/12/21,1500000,10,19,0.05,517
483974,Leon Dajaku,Attack,Left Winger,Germany,12/4/01,10/2/21,2300000,6,19,0.05,474
610849,Liam Delap,Attack,Centre-Forward,England,8/2/03,14/9/22,7000000,6,19,0.05,309
745461,Luca Koleosho,Attack,Right Winger,Italy,15/9/04,19/12/23,7000000,6,19,0.05,309
769063,Luka Romero,Attack,Right Winger,Argentina,18/11/04,21/3/24,5000000,10,19,0.05,356
512354,Malcolm Ebiowei,Attack,Right Winger,England,4/9/03,3/11/22,3000000,10,19,0.05,426
1054839,Mamadou Diakhon,Attack,Left Winger,Senegal,22/9/05,3/6/25,3000000,6,19,0.05,426
682032,Marley Aké,Attack,Left Winger,France,5/1/01,15/10/20,2500000,9,19,0.05,455
668268,Marquinhos,Attack,Right Winger,Brazil,7/4/03,24/3/23,12000000,11,19,0.05,234
532826,Mason Greenwood,Attack,Right Winger,England,1/10/01,13/10/20,50000000,12,19,0.05,63
724129,Matias Fernandez-Pardo,Attack,Centre-Forward,Belgium,3/2/05,4/6/24,3000000,3,19,0.05,426
923595,Max Moerstedt,Attack,Centre-Forward,Germany,15/1/06,27/3/25,7000000,5,19,0.05,309
412932,Myron Boadu,Attack,Centre-Forward,Netherlands,14/1/01,14/10/20,18000000,16,19,0.05,177
798927,N'Dri Koffi,Attack,Centre-Forward,Cote d'Ivoire,9/3/02,16/12/21,1200000,5,19,0.05,548
867357,Nacho Ferri,Attack,Centre-Forward,Spain,5/10/04,18/10/23,3000000,5,19,0.05,426
557614,Nathanaël Mbuku,Attack,Left Winger,DR Congo,16/3/02,4/6/21,9000000,12,19,0.05,274
668183,Nico Serrano,Attack,Left Winger,Spain,5/3/03,3/6/22,2500000,13,19,0.05,455
670845,Omari Forson,Attack,Right Winger,England,20/7/04,27/5/24,2000000,3,19,0.05,479
975689,Óscar Cortés,Attack,Left Winger,Colombia,3/12/03,7/7/23,4200000,7,19,0.05,386
1015624,Óscar Perea,Attack,Left Winger,Colombia,27/9/05,7/10/24,3000000,9,19,0.05,426
961087,Pablo García,Attack,Right Winger,Spain,13/6/06,25/6/25,5000000,6,19,0.05,356
1099726,Papa Amadou Diallo,Attack,Left Winger,Senegal,25/6/04,3/6/24,1000000,3,19,0.05,564
364133,Pietro Pellegri,Attack,Centre-Forward,Italy,17/3/01,12/10/20,6000000,9,19,0.05,333
628558,Riccardo Ciervo,Attack,Left Winger,Italy,1/4/02,15/3/22,1500000,6,19,0.05,517
967319,Romain Esse,Attack,Right Winger,England,13/5/05,18/3/25,12000000,7,19,0.05,234
991268,Samu Aghehowa,Attack,Centre-Forward,Spain,5/5/04,21/3/24,40000000,7,19,0.05,88
849520,Santiago Castro,Attack,Centre-Forward,Argentina,18/9/04,12/3/24,12000000,7,19,0.05,234
618425,Tanguy Coulibaly,Attack,Right Winger,France,18/2/01,10/2/21,5000000,9,19,0.05,356
866655,Tyler Dibling,Attack,Right Winger,England,17/2/06,18/3/25,25000000,4,19,0.05,140
936874,Tyrique George,Attack,Left Winger,England,4/2/06,30/5/25,10000000,3,19,0.05,256
505673,Víctor Mollejo,Attack,Right Winger,Spain,21/1/01,8/10/20,4000000,12,19,0.05,390
627626,Wilfried Gnonto,Attack,Right Winger,Italy,5/11/03,16/3/23,18000000,9,19,0.05,177
463620,Willem Geubbels,Attack,Centre-Forward,France,16/8/01,12/10/20,6000000,8,19,0.05,333
568157,Yéremy Pino,Attack,Right Winger,Spain,20/10/02,21/3/22,40000000,12,19,0.05,88
670688,Youssef Chermiti,Attack,Centre-Forward,Portugal,24/5/04,9/10/23,9000000,7,19,0.05,274
434207,Aaron Connolly,Attack,Centre-Forward,Ireland,28/1/00,13/10/20,7000000,8,20,0.09469697,310
864121,Abdul Fatawu,Attack,Right Winger,Ghana,8/3/04,1/10/24,13000000,12,20,0.09469697,225
811779,Alejandro Garnacho,Attack,Left Winger,Argentina,1/7/04,1/10/24,50000000,12,20,0.09469697,64
888493,Alejo Veliz,Attack,Centre-Forward,Argentina,19/9/03,9/10/23,11000000,8,20,0.09469697,248
666977,Aliou Baldé,Attack,Left Winger,Guinea,12/12/02,16/10/23,1200000,9,20,0.09469697,549
818888,Antonio Raimondo,Attack,Centre-Forward,Italy,18/3/04,25/3/24,4500000,10,20,0.09469697,376
585959,Arnaud Kalimuendo,Attack,Centre-Forward,France,20/1/02,2/11/22,25000000,14,20,0.09469697,141
707242,Badredine Bouanani,Attack,Right Winger,Algeria,8/12/04,3/6/25,7000000,9,20,0.09469697,310
852024,Bénie Traoré,Attack,Left Winger,Cote d'Ivoire,30/11/02,9/10/23,4000000,8,20,0.09469697,391
627442,Benjamin Sesko,Attack,Centre-Forward,Slovenia,31/5/03,29/5/24,50000000,13,20,0.09469697,64
537382,Bryan Gil,Attack,Left Winger,Spain,11/2/01,10/6/21,30000000,14,20,0.09469697,119
418658,Charles Abi,Attack,Centre-Forward,France,12/4/00,15/10/20,3000000,10,20,0.09469697,427
361081,Daishawn Redan,Attack,Centre-Forward,Suriname,2/2/01,10/2/21,3000000,6,20,0.09469697,427
974894,David Mokwa,Attack,Centre-Forward,France,3/5/04,27/3/25,1000000,6,20,0.09469697,565
482836,David Strelec,Attack,Centre-Forward,Slovakia,4/4/01,14/10/21,1500000,8,20,0.09469697,518
914562,Désiré Doué,Attack,Right Winger,France,3/6/05,3/6/25,90000000,12,20,0.09469697,20
618350,Dion Beljo,Attack,Centre-Forward,Croatia,1/3/02,8/11/22,6500000,11,20,0.09469697,321
670848,Divin Mubama,Attack,Centre-Forward,England,25/10/04,18/3/25,4000000,7,20,0.09469697,391
584769,Dwight McNeil,Attack,Left Winger,England,22/11/99,30/7/20,25000000,12,20,0.09469697,141
567217,Ebrima Colley,Attack,Left Winger,The Gambia,1/2/00,29/12/20,4000000,9,20,0.09469697,391
659542,Elye Wahi,Attack,Centre-Forward,Cote d'Ivoire,2/1/03,16/10/23,40000000,16,20,0.09469697,89
394346,Emanuel Vignato,Attack,Right Winger,Italy,24/8/00,3/6/21,6000000,11,20,0.09469697,334
627294,Fer Niño,Attack,Centre-Forward,,24/10/00,13/10/21,5000000,9,20,0.09469697,357
398184,Ferran Torres,Attack,Centre-Forward,Spain,29/2/00,17/12/20,50000000,13,20,0.09469697,64
388160,Fraser Hornby,Attack,Centre-Forward,Scotland,13/9/99,3/8/20,2000000,11,20,0.09469697,480
604327,Gabriel Vidovic,Attack,Left Winger,Croatia,1/12/03,4/6/24,3500000,10,20,0.09469697,409
1018259,Gift Orban,Attack,Centre-Forward,Nigeria,17/7/02,9/6/23,20000000,8,20,0.09469697,165
914934,Henrik Meister,Attack,Centre-Forward,Denmark,13/11/03,7/10/24,3000000,10,20,0.09469697,427
892929,Hugo Álvarez,Attack,Left Winger,Spain,2/7/03,7/6/24,1500000,7,20,0.09469697,518
575693,Ibrahim Cissoko,Attack,Left Winger,Netherlands,26/3/03,23/6/23,2500000,6,20,0.09469697,456
1061656,Iker Almena,Attack,Right Winger,Spain,4/5/04,10/3/25,1300000,4,20,0.09469697,541
741292,Iker Bravo,Attack,Centre-Forward,Spain,13/1/05,17/6/25,3000000,10,20,0.09469697,427
709969,Ilias Akhomach,Attack,Right Winger,Morocco,16/4/04,7/6/24,15000000,9,20,0.09469697,210
401173,Jadon Sancho,Attack,Left Winger,England,25/3/00,26/11/20,100000000,15,20,0.09469697,13
670882,Jamie Gittens,Attack,Left Winger,England,8/8/04,20/12/24,50000000,11,20,0.09469697,64
472249,Jan Thielmann,Attack,Right Winger,Germany,26/5/02,21/9/22,9000000,11,20,0.09469697,275
939964,Jean-Mattéo Bahoya,Attack,Left Winger,France,7/5/05,5/6/25,17000000,9,20,0.09469697,190
936536,João Costa,Attack,Right Winger,Portugal,28/3/05,27/5/25,2800000,4,20,0.09469697,443
503980,Joe Gelhardt,Attack,Centre-Forward,England,4/5/02,15/9/22,8000000,10,20,0.09469697,286
895326,Joel Roca,Attack,Left Winger,Spain,7/6/05,24/6/25,1000000,4,20,0.09469697,565
669511,Jorge Pascual,Attack,Centre-Forward,Spain,9/4/03,20/12/23,1000000,4,20,0.09469697,565
720162,Justin Diehl,Attack,Left Winger,Germany,27/11/04,20/12/24,3500000,7,20,0.09469697,409
701757,Keke Topp,Attack,Centre-Forward,Germany,25/3/04,9/10/24,4000000,8,20,0.09469697,391
845654,Kenan Yıldız,Attack,Left Winger,Türkiye,4/5/05,17/6/25,50000000,7,20,0.09469697,64
466809,Konrad de la Fuente,Attack,Left Winger,United States,16/7/01,8/10/21,6000000,11,20,0.09469697,334
574772,Lázaro,Attack,Centre-Forward,Brazil,12/3/02,19/8/22,7000000,13,20,0.09469697,310
655012,Lucas Stassin,Attack,Centre-Forward,Belgium,29/11/04,3/6/25,18000000,10,20,0.09469697,178
743386,Malick Fofana,Attack,Left Winger,Belgium,31/3/05,3/6/25,30000000,11,20,0.09469697,119
574569,Marten Winkler,Attack,Right Winger,Germany,31/10/02,20/10/23,1000000,7,20,0.09469697,565
874080,Mason Burstow,Attack,Centre-Forward,England,4/8/03,7/3/24,1800000,5,20,0.09469697,497
668951,Matías Soulé,Attack,Right Winger,Argentina,15/4/03,20/12/23,25000000,7,20,0.09469697,141
550106,Matteo Cancellieri,Attack,Right Winger,Italy,12/2/02,27/9/22,5000000,9,20,0.09469697,357
678194,Matthew Hoppe,Attack,Centre-Forward,United States,13/3/01,31/3/21,4500000,17,20,0.09469697,376
796213,Nelson Weiper,Attack,Centre-Forward,Germany,17/3/05,5/6/25,10000000,9,20,0.09469697,257
660438,Orri Óskarsson,Attack,Centre-Forward,Iceland,29/8/04,11/10/24,20000000,11,20,0.09469697,165
661207,Oscar Bobb,Attack,Right Winger,Norway,12/7/03,14/3/24,25000000,6,20,0.09469697,141
847279,Oumar Diakité,Attack,Centre-Forward,Cote d'Ivoire,20/12/03,10/12/24,9000000,11,20,0.09469697,275
810411,Pablo Pagis,Attack,Left Winger,France,29/12/02,6/4/23,1500000,8,20,0.09469697,518
926952,Patrick Dorgu,Attack,Left Winger,Denmark,26/10/04,18/3/25,25000000,7,20,0.09469697,141
428791,Paulinho,Attack,Second Striker,Brazil,15/7/00,10/2/21,13000000,8,20,0.09469697,225
404384,Rabbi Matondo,Attack,Left Winger,Wales,9/9/00,10/3/21,5000000,11,20,0.09469697,357
610442,Rasmus Højlund,Attack,Centre-Forward,Denmark,4/2/03,9/10/23,65000000,16,20,0.09469697,43
406560,Rhian Brewster,Attack,Centre-Forward,England,1/4/00,13/10/20,15000000,10,20,0.09469697,210
431561,Roberto Massimo,Attack,Right Winger,Germany,12/10/00,7/10/21,3000000,10,20,0.09469697,427
935457,Salim El Jebari,Attack,Left Winger,Morocco,5/2/04,26/3/24,1000000,4,20,0.09469697,565
680806,Samuel Edozie,Attack,Left Winger,England,28/1/03,20/6/23,8000000,9,20,0.09469697,286
743591,Savinho,Attack,Left Winger,Brazil,10/4/04,16/12/24,55000000,12,20,0.09469697,57
557612,Sékou Mara,Attack,Centre-Forward,France,30/7/02,15/9/22,12000000,14,20,0.09469697,235
726526,Stefan Mitrović,Attack,Left Winger,Serbia,15/8/02,22/6/23,3500000,12,20,0.09469697,409
931567,Stiven Shpendi,Attack,Centre-Forward,Albania,19/5/03,11/10/23,2000000,9,20,0.09469697,480
815652,Tiago Morais,Attack,Left Winger,Portugal,3/9/03,19/3/24,3000000,12,20,0.09469697,427
553285,Tim Lemperle,Attack,Centre-Forward,Germany,5/2/02,9/6/22,2000000,8,20,0.09469697,480
698546,Vanja Vlahović,Attack,Centre-Forward,Serbia,23/3/04,19/12/24,6000000,7,20,0.09469697,334
390159,Vincenzo Millico,Attack,Left Winger,Italy,12/8/00,25/8/20,1800000,7,20,0.09469697,497
419061,Vladyslav Supryaga,Attack,Centre-Forward,Ukraine,15/2/00,14/1/21,7500000,12,20,0.09469697,300
609556,William Osula,Attack,Centre-Forward,Denmark,4/8/03,19/12/23,3000000,5,20,0.09469697,427
743498,Wilson Odobert,Attack,Left Winger,France,28/11/04,30/5/25,20000000,9,20,0.09469697,165
1012534,Yankuba Minteh,Attack,Right Winger,The Gambia,22/7/04,18/3/25,30000000,11,20,0.09469697,119
857818,Yáser Asprilla,Attack,Right Winger,Colombia,19/11/03,11/10/24,18000000,14,20,0.09469697,178
623040,Yayah Kallon,Attack,Right Winger,Sierra Leone,30/6/01,14/10/21,2000000,8,20,0.09469697,480
604359,Yusuf Kabadayi,Attack,Left Winger,Germany,2/2/04,9/10/24,1500000,11,20,0.09469697,518
724520,Abde Ezzalzouli,Attack,Left Winger,Morocco,17/12/01,13/6/23,15000000,16,21,0.156060606,211
1111912,Adama Bojang,Attack,Centre-Forward,The Gambia,28/5/04,10/6/25,1000000,6,21,0.156060606,566
608469,Adolfo Gaich,Attack,Centre-Forward,Argentina,26/2/99,29/12/20,9000000,13,21,0.156060606,276
812625,Agustín Álvarez,Attack,Centre-Forward,Uruguay,19/5/01,27/9/22,8500000,14,21,0.156060606,284
733576,Alberto Moleiro,Attack,Left Winger,Spain,30/9/03,27/12/24,25000000,14,21,0.156060606,142
341272,Álex Pozo,Attack,Right Winger,Spain,22/2/99,8/10/20,5000000,10,21,0.156060606,358
749552,Alieu Fadera,Attack,Left Winger,The Gambia,3/11/01,9/6/23,3000000,12,21,0.156060606,428
616369,Ander Barrenetxea,Attack,Left Winger,Spain,27/12/01,22/12/23,20000000,14,21,0.156060606,166
531277,Andrés Martín,Attack,Centre-Forward,Spain,11/7/99,23/7/20,2000000,8,21,0.156060606,481
1028162,Antoine Joujou,Attack,Left Winger,France,12/3/03,7/10/24,2500000,8,21,0.156060606,457
571743,Armando Broja,Attack,Centre-Forward,Albania,10/9/01,3/11/22,30000000,13,21,0.156060606,120
377665,Arnór Sigurdsson,Attack,Left Winger,Iceland,15/5/99,29/7/20,6000000,9,21,0.156060606,335
624920,Béni Makouana,Attack,Left Winger,Congo,28/9/02,11/12/23,1200000,12,21,0.156060606,550
961022,Benja Domínguez,Attack,Left Winger,Argentina,19/9/03,25/3/25,15000000,9,21,0.156060606,211
672803,Bertuğ Yıldırım,Attack,Centre-Forward,Türkiye,12/7/02,18/12/23,5000000,16,21,0.156060606,358
412366,Brenner,Attack,Centre-Forward,Brazil,16/1/00,9/2/21,9000000,13,21,0.156060606,276
533662,Cameron Archer,Attack,Centre-Forward,England,9/12/01,9/10/23,18000000,12,21,0.156060606,179
315779,Christian Pulisic,Attack,Right Winger,United States,18/9/98,30/7/20,60000000,14,21,0.156060606,47
746740,Daniel Jebbison,Attack,Centre-Forward,Canada,13/8/03,18/3/25,4000000,9,21,0.156060606,392
881610,David Ankeye,Attack,Centre-Forward,Nigeria,22/5/02,12/3/24,2000000,5,21,0.156060606,481
787232,David Datro Fofana,Attack,Centre-Forward,Cote d'Ivoire,22/12/02,27/5/24,12000000,12,21,0.156060606,236
551752,Demba Seck,Attack,Right Winger,Senegal,10/2/01,15/3/22,3000000,9,21,0.156060606,428
371174,Diego Lainez,Attack,Right Winger,Mexico,9/6/00,10/6/21,8000000,10,21,0.156060606,287
462086,Elayis Tavsan,Attack,Right Winger,Türkiye,30/4/01,14/9/22,1800000,10,21,0.156060606,498
508371,Emil Konradsen Ceide,Attack,Left Winger,Norway,3/9/01,11/11/22,2500000,9,21,0.156060606,457
418559,Erik Botheim,Attack,Centre-Forward,Norway,10/1/00,3/1/22,4000000,8,21,0.156060606,392
676318,Facundo Pellistri,Attack,Right Winger,Uruguay,20/12/01,19/12/23,10000000,13,21,0.156060606,258
456492,Faride Alidou,Attack,Left Winger,Germany,18/7/01,9/11/22,2500000,13,21,0.156060606,457
317740,Florian Krüger,Attack,Centre-Forward,Germany,13/2/99,8/2/21,4000000,16,21,0.156060606,392
503770,Folarin Balogun,Attack,Centre-Forward,United States,3/7/01,27/6/23,30000000,13,21,0.156060606,120
622988,Fran Pérez,Attack,Right Winger,Spain,9/9/02,22/12/23,8000000,9,21,0.156060606,287
532040,Giuseppe Di Serio,Attack,Centre-Forward,Italy,20/7/01,20/3/23,1400000,8,21,0.156060606,536
550550,Gonçalo Ramos,Attack,Centre-Forward,Portugal,20/6/01,16/6/23,50000000,16,21,0.156060606,65
592735,Gonzalo Plata,Attack,Right Winger,Ecuador,1/11/00,29/6/22,6000000,9,21,0.156060606,335
465606,Halil Dervişoğlu,Attack,Centre-Forward,Türkiye,8/12/99,12/10/21,4300000,14,21,0.156060606,385
321070,Hannes Wolf,Attack,Right Winger,Austria,16/4/99,16/9/20,10000000,11,21,0.156060606,258
392763,Ian Poveda,Attack,Right Winger,Colombia,9/2/00,24/11/21,2000000,9,21,0.156060606,481
490417,Ibrahima Niane,Attack,Centre-Forward,Senegal,11/3/99,15/10/20,9000000,8,21,0.156060606,276
531949,Ignatius Ganago,Attack,Centre-Forward,Cameroon,16/2/99,7/1/21,8000000,10,21,0.156060606,287
605268,Igor Matanovic,Attack,Centre-Forward,Croatia,31/3/03,9/10/24,8000000,14,21,0.156060606,287
482145,Issah Abass,Attack,Left Winger,Ghana,26/9/98,16/9/20,1000000,10,21,0.156060606,566
293281,Jacob Bruun Larsen,Attack,Left Winger,Denmark,19/9/98,16/9/20,8000000,13,21,0.156060606,287
407098,Jakub Kamiński,Attack,Left Winger,Poland,5/6/02,22/6/23,12000000,13,21,0.156060606,236
422355,Jens Petter Hauge,Attack,Left Winger,Norway,12/10/99,29/12/20,10000000,12,21,0.156060606,258
486049,Jérémy Doku,Attack,Left Winger,Belgium,27/5/02,19/12/23,65000000,14,21,0.156060606,44
586834,Jesurun Rak-Sakyi,Attack,Right Winger,Ghana,5/10/02,9/10/23,2000000,5,21,0.156060606,481
649317,Jhon Durán,Attack,Centre-Forward,Colombia,13/12/03,16/12/24,40000000,13,21,0.156060606,90
462250,João Félix,Attack,Second Striker,Portugal,10/11/99,23/11/20,100000000,17,21,0.156060606,14
331498,Jordi Mboula,Attack,Right Winger,Spain,16/3/99,8/10/20,1800000,12,21,0.156060606,498
453824,Josh Maja,Attack,Centre-Forward,Nigeria,27/12/98,15/10/20,6500000,7,21,0.156060606,322
625654,Julen Lobete,Attack,Centre-Forward,Spain,18/9/00,13/10/21,5000000,11,21,0.156060606,358
452477,Junior Adamu,Attack,Centre-Forward,Austria,6/6/01,10/11/22,8000000,15,21,0.156060606,287
309400,Kai Havertz,Attack,Centre-Forward,Germany,11/6/99,13/10/20,81000000,16,21,0.156060606,27
746695,Kamaldeen Sulemana,Attack,Left Winger,Ghana,15/2/02,16/3/23,22000000,15,21,0.156060606,156
589737,Kelvin Yeboah,Attack,Centre-Forward,Italy,6/5/00,15/3/22,5500000,12,21,0.156060606,347
473050,Kevin Schade,Attack,Left Winger,Germany,27/11/01,20/6/23,25000000,12,21,0.156060606,142
1111663,Kingstone Mutandwa,Attack,Centre-Forward,Zambia,5/1/03,25/6/24,1000000,4,21,0.156060606,566
342229,Kylian Mbappé,Attack,Centre-Forward,France,20/12/98,15/10/20,180000000,10,21,0.156060606,2
518644,Largie Ramazani,Attack,Left Winger,Belgium,27/2/01,23/9/22,10000000,12,21,0.156060606,258
627248,Lewis Dobbin,Attack,Left Winger,England,3/1/03,14/3/24,2500000,5,21,0.156060606,457
335103,Linton Maina,Attack,Left Winger,Germany,23/6/99,15/7/20,9000000,14,21,0.156060606,276
487843,Lorenzo Colombo,Attack,Centre-Forward,Italy,8/3/02,20/12/23,7000000,13,21,0.156060606,311
607226,Loum Tchaouna,Attack,Right Winger,France,8/9/03,18/12/24,10000000,12,21,0.156060606,258
482107,Magnus Warming,Attack,Right Winger,Denmark,8/6/00,14/10/21,1000000,12,21,0.156060606,566
396638,Manor Solomon,Attack,Left Winger,Israel,24/7/99,7/6/21,20000000,10,21,0.156060606,166
404584,Marcus Forss,Attack,Centre-Forward,Finland,18/6/99,26/5/21,4500000,9,21,0.156060606,377
532495,Marlon Mustapha,Attack,Centre-Forward,Austria,24/5/01,27/5/22,1000000,7,21,0.156060606,566
640109,Martín Satriano,Attack,Centre-Forward,Uruguay,20/2/01,11/11/22,8000000,13,21,0.156060606,287
611426,Matías Arezo,Attack,Centre-Forward,Uruguay,21/11/02,28/12/23,7500000,13,21,0.156060606,301
578392,Maximilian Beier,Attack,Centre-Forward,Germany,17/10/02,29/5/24,30000000,16,21,0.156060606,120
460654,Mehdi Zerkane,Attack,Right Winger,Algeria,15/7/99,4/6/21,2500000,9,21,0.156060606,457
393239,Mitchell van Bergen,Attack,Right Winger,Netherlands,27/8/99,14/10/20,4000000,13,21,0.156060606,392
574385,Mohamed Daramy,Attack,Left Winger,Denmark,7/1/02,16/10/23,10000000,15,21,0.156060606,258
880330,Moïse Sahi Dion,Attack,Centre-Forward,Cote d'Ivoire,20/12/01,16/6/23,3000000,10,21,0.156060606,428
355641,Mounir Chouiar,Attack,Left Winger,Morocco,23/1/99,15/10/20,9000000,11,21,0.156060606,276
371142,Myziane Maolida,Attack,Left Winger,Comoros,14/2/99,15/10/20,7500000,11,21,0.156060606,301
570421,Nico Melamed,Attack,Left Winger,Spain,11/4/01,3/6/22,7500000,8,21,0.156060606,301
392085,Nicolò Zaniolo,Attack,Second Striker,Italy,2/7/99,25/8/20,55000000,15,21,0.156060606,58
568702,Papa Ndiaga Yade,Attack,Left Winger,Mauritania,5/1/00,4/6/21,3000000,9,21,0.156060606,428
710004,Peter Federico,Attack,Right Winger,Dominican Republic,25/7/02,21/3/24,3000000,14,21,0.156060606,428
594505,Raimonds Krollis,Attack,Centre-Forward,Latvia,28/10/01,23/11/22,2500000,7,21,0.156060606,457
917778,Rémy Labeau Lascary,Attack,Centre-Forward,France,3/3/03,10/12/24,2500000,11,21,0.156060606,457
627207,Ricardo Pepi,Attack,Centre-Forward,United States,9/1/03,17/12/24,18000000,12,21,0.156060606,179
704270,Sambou Soumano,Attack,Centre-Forward,Senegal,3/1/01,30/5/22,1200000,5,21,0.156060606,550
401922,Samuel Chukwueze,Attack,Right Winger,Nigeria,22/5/99,8/10/20,25000000,10,21,0.156060606,142
802747,Siriné Doucouré,Attack,Centre-Forward,Mali,8/4/02,18/12/23,1200000,10,21,0.156060606,550
569389,Sofiane Diop,Attack,Left Winger,Morocco,9/6/00,8/10/21,20000000,13,21,0.156060606,166
568535,Theo Corbeanu,Attack,Right Winger,Canada,17/5/02,19/10/23,1900000,9,21,0.156060606,494
535469,Valentin Mihăilă,Attack,Left Winger,Romania,2/2/00,23/3/21,8500000,11,21,0.156060606,284
454386,Adrian Benedyczak,Attack,Centre-Forward,Poland,24/11/00,11/10/23,6000000,13,22,0.223484848,336
868891,Adson,Attack,Right Winger,Brazil,6/10/00,7/4/23,6000000,11,22,0.223484848,336
895480,Adu Ares,Attack,Right Winger,Spain,12/10/01,7/6/24,2000000,7,22,0.223484848,482
410649,Afimico Pululu,Attack,Centre-Forward,DR Congo,23/3/99,15/4/21,3000000,10,22,0.223484848,429
634105,Alberto Marí,Attack,Centre-Forward,Spain,11/7/01,7/6/24,1500000,5,22,0.223484848,519
487688,Alberto Soro,Attack,Right Winger,Spain,9/3/99,10/6/21,3000000,9,22,0.223484848,429
548111,Álex Baena,Attack,Left Winger,Spain,20/7/01,7/6/24,40000000,12,22,0.223484848,91
328914,Álex Blanco,Attack,Left Winger,Spain,16/12/98,10/6/21,1500000,7,22,0.223484848,519
610581,Ali Al-Hamadi,Attack,Centre-Forward,Iraq,1/3/02,16/12/24,2500000,10,22,0.223484848,458
1305792,Álvaro García Pascual,Attack,Centre-Forward,Spain,21/7/02,9/6/25,1000000,4,22,0.223484848,567
536835,Amad Diallo,Attack,Right Winger,Cote d'Ivoire,11/7/02,30/5/25,45000000,16,22,0.223484848,76
748382,Amin Sarr,Attack,Centre-Forward,Sweden,11/3/01,27/3/23,9000000,11,22,0.223484848,277
418659,Amine Gouiri,Attack,Centre-Forward,Algeria,16/2/00,23/3/22,50000000,17,22,0.223484848,66
491296,Anass Zaroury,Attack,Left Winger,Morocco,7/11/00,1/6/23,12000000,13,22,0.223484848,237
432982,Andreas Skov Olsen,Attack,Right Winger,Denmark,29/12/99,4/11/22,20000000,15,22,0.223484848,167
957461,Andrés Gómez,Attack,Left Winger,Colombia,12/9/02,7/10/24,6000000,11,22,0.223484848,336
602105,Antony,Attack,Right Winger,Brazil,24/2/00,15/9/22,75000000,16,22,0.223484848,33
822458,Bamba Dieng,Attack,Centre-Forward,Senegal,23/3/00,30/5/22,10000000,10,22,0.223484848,259
708265,Bradley Barcola,Attack,Left Winger,France,2/9/02,24/3/25,70000000,14,22,0.223484848,38
470607,Brennan Johnson,Attack,Right Winger,Wales,23/5/01,9/10/23,48000000,10,22,0.223484848,74
473169,Brian Brobbey,Attack,Centre-Forward,Netherlands,1/2/02,31/5/24,35000000,16,22,0.223484848,102
598765,Brian Ocampo,Attack,Left Winger,Uruguay,25/6/99,10/9/21,4000000,12,22,0.223484848,393
477109,Bryan Lasme,Attack,Centre-Forward,France,14/11/98,25/6/21,2000000,7,22,0.223484848,482
713644,Bryan Zaragoza,Attack,Left Winger,Spain,9/9/01,22/12/23,12000000,14,22,0.223484848,237
282810,Carles Pérez,Attack,Right Winger,Spain,16/2/98,25/8/20,9000000,16,22,0.223484848,277
618813,Carlos Martín,Attack,Left Winger,Spain,22/4/02,11/10/24,4000000,10,22,0.223484848,393
695454,Chiquinho,Attack,Left Winger,Portugal,5/2/00,15/6/22,3000000,13,22,0.223484848,429
1124005,Christantus Uche,Attack,Centre-Forward,Nigeria,19/5/03,9/6/25,15000000,8,22,0.223484848,212
337725,Christian Kouamé,Attack,Centre-Forward,Cote d'Ivoire,6/12/97,25/8/20,17500000,13,22,0.223484848,188
1033005,Coba da Costa,Attack,Left Winger,Guinea-Bissau,26/7/02,21/3/25,3000000,6,22,0.223484848,429
474701,Crysencio Summerville,Attack,Left Winger,Netherlands,30/10/01,1/10/24,22000000,12,22,0.223484848,157
346482,Dan Nlundulu,Attack,Centre-Forward,England,5/2/99,8/6/21,1500000,6,22,0.223484848,519
666268,Daniel Fila,Attack,Centre-Forward,Czech Republic,21/8/02,25/3/25,3000000,13,22,0.223484848,429
319301,Daniel James,Attack,Right Winger,Wales,10/11/97,30/7/20,19000000,9,22,0.223484848,175
386786,Darko Churlinov,Attack,Left Winger,North Macedonia,11/7/00,14/9/22,3000000,9,22,0.223484848,429
397486,Dennis Man,Attack,Right Winger,Romania,26/8/98,23/3/21,11000000,10,22,0.223484848,249
237669,Dereck Kutesa,Attack,Left Winger,Switzerland,6/12/97,15/10/20,2000000,7,22,0.223484848,482
566965,Diego Collado,Attack,Left Winger,Spain,9/1/01,14/6/23,1000000,13,22,0.223484848,567
491648,Diego Valencia,Attack,Centre-Forward,Chile,14/1/00,27/9/22,2500000,10,22,0.223484848,458
540664,Dilane Bakwa,Attack,Right Winger,France,26/8/02,3/6/25,25000000,15,22,0.223484848,143
324344,Dimitrios Limnios,Attack,Right Winger,Greece,27/5/98,4/8/20,4000000,13,22,0.223484848,393
357498,Dušan Vlahović,Attack,Centre-Forward,Serbia,28/1/00,15/3/22,85000000,17,22,0.223484848,24
430488,Edgar Sevikyan,Attack,Right Winger,Armenia,8/8/01,23/5/24,2000000,12,22,0.223484848,482
649016,El Bilal Touré,Attack,Left Winger,Mali,3/10/01,11/10/23,20000000,15,22,0.223484848,167
511550,Ellis Simms,Attack,Centre-Forward,England,5/1/01,27/10/23,6000000,7,22,0.223484848,336
448854,Emmanuel Dennis,Attack,Centre-Forward,Nigeria,15/11/97,6/8/20,16000000,16,22,0.223484848,196
559328,Emmanuel Emegha,Attack,Centre-Forward,Netherlands,3/2/03,3/6/25,25000000,16,22,0.223484848,143
645774,Eren Dinkçi,Attack,Right Winger,Türkiye,13/12/01,29/5/24,12000000,14,22,0.223484848,237
618898,Erencan Yardımcı,Attack,Centre-Forward,Türkiye,4/2/02,17/12/24,3000000,14,22,0.223484848,429
487474,Francisco Conceição,Attack,Right Winger,Portugal,14/12/02,18/12/24,36000000,13,22,0.223484848,99
655488,Gabriel Martinelli,Attack,Left Winger,Brazil,18/6/01,19/12/23,85000000,15,22,0.223484848,24
538977,Georginio Rutter,Attack,Centre-Forward,France,20/4/02,16/12/24,32000000,15,22,0.223484848,111
405885,Giacomo Raspadori,Attack,Second Striker,Italy,18/2/00,11/11/22,35000000,16,22,0.223484848,102
742201,Giuliano Simeone,Attack,Right Winger,Argentina,18/12/02,9/6/25,35000000,12,22,0.223484848,102
342048,Grady Diangana,Attack,Right Winger,DR Congo,19/4/98,13/10/20,12000000,7,22,0.223484848,237
391065,Hamed Traoré,Attack,Left Winger,Cote d'Ivoire,16/2/00,15/3/22,22000000,10,22,0.223484848,157
709726,Hugo Ekitiké,Attack,Centre-Forward,France,20/6/02,5/6/25,75000000,15,22,0.223484848,33
928323,Ibrahim Salah,Attack,Left Winger,Morocco,30/8/01,16/10/23,6000000,9,22,0.223484848,336
490223,Ibrahima Koné,Attack,Centre-Forward,Mali,16/6/99,30/5/22,4500000,9,22,0.223484848,378
739443,Igor Thiago,Attack,Centre-Forward,Brazil,26/6/01,22/3/24,25000000,11,22,0.223484848,143
710679,Iker Benito,Attack,Right Winger,Spain,10/8/02,24/6/25,1500000,13,22,0.223484848,519
559794,Jack Clarke,Attack,Left Winger,England,23/11/00,27/10/23,15000000,13,22,0.223484848,212
663237,Jacob Ondrejka,Attack,Left Winger,Sweden,2/9/02,17/6/25,8000000,14,22,0.223484848,288
294534,Janni Serra,Attack,Centre-Forward,Germany,13/3/98,15/7/20,2000000,13,22,0.223484848,482
315125,Javairô Dilrosun,Attack,Right Winger,Netherlands,22/6/98,26/11/20,12500000,11,22,0.223484848,232
696346,Jay Stansfield,Attack,Centre-Forward,England,24/11/02,18/6/25,11000000,9,22,0.223484848,249
568005,Jeremy Sarmiento,Attack,Left Winger,Ecuador,16/6/02,19/7/24,7000000,11,22,0.223484848,312
513245,Jesper Lindstrøm,Attack,Right Winger,Denmark,29/2/00,9/11/22,28000000,10,22,0.223484848,130
448177,Jessic Ngankam,Attack,Centre-Forward,Germany,20/7/00,22/6/23,5000000,12,22,0.223484848,359
396334,Joaquín Muñoz,Attack,Right Winger,Spain,10/3/99,27/12/21,1000000,9,22,0.223484848,567
251303,Johannes Eggestein,Attack,Centre-Forward,Germany,8/5/98,21/12/20,4000000,10,22,0.223484848,393
439914,John Yeboah,Attack,Second Striker,Ecuador,23/6/00,9/6/23,1500000,7,22,0.223484848,519
455349,Jon Morcillo,Attack,Left Winger,Spain,15/9/98,10/6/21,5000000,8,22,0.223484848,359
324690,Jonathan Ikoné,Attack,Right Winger,France,2/5/98,15/10/20,36000000,13,22,0.223484848,99
393325,Josh Sargent,Attack,Centre-Forward,United States,20/2/00,27/10/22,12000000,9,22,0.223484848,237
293169,Josip Brekalo,Attack,Left Winger,Croatia,23/6/98,26/11/20,15000000,16,22,0.223484848,212
448466,Jovane Cabral,Attack,Left Winger,Cape Verde,14/6/98,17/8/20,10000000,13,22,0.223484848,259
496767,Juan José Perea,Attack,Centre-Forward,Colombia,23/2/00,21/9/22,2400000,9,22,0.223484848,470
748316,Juan Manuel Cruz,Attack,Centre-Forward,Argentina,19/7/99,8/2/22,1300000,10,22,0.223484848,542
623521,Juanmi Latasa,Attack,Centre-Forward,Spain,23/3/01,13/6/23,3000000,13,22,0.223484848,429
315283,Kaj Sierhuis,Attack,Centre-Forward,Netherlands,27/4/98,15/10/20,3000000,12,22,0.223484848,429
289167,Kamil Jóźwiak,Attack,Left Winger,Poland,22/4/98,18/8/20,4000000,11,22,0.223484848,393
565406,Kazeem Olaigbe,Attack,Left Winger,Belgium,2/1/03,3/6/25,5000000,10,22,0.223484848,359
649490,Konan N’Dri,Attack,Right Winger,Niger,27/10/00,9/6/23,2000000,14,22,0.223484848,482
545538,Lameck Banda,Attack,Left Winger,Zambia,29/1/01,20/12/23,6000000,12,22,0.223484848,336
569140,Lassine Sinayoko,Attack,Centre-Forward,Mali,8/12/99,19/9/22,1500000,9,22,0.223484848,519
628366,Lucas Beltrán,Attack,Centre-Forward,Argentina,29/3/01,12/3/24,16000000,10,22,0.223484848,196
512385,Luis Sinisterra,Attack,Left Winger,Colombia,17/6/99,8/6/22,25000000,13,22,0.223484848,143
424784,Luis Suárez,Attack,Centre-Forward,Colombia,2/12/97,8/10/20,10000000,11,22,0.223484848,259
257462,Luka Jović,Attack,Centre-Forward,Serbia,23/12/97,8/10/20,25000000,17,22,0.223484848,143
817180,Mamady Bangré,Attack,Right Winger,Burkina Faso,15/6/01,16/6/23,1000000,11,22,0.223484848,567
838236,Marin Ljubicic,Attack,Centre-Forward,Croatia,28/2/02,21/5/24,8000000,13,22,0.223484848,288
659543,Matthis Abline,Attack,Centre-Forward,France,28/3/03,3/6/25,18000000,14,22,0.223484848,180
444208,Michael Obafemi,Attack,Centre-Forward,Ireland,6/7/00,1/6/23,5000000,11,22,0.223484848,359
634427,Miguel Rodríguez,Attack,Right Winger,Spain,29/4/03,28/5/25,4500000,11,22,0.223484848,378
565821,Mika Biereth,Attack,Centre-Forward,Denmark,8/2/03,3/6/25,30000000,10,22,0.223484848,121
545332,Mikkel Kaufmann,Attack,Centre-Forward,Denmark,3/1/01,28/6/23,2700000,14,22,0.223484848,452
619461,Mohamed Bamba,Attack,Centre-Forward,Cote d'Ivoire,10/12/01,3/6/24,6000000,11,22,0.223484848,336
395516,Moussa Diaby,Attack,Right Winger,France,7/7/99,9/6/22,60000000,14,22,0.223484848,48
485424,Moussa Djenepo,Attack,Left Winger,Mali,15/6/98,13/10/20,13000000,16,22,0.223484848,226
486624,Musa Barrow,Attack,Left Winger,The Gambia,14/11/98,3/6/21,20000000,9,22,0.223484848,167
537860,Mykhaylo Mudryk,Attack,Left Winger,Ukraine,5/1/01,16/3/23,60000000,14,22,0.223484848,48
730126,Mykola Kukharevych,Attack,Centre-Forward,Ukraine,1/7/01,27/10/23,1500000,12,22,0.223484848,519
594926,Naïs Djouahra,Attack,Left Winger,France,23/11/99,3/6/22,2000000,9,22,0.223484848,482
629588,Nathan Ngoumou,Attack,Right Winger,Cameroon,14/3/00,21/9/22,7000000,15,22,0.223484848,312
709187,Nico Williams,Attack,Left Winger,Spain,12/7/02,18/7/24,70000000,16,22,0.223484848,38
739315,Nicolás Fernández Mercau,Attack,Centre-Forward,Argentina,11/1/00,8/2/22,2500000,7,22,0.223484848,458
346890,Noah Okafor,Attack,Left Winger,Switzerland,24/5/00,10/11/22,25000000,14,22,0.223484848,143
392163,Noah Weißhaupt,Attack,Left Winger,Germany,20/9/01,14/12/23,7000000,10,22,0.223484848,312
503987,Noni Madueke,Attack,Right Winger,England,10/3/02,16/12/24,40000000,16,22,0.223484848,91
891379,Nordine Kandil,Attack,Left Winger,Morocco,31/10/01,11/6/24,1000000,9,22,0.223484848,567
265078,Patrick Cutrone,Attack,Centre-Forward,Italy,3/1/98,25/8/20,15500000,17,22,0.223484848,207
533295,Patrick Wimmer,Attack,Right Winger,Austria,30/5/01,22/6/23,18000000,15,22,0.223484848,180
365172,Patson Daka,Attack,Centre-Forward,Zambia,9/10/98,2/6/21,22000000,8,22,0.223484848,157
707572,Pau Víctor,Attack,Centre-Forward,Spain,26/11/01,24/6/24,1500000,9,22,0.223484848,519
639733,Peque Fernández,Attack,Second Striker,Spain,4/10/02,11/10/24,5000000,16,22,0.223484848,359
300532,Pontus Almqvist,Attack,Right Winger,Sweden,10/7/99,29/12/21,3000000,15,22,0.223484848,429
383109,Przemyslaw Placheta,Attack,Left Winger,Poland,23/3/98,15/10/20,2500000,10,22,0.223484848,458
631002,Raúl García,Attack,Centre-Forward,Spain,3/11/00,14/6/23,4000000,15,22,0.223484848,393
386455,Riccardo Sottil,Attack,Left Winger,Italy,3/6/99,28/12/21,9000000,13,22,0.223484848,277
563137,Robert Navarro,Attack,Right Winger,Spain,12/4/02,7/6/24,6000000,12,22,0.223484848,336
630995,Rodri Sánchez,Attack,Right Winger,Spain,16/5/00,23/3/23,8000000,17,22,0.223484848,288
345886,Rubén Vargas,Attack,Left Winger,Switzerland,5/8/98,26/11/20,13000000,13,22,0.223484848,226
652996,Said Hamulic,Attack,Centre-Forward,Bosnia-Herzegovina,12/11/00,16/11/22,1500000,8,22,0.223484848,519
457422,Samuele Mulattieri,Attack,Centre-Forward,Italy,7/10/00,20/3/23,4500000,9,22,0.223484848,378
552955,Santiago Gimenez,Attack,Centre-Forward,Mexico,18/4/01,15/12/23,50000000,11,22,0.223484848,66
674806,Santiago Pierotti,Attack,Right Winger,Argentina,3/4/01,4/7/23,2500000,8,22,0.223484848,458
538918,Sebastiano Esposito,Attack,Second Striker,Italy,2/7/02,25/3/25,10000000,12,22,0.223484848,259
505674,Sergio Camello,Attack,Centre-Forward,Spain,10/2/01,23/3/23,10000000,15,22,0.223484848,259
612826,Silas,Attack,Right Winger,DR Congo,6/10/98,10/2/21,25000000,14,22,0.223484848,143
658536,Simon Adingra,Attack,Left Winger,Cote d'Ivoire,1/1/02,14/3/24,30000000,12,22,0.223484848,121
405398,Takefusa Kubo,Attack,Right Winger,Japan,4/6/01,22/12/23,60000000,18,22,0.223484848,48
371256,Tetê,Attack,Right Winger,Brazil,15/2/00,19/9/22,28000000,14,22,0.223484848,130
576028,Thiago Almada,Attack,Left Winger,Argentina,26/4/01,22/8/23,27000000,12,22,0.223484848,137
616344,Tiago Tomás,Attack,Right Winger,Portugal,16/6/02,27/3/25,12000000,15,22,0.223484848,237
669366,Tom Cannon,Attack,Centre-Forward,Ireland,28/12/02,28/3/25,10000000,9,22,0.223484848,259
296986,Tyler Roberts,Attack,Centre-Forward,Wales,12/1/99,23/12/21,8000000,8,22,0.223484848,288
324804,Yann Karamoh,Attack,Left Winger,France,8/7/98,25/8/20,7500000,11,22,0.223484848,302
782476,Yoann Cathline,Attack,Left Winger,France,22/7/02,28/5/25,8000000,15,22,0.223484848,288
548729,Zeki Amdouni,Attack,Centre-Forward,Switzerland,4/12/00,9/10/23,15000000,14,22,0.223484848,212
666547,Zito Luvumbo,Attack,Right Winger,Angola,9/3/02,5/6/24,7500000,10,22,0.223484848,302
427572,Zuriko Davitashvili,Attack,Left Winger,Georgia,15/2/01,12/7/23,3000000,8,22,0.223484848,429
289587,Aaron Leya Iseka,Attack,Centre-Forward,Belgium,15/11/97,9/4/21,2500000,12,23,0.331060606,459
340376,Abel Ruiz,Attack,Centre-Forward,Spain,28/1/00,12/7/23,14000000,15,23,0.331060606,221
400485,Adam Ounas,Attack,Right Winger,Algeria,11/11/96,25/8/20,8000000,9,23,0.331060606,289
607034,Akor Adams,Attack,Centre-Forward,Nigeria,29/1/00,18/12/23,12000000,8,23,0.331060606,238
638235,Álex Cantero,Attack,Left Winger,Spain,8/6/00,13/10/23,1400000,9,23,0.331060606,537
365770,Alexandru Dobre,Attack,Right Winger,Romania,30/8/98,2/6/22,1500000,8,23,0.331060606,520
372711,Amine Harit,Attack,Left Winger,Morocco,18/6/97,16/9/20,20000000,10,23,0.331060606,168
980576,Amine Salama,Attack,Centre-Forward,France,18/7/00,16/10/23,3000000,11,23,0.331060606,430
340151,Andrea Favilli,Attack,Centre-Forward,Italy,17/5/97,25/8/20,4000000,8,23,0.331060606,394
315865,Andrea Pinamonti,Attack,Centre-Forward,Italy,19/5/99,7/6/22,20000000,10,23,0.331060606,168
429874,Ansgar Knauff,Attack,Right Winger,Germany,10/1/02,5/6/25,15000000,14,23,0.331060606,213
583189,Anthony Elanga,Attack,Right Winger,Sweden,27/4/02,30/5/25,42000000,14,23,0.331060606,83
251897,Asier Villalibre,Attack,Centre-Forward,Spain,30/9/97,10/6/21,4500000,10,23,0.331060606,379
579263,Augustine Boakye,Attack,Right Winger,Ghana,3/11/00,21/5/24,3000000,11,23,0.331060606,430
426192,Ben Brereton Díaz,Attack,Centre-Forward,Chile,18/4/99,13/5/22,16000000,14,23,0.331060606,197
344151,Bilal Boutobba,Attack,Right Winger,France,29/8/98,2/6/22,2500000,10,23,0.331060606,459
543051,Billal Brahimi,Attack,Right Winger,Algeria,14/3/00,27/3/23,7000000,15,23,0.331060606,313
433177,Bukayo Saka,Attack,Right Winger,England,5/9/01,16/12/24,150000000,16,23,0.331060606,4
464598,Casper Tengstedt,Attack,Centre-Forward,Denmark,1/6/00,27/12/23,7000000,10,23,0.331060606,313
341647,Cengiz Ünder,Attack,Right Winger,Türkiye,14/7/97,25/8/20,23000000,12,23,0.331060606,154
500067,Chidera Ejuke,Attack,Left Winger,Nigeria,2/1/98,29/12/21,9000000,12,23,0.331060606,278
451677,Christos Tzolis,Attack,Left Winger,Greece,30/1/02,12/6/25,25000000,15,23,0.331060606,144
929494,Chukwubuikem Ikwuemesi,Attack,Centre-Forward,Nigeria,5/8/01,12/6/25,2000000,10,23,0.331060606,483
358032,Cyril Ngonge,Attack,Right Winger,Belgium,26/5/00,12/3/24,12000000,14,23,0.331060606,238
823231,Dango Ouattara,Attack,Right Winger,Burkina Faso,11/2/02,30/5/25,28000000,11,23,0.331060606,131
531829,Dani Escriche,Attack,Centre-Forward,Spain,24/3/98,13/10/21,1500000,9,23,0.331060606,520
422460,Dani Gómez,Attack,Centre-Forward,Spain,30/7/98,3/6/22,2500000,8,23,0.331060606,459
546543,Darwin Núñez,Attack,Centre-Forward,Uruguay,24/6/99,15/9/22,70000000,14,23,0.331060606,39
277033,David Brooks,Attack,Right Winger,Wales,8/7/97,30/7/20,20000000,14,23,0.331060606,168
469822,David Neres,Attack,Right Winger,Brazil,3/3/97,14/10/20,36000000,14,23,0.331060606,100
208167,Dawid Kownacki,Attack,Centre-Forward,Poland,14/3/97,8/7/20,3500000,13,23,0.331060606,410
436585,Delano Burgzorg,Attack,Left Winger,Netherlands,7/11/98,9/6/22,2000000,9,23,0.331060606,483
406042,Dennis Johnsen,Attack,Left Winger,Norway,17/2/98,14/10/21,1500000,8,23,0.331060606,520
617081,Diego López,Attack,Right Winger,Spain,13/5/02,9/6/25,15000000,10,23,0.331060606,213
306024,Dominic Calvert-Lewin,Attack,Centre-Forward,England,16/3/97,17/12/20,45000000,15,23,0.331060606,77
535959,Duk,Attack,Left Winger,Cape Verde,16/2/00,26/6/23,1800000,12,23,0.331060606,499
500689,Evann Guessand,Attack,Right Winger,Cote d'Ivoire,1/7/01,24/3/25,25000000,15,23,0.331060606,144
296783,Ezequiel Ponce,Attack,Centre-Forward,Argentina,29/3/97,29/12/20,7000000,13,23,0.331060606,313
425400,Farid El Melali,Attack,Left Winger,Algeria,13/7/97,15/10/20,1600000,8,23,0.331060606,510
599663,Faris Moumbagna,Attack,Centre-Forward,Cameroon,1/7/00,3/6/24,10000000,10,23,0.331060606,260
241527,Federico Bonazzoli,Attack,Centre-Forward,Italy,21/5/97,25/8/20,5000000,11,23,0.331060606,360
341092,Federico Chiesa,Attack,Right Winger,Italy,25/10/97,15/7/21,70000000,18,23,0.331060606,39
464195,Filip Stojilkovic,Attack,Centre-Forward,Switzerland,4/1/00,31/3/23,2000000,11,23,0.331060606,483
392545,Frank Tsadjout,Attack,Centre-Forward,Italy,28/7/99,21/3/23,1200000,7,23,0.331060606,551
363178,Giacomo Vrioni,Attack,Centre-Forward,Albania,15/10/98,18/8/22,3500000,9,23,0.331060606,410
462823,Gustav Isaksen,Attack,Right Winger,Denmark,19/4/01,25/3/25,20000000,14,23,0.331060606,168
398065,Harvey Barnes,Attack,Left Winger,England,9/12/97,18/3/21,35000000,13,23,0.331060606,103
380415,Henry Onyekuru,Attack,Left Winger,Nigeria,5/6/97,16/3/21,7000000,10,23,0.331060606,313
445517,Heri Tavares,Attack,Left Winger,Cape Verde,19/2/97,17/8/20,1700000,11,23,0.331060606,508
339943,Iké Ugbo,Attack,Centre-Forward,Canada,21/9/98,30/5/22,5000000,8,23,0.331060606,360
739769,Ilan Kebbal,Attack,Right Winger,Algeria,10/7/98,16/12/21,4500000,9,23,0.331060606,379
251848,Iñigo Córdoba,Attack,Left Winger,Spain,13/3/97,8/10/20,3000000,11,23,0.331060606,430
342226,Irvin Cardona,Attack,Right Winger,Malta,8/8/97,7/1/21,8000000,13,23,0.331060606,289
410225,Ismaïla Sarr,Attack,Right Winger,Senegal,25/2/98,5/10/21,27000000,16,23,0.331060606,138
274347,Ivan Saponjic,Attack,Centre-Forward,Serbia,2/8/97,8/10/20,1200000,10,23,0.331060606,551
665390,Jaden Philogene,Attack,Left Winger,England,8/2/02,18/3/25,18000000,12,23,0.331060606,181
684210,Jaidon Anthony,Attack,Left Winger,England,1/12/99,20/6/23,9000000,12,23,0.331060606,278
518505,Jamie Leweling,Attack,Right Winger,Germany,26/2/01,20/12/24,20000000,15,23,0.331060606,168
298983,Javi Ontiveros,Attack,Left Winger,Spain,9/9/97,8/10/20,7000000,12,23,0.331060606,313
264956,Jean-Kévin Augustin,Attack,Centre-Forward,France,16/6/97,16/9/20,6000000,12,23,0.331060606,337
884072,Jeffinho,Attack,Left Winger,Brazil,30/12/99,27/6/23,8000000,8,23,0.331060606,289
216569,Jérémie Boga,Attack,Left Winger,Cote d'Ivoire,3/1/97,25/8/20,25000000,13,23,0.331060606,144
626724,João Pedro,Attack,Centre-Forward,Brazil,26/9/01,1/10/24,50000000,17,23,0.331060606,67
375391,Joel Asoro,Attack,Right Winger,Sweden,27/4/99,14/12/22,2000000,11,23,0.331060606,483
533738,Jonathan David,Attack,Centre-Forward,Canada,14/1/00,27/3/23,60000000,13,23,0.331060606,49
308552,Jordan Larsson,Attack,Right Winger,Sweden,20/6/97,31/5/21,15000000,15,23,0.331060606,213
435648,Joshua Zirkzee,Attack,Centre-Forward,Netherlands,22/5/01,5/6/24,50000000,15,23,0.331060606,67
763182,Josué Casimir,Attack,Right Winger,Haiti,24/9/01,3/6/25,4000000,12,23,0.331060606,394
596153,Justin Njinmah,Attack,Right Winger,Germany,15/11/00,27/3/24,9000000,17,23,0.331060606,278
496094,Karim Adeyemi,Attack,Right Winger,Germany,18/1/02,5/6/25,45000000,15,23,0.331060606,77
314183,Karlan Grant,Attack,Centre-Forward,England,18/9/97,17/12/20,10000000,8,23,0.331060606,260
283196,Kasper Dolberg,Attack,Centre-Forward,Denmark,6/10/97,15/10/20,23000000,13,23,0.331060606,154
421726,Keita Endo,Attack,Left Winger,Japan,22/11/97,10/2/21,1300000,6,23,0.331060606,543
405397,Keito Nakamura,Attack,Left Winger,Japan,28/7/00,16/10/23,12000000,18,23,0.331060606,238
482072,Kévin Denkey,Attack,Centre-Forward,Togo,30/11/00,4/6/24,16000000,15,23,0.331060606,197
568701,Lamine Gueye,Attack,Right Winger,Senegal,13/3/98,4/6/21,3000000,12,23,0.331060606,430
311489,Landry Dimata,Attack,Centre-Forward,Belgium,1/9/97,16/10/20,3700000,11,23,0.331060606,406
407265,Luca Zanimacchia,Attack,Right Winger,Italy,19/7/98,6/6/22,2000000,8,23,0.331060606,483
314288,Lukas Nmecha,Attack,Centre-Forward,Germany,14/12/98,22/12/21,18000000,14,23,0.331060606,181
467623,Lyle Foster,Attack,Centre-Forward,South Africa,3/9/00,9/10/23,13000000,12,23,0.331060606,227
745200,Maghnes Akliouche,Attack,Right Winger,France,25/2/02,3/6/25,45000000,14,23,0.331060606,77
375816,Manuel De Luca,Attack,Centre-Forward,Italy,17/7/98,15/3/22,3000000,9,23,0.331060606,430
391766,Marco Grüll,Attack,Left Winger,Austria,6/7/98,11/3/22,5000000,15,23,0.331060606,360
258923,Marcus Rashford,Attack,Left Winger,England,31/10/97,18/3/21,85000000,17,23,0.331060606,25
453864,Marvin Cuni,Attack,Centre-Forward,Albania,10/7/01,18/9/24,1500000,14,23,0.331060606,520
424072,Mathias Pereira Lage,Attack,Left Winger,Portugal,30/11/96,15/10/20,3500000,11,23,0.331060606,410
600041,Mattia Felici,Attack,Left Winger,Italy,17/4/01,25/3/25,3000000,13,23,0.331060606,430
566723,Michael Olise,Attack,Right Winger,France,12/12/01,5/6/25,100000000,17,23,0.331060606,15
642689,Mikael,Attack,Centre-Forward,Brazil,28/5/99,7/6/22,2000000,11,23,0.331060606,483
351478,Mikel Oyarzabal,Attack,Centre-Forward,Spain,21/4/97,5/1/21,70000000,15,23,0.331060606,39
542819,Milutin Osmajic,Attack,Centre-Forward,Montenegro,25/7/99,16/6/23,2000000,10,23,0.331060606,483
594991,Mohamed Bayo,Attack,Centre-Forward,Guinea,4/6/98,30/5/22,12000000,15,23,0.331060606,238
543499,Mohammed Kudus,Attack,Right Winger,Ghana,2/8/00,14/3/24,50000000,16,23,0.331060606,67
406973,Moritz Broschinski,Attack,Centre-Forward,Germany,23/9/00,29/5/24,3000000,14,23,0.331060606,430
591796,Moussa Djitté,Attack,Centre-Forward,Senegal,4/10/99,8/11/22,2000000,9,23,0.331060606,483
704156,Nicholas Gioacchini,Attack,Centre-Forward,United States,25/7/00,18/12/23,2500000,13,23,0.331060606,459
455661,Nick Woltemade,Attack,Centre-Forward,Germany,14/2/02,5/6/25,30000000,15,23,0.331060606,122
776890,Nicolas Jackson,Attack,Centre-Forward,Senegal,20/6/01,16/12/24,55000000,15,23,0.331060606,59
283001,Noah Joel Sarenren Bazee,Attack,Right Winger,,21/8/96,8/7/20,1500000,8,23,0.331060606,520
580657,Osame Sahraoui,Attack,Left Winger,Morocco,11/6/01,10/12/24,12000000,11,23,0.331060606,238
780147,Rafiki Saïd,Attack,Left Winger,Comoros,15/3/00,16/6/23,1000000,8,23,0.331060606,568
378710,Richarlison,Attack,Centre-Forward,Brazil,10/5/97,13/10/20,60000000,18,23,0.331060606,49
505675,Rober González,Attack,Right Winger,Spain,8/1/01,31/5/24,2500000,10,23,0.331060606,459
735571,Rodrigo Muniz,Attack,Centre-Forward,Brazil,4/5/01,27/5/24,20000000,9,23,0.331060606,168
461617,Rodrigo Riquelme,Attack,Left Winger,Spain,2/4/00,22/12/23,25000000,16,23,0.331060606,144
412363,Rodrygo,Attack,Right Winger,Brazil,9/1/01,7/6/24,110000000,10,23,0.331060606,11
386914,Sam Lammers,Attack,Centre-Forward,Netherlands,30/4/97,29/10/20,9000000,17,23,0.331060606,278
432772,Samuel Grandsir,Attack,Right Winger,France,14/8/96,3/8/20,3000000,10,23,0.331060606,430
424051,Samuel Kalu,Attack,Right Winger,Nigeria,26/8/97,15/10/20,7000000,7,23,0.331060606,313
579928,Sebastian Nanasi,Attack,Left Winger,Sweden,16/5/02,3/6/25,18000000,14,23,0.331060606,181
428954,Stéphane Diarra,Attack,Right Winger,Cote d'Ivoire,9/12/98,2/11/22,3000000,10,23,0.331060606,430
284165,Steven Bergwijn,Attack,Left Winger,Netherlands,8/10/97,13/10/20,28000000,14,23,0.331060606,131
439292,Sydney van Hooijdonk,Attack,Centre-Forward,Netherlands,6/2/00,23/6/23,6000000,10,23,0.331060606,337
638793,Tajon Buchanan,Attack,Right Winger,Canada,8/2/99,4/11/22,12000000,11,23,0.331060606,238
265763,Thierry Ambrose,Attack,Centre-Forward,Guadeloupe,28/3/97,15/10/20,2000000,9,23,0.331060606,483
538964,Thijs Dallinga,Attack,Centre-Forward,Netherlands,3/8/00,3/6/24,18000000,14,23,0.331060606,181
683571,Tolu Arokodare,Attack,Centre-Forward,Nigeria,23/11/00,4/6/24,5500000,12,23,0.331060606,348
544148,Tomas Cvancara,Attack,Centre-Forward,Czech Republic,13/8/00,18/10/23,12000000,16,23,0.331060606,238
302371,Toni Martínez,Attack,Centre-Forward,Spain,30/6/97,17/8/20,7000000,11,23,0.331060606,313
331496,Valery Fernández,Attack,Right Winger,Spain,23/11/99,13/10/23,2500000,13,23,0.331060606,459
656681,Victor Boniface,Attack,Centre-Forward,Nigeria,23/12/00,9/10/24,45000000,14,23,0.331060606,77
371998,Vinicius Junior,Attack,Left Winger,Brazil,12/7/00,7/6/24,180000000,11,23,0.331060606,3
586853,Vitinha,Attack,Centre-Forward,Portugal,15/3/00,27/3/23,22000000,12,23,0.331060606,158
381362,Wesley Moraes,Attack,Centre-Forward,Brazil,24/11/96,13/10/20,20000000,11,23,0.331060606,168
569376,Yanis Begraoui,Attack,Centre-Forward,Morocco,4/7/01,30/5/25,3500000,11,23,0.331060606,410
409517,Yorbe Vertessen,Attack,Centre-Forward,Belgium,8/1/01,29/5/24,5000000,12,23,0.331060606,360
668606,Yuito Suzuki,Attack,Second Striker,Japan,25/10/01,16/6/25,10000000,10,23,0.331060606,260
250426,Adam Armstrong,Attack,Centre-Forward,England,10/2/97,30/6/21,18000000,16,24,0.427272727,182
434223,Adam Idah,Attack,Centre-Forward,Ireland,11/2/01,17/6/25,6500000,15,24,0.427272727,323
204103,Adama Traoré,Attack,Right Winger,Spain,25/1/96,13/10/20,40000000,14,24,0.427272727,92
167342,Adrian Grbic,Attack,Centre-Forward,Austria,4/8/96,15/10/20,9000000,11,24,0.427272727,279
197751,Alberto Cerri,Attack,Centre-Forward,Italy,16/4/96,25/8/20,3000000,11,24,0.427272727,431
434990,Álex Sola,Attack,Right Winger,Spain,9/6/99,7/6/24,4000000,12,24,0.427272727,395
671649,Álvaro Djaló,Attack,Left Winger,Guinea-Bissau,16/8/99,8/3/24,15000000,11,24,0.427272727,214
339820,Amath Ndiaye,Attack,Right Winger,Senegal,16/7/96,24/6/21,4000000,12,24,0.427272727,395
532776,Amine Adli,Attack,Left Winger,Morocco,10/5/00,29/5/24,30000000,14,24,0.427272727,123
243606,Anastasios Donis,Attack,Left Winger,Greece,29/8/96,15/10/20,2000000,8,24,0.427272727,484
523318,Anastasios Douvikas,Attack,Centre-Forward,Greece,2/8/99,13/10/23,12000000,13,24,0.427272727,239
345468,Andi Zeqiri,Attack,Centre-Forward,Switzerland,22/6/99,23/10/23,4500000,13,24,0.427272727,380
503733,Anthony Gordon,Attack,Left Winger,England,24/2/01,18/3/25,65000000,16,24,0.427272727,45
182877,Anthony Martial,Attack,Centre-Forward,France,5/12/95,13/10/20,60000000,17,24,0.427272727,50
287876,Antonino La Gumina,Attack,Centre-Forward,Italy,6/3/96,25/8/20,3500000,8,24,0.427272727,411
579930,Armand Laurienté,Attack,Left Winger,France,4/12/98,21/3/23,18000000,15,24,0.427272727,182
255729,Awer Mabil,Attack,Left Winger,Australia,15/9/95,31/7/20,3000000,9,24,0.427272727,431
453870,Benedict Hollerbach,Attack,Centre-Forward,Germany,17/5/01,5/6/25,12000000,18,24,0.427272727,239
306382,Benjamin Tetteh,Attack,Centre-Forward,Ghana,10/7/97,12/10/21,4500000,14,24,0.427272727,380
476219,Bojan Miovski,Attack,Centre-Forward,North Macedonia,24/6/99,30/5/24,4000000,15,24,0.427272727,395
314678,Brahim Díaz,Attack,Right Winger,Morocco,3/8/99,7/6/24,40000000,12,24,0.427272727,92
413039,Bryan Mbeumo,Attack,Right Winger,Cameroon,7/8/99,27/5/24,40000000,10,24,0.427272727,92
216464,Carlos Fernández,Attack,Centre-Forward,Spain,22/5/96,23/7/20,10000000,10,24,0.427272727,261
243856,Cedric Itten,Attack,Centre-Forward,Switzerland,27/12/96,18/1/21,4500000,9,24,0.427272727,380
568696,Cheikh Sabaly,Attack,Left Winger,Senegal,4/3/99,18/12/23,2000000,11,24,0.427272727,484
184204,Christian Kühlwetter,Attack,Centre-Forward,Germany,21/4/96,8/2/21,1500000,11,24,0.427272727,521
344381,Christopher Nkunku,Attack,Centre-Forward,France,14/11/97,9/6/22,80000000,13,24,0.427272727,29
365108,Dan Ndoye,Attack,Right Winger,Switzerland,25/10/00,17/6/25,35000000,14,24,0.427272727,104
347253,Dany Mota,Attack,Centre-Forward,Portugal,2/5/98,6/6/22,6000000,9,24,0.427272727,338
413605,David Okereke,Attack,Centre-Forward,Nigeria,29/8/97,28/12/21,5000000,11,24,0.427272727,361
405399,Denis Drăguș,Attack,Centre-Forward,Romania,6/7/99,31/5/24,4000000,15,24,0.427272727,395
442320,Didier Lamkel Zé,Attack,Left Winger,Cameroon,17/9/96,7/6/21,4500000,19,24,0.427272727,380
852727,Diego García,Attack,Centre-Forward,Spain,18/4/00,24/6/24,2000000,11,24,0.427272727,484
269601,Dong-jun Lee,Attack,Right Winger,"Korea, South",1/2/97,22/6/21,1300000,6,24,0.427272727,544
340324,Eddie Nketiah,Attack,Centre-Forward,England,30/5/99,19/12/23,35000000,17,24,0.427272727,104
321247,Emiliano Buendía,Attack,Left Winger,Argentina,25/12/96,30/6/21,35000000,13,24,0.427272727,104
418560,Erling Haaland,Attack,Centre-Forward,Norway,21/7/00,1/10/24,200000000,14,24,0.427272727,1
711337,Evanilson,Attack,Centre-Forward,Brazil,6/10/99,6/6/24,35000000,13,24,0.427272727,104
479648,Félix Correia,Attack,Left Winger,Portugal,22/1/01,31/3/25,4000000,13,24,0.427272727,395
372713,Florian Ayé,Attack,Centre-Forward,France,19/1/97,24/6/21,3000000,12,24,0.427272727,431
283871,Florian Dietz,Attack,Centre-Forward,Germany,3/8/98,9/11/22,1000000,10,24,0.427272727,569
807689,Frank Magri,Attack,Centre-Forward,Cameroon,4/9/99,18/12/23,3000000,9,24,0.427272727,431
238977,Gabriele Moncini,Attack,Centre-Forward,Italy,26/4/96,21/8/20,1600000,7,24,0.427272727,511
459988,Gennaro Borrelli,Attack,Centre-Forward,Italy,10/3/00,3/6/24,1400000,9,24,0.427272727,538
208690,George Pușcaș,Attack,Centre-Forward,Romania,8/4/96,15/10/20,4800000,13,24,0.427272727,372
729814,Georges Mikautadze,Attack,Centre-Forward,Georgia,31/10/00,3/6/25,22000000,15,24,0.427272727,159
329723,Gil Dias,Attack,Right Winger,Portugal,28/9/96,22/10/20,3200000,13,24,0.427272727,418
398030,Giuseppe Caso,Attack,Left Winger,Italy,9/12/98,12/6/23,3000000,10,24,0.427272727,431
279455,Harry Wilson,Attack,Right Winger,Wales,22/3/97,25/5/21,17000000,13,24,0.427272727,191
573775,Hugo Duro,Attack,Centre-Forward,Spain,10/11/99,21/3/24,16000000,13,24,0.427272727,198
687609,Isaac Romero,Attack,Centre-Forward,Spain,18/5/00,7/6/24,18000000,11,24,0.427272727,182
568698,Issa Soumaré,Attack,Left Winger,Senegal,10/10/00,3/6/25,2000000,15,24,0.427272727,484
469958,Jacob Brown,Attack,Centre-Forward,Scotland,10/4/98,24/3/23,6000000,12,24,0.427272727,338
367992,Jesper Karlsson,Attack,Left Winger,Sweden,25/7/98,23/6/23,18000000,18,24,0.427272727,182
498862,João Klauss,Attack,Centre-Forward,Brazil,1/3/97,7/6/21,4500000,7,24,0.427272727,380
391004,Jonas Wind,Attack,Centre-Forward,Denmark,7/2/99,14/12/23,25000000,17,24,0.427272727,145
292818,Jonathan Bamba,Attack,Left Winger,Cote d'Ivoire,26/3/96,7/1/21,25000000,12,24,0.427272727,145
333647,Jonathan Burkardt,Attack,Centre-Forward,Germany,11/7/00,27/3/25,35000000,16,24,0.427272727,104
455181,Jorge de Frutos,Attack,Right Winger,Spain,20/2/97,10/6/21,15000000,12,24,0.427272727,214
282410,José Carlos Lazo,Attack,Left Winger,Spain,16/2/96,8/10/20,3500000,8,24,0.427272727,411
329812,Jota,Attack,Left Winger,Portugal,30/3/99,26/6/23,13000000,11,24,0.427272727,228
330126,Karol Świderski,Attack,Centre-Forward,Poland,23/1/97,1/11/21,6000000,13,24,0.427272727,338
295330,Kelechi Iheanacho,Attack,Centre-Forward,Nigeria,3/10/96,8/6/21,20000000,8,24,0.427272727,169
281404,Kenedy,Attack,Left Winger,Brazil,8/2/96,8/10/20,10000000,14,24,0.427272727,261
524929,Kévin Zohi,Attack,Right Winger,Mali,19/12/96,7/1/21,2000000,7,24,0.427272727,484
502670,Khvicha Kvaratskhelia,Attack,Left Winger,Georgia,12/2/01,3/6/25,90000000,16,24,0.427272727,21
243714,Kingsley Coman,Attack,Left Winger,France,13/6/96,31/3/21,65000000,15,24,0.427272727,45
427161,Lebo Mothiba,Attack,Centre-Forward,South Africa,28/1/96,15/10/20,3000000,11,24,0.427272727,431
368887,Loïs Openda,Attack,Centre-Forward,Belgium,16/2/00,27/3/24,60000000,15,24,0.427272727,50
572265,Lorenzo Lucca,Attack,Centre-Forward,Italy,10/9/00,25/3/25,22000000,14,24,0.427272727,159
196095,Luca Waldschmidt,Attack,Centre-Forward,Germany,19/5/96,28/1/21,17000000,12,24,0.427272727,191
800175,Luiz Henrique,Attack,Right Winger,Brazil,2/1/01,19/3/25,25000000,15,24,0.427272727,145
291422,Lys Mousset,Attack,Centre-Forward,France,8/2/96,30/7/20,14000000,14,24,0.427272727,222
527350,Manu Vallejo,Attack,Second Striker,Spain,14/2/97,19/3/21,8000000,14,24,0.427272727,290
481084,Marcos André,Attack,Centre-Forward,Brazil,20/10/96,13/10/21,8500000,18,24,0.427272727,285
345654,Marlos Moreno,Attack,Left Winger,Colombia,20/9/96,23/2/21,1000000,12,24,0.427272727,569
399383,Mathieu Cafaro,Attack,Right Winger,France,25/3/97,9/4/21,7000000,8,24,0.427272727,314
396894,Maxi Gómez,Attack,Centre-Forward,Uruguay,14/8/96,8/10/20,35000000,14,24,0.427272727,104
584254,Maximilian Breunig,Attack,Centre-Forward,Germany,14/8/00,9/10/24,2000000,17,24,0.427272727,484
358509,Mehdi Chahiri,Attack,Left Winger,France,25/7/96,15/10/20,1500000,7,24,0.427272727,521
480883,Miguel de la Fuente,Attack,Centre-Forward,Spain,3/9/99,24/6/24,2500000,12,24,0.427272727,460
291739,Milot Rashica,Attack,Right Winger,Kosovo,28/6/96,8/7/20,22000000,17,24,0.427272727,159
746910,Mohamed Amoura,Attack,Centre-Forward,Algeria,9/5/00,27/3/25,32000000,14,24,0.427272727,112
627163,Mounaïm El Idrissy,Attack,Centre-Forward,France,10/2/99,27/6/23,2000000,12,24,0.427272727,484
229004,Moussa Dembélé,Attack,Centre-Forward,France,12/7/96,15/10/20,40000000,10,24,0.427272727,92
364239,Moussa Koné,Attack,Centre-Forward,Senegal,30/12/96,4/6/21,4000000,14,24,0.427272727,395
340322,Nathan Tella,Attack,Right Winger,Nigeria,5/7/99,18/10/23,23000000,14,24,0.427272727,155
217115,Neal Maupay,Attack,Centre-Forward,France,14/8/96,13/10/20,22000000,12,24,0.427272727,159
459151,Nicolò Cambiaghi,Attack,Left Winger,Italy,28/12/00,17/6/25,8500000,11,24,0.427272727,285
434433,Nikola Krstović,Attack,Centre-Forward,Montenegro,5/4/00,5/6/24,6000000,9,24,0.427272727,338
431811,Ola Solbakken,Attack,Right Winger,Norway,7/9/98,9/12/22,3500000,6,24,0.427272727,411
298477,Oli McBurnie,Attack,Centre-Forward,Scotland,4/6/96,13/10/20,15000000,13,24,0.427272727,214
341317,Oliver Burke,Attack,Centre-Forward,Scotland,7/4/97,8/6/21,6000000,14,24,0.427272727,338
548650,Osman Bukari,Attack,Right Winger,Ghana,13/12/98,22/6/23,6500000,9,24,0.427272727,323
241391,Oussama Idrissi,Attack,Left Winger,Morocco,26/2/96,8/10/20,12000000,7,24,0.427272727,239
487465,Pedro Neto,Attack,Right Winger,Portugal,9/3/00,14/3/24,55000000,17,24,0.427272727,60
361254,Rafa Mir,Attack,Centre-Forward,Spain,18/6/97,13/10/21,16000000,16,24,0.427272727,198
357164,Rafael Leão,Attack,Left Winger,Portugal,10/6/99,15/6/23,90000000,12,24,0.427272727,21
745191,Ramón Sosa,Attack,Second Striker,Paraguay,31/8/99,12/6/24,13000000,14,24,0.427272727,228
487969,Randal Kolo Muani,Attack,Centre-Forward,France,5/12/98,22/6/23,80000000,20,24,0.427272727,29
340325,Reiss Nelson,Attack,Left Winger,England,10/12/99,19/12/23,15000000,10,24,0.427272727,214
432092,Roberto Piccoli,Attack,Centre-Forward,Italy,27/1/01,17/6/25,12000000,12,24,0.427272727,239
174694,Rony Lopes,Attack,Right Winger,Portugal,28/12/95,15/10/20,10000000,13,24,0.427272727,261
671799,Rui Modesto,Attack,Right Winger,Angola,7/10/99,13/6/24,2000000,12,24,0.427272727,484
694928,Samuel Lino,Attack,Left Winger,Brazil,23/12/99,7/6/24,30000000,15,24,0.427272727,123
255653,Santi Mina,Attack,Centre-Forward,Spain,7/12/95,8/10/20,15000000,7,24,0.427272727,214
369567,Sasa Kalajdzic,Attack,Centre-Forward,Austria,7/7/97,9/6/22,25000000,15,24,0.427272727,145
251845,Sergi Canós,Attack,Left Winger,Spain,2/2/97,5/10/21,14000000,11,24,0.427272727,222
916920,Shavy Babicka,Attack,Right Winger,Gabon,1/6/00,7/10/24,3500000,11,24,0.427272727,411
804661,Simon Elisor,Attack,Centre-Forward,France,22/7/99,18/12/23,1200000,10,24,0.427272727,552
475416,Sorba Thomas,Attack,Left Winger,Wales,25/1/99,1/6/23,6000000,12,24,0.427272727,338
296879,Steffen Tigges,Attack,Centre-Forward,Germany,31/7/98,9/11/22,3500000,12,24,0.427272727,411
872184,Tadeo Allende,Attack,Right Winger,Argentina,20/2/99,19/12/23,4500000,8,24,0.427272727,380
331726,Tammy Abraham,Attack,Centre-Forward,England,2/10/97,7/6/22,50000000,15,24,0.427272727,68
538874,Terem Moffi,Attack,Centre-Forward,Nigeria,25/5/99,16/10/23,25000000,14,24,0.427272727,145
170527,Timo Werner,Attack,Centre-Forward,Germany,6/3/96,13/10/20,70000000,13,24,0.427272727,40
337715,Umar Sadiq,Attack,Centre-Forward,Nigeria,2/2/97,13/10/21,18000000,16,24,0.427272727,182
419648,Veljko Birmancevic,Attack,Left Winger,Serbia,5/3/98,2/9/22,4000000,8,24,0.427272727,395
401923,Victor Osimhen,Attack,Centre-Forward,Nigeria,29/12/98,15/6/23,120000000,16,24,0.427272727,7
238981,Vittorio Parigini,Attack,Right Winger,Italy,25/3/96,21/8/20,1100000,7,24,0.427272727,560
395523,Wilfried Kanga,Attack,Centre-Forward,Cote d'Ivoire,21/2/98,21/9/22,4000000,11,24,0.427272727,395
494237,Wilson Isidor,Attack,Centre-Forward,Haiti,27/8/00,27/5/25,12000000,13,24,0.427272727,239
463613,Yann Gboho,Attack,Left Winger,France,14/1/01,24/3/25,8000000,14,24,0.427272727,290
433049,Youssef En-Nesyri,Attack,Centre-Forward,Morocco,1/6/97,10/6/21,40000000,13,24,0.427272727,92
267160,Adam Buksa,Attack,Centre-Forward,Poland,12/7/96,1/4/22,9000000,13,25,0.521212121,280
452084,Ahmed Kutucu,Attack,Left Winger,Türkiye,1/3/00,20/3/25,5500000,17,25,0.521212121,349
239647,Aiyegun Tosin,Attack,Centre-Forward,Benin,26/6/98,16/10/23,4000000,13,25,0.521212121,396
338425,Álex Berenguer,Attack,Left Winger,Spain,4/7/95,19/3/21,15000000,12,25,0.521212121,215
349066,Alexander Isak,Attack,Centre-Forward,Sweden,21/9/99,30/5/25,120000000,14,25,0.521212121,8
272642,Allan Saint-Maximin,Attack,Left Winger,France,12/3/97,15/9/22,40000000,11,25,0.521212121,93
198008,André Silva,Attack,Centre-Forward,Portugal,6/11/95,1/6/21,45000000,15,25,0.521212121,78
199258,Andrea Petagna,Attack,Centre-Forward,Italy,30/6/95,29/12/20,17000000,14,25,0.521212121,192
583699,Andrej Ilic,Attack,Centre-Forward,Serbia,3/4/00,5/6/25,4000000,11,25,0.521212121,396
583255,Antoine Semenyo,Attack,Right Winger,Ghana,7/1/00,30/5/25,40000000,15,25,0.521212121,93
327126,Anuar,Attack,Right Winger,Morocco,15/1/95,4/8/20,1200000,12,25,0.521212121,553
222876,Arbër Zeneli,Attack,Left Winger,Kosovo,25/2/95,15/10/20,5000000,9,25,0.521212121,362
324811,Arnaud Nordin,Attack,Right Winger,France,17/6/98,3/6/24,8000000,13,25,0.521212121,291
355861,Arnaut Danjuma,Attack,Left Winger,Netherlands,31/1/97,21/3/22,50000000,13,25,0.521212121,69
390638,Arthur Cabral,Attack,Centre-Forward,Brazil,25/4/98,15/6/23,20000000,14,25,0.521212121,170
131996,Bertrand Traoré,Attack,Right Winger,Burkina Faso,6/9/95,8/6/21,20000000,11,25,0.521212121,170
595809,Beto,Attack,Centre-Forward,Guinea-Bissau,31/1/98,15/6/23,25000000,14,25,0.521212121,146
183299,Callum Robinson,Attack,Centre-Forward,Ireland,2/2/95,13/10/20,8000000,10,25,0.521212121,291
540536,Carlos Vicente,Attack,Right Winger,Spain,23/4/99,7/6/24,4000000,13,25,0.521212121,396
525287,Carlos Vinícius,Attack,Centre-Forward,Brazil,25/3/95,17/8/20,20000000,16,25,0.521212121,170
347595,Clément Depres,Attack,Centre-Forward,France,25/11/94,15/10/20,1000000,7,25,0.521212121,570
434675,Cody Gakpo,Attack,Left Winger,Netherlands,7/5/99,18/3/25,70000000,17,25,0.521212121,41
20463,Corentin Jean,Attack,Centre-Forward,France,15/7/95,15/10/20,1600000,7,25,0.521212121,512
459463,Cucho Hernández,Attack,Centre-Forward,Colombia,20/4/99,12/12/24,18000000,13,25,0.521212121,183
256977,Daniel Podence,Attack,Left Winger,Portugal,21/10/95,17/12/20,25000000,14,25,0.521212121,146
256361,Daniele Verde,Attack,Right Winger,Italy,20/6/96,7/6/22,5000000,10,25,0.521212121,362
178459,Davie Selke,Attack,Centre-Forward,Germany,20/1/95,8/7/20,5000000,10,25,0.521212121,362
292417,Demarai Gray,Attack,Left Winger,Jamaica,28/6/96,23/12/21,22000000,9,25,0.521212121,160
236045,Denis Bouanga,Attack,Left Winger,Gabon,11/11/94,15/10/20,12000000,10,25,0.521212121,240
340950,Diogo Jota,Attack,Left Winger,Portugal,4/12/96,23/12/21,60000000,12,25,0.521212121,51
148368,Divock Origi,Attack,Centre-Forward,Belgium,18/4/95,13/10/20,16000000,10,25,0.521212121,199
326029,Donyell Malen,Attack,Centre-Forward,Netherlands,19/1/99,27/3/24,40000000,16,25,0.521212121,93
496857,Edon Zhegrova,Attack,Right Winger,Kosovo,31/3/99,3/6/24,25000000,13,25,0.521212121,146
283223,Emre Mor,Attack,Right Winger,Türkiye,24/7/97,8/6/23,4200000,20,25,0.521212121,387
251106,Enes Ünal,Attack,Centre-Forward,Türkiye,10/5/97,3/6/22,25000000,15,25,0.521212121,146
291110,Enzo Crivelli,Attack,Centre-Forward,,6/2/95,4/8/20,6000000,12,25,0.521212121,339
337036,Florent Muslija,Attack,Left Winger,Kosovo,6/7/98,15/12/23,2500000,13,25,0.521212121,461
363205,Gabriel Jesus,Attack,Centre-Forward,Brazil,3/4/97,3/11/22,75000000,15,25,0.521212121,34
457673,Gabriel Strefezza,Attack,Right Winger,Brazil,18/4/97,21/3/23,10000000,13,25,0.521212121,262
344892,Gauthier Hein,Attack,Right Winger,France,7/8/96,2/6/22,3000000,9,25,0.521212121,432
257448,Gelson Martins,Attack,Right Winger,Portugal,11/5/95,12/10/20,20000000,13,25,0.521212121,170
420808,George Hirst,Attack,Centre-Forward,Scotland,15/2/99,16/12/24,5000000,11,25,0.521212121,362
315867,Gianluca Scamacca,Attack,Centre-Forward,Italy,1/1/99,5/6/24,35000000,12,25,0.521212121,105
282388,Giovanni Simeone,Attack,Centre-Forward,Argentina,5/7/95,29/12/20,17000000,13,25,0.521212121,192
525140,Goduine Koyalipou,Attack,Centre-Forward,Central African Republic,15/2/00,3/6/25,2500000,11,25,0.521212121,461
225122,Gonçalo Guedes,Attack,Left Winger,Portugal,29/11/96,21/3/22,40000000,15,25,0.521212121,93
321647,Grejohn Kyei,Attack,Centre-Forward,France,12/8/95,23/6/21,2500000,16,25,0.521212121,461
316889,Hirving Lozano,Attack,Left Winger,Mexico,30/7/95,23/3/21,45000000,16,25,0.521212121,78
283528,Ignacio Pussetto,Attack,Centre-Forward,Argentina,21/12/95,29/12/20,5000000,8,25,0.521212121,362
623570,Iliman Ndiaye,Attack,Right Winger,Senegal,6/3/00,18/3/25,22000000,13,25,0.521212121,160
335216,Iñigo Vicente,Attack,Left Winger,Spain,6/1/98,13/10/23,1800000,8,25,0.521212121,500
281755,Iván Alejo,Attack,Right Winger,Spain,10/2/95,8/10/20,1500000,9,25,0.521212121,522
417346,Jack Harrison,Attack,Left Winger,England,20/11/96,15/9/22,28000000,14,25,0.521212121,132
238654,Jaime Báez,Attack,Left Winger,Uruguay,25/4/95,21/8/20,1600000,9,25,0.521212121,512
358515,Jean-Philippe Krasso,Attack,Centre-Forward,Cote d'Ivoire,17/7/97,16/6/23,6000000,9,25,0.521212121,339
352567,Jeison Lucumí,Attack,Right Winger,Colombia,8/4/95,8/10/20,1200000,9,25,0.521212121,553
737781,Jérémy Le Douaron,Attack,Centre-Forward,France,21/4/98,18/12/23,5000000,9,25,0.521212121,362
289236,Jon Bautista,Attack,Centre-Forward,Spain,3/7/95,8/10/20,1200000,8,25,0.521212121,553
429983,Jørgen Strand Larsen,Attack,Centre-Forward,Norway,6/2/00,30/5/25,30000000,17,25,0.521212121,124
663244,Jota Silva,Attack,Left Winger,Portugal,1/8/99,30/5/25,15000000,12,25,0.521212121,215
585700,Juan Cruz,Attack,Left Winger,Spain,25/4/00,9/6/25,5000000,12,25,0.521212121,362
576024,Julián Alvarez,Attack,Centre-Forward,Argentina,31/1/00,9/6/25,100000000,16,25,0.521212121,16
238752,Keita Baldé,Attack,Left Winger,Senegal,8/3/95,29/10/20,11000000,14,25,0.521212121,250
327757,Krzysztof Piatek,Attack,Centre-Forward,Poland,1/7/95,10/2/21,17000000,16,25,0.521212121,192
435485,Luiz Araújo,Attack,Right Winger,Brazil,2/6/96,4/6/21,10000000,5,25,0.521212121,262
157501,M'Baye Niang,Attack,Centre-Forward,Senegal,19/12/94,3/8/20,15000000,12,25,0.521212121,215
261963,Marin Jakolis,Attack,Left Winger,Croatia,26/12/96,30/12/21,1200000,7,25,0.521212121,553
205940,Marko Pjaca,Attack,Left Winger,Croatia,6/5/95,25/8/20,5000000,8,25,0.521212121,362
289272,Martín Merquelanz,Attack,Left Winger,Spain,12/6/95,23/7/20,2000000,10,25,0.521212121,485
442891,Martin Terrier,Attack,Left Winger,France,4/3/97,2/11/22,35000000,15,25,0.521212121,105
471055,Marvin Pieringer,Attack,Centre-Forward,Germany,4/10/99,20/12/24,5500000,14,25,0.521212121,349
307052,Masaya Okugawa,Attack,Left Winger,Japan,14/4/96,24/3/22,5000000,12,25,0.521212121,362
554903,Mateo Retegui,Attack,Centre-Forward,Italy,29/4/99,25/3/25,45000000,13,25,0.521212121,78
517894,Matheus Cunha,Attack,Centre-Forward,Brazil,27/5/99,27/5/24,45000000,13,25,0.521212121,78
234781,Maxwel Cornet,Attack,Left Winger,Cote d'Ivoire,27/9/96,15/9/22,17000000,12,25,0.521212121,192
348601,Mehdi Léris,Attack,Right Winger,Algeria,23/5/98,15/6/23,2500000,8,25,0.521212121,461
307924,Mergim Berisha,Attack,Centre-Forward,Germany,11/5/98,18/10/23,14000000,18,25,0.521212121,223
215649,Mirko Marić,Attack,Centre-Forward,Croatia,16/5/95,27/7/20,4500000,12,25,0.521212121,381
364135,Moise Kean,Attack,Centre-Forward,Italy,28/2/00,17/6/25,50000000,15,25,0.521212121,69
691786,Morgan Guilavogui,Attack,Right Winger,Guinea,10/3/98,16/10/23,4000000,15,25,0.521212121,396
245078,Nemanja Radonjic,Attack,Left Winger,Serbia,15/2/96,9/6/21,6000000,10,25,0.521212121,339
486031,Nico González,Attack,Left Winger,Argentina,6/4/98,20/12/23,40000000,14,25,0.521212121,93
343052,Nicolas Pépé,Attack,Right Winger,Cote d'Ivoire,29/5/95,30/7/20,45000000,12,25,0.521212121,78
342967,Niklas Beste,Attack,Right Winger,Germany,4/1/99,27/3/24,15000000,15,25,0.521212121,215
344152,Odsonne Édouard,Attack,Centre-Forward,France,16/1/98,9/10/23,20000000,14,25,0.521212121,170
487850,Oladapo Afolayan,Attack,Right Winger,England,11/9/97,28/6/23,1000000,3,25,0.521212121,570
388266,Óscar Estupiñán,Attack,Centre-Forward,Colombia,29/12/96,14/9/22,6000000,12,25,0.521212121,339
387110,Petar Musa,Attack,Centre-Forward,Croatia,4/3/98,29/9/23,8000000,11,25,0.521212121,291
394328,Rafik Guitane,Attack,Right Winger,Algeria,26/5/99,6/6/24,5000000,12,25,0.521212121,362
416380,Ragnar Ache,Attack,Centre-Forward,Germany,28/7/98,20/10/23,2000000,9,25,0.521212121,485
134425,Raheem Sterling,Attack,Right Winger,England,8/12/94,13/10/20,128000000,15,25,0.521212121,5
358504,Ritsu Doan,Attack,Right Winger,Japan,16/6/98,22/6/23,18000000,11,25,0.521212121,183
221958,Roman Yaremchuk,Attack,Centre-Forward,Ukraine,27/11/95,15/7/21,17500000,14,25,0.521212121,189
290593,Sada Thioub,Attack,Right Winger,Senegal,1/6/95,15/10/20,3500000,8,25,0.521212121,412
398402,Sam Surridge,Attack,Centre-Forward,England,28/7/98,22/8/23,5500000,9,25,0.521212121,349
195171,Samu Castillejo,Attack,Right Winger,Spain,18/1/95,25/8/20,13000000,15,25,0.521212121,229
199369,Sandro Ramírez,Attack,Centre-Forward,Spain,9/7/95,10/6/21,3500000,11,25,0.521212121,412
159471,Serge Gnabry,Attack,Second Striker,Germany,14/7/95,16/9/20,90000000,13,25,0.521212121,22
354666,Shamar Nicholson,Attack,Centre-Forward,Jamaica,16/3/97,2/6/22,7500000,15,25,0.521212121,303
550580,Shuto Machino,Attack,Centre-Forward,Japan,30/9/99,5/6/25,5000000,13,25,0.521212121,362
488656,Siriki Dembélé,Attack,Left Winger,Scotland,7/9/96,13/5/22,2800000,5,25,0.521212121,444
355689,Sory Kaba,Attack,Centre-Forward,Guinea,28/7/95,4/6/21,3000000,10,25,0.521212121,432
340328,Stephy Mavididi,Attack,Left Winger,England,31/5/98,7/3/24,11000000,16,25,0.521212121,250
249873,Tariqe Fosu,Attack,Left Winger,Ghana,5/11/95,30/6/21,2500000,8,25,0.521212121,461
339816,Tete Morente,Attack,Left Winger,Spain,4/12/96,3/6/22,3000000,12,25,0.521212121,432
501709,Theo Bair,Attack,Centre-Forward,Canada,27/8/99,7/10/24,1800000,13,25,0.521212121,500
280701,Théo Bongonda,Attack,Right Winger,DR Congo,20/11/95,7/6/21,11000000,14,25,0.521212121,250
457736,Tijjani Noslin,Attack,Right Winger,Netherlands,7/7/99,18/12/24,12000000,12,25,0.521212121,240
384060,Tino Kadewere,Attack,Centre-Forward,Zimbabwe,5/1/96,9/4/21,14000000,14,25,0.521212121,223
337066,Toni Villa,Attack,Left Winger,Spain,7/1/95,8/10/20,2500000,13,25,0.521212121,461
242063,Vaclav Cerny,Attack,Right Winger,Czech Republic,17/10/97,23/6/23,8000000,11,25,0.521212121,291
404688,Waldo Rubio,Attack,Left Winger,Spain,17/8/95,5/1/21,1200000,7,25,0.521212121,553
521407,Walid Cheddira,Attack,Centre-Forward,Morocco,22/1/98,20/3/23,8000000,10,25,0.521212121,291
572271,Xeber Alkain,Attack,Right Winger,Spain,26/6/97,29/12/22,1600000,12,25,0.521212121,512
393238,Zakaria Aboukhlal,Attack,Right Winger,Morocco,18/2/00,24/3/25,12000000,15,25,0.521212121,240
560725,Abdoul Kader Bamba,Attack,Right Winger,France,25/4/94,15/10/20,2000000,9,26,0.608333333,486
290951,Aboubakar Kamara,Attack,Centre-Forward,Mauritania,7/3/95,1/11/21,3500000,8,26,0.608333333,413
177847,Adnan Januzaj,Attack,Right Winger,Belgium,5/2/95,10/6/21,12000000,15,26,0.608333333,241
203507,Adrien Hunou,Attack,Centre-Forward,France,19/1/94,7/1/21,6000000,14,26,0.608333333,340
378139,Aitor Ruibal,Attack,Right Winger,Spain,22/3/96,7/11/22,5000000,13,26,0.608333333,363
305947,Albert Gudmundsson,Attack,Second Striker,Iceland,15/6/97,5/6/24,30000000,13,26,0.608333333,125
281319,Alberth Elis,Attack,Right Winger,Honduras,12/2/96,23/3/22,6500000,10,26,0.608333333,324
633454,Alexander Bernhardsson,Attack,Right Winger,Sweden,8/9/98,5/6/25,3000000,12,26,0.608333333,433
187587,Ante Rebić,Attack,Left Winger,Croatia,21/9/93,25/8/20,32000000,13,26,0.608333333,113
183720,Anwar El Ghazi,Attack,Right Winger,Netherlands,3/5/95,8/6/21,13000000,9,26,0.608333333,230
191891,Arkadiusz Milik,Attack,Centre-Forward,Poland,28/2/94,25/8/20,32000000,12,26,0.608333333,113
343537,Artem Dovbyk,Attack,Centre-Forward,Ukraine,21/6/97,7/6/24,35000000,17,26,0.608333333,106
112930,Benito Raman,Attack,Centre-Forward,Belgium,7/11/94,26/11/20,6000000,11,26,0.608333333,340
322702,Benson Manuel,Attack,Right Winger,Angola,28/3/97,1/6/23,7000000,9,26,0.608333333,315
298976,Borja Mayoral,Attack,Centre-Forward,Spain,5/4/97,22/12/23,15000000,13,26,0.608333333,216
626913,Boulaye Dia,Attack,Centre-Forward,Senegal,16/11/96,15/6/23,25000000,14,26,0.608333333,147
231590,Braydon Manu,Attack,Left Winger,Ghana,28/3/97,28/6/23,1500000,12,26,0.608333333,523
237662,Breel Embolo,Attack,Centre-Forward,Switzerland,14/2/97,27/3/23,22000000,15,26,0.608333333,161
246277,Burgui,Attack,Left Winger,Spain,29/10/93,8/10/20,1000000,7,26,0.608333333,571
169801,Cauley Woodrow,Attack,Centre-Forward,England,2/12/94,30/6/21,3500000,9,26,0.608333333,413
207597,Cedric Teuchert,Attack,Centre-Forward,Germany,14/1/97,20/10/23,2000000,8,26,0.608333333,486
259350,Chang-hoon Kwon,Attack,Right Winger,"Korea, South",30/6/94,16/9/20,2800000,7,26,0.608333333,445
346779,Ché Adams,Attack,Centre-Forward,Scotland,13/7/96,15/9/22,22000000,11,26,0.608333333,161
392591,Chiedozie Ogbene,Attack,Right Winger,Ireland,1/5/97,14/3/24,8000000,12,26,0.608333333,292
167721,Chimy Ávila,Attack,Centre-Forward,Argentina,6/2/94,8/10/20,10000000,15,26,0.608333333,263
272278,Chris Führich,Attack,Left Winger,Germany,9/1/98,29/5/24,28000000,16,26,0.608333333,133
343463,Cyle Larin,Attack,Centre-Forward,Canada,17/4/95,12/10/21,11500000,17,26,0.608333333,246
267147,Cyrille Bayala,Attack,Right Winger,Burkina Faso,24/5/96,2/11/22,1000000,6,26,0.608333333,571
177843,Domenico Berardi,Attack,Right Winger,Italy,1/8/94,25/5/21,35000000,13,26,0.608333333,106
258889,Dominic Solanke,Attack,Centre-Forward,England,14/9/97,27/5/24,40000000,10,26,0.608333333,94
358166,Eldor Shomurodov,Attack,Centre-Forward,Uzbekistan,29/6/95,14/10/21,14000000,14,26,0.608333333,224
319900,Elijah Adebayo,Attack,Centre-Forward,England,7/1/98,14/3/24,12000000,10,26,0.608333333,241
381187,Emmanuel Sabbi,Attack,Right Winger,United States,24/12/97,3/6/24,2500000,15,26,0.608333333,462
335457,Ermedin Demirovic,Attack,Centre-Forward,Bosnia-Herzegovina,25/3/98,27/3/24,28000000,17,26,0.608333333,133
197300,Federico Bernardeschi,Attack,Right Winger,Italy,16/2/94,25/8/20,25000000,8,26,0.608333333,147
38607,Federico Di Francesco,Attack,Left Winger,Italy,14/6/94,25/8/20,3700000,10,26,0.608333333,407
198086,Federico Ricci,Attack,Right Winger,Italy,27/5/94,21/8/20,1100000,7,26,0.608333333,561
341110,Franco Cervi,Attack,Left Winger,Argentina,26/5/94,17/8/20,8000000,12,26,0.608333333,292
190289,Gerrit Holtmann,Attack,Left Winger,Philippines,25/3/95,24/3/22,4500000,18,26,0.608333333,382
181547,Gonçalo Paciência,Attack,Centre-Forward,Portugal,1/8/94,16/9/20,10000000,12,26,0.608333333,263
173900,Hélder Costa,Attack,Right Winger,Angola,12/1/94,13/10/20,12000000,13,26,0.608333333,241
255508,Iñaki Williams,Attack,Right Winger,Ghana,15/6/94,8/10/20,30000000,9,26,0.608333333,125
295331,Isaac Success,Attack,Centre-Forward,Nigeria,7/1/96,11/11/22,4000000,9,26,0.608333333,397
149716,Ivan Cavaleiro,Attack,Left Winger,Angola,18/10/93,13/10/20,8000000,11,26,0.608333333,292
203460,Jack Grealish,Attack,Left Winger,England,10/9/95,5/10/21,100000000,17,26,0.608333333,17
239949,Jamal Lowe,Attack,Centre-Forward,Jamaica,21/7/94,30/6/21,2000000,9,26,0.608333333,486
314875,Jarrod Bowen,Attack,Right Winger,England,20/12/96,19/12/23,50000000,14,26,0.608333333,70
263860,Jason Remeseiro,Attack,Right Winger,Spain,6/7/94,8/10/20,3000000,13,26,0.608333333,433
646733,Jim Allevinah,Attack,Right Winger,Gabon,27/2/95,25/6/21,2500000,10,26,0.608333333,462
227081,Joaquín Correa,Attack,Second Striker,Argentina,13/8/94,25/8/20,30000000,15,26,0.608333333,125
355369,Jordan,Attack,Centre-Forward,United States,26/4/96,21/9/22,10000000,14,26,0.608333333,263
213595,Juanjo Narváez,Attack,Centre-Forward,Colombia,12/2/95,24/6/21,1500000,8,26,0.608333333,523
166240,Jürgen Locadia,Attack,Centre-Forward,Curacao,7/11/93,26/8/20,8000000,8,26,0.608333333,292
504849,Kaoru Mitoma,Attack,Left Winger,Japan,20/5/97,9/10/23,50000000,15,26,0.608333333,70
456080,Karim Aribi,Attack,Centre-Forward,Algeria,24/6/94,15/10/20,1000000,6,26,0.608333333,571
412660,Keinan Davis,Attack,Centre-Forward,England,13/2/98,18/12/24,4000000,11,26,0.608333333,397
119557,Kenan Karaman,Attack,Right Winger,Turkey,5/3/94,8/7/20,3500000,10,26,0.608333333,413
298575,Kike Barja,Attack,Right Winger,Spain,1/4/97,13/6/23,4000000,12,26,0.608333333,397
406625,Lautaro Martínez,Attack,Centre-Forward,Argentina,22/8/97,20/12/23,110000000,15,26,0.608333333,12
387626,Leon Bailey,Attack,Right Winger,Jamaica,9/8/97,27/5/24,42000000,13,26,0.608333333,84
354741,Loren Morón,Attack,Centre-Forward,Spain,30/12/93,8/10/20,15000000,11,26,0.608333333,216
232463,Luca Pfeiffer,Attack,Centre-Forward,Germany,20/8/96,21/9/22,2800000,13,26,0.608333333,445
334222,Lucas Boyé,Attack,Centre-Forward,Argentina,28/2/96,21/3/22,15000000,14,26,0.608333333,216
189441,Lucas Ocampos,Attack,Left Winger,Argentina,11/7/94,23/7/20,50000000,13,26,0.608333333,70
511021,Manu Fuster,Attack,Right Winger,Spain,22/10/97,24/6/24,2400000,13,26,0.608333333,471
143891,Maximilian Philipp,Attack,Second Striker,Germany,1/3/94,29/7/20,11000000,15,26,0.608333333,251
167850,Memphis Depay,Attack,Centre-Forward,Netherlands,13/2/94,15/10/20,45000000,10,26,0.608333333,79
179184,Michy Batshuayi,Attack,Centre-Forward,Belgium,2/10/93,30/7/20,14000000,20,26,0.608333333,224
186644,Mohamed Elyounoussi,Attack,Second Striker,Norway,4/8/94,18/1/21,12000000,11,26,0.608333333,241
462348,Mostafa Mohamed,Attack,Centre-Forward,Egypt,28/11/97,19/3/24,10000000,16,26,0.608333333,263
551505,Mousa Tamari,Attack,Right Winger,Jordan,10/6/97,3/6/24,8000000,13,26,0.608333333,292
316137,Moussa Doumbia,Attack,Left Winger,Mali,15/8/94,15/10/20,2000000,8,26,0.608333333,486
344009,Nathan Broadhead,Attack,Left Winger,Wales,5/4/98,24/5/24,5000000,11,26,0.608333333,363
129078,Nathan Redmond,Attack,Right Winger,England,6/3/94,30/7/20,18000000,12,26,0.608333333,184
120189,Nikola Dovedan,Attack,Second Striker,Austria,6/7/94,15/7/20,1500000,10,26,0.608333333,523
445939,Omar Marmoush,Attack,Centre-Forward,Egypt,7/2/99,18/3/25,75000000,17,26,0.608333333,35
205587,Opa Nguette,Attack,Left Winger,Senegal,8/7/94,7/1/21,5000000,10,26,0.608333333,363
242086,Patrik Schick,Attack,Centre-Forward,Czech Republic,24/1/96,9/6/22,50000000,14,26,0.608333333,70
206050,Paulo Dybala,Attack,Second Striker,Argentina,15/11/93,25/8/20,80000000,14,26,0.608333333,30
534379,Pejiño,Attack,Right Winger,Spain,29/7/96,14/6/23,1800000,12,26,0.608333333,501
312239,Percy Tau,Attack,Right Winger,South Africa,13/5/94,16/10/20,4000000,7,26,0.608333333,397
288340,Phillip Tietz,Attack,Centre-Forward,Germany,9/7/97,27/3/24,5000000,14,26,0.608333333,363
203504,Pierre-Yves Hamel,Attack,Centre-Forward,France,3/2/94,7/1/21,3500000,10,26,0.608333333,413
323831,Rafael Borré,Attack,Centre-Forward,Colombia,15/9/95,9/6/22,20000000,9,26,0.608333333,171
289802,Rafael Ratão,Attack,Second Striker,Brazil,30/11/95,2/11/22,2500000,9,26,0.608333333,462
411295,Raphinha,Attack,Left Winger,Brazil,14/12/96,13/6/23,60000000,12,26,0.608333333,52
200174,Roberto Insigne,Attack,Right Winger,Italy,11/5/94,29/12/20,2500000,9,26,0.608333333,462
284010,Robin Hack,Attack,Left Winger,Germany,27/8/98,5/6/25,12000000,13,26,0.608333333,241
263183,Roger Assalé,Attack,Centre-Forward,Cote d'Ivoire,13/11/93,31/7/20,6000000,11,26,0.608333333,340
146795,Ryan Fraser,Attack,Left Winger,Scotland,24/2/94,13/10/20,16000000,15,26,0.608333333,200
290532,Saïd Benrahma,Attack,Left Winger,Algeria,10/8/95,5/10/21,25000000,13,26,0.608333333,147
395522,Samuel Essende,Attack,Centre-Forward,DR Congo,23/1/98,9/10/24,4500000,16,26,0.608333333,382
180337,Sardar Azmoun,Attack,Centre-Forward,Iran,1/1/95,2/6/21,25000000,11,26,0.608333333,147
377387,Sergio Córdova,Attack,Centre-Forward,Venezuela,9/8/97,27/9/23,1900000,9,26,0.608333333,495
247652,Shon Weissman,Attack,Centre-Forward,Israel,14/2/96,29/6/22,8000000,11,26,0.608333333,292
238639,Steve Mounié,Attack,Centre-Forward,Benin,29/9/94,7/1/21,7000000,12,26,0.608333333,315
295313,Taiwo Awoniyi,Attack,Centre-Forward,Nigeria,12/8/97,9/10/23,30000000,13,26,0.608333333,125
522784,Taty Castellanos,Attack,Centre-Forward,Argentina,3/10/98,25/3/25,25000000,14,26,0.608333333,147
412513,Thomas Henry,Attack,Centre-Forward,France,20/9/94,7/6/21,5000000,11,26,0.608333333,363
272549,Tony Mauricio,Attack,Right Winger,France,22/3/94,15/10/20,2000000,7,26,0.608333333,486
259025,Umut Bozok,Attack,Centre-Forward,Türkiye,19/9/96,27/10/22,5500000,17,26,0.608333333,350
353211,Vágner Dias,Attack,Left Winger,Cape Verde,19/7/94,3/8/20,3500000,9,26,0.608333333,413
256267,Vedat Muriqi,Attack,Centre-Forward,Kosovo,24/4/94,29/10/20,17000000,16,26,0.608333333,193
381724,Victor Sá,Attack,Left Winger,Brazil,27/3/94,10/2/21,3000000,12,26,0.608333333,433
264372,Viktor Tsygankov,Attack,Right Winger,Ukraine,15/11/97,7/6/24,30000000,12,26,0.608333333,125
157635,Yussuf Poulsen,Attack,Centre-Forward,Denmark,15/6/94,16/9/20,25000000,10,26,0.608333333,147
406040,Ademola Lookman,Attack,Left Winger,Nigeria,20/10/97,25/3/25,60000000,14,27,0.688636364,53
167329,Alassane Pléa,Attack,Centre-Forward,France,10/3/93,26/11/20,35000000,15,27,0.688636364,107
242631,Alex Iwobi,Attack,Left Winger,Nigeria,3/5/96,20/6/23,28000000,12,27,0.688636364,134
213268,Alireza Jahanbakhsh,Attack,Right Winger,Iran,11/8/93,13/10/20,5000000,9,27,0.688636364,364
96167,Amin Younes,Attack,Left Winger,,6/8/93,31/3/21,10000000,10,27,0.688636364,264
167727,Andrea Belotti,Attack,Centre-Forward,Italy,20/12/93,29/12/20,40000000,12,27,0.688636364,95
203412,Andreas Cornelius,Attack,Centre-Forward,Denmark,16/3/93,25/8/20,12000000,15,27,0.688636364,242
266807,Ángel Correa,Attack,Second Striker,Argentina,9/3/95,21/3/22,45000000,16,27,0.688636364,80
234523,Antonio Sanabria,Attack,Centre-Forward,Paraguay,4/3/96,15/6/23,10000000,10,27,0.688636364,264
497175,Aurélien Scheidler,Attack,Centre-Forward,France,4/6/98,12/6/25,1800000,12,27,0.688636364,502
246968,Ayoze Pérez,Attack,Centre-Forward,Spain,29/7/93,13/10/20,20000000,14,27,0.688636364,172
331362,Benedikt Pichler,Attack,Centre-Forward,Austria,20/7/97,9/10/24,2000000,12,27,0.688636364,487
199953,Caleb Ekuban,Attack,Centre-Forward,Ghana,23/3/94,21/5/21,7000000,13,27,0.688636364,316
392810,Casimir Ninga,Attack,Centre-Forward,Chad,17/5/93,23/12/20,2300000,7,27,0.688636364,475
294791,Chris Bedia,Attack,Centre-Forward,Cote d'Ivoire,5/3/96,21/12/23,3000000,10,27,0.688636364,434
538810,Chris Ramos,Attack,Centre-Forward,Spain,18/1/97,21/3/24,4000000,15,27,0.688636364,398
197642,Chuba Akpom,Attack,Centre-Forward,England,9/10/95,1/6/23,12000000,14,27,0.688636364,242
349503,Conor Chaplin,Attack,Second Striker,England,16/2/97,16/12/24,8000000,10,27,0.688636364,293
208116,Curro Sánchez,Attack,Right Winger,Spain,3/1/96,13/10/23,1500000,10,27,0.688636364,524
317806,Cyriel Dessers,Attack,Centre-Forward,Nigeria,8/12/94,8/6/22,6000000,10,27,0.688636364,341
211251,Darwin Machís,Attack,Left Winger,Venezuela,7/2/93,8/10/20,10000000,17,27,0.688636364,264
339314,Deniz Undav,Attack,Centre-Forward,Germany,19/7/96,29/5/24,25000000,11,27,0.688636364,148
303259,Dodi Lukébakio,Attack,Right Winger,Belgium,24/9/97,21/3/25,25000000,14,27,0.688636364,148
282544,Emiliano Rigoni,Attack,Right Winger,Argentina,4/2/93,29/7/20,4500000,10,27,0.688636364,383
237125,Famara Diédhiou,Attack,Centre-Forward,Senegal,15/12/92,15/10/20,4000000,14,27,0.688636364,398
159372,Felipe Anderson,Attack,Left Winger,Brazil,15/4/93,30/7/20,25000000,11,27,0.688636364,148
184892,Florian Thauvin,Attack,Right Winger,France,26/1/93,15/10/20,32000000,14,27,0.688636364,114
177065,Florin Andone,Attack,Centre-Forward,Romania,11/4/93,4/8/20,2800000,9,27,0.688636364,446
229006,Franck Honorat,Attack,Right Winger,France,11/8/96,14/12/23,12000000,14,27,0.688636364,242
181378,Gaëtan Laborde,Attack,Centre-Forward,France,3/5/94,16/12/21,18000000,11,27,0.688636364,185
353404,Gaëtan Perrin,Attack,Right Winger,France,7/6/96,27/10/23,2000000,8,27,0.688636364,487
340205,Gorka Guruzeta,Attack,Centre-Forward,Spain,12/9/96,7/6/24,18000000,12,27,0.688636364,185
217111,Hakim Ziyech,Attack,Right Winger,Morocco,19/3/93,17/12/20,45000000,19,27,0.688636364,80
132098,Harry Kane,Attack,Centre-Forward,England,28/7/93,13/10/20,120000000,12,27,0.688636364,9
237164,Ihlas Bebou,Attack,Centre-Forward,Togo,23/4/94,9/6/21,16000000,12,27,0.688636364,201
340700,Ivan Prtajin,Attack,Centre-Forward,Croatia,14/5/96,22/3/24,1800000,14,27,0.688636364,502
251664,Ivan Toney,Attack,Centre-Forward,England,16/3/96,16/3/23,50000000,15,27,0.688636364,71
408471,Javi Puado,Attack,Left Winger,Spain,25/5/98,9/6/25,10000000,15,27,0.688636364,264
420002,Jean-Philippe Mateta,Attack,Centre-Forward,France,28/6/97,18/3/25,30000000,15,27,0.688636364,126
225055,Jean-Pierre Nsame,Attack,Centre-Forward,Cameroon,1/5/93,31/7/20,7000000,10,27,0.688636364,316
170966,Jérémie Bela,Attack,Left Winger,Angola,8/4/93,15/10/20,3000000,11,27,0.688636364,434
134936,Jesé,Attack,Left Winger,,26/2/93,17/8/20,3200000,10,27,0.688636364,419
125165,Jesús Corona,Attack,Right Winger,Mexico,6/1/93,17/8/20,30000000,12,27,0.688636364,126
284727,Jonathan Calleri,Attack,Centre-Forward,Argentina,23/9/93,8/10/20,5000000,9,27,0.688636364,364
85148,Julian Draxler,Attack,Left Winger,Germany,20/9/93,15/10/20,24000000,9,27,0.688636364,152
153678,Kingsley Schindler,Attack,Right Winger,Ghana,12/7/93,8/2/21,1200000,11,27,0.688636364,554
221540,Kiril Despodov,Attack,Right Winger,Bulgaria,11/11/96,30/5/24,7000000,13,27,0.688636364,316
260316,Komnen Andric,Attack,Centre-Forward,Serbia,1/7/95,19/9/22,2000000,11,27,0.688636364,487
192565,Leroy Sané,Attack,Right Winger,Germany,11/1/96,14/12/23,80000000,16,27,0.688636364,31
248999,Lucas Höler,Attack,Centre-Forward,Germany,10/7/94,22/12/21,6500000,10,27,0.688636364,325
480692,Luis Díaz,Attack,Left Winger,Colombia,13/1/97,16/12/24,85000000,15,27,0.688636364,26
239941,Lukas Haraslin,Attack,Left Winger,Slovakia,26/5/96,20/9/23,3000000,9,27,0.688636364,434
354814,M'Bala Nzola,Attack,Centre-Forward,Angola,18/8/96,11/10/23,10000000,15,27,0.688636364,264
325223,Mama Baldé,Attack,Centre-Forward,Guinea-Bissau,6/11/95,27/3/23,8000000,15,27,0.688636364,293
166683,Mamadou Sylla,Attack,Centre-Forward,Senegal,20/3/94,24/6/21,1500000,11,27,0.688636364,524
443222,Marc Cardona,Attack,Centre-Forward,Spain,8/7/95,14/6/23,1400000,10,27,0.688636364,539
269878,Marcus Ingvartsen,Attack,Centre-Forward,Denmark,4/1/96,21/12/23,6500000,10,27,0.688636364,325
318528,Marcus Thuram,Attack,Centre-Forward,France,6/8/97,18/12/24,75000000,18,27,0.688636364,36
225020,Mariano Díaz,Attack,Centre-Forward,Dominican Republic,1/8/93,8/10/20,12000000,13,27,0.688636364,242
116088,Marius Bülter,Attack,Left Winger,Germany,29/3/93,8/7/20,3000000,12,27,0.688636364,434
165895,Matteo Politano,Attack,Right Winger,Italy,3/8/93,25/5/21,30000000,11,27,0.688636364,126
199274,Mattia Sprocati,Attack,Right Winger,Italy,28/4/93,25/8/20,1300000,6,27,0.688636364,545
283735,Mattia Zaccagni,Attack,Left Winger,Italy,16/6/95,15/6/23,30000000,14,27,0.688636364,126
68863,Mauro Icardi,Attack,Centre-Forward,Argentina,19/2/93,15/10/20,55000000,16,27,0.688636364,61
147043,Michael Frey,Attack,Centre-Forward,Switzerland,19/7/94,12/4/22,5000000,12,27,0.688636364,364
192774,Moussa Konaté,Attack,Centre-Forward,Senegal,3/4/93,7/1/21,3000000,8,27,0.688636364,434
142027,Pablo Hervías,Attack,Right Winger,Spain,8/3/93,5/1/21,1500000,9,27,0.688636364,524
126716,Paco Alcácer,Attack,Centre-Forward,Spain,30/8/93,8/10/20,25000000,10,27,0.688636364,148
183334,Patrick Bamford,Attack,Centre-Forward,England,5/9/93,8/6/21,22000000,11,27,0.688636364,162
272855,Paul Onuachu,Attack,Centre-Forward,Nigeria,28/5/94,6/10/21,22000000,18,27,0.688636364,162
162038,Raúl de Tomás,Attack,Centre-Forward,Spain,17/10/94,3/6/22,25000000,19,27,0.688636364,148
308278,Rey Manaj,Attack,Centre-Forward,Albania,24/2/97,31/5/24,5000000,16,27,0.688636364,364
238185,Rhys Healey,Attack,Centre-Forward,England,6/12/94,2/6/22,3000000,9,27,0.688636364,434
196139,Robert Glatzel,Attack,Centre-Forward,Germany,8/1/94,9/6/21,2500000,8,27,0.688636364,463
206542,Robin Quaison,Attack,Centre-Forward,Sweden,9/10/93,26/11/20,9000000,13,27,0.688636364,281
447995,Ross Stewart,Attack,Centre-Forward,Scotland,11/7/96,21/12/23,4500000,11,27,0.688636364,383
213260,Rubén García,Attack,Right Winger,Spain,14/7/93,8/10/20,10000000,13,27,0.688636364,264
62713,Ryder Matos,Attack,Second Striker,Brazil,27/2/93,31/7/20,1000000,7,27,0.688636364,572
125614,Sargis Adamyan,Attack,Centre-Forward,Armenia,23/5/93,10/2/21,3500000,10,27,0.688636364,414
181375,Sébastien Haller,Attack,Centre-Forward,Cote d'Ivoire,22/6/94,8/6/22,35000000,14,27,0.688636364,107
344869,Simon Banza,Attack,Centre-Forward,DR Congo,13/8/96,6/6/24,18000000,18,27,0.688636364,185
94529,Stephan El Shaarawy,Attack,Left Winger,Italy,27/10/92,1/8/20,12000000,11,27,0.688636364,242
287920,Tim Skarke,Attack,Centre-Forward,Germany,7/9/96,27/3/24,3000000,14,27,0.688636364,434
145988,Wilfried Zaha,Attack,Left Winger,Cote d'Ivoire,10/11/92,13/10/20,50000000,16,27,0.688636364,71
228645,Wout Weghorst,Attack,Centre-Forward,Netherlands,7/8/92,8/7/20,30000000,14,27,0.688636364,126
140776,Yannick Carrasco,Attack,Left Winger,Belgium,4/9/93,26/5/21,40000000,12,27,0.688636364,95
388165,Yoane Wissa,Attack,Centre-Forward,DR Congo,3/9/96,27/5/24,28000000,11,27,0.688636364,134
177452,Abdón Prats,Attack,Centre-Forward,Spain,7/12/92,24/6/21,2000000,13,28,0.754545455,488
308133,Ado Onaiwu,Attack,Centre-Forward,Japan,8/11/95,11/6/24,1800000,11,28,0.754545455,503
288318,Adrián Embarba,Attack,Right Winger,Spain,7/5/92,23/7/20,8000000,14,28,0.754545455,294
184816,Ahmed Hassan,Attack,Centre-Forward,Egypt,5/3/93,30/5/21,4000000,14,28,0.754545455,399
51152,Aleksandar Mitrović,Attack,Centre-Forward,Serbia,16/9/94,3/11/22,28000000,10,28,0.754545455,135
238407,Alexander Sørloth,Attack,Centre-Forward,Norway,5/12/95,7/6/24,25000000,14,28,0.754545455,149
128223,Álvaro Morata,Attack,Centre-Forward,Spain,23/10/92,29/12/20,50000000,10,28,0.754545455,72
94771,Andreas Voglsammer,Attack,Centre-Forward,Germany,9/1/92,15/7/20,2500000,7,28,0.754545455,464
262365,Antonio Puertas,Attack,Right Winger,Spain,21/2/92,8/10/20,7500000,11,28,0.754545455,304
388382,Assan Ceesay,Attack,Centre-Forward,The Gambia,17/3/94,11/11/22,3000000,11,28,0.754545455,435
175169,Bernard,Attack,Left Winger,Brazil,8/9/92,13/10/20,15000000,9,28,0.754545455,217
171209,Branimir Hrgota,Attack,Centre-Forward,Sweden,12/1/93,8/2/21,2000000,7,28,0.754545455,488
246963,Carlton Morris,Attack,Centre-Forward,England,16/12/95,19/12/23,13000000,10,28,0.754545455,231
85000,Cebio Soukou,Attack,Right Winger,Benin,2/10/92,26/11/20,1000000,12,28,0.754545455,573
131275,Choco Lozano,Attack,Centre-Forward,Honduras,25/4/93,30/12/21,4000000,13,28,0.754545455,399
108725,Chris Wood,Attack,Centre-Forward,New Zealand,7/12/91,13/10/20,12000000,13,28,0.754545455,243
134294,Danny Ings,Attack,Centre-Forward,England,23/7/92,18/3/21,22000000,12,28,0.754545455,163
159883,Ernesto Torregrossa,Attack,Centre-Forward,Venezuela,28/6/92,10/2/21,6000000,9,28,0.754545455,342
89591,Felix Klaus,Attack,Right Winger,Germany,13/9/92,16/9/20,2000000,8,28,0.754545455,488
162652,Filip Malbasic,Attack,Right Winger,Serbia,18/11/92,10/6/21,1200000,8,28,0.754545455,555
329517,Georgios Masouras,Attack,Left Winger,Greece,1/1/94,22/2/22,10000000,13,28,0.754545455,265
129476,Gerard Deulofeu,Attack,Centre-Forward,Spain,13/3/94,11/11/22,16000000,11,28,0.754545455,202
146752,Gianluca Caprari,Attack,Second Striker,Italy,30/7/93,15/3/22,10000000,10,28,0.754545455,265
344888,Habib Diallo,Attack,Centre-Forward,Senegal,18/6/95,27/6/23,18000000,8,28,0.754545455,186
292246,Hee-chan Hwang,Attack,Centre-Forward,"Korea, South",26/1/96,14/3/24,25000000,15,28,0.754545455,149
91845,Heung-min Son,Attack,Left Winger,"Korea, South",8/7/92,17/12/20,90000000,14,28,0.754545455,23
364232,Ibrahima Wadji,Attack,Centre-Forward,Senegal,5/5/95,16/6/23,1200000,11,28,0.754545455,555
111057,Idriss Saadi,Attack,Centre-Forward,Algeria,8/2/92,15/10/20,1000000,6,28,0.754545455,573
131480,Il-lok Yun,Attack,Left Winger,"Korea, South",7/3/92,7/1/21,1000000,7,28,0.754545455,573
111039,Ishak Belfodil,Attack,Centre-Forward,Algeria,12/1/92,16/9/20,7500000,8,28,0.754545455,304
362086,Isi Palazón,Attack,Second Striker,Spain,27/12/94,13/6/23,12000000,15,28,0.754545455,243
221311,Iván Sánchez,Attack,Right Winger,Spain,23/9/92,10/3/21,1200000,12,28,0.754545455,555
185245,Jhon Córdoba,Attack,Centre-Forward,Colombia,11/5/93,15/9/21,17000000,16,28,0.754545455,194
129129,João Pedro,Attack,Centre-Forward,Italy,9/3/92,29/12/20,18000000,8,28,0.754545455,186
173491,Joel Pohjanpalo,Attack,Centre-Forward,Finland,13/9/94,20/3/23,3500000,10,28,0.754545455,415
98596,John Guidetti,Attack,Centre-Forward,Sweden,15/4/92,8/10/20,1200000,8,28,0.754545455,555
108354,Jordan Ayew,Attack,Centre-Forward,Ghana,11/9/91,30/7/20,10000000,12,28,0.754545455,265
147094,José Izquierdo,Attack,Left Winger,Colombia,7/7/92,13/10/20,6500000,9,28,0.754545455,326
364603,José Manuel Arnáiz,Attack,Left Winger,Spain,15/4/95,14/6/23,3200000,13,28,0.754545455,420
91059,Joshua King,Attack,Centre-Forward,Norway,15/1/92,15/10/20,13000000,16,28,0.754545455,231
119234,Karim Onisiwo,Attack,Centre-Forward,Austria,17/3/92,10/2/21,3500000,11,28,0.754545455,415
315110,Karl Toko Ekambi,Attack,Centre-Forward,Cameroon,14/9/92,7/1/21,15000000,9,28,0.754545455,217
131951,Kevin Lasagna,Attack,Centre-Forward,Italy,10/8/92,25/8/20,8000000,13,28,0.754545455,294
275590,Kieffer Moore,Attack,Centre-Forward,Wales,8/8/92,25/5/21,5000000,11,28,0.754545455,365
489463,Kyogo Furuhashi,Attack,Centre-Forward,Japan,20/1/95,5/12/23,15000000,13,28,0.754545455,217
140436,Lei Wu,Attack,Right Winger,China,19/11/91,8/10/20,7000000,9,28,0.754545455,317
221899,Léo Baptistão,Attack,Centre-Forward,Brazil,26/8/92,26/12/20,2000000,9,28,0.754545455,488
126552,Loïs Diony,Attack,Centre-Forward,France,20/12/92,7/1/21,2500000,9,28,0.754545455,464
461790,Louis Mafouta,Attack,Centre-Forward,Central African Republic,2/7/94,6/4/23,1000000,9,28,0.754545455,573
193782,Lucas Alario,Attack,Centre-Forward,Argentina,8/10/92,26/11/20,20000000,13,28,0.754545455,173
77100,Lucas Moura,Attack,Right Winger,Brazil,13/8/92,13/10/20,25000000,10,28,0.754545455,149
283994,Ludovic Ajorque,Attack,Centre-Forward,France,25/2/94,30/5/22,16000000,13,28,0.754545455,202
188436,Luigi Canotto,Attack,Right Winger,Italy,19/5/94,22/12/22,1300000,9,28,0.754545455,546
112343,Manolo Gabbiadini,Attack,Centre-Forward,Italy,26/11/91,25/8/20,10000000,9,28,0.754545455,265
112935,Mark Uth,Attack,Centre-Forward,Germany,24/8/91,8/7/20,7500000,10,28,0.754545455,304
101500,Matej Vydra,Attack,Centre-Forward,Czech Republic,1/5/92,13/10/20,4000000,8,28,0.754545455,399
283497,Mathias Honsak,Attack,Left Winger,Austria,20/12/96,5/6/25,2000000,12,28,0.754545455,488
271966,Mbaye Diagne,Attack,Centre-Forward,Senegal,28/10/91,4/8/20,3200000,12,28,0.754545455,420
120205,Michael Gregoritsch,Attack,Centre-Forward,Austria,18/4/94,9/11/22,8000000,15,28,0.754545455,294
119150,Mislav Orsic,Attack,Left Winger,Croatia,29/12/92,28/5/21,12000000,15,28,0.754545455,243
148455,Mohamed Salah,Attack,Right Winger,Egypt,15/6/92,13/10/20,120000000,12,28,0.754545455,10
274862,Moses Simon,Attack,Left Winger,Nigeria,12/7/95,19/3/24,12000000,14,28,0.754545455,243
145866,Munas Dabbur,Attack,Centre-Forward,Israel,14/5/92,10/2/21,7000000,7,28,0.754545455,317
315289,Myrto Uzuni,Attack,Left Winger,Albania,31/5/95,21/3/24,10000000,13,28,0.754545455,265
82048,Nicola Sansone,Attack,Left Winger,Italy,10/9/91,25/8/20,6000000,12,28,0.754545455,342
324358,Ollie Watkins,Attack,Centre-Forward,England,30/12/95,14/3/24,65000000,14,28,0.754545455,46
288230,Ousmane Dembélé,Attack,Centre-Forward,France,15/5/97,3/6/25,90000000,13,28,0.754545455,23
99353,Portu,Attack,Right Winger,Spain,21/5/92,5/1/21,20000000,14,28,0.754545455,173
193130,Rachid Alioui,Attack,Centre-Forward,Morocco,18/6/92,15/10/20,4000000,8,28,0.754545455,399
194638,Renato Steffen,Attack,Right Winger,Switzerland,3/11/91,16/9/20,4500000,9,28,0.754545455,384
168471,Renaud Emond,Attack,Centre-Forward,Belgium,5/12/91,15/10/20,3500000,10,28,0.754545455,415
234802,Renaud Ripart,Attack,Right Winger,,14/3/93,4/6/21,5000000,9,28,0.754545455,365
163489,Riccardo Improta,Attack,Left Winger,Italy,19/12/93,6/6/22,1700000,7,28,0.754545455,509
368482,Riccardo Orsolini,Attack,Right Winger,Italy,24/1/97,17/6/25,25000000,15,28,0.754545455,149
159337,Roberto Inglese,Attack,Centre-Forward,Italy,12/11/91,25/8/20,12000000,7,28,0.754545455,243
353399,Romain Del Castillo,Attack,Right Winger,France,29/3/96,3/6/24,10000000,12,28,0.754545455,265
96341,Romelu Lukaku,Attack,Centre-Forward,Belgium,13/5/93,26/5/21,100000000,15,28,0.754545455,18
200512,Sadio Mané,Attack,Left Winger,Senegal,10/4/92,13/10/20,120000000,9,28,0.754545455,10
147573,Sebastian Andersson,Attack,Centre-Forward,Sweden,15/7/91,8/7/20,7000000,8,28,0.754545455,317
188888,Sheraldo Becker,Attack,Left Winger,Suriname,9/2/95,22/6/23,17000000,12,28,0.754545455,194
312819,Silvere Ganvoula,Attack,Centre-Forward,Congo,29/6/96,27/9/24,2000000,13,28,0.754545455,488
307183,Sirlord Conteh,Attack,Right Winger,Germany,9/7/96,9/10/24,1500000,17,28,0.754545455,525
209212,Solly March,Attack,Right Winger,England,20/7/94,20/6/23,22000000,15,28,0.754545455,163
170953,Stéphane Bahoken,Attack,Centre-Forward,Cameroon,28/5/92,7/1/21,7000000,13,28,0.754545455,317
93827,Steven Skrzybski,Attack,Centre-Forward,Germany,18/11/92,10/2/21,1500000,8,28,0.754545455,525
245744,Takuma Asano,Attack,Right Winger,Japan,10/11/94,23/12/22,4000000,11,28,0.754545455,399
234189,Trezeguet,Attack,Left Winger,Egypt,1/10/94,8/6/23,11000000,16,28,0.754545455,252
185077,Vincenzo Grifo,Attack,Left Winger,Italy,7/4/93,25/5/21,12000000,11,28,0.754545455,243
182916,Wesley Saïd,Attack,Second Striker,France,19/4/95,19/3/24,4000000,11,28,0.754545455,399
122155,Willian José,Attack,Centre-Forward,Brazil,23/11/91,8/10/20,24000000,14,28,0.754545455,153
230541,Yoshinori Muto,Attack,Centre-Forward,Japan,15/7/92,8/10/20,3000000,7,28,0.754545455,435
232895,Zinedine Ferhat,Attack,Right Winger,Algeria,1/3/93,9/4/21,8000000,11,28,0.754545455,294
148396,Abdoulay Diaby,Attack,Right Winger,Mali,21/5/91,4/8/20,4000000,14,29,0.824242424,400
66058,Admir Mehmedi,Attack,Second Striker,Switzerland,16/3/91,16/9/20,6000000,10,29,0.824242424,343
89086,Aleksandr Kokorin,Attack,Second Striker,Russia,19/3/91,29/7/20,6000000,11,29,0.824242424,343
311333,Alessandro Gabrielloni,Attack,Centre-Forward,Italy,10/7/94,3/6/24,1000000,12,29,0.824242424,574
93720,Alexandre Lacazette,Attack,Centre-Forward,France,28/5/91,13/10/20,42000000,14,29,0.824242424,85
257062,Álvaro García,Attack,Left Winger,Spain,27/10/92,3/6/22,6000000,12,29,0.824242424,343
57935,Álvaro Giménez,Attack,Centre-Forward,Spain,19/5/91,8/10/20,2500000,10,29,0.824242424,465
46580,Andrej Kramaric,Attack,Second Striker,Croatia,19/6/91,26/11/20,32000000,13,29,0.824242424,115
61842,Andros Townsend,Attack,Right Winger,England,16/7/91,30/7/20,9500000,15,29,0.824242424,272
122797,Andy Delort,Attack,Centre-Forward,Algeria,9/10/91,9/4/21,16000000,15,29,0.824242424,203
46413,Ante Budimir,Attack,Centre-Forward,Croatia,22/7/91,23/7/20,15000000,14,29,0.824242424,218
125781,Antoine Griezmann,Attack,Second Striker,France,21/3/91,8/10/20,80000000,12,29,0.824242424,32
278359,Borja Iglesias,Attack,Centre-Forward,Spain,17/1/93,7/11/22,25000000,14,29,0.824242424,150
123682,Callum Wilson,Attack,Centre-Forward,England,27/2/92,18/3/21,25000000,12,29,0.824242424,150
127048,Cédric Bakambu,Attack,Centre-Forward,DR Congo,11/4/91,26/12/20,15000000,12,29,0.824242424,218
45671,Cenk Tosun,Attack,Centre-Forward,Türkiye,7/6/91,13/10/20,9000000,14,29,0.824242424,282
50201,Christian Benteke,Attack,Centre-Forward,Belgium,3/12/90,13/10/20,9000000,8,29,0.824242424,282
289182,Christopher Antwi-Adjei,Attack,Left Winger,Ghana,7/2/94,22/6/23,2200000,10,29,0.824242424,476
141834,Cristian Tello,Attack,Left Winger,Spain,11/8/91,23/11/20,7500000,8,29,0.824242424,305
413262,Dani Raba,Attack,Second Striker,Spain,29/10/95,9/6/25,2500000,12,29,0.824242424,465
79501,Daniel Ginczek,Attack,Centre-Forward,Germany,13/4/91,16/9/20,7000000,8,29,0.824242424,318
41541,Danny Blum,Attack,Left Winger,Germany,7/1/91,10/9/20,1000000,10,29,0.824242424,574
98322,Denis Cheryshev,Attack,Left Winger,Russia,26/12/90,8/10/20,4000000,8,29,0.824242424,400
243541,Deyverson,Attack,Centre-Forward,Brazil,8/5/91,5/1/21,3500000,9,29,0.824242424,416
119115,Diego Falcinelli,Attack,Centre-Forward,Italy,26/6/91,22/12/20,2200000,7,29,0.824242424,476
164265,Dong-won Ji,Attack,Centre-Forward,"Korea, South",28/5/91,16/9/20,1000000,7,29,0.824242424,574
75615,Douglas Costa,Attack,Right Winger,Brazil,14/9/90,25/8/20,20000000,8,29,0.824242424,174
73794,Duván Zapata,Attack,Centre-Forward,Colombia,1/4/91,25/8/20,40000000,11,29,0.824242424,96
50202,Eden Hazard,Attack,Left Winger,Belgium,7/1/91,8/10/20,60000000,11,29,0.824242424,54
149579,Elbasan Rashani,Attack,Left Winger,Kosovo,9/5/93,30/5/22,2500000,12,29,0.824242424,465
111078,Emil Forsberg,Attack,Left Winger,Sweden,23/10/91,26/11/20,20000000,10,29,0.824242424,174
111630,Erik Lamela,Attack,Right Winger,Argentina,4/3/92,13/10/21,20000000,16,29,0.824242424,174
93795,Facundo Ferreyra,Attack,Centre-Forward,Argentina,14/3/91,17/8/20,3200000,9,29,0.824242424,421
99180,Federico Santander,Attack,Centre-Forward,Paraguay,4/6/91,25/8/20,3500000,7,29,0.824242424,416
152963,Florian Niederlechner,Attack,Centre-Forward,Germany,24/10/90,8/7/20,10000000,8,29,0.824242424,266
177467,Gerard Moreno,Attack,Centre-Forward,Spain,7/4/92,31/5/21,40000000,14,29,0.824242424,96
163222,Grégoire Defrel,Attack,Centre-Forward,France,17/6/91,25/8/20,8000000,10,29,0.824242424,295
184672,Guido Carrillo,Attack,Centre-Forward,Argentina,25/5/91,8/10/20,3000000,9,29,0.824242424,436
109256,Haris Seferovic,Attack,Centre-Forward,,22/2/92,15/7/21,16000000,11,29,0.824242424,203
136181,Havard Nielsen,Attack,Centre-Forward,Norway,15/7/93,28/9/22,1500000,7,29,0.824242424,526
129990,Hyun-jun Suk,Attack,Centre-Forward,"Korea, South",29/6/91,11/11/20,1400000,5,29,0.824242424,540
54235,Iker Muniain,Attack,Left Winger,Spain,19/12/92,3/6/22,16000000,11,29,0.824242424,203
221151,Jodel Dossou,Attack,Right Winger,Benin,17/3/92,8/10/21,2000000,9,29,0.824242424,489
89231,Jóhann Berg Gudmundsson,Attack,Right Winger,Iceland,27/10/90,13/10/20,6500000,9,29,0.824242424,327
228761,Jony,Attack,Left Winger,Spain,9/7/91,25/8/20,6500000,10,29,0.824242424,327
176591,Jota Peleteiro,Attack,Right Winger,Spain,16/6/91,8/10/20,2500000,3,29,0.824242424,465
126737,Juanmi,Attack,Left Winger,Spain,20/5/93,3/6/22,15000000,14,29,0.824242424,218
184935,Kalifa Coulibaly,Attack,Centre-Forward,Mali,21/8/91,15/10/20,3200000,9,29,0.824242424,421
197126,Kenan Kodro,Attack,Centre-Forward,Bosnia-Herzegovina,19/8/93,11/10/22,2000000,14,29,0.824242424,489
100722,Lago Júnior,Attack,Left Winger,Cote d'Ivoire,31/12/90,8/10/20,2500000,7,29,0.824242424,465
144028,Leandro Trossard,Attack,Left Winger,Belgium,4/12/94,19/12/23,38000000,12,29,0.824242424,98
133964,Lorenzo Insigne,Attack,Left Winger,Italy,4/6/91,25/8/20,48000000,10,29,0.824242424,75
146805,Majeed Waris,Attack,Second Striker,Ghana,19/9/91,15/10/20,2500000,6,29,0.824242424,465
99232,Marco D'Alessandro,Attack,Right Winger,Italy,17/2/91,25/8/20,1800000,11,29,0.824242424,504
95732,Martin Braithwaite,Attack,Centre-Forward,Denmark,5/6/91,5/1/21,9000000,9,29,0.824242424,282
125103,Marvin Ducksch,Attack,Centre-Forward,Germany,7/3/94,14/12/23,9000000,15,29,0.824242424,282
126214,Mathew Leckie,Attack,Left Winger,Australia,4/2/91,16/9/20,1500000,7,29,0.824242424,526
77274,Matt Phillips,Attack,Right Winger,Scotland,13/3/91,13/10/20,5500000,8,29,0.824242424,351
307058,Mehdi Taremi,Attack,Centre-Forward,Iran,18/7/92,31/5/22,20000000,14,29,0.824242424,174
272999,Miguel Almirón,Attack,Right Winger,Paraguay,10/2/94,16/3/23,35000000,16,29,0.824242424,108
122116,Nicolas de Préville,Attack,Centre-Forward,France,8/1/91,15/10/20,5500000,10,29,0.824242424,351
306166,Nuno da Costa,Attack,Centre-Forward,Cape Verde,10/2/91,16/10/20,1600000,11,29,0.824242424,513
221309,Óscar Plano,Attack,Right Winger,Spain,11/2/91,8/10/20,3000000,8,29,0.824242424,436
32711,Patrick Herrmann,Attack,Right Winger,Germany,12/2/91,16/9/20,6500000,9,29,0.824242424,327
225593,Pere Milla,Attack,Left Winger,Spain,23/9/92,21/3/22,3000000,13,29,0.824242424,436
206040,Raúl Jiménez,Attack,Centre-Forward,Mexico,5/5/91,13/10/20,40000000,13,29,0.824242424,96
171424,Riyad Mahrez,Attack,Right Winger,Algeria,21/2/91,13/10/20,48000000,8,29,0.824242424,75
131789,Roberto Firmino,Attack,Centre-Forward,Brazil,2/10/91,13/10/20,72000000,10,29,0.824242424,37
131505,Rodrigo,Attack,Centre-Forward,Spain,6/3/91,13/10/20,30000000,9,29,0.824242424,127
67548,Rubén Rochina,Attack,Right Winger,Spain,23/3/91,8/10/20,3500000,8,29,0.824242424,416
246204,Salvi Sánchez,Attack,Right Winger,Spain,30/3/91,5/1/21,2800000,12,29,0.824242424,447
256429,Sergi Guardiola,Attack,Centre-Forward,Spain,29/5/91,8/10/20,5000000,11,29,0.824242424,366
270541,Serhou Guirassy,Attack,Centre-Forward,Guinea,12/3/96,5/6/25,45000000,14,29,0.824242424,81
79967,Simon Zoller,Attack,Centre-Forward,Germany,26/6/91,16/6/21,1800000,13,29,0.824242424,504
96828,Simone Zaza,Attack,Centre-Forward,Italy,25/6/91,25/8/20,6500000,8,29,0.824242424,327
194549,Simy,Attack,Centre-Forward,Nigeria,7/5/92,3/6/21,8000000,12,29,0.824242424,295
68033,Steven Zuber,Attack,Left Winger,Switzerland,17/8/91,15/7/21,3500000,13,29,0.824242424,416
165793,Takumi Minamino,Attack,Left Winger,Japan,16/1/95,3/6/24,20000000,15,29,0.824242424,174
193033,Tim Kleindienst,Attack,Centre-Forward,Germany,31/8/95,27/3/25,17000000,16,29,0.824242424,195
103565,Wahbi Khazri,Attack,Left Winger,Tunisia,8/2/91,15/10/20,6000000,13,29,0.824242424,343
99559,Alberto Perea,Attack,Left Winger,Spain,19/12/90,10/6/21,1200000,11,30,0.884848485,556
45403,André Ayew,Attack,Centre-Forward,Ghana,17/12/89,15/10/20,4000000,14,30,0.884848485,401
42783,André Hahn,Attack,Right Winger,Germany,13/8/90,9/6/21,2500000,9,30,0.884848485,466
134983,Andrea La Mantia,Attack,Centre-Forward,Italy,6/5/91,24/6/21,2000000,7,30,0.884848485,490
69015,Andriy Yarmolenko,Attack,Right Winger,Ukraine,23/10/89,13/10/20,7500000,11,30,0.884848485,306
142281,Anthony Ujah,Attack,Centre-Forward,Nigeria,14/10/90,10/2/21,1000000,6,30,0.884848485,575
63200,Ashley Barnes,Attack,Centre-Forward,England,30/10/89,13/10/20,6500000,7,30,0.884848485,328
153427,Bebé,Attack,Left Winger,Cape Verde,12/7/90,23/7/20,1000000,12,30,0.884848485,575
76274,Christian Gytkjaer,Attack,Centre-Forward,Denmark,6/5/90,29/10/20,3000000,8,30,0.884848485,437
105521,Ciro Immobile,Attack,Centre-Forward,Italy,20/2/90,25/8/20,45000000,15,30,0.884848485,82
92693,Darío Benedetto,Attack,Centre-Forward,Argentina,17/5/90,15/10/20,12000000,12,30,0.884848485,244
83877,Diego Farias,Attack,Left Winger,Brazil,10/5/90,25/8/20,3500000,8,30,0.884848485,417
196522,Dwight Gayle,Attack,Centre-Forward,England,17/10/89,13/10/20,8000000,10,30,0.884848485,296
157036,Dyego Sousa,Attack,Centre-Forward,Portugal,14/9/89,17/8/20,3000000,13,30,0.884848485,437
44948,Fernando Forestieri,Attack,Second Striker,Italy,15/1/90,29/12/20,1000000,7,30,0.884848485,575
138803,Francisco Portillo,Attack,Right Winger,Spain,13/6/90,8/10/20,2000000,9,30,0.884848485,490
130394,Gianluca Lapadula,Attack,Centre-Forward,Peru,7/2/90,25/8/20,5000000,14,30,0.884848485,367
203123,Haris Tabakovic,Attack,Centre-Forward,Bosnia-Herzegovina,20/6/94,9/10/24,3000000,14,30,0.884848485,437
59340,Iago Falque,Attack,Right Winger,Spain,4/1/90,25/8/20,6000000,10,30,0.884848485,344
127837,Ibai Gómez,Attack,Left Winger,Spain,11/11/89,8/10/20,2500000,5,30,0.884848485,466
54581,Ilija Nestorovski,Attack,Centre-Forward,North Macedonia,12/3/90,25/8/20,2800000,7,30,0.884848485,448
199527,Jacob Murphy,Attack,Right Winger,England,24/2/95,18/3/25,16000000,14,30,0.884848485,204
449151,Junior Messias,Attack,Right Winger,Brazil,13/5/91,28/12/21,6500000,11,30,0.884848485,328
348791,Junya Ito,Attack,Right Winger,Japan,9/3/93,27/3/23,10000000,13,30,0.884848485,267
61087,Karim Bellarabi,Attack,Right Winger,Germany,8/4/90,10/2/21,7000000,7,30,0.884848485,319
234006,Keagan Dolly,Attack,Left Winger,South Africa,22/1/93,3/2/23,1500000,6,30,0.884848485,527
119228,Luis Muriel,Attack,Centre-Forward,Colombia,16/4/91,3/6/21,30000000,12,30,0.884848485,128
278837,Luis Rioja,Attack,Right Winger,Spain,16/10/93,21/3/24,4000000,12,30,0.884848485,401
72522,Luuk de Jong,Attack,Centre-Forward,Netherlands,27/8/90,8/10/20,12000000,12,30,0.884848485,244
45146,Mario Balotelli,Attack,Centre-Forward,Italy,12/8/90,25/8/20,3000000,13,30,0.884848485,437
88683,Mattia Destro,Attack,Centre-Forward,Italy,20/3/91,28/12/21,4000000,11,30,0.884848485,401
104124,Michail Antonio,Attack,Centre-Forward,Jamaica,28/3/90,13/10/20,12000000,12,30,0.884848485,244
111422,Neeskens Kebano,Attack,Left Winger,DR Congo,10/3/92,15/9/22,4000000,10,30,0.884848485,401
119037,Philipp Hofmann,Attack,Centre-Forward,Germany,30/3/93,22/6/23,2800000,13,30,0.884848485,448
212391,Roger Martí,Attack,Centre-Forward,Spain,3/1/91,19/3/21,10000000,14,30,0.884848485,267
85383,Rubén Sobrino,Attack,Centre-Forward,Spain,1/6/92,3/6/22,2000000,10,30,0.884848485,490
81988,Sergi Enrich,Attack,Centre-Forward,Spain,26/2/90,8/10/20,2500000,7,30,0.884848485,466
46104,Stevan Jovetić,Attack,Second Striker,Montenegro,2/11/89,12/10/20,6500000,11,30,0.884848485,328
46972,Teemu Pukki,Attack,Centre-Forward,Finland,29/3/90,10/3/21,7000000,9,30,0.884848485,319
60540,Valère Germain,Attack,Centre-Forward,France,17/4/90,15/10/20,4000000,7,30,0.884848485,401
67082,Vitolo,Attack,Left Winger,Spain,2/11/89,8/10/20,10000000,10,30,0.884848485,267
146854,Wissam Ben Yedder,Attack,Centre-Forward,France,12/8/90,12/10/20,40000000,10,30,0.884848485,97
175014,Youcef Belaïli,Attack,Left Winger,Algeria,14/3/92,30/5/22,2000000,7,30,0.884848485,490
108650,Yuya Osako,Attack,Centre-Forward,Japan,18/5/90,16/9/20,3000000,7,30,0.884848485,437
88490,Aleix Vidal,Attack,Right Winger,Spain,21/8/89,8/10/20,3000000,8,31,0.918181818,438
40433,Alexis Sánchez,Attack,Second Striker,Chile,19/12/88,25/8/20,16000000,12,31,0.918181818,205
90024,Alfred Finnbogason,Attack,Centre-Forward,Iceland,1/2/89,16/9/20,4000000,11,31,0.918181818,402
48066,Andy Carroll,Attack,Centre-Forward,England,6/1/89,13/10/20,3200000,8,31,0.918181818,422
56331,Bas Dost,Attack,Centre-Forward,Netherlands,31/5/89,16/9/20,5500000,11,31,0.918181818,352
187097,Budu Zivzivadze,Attack,Centre-Forward,Georgia,10/3/94,27/3/25,2500000,14,31,0.918181818,467
129627,Charlie Austin,Attack,Centre-Forward,England,5/7/89,13/10/20,3200000,7,31,0.918181818,422
67063,Danny Welbeck,Attack,Centre-Forward,England,26/11/90,3/11/22,8000000,11,31,0.918181818,297
133794,Edgar Méndez,Attack,Right Winger,Spain,2/1/90,10/6/21,2200000,10,31,0.918181818,477
37834,Felipe Caicedo,Attack,Centre-Forward,Ecuador,5/9/88,25/8/20,5000000,8,31,0.918181818,368
149231,Fidel,Attack,Left Winger,Spain,27/10/89,19/3/21,2000000,8,31,0.918181818,491
93678,Gaëtan Charbonnier,Attack,Centre-Forward,France,27/12/88,15/10/20,2500000,8,31,0.918181818,467
39381,Gareth Bale,Attack,Right Winger,Wales,16/7/89,23/7/20,28000000,11,31,0.918181818,136
65976,Hal Robson-Kanu,Attack,Centre-Forward,Wales,21/5/89,13/10/20,2400000,3,31,0.918181818,472
42460,Ivan Perišić,Attack,Left Winger,Croatia,2/2/89,16/9/20,15000000,12,31,0.918181818,219
227961,Jaime Mata,Attack,Centre-Forward,Spain,24/10/88,8/10/20,6000000,10,31,0.918181818,345
53360,Jay Rodríguez,Attack,Centre-Forward,England,29/7/89,30/7/20,6000000,10,31,0.918181818,345
277533,Josan,Attack,Right Winger,Spain,3/12/89,19/3/21,1000000,8,31,0.918181818,576
81999,Joselu,Attack,Centre-Forward,Spain,27/3/90,10/6/21,8000000,10,31,0.918181818,297
87672,Junior Stanislas,Attack,Left Winger,England,26/11/89,10/3/21,1800000,7,31,0.918181818,505
93936,Kike García,Attack,Centre-Forward,Spain,25/11/89,10/6/21,2800000,10,31,0.918181818,449
64793,Leonardo Pavoletti,Attack,Centre-Forward,Italy,26/11/88,25/8/20,4800000,11,31,0.918181818,373
41384,Marko Arnautovic,Attack,Centre-Forward,Austria,19/4/89,26/12/20,10000000,13,31,0.918181818,268
75489,Niclas Füllkrug,Attack,Centre-Forward,Germany,9/2/93,27/3/24,15000000,18,31,0.918181818,219
42936,Nils Petersen,Attack,Centre-Forward,Germany,6/12/88,16/9/20,5000000,7,31,0.918181818,368
62121,Odion Ighalo,Attack,Centre-Forward,Nigeria,16/6/89,13/10/20,5200000,7,31,0.918181818,354
56067,Pablo Piatti,Attack,Left Winger,Argentina,31/3/89,26/8/20,2400000,7,31,0.918181818,472
58864,Pierre-Emerick Aubameyang,Attack,Centre-Forward,Gabon,18/6/89,13/10/20,50000000,11,31,0.918181818,73
80197,Salomón Rondón,Attack,Centre-Forward,Venezuela,16/9/89,26/12/20,6500000,8,31,0.918181818,329
45389,Samuel Di Carmine,Attack,Centre-Forward,Italy,29/9/88,25/8/20,1500000,7,31,0.918181818,528
60957,Sebastian Polter,Attack,Centre-Forward,Germany,1/4/91,9/6/22,2200000,10,31,0.918181818,477
145769,Sergio León,Attack,Centre-Forward,Spain,6/1/89,8/10/20,2000000,7,31,0.918181818,491
186988,Sven Michel,Attack,Left Winger,Germany,15/7/90,24/3/22,1200000,10,31,0.918181818,557
33713,Theo Walcott,Attack,Right Winger,England,16/3/89,13/10/20,10000000,7,31,0.918181818,268
186399,Thiago Galhardo,Attack,Centre-Forward,Brazil,20/7/89,9/9/20,2500000,9,31,0.918181818,467
58358,Thomas Müller,Attack,Second Striker,Germany,13/9/89,16/9/20,35000000,12,31,0.918181818,109
39106,Ádám Szalai,Attack,Centre-Forward,Hungary,9/12/87,16/9/20,1000000,10,32,0.945454545,577
45383,Adrián López,Attack,Centre-Forward,Spain,8/1/88,8/10/20,1200000,6,32,0.945454545,558
45320,Ángel Di María,Attack,Right Winger,Argentina,14/2/88,15/10/20,32000000,13,32,0.945454545,116
38410,Daniel Caligiuri,Attack,Right Winger,Italy,15/1/88,16/9/20,3000000,8,32,0.945454545,439
71918,David Ferreiro,Attack,Right Winger,Spain,1/4/88,8/10/20,1000000,8,32,0.945454545,577
35416,David McGoldrick,Attack,Centre-Forward,Ireland,29/11/87,30/7/20,2000000,8,32,0.945454545,492
44779,Diego Costa,Attack,Centre-Forward,Spain,7/10/88,8/10/20,10000000,6,32,0.945454545,269
54984,Diego Perotti,Attack,Left Winger,Argentina,26/7/88,25/8/20,4000000,8,32,0.945454545,403
78147,Fabian Klos,Attack,Centre-Forward,Germany,2/12/87,15/7/20,1000000,8,32,0.945454545,577
354726,Florian Sotoca,Attack,Centre-Forward,France,25/10/90,2/11/22,4000000,13,32,0.945454545,403
174915,Islam Slimani,Attack,Centre-Forward,Algeria,18/6/88,13/10/20,6500000,13,32,0.945454545,330
37920,Kamil Grosicki,Attack,Left Winger,Poland,8/6/88,13/10/20,2400000,10,32,0.945454545,473
117432,Kevin Behrens,Attack,Centre-Forward,Germany,3/2/91,18/10/23,4000000,15,32,0.945454545,403
44045,Kévin Monnet-Paquet,Attack,Left Winger,France,19/8/88,15/10/20,1200000,6,32,0.945454545,558
73185,Lucas Pérez,Attack,Centre-Forward,Spain,10/9/88,8/10/20,7500000,13,32,0.945454545,307
36182,Max Kruse,Attack,Second Striker,Germany,19/3/88,16/9/20,6500000,9,32,0.945454545,330
67556,Milan Djuric,Attack,Centre-Forward,Bosnia-Herzegovina,22/5/90,7/6/22,1500000,13,32,0.945454545,529
36371,Nikola Kalinic,Attack,Centre-Forward,Croatia,5/1/88,25/8/20,5500000,7,32,0.945454545,353
81460,Nolan Roux,Attack,Centre-Forward,France,1/3/88,15/10/20,1200000,6,32,0.945454545,558
20005,Papu Gómez,Attack,Left Winger,Argentina,15/2/88,25/8/20,15000000,9,32,0.945454545,220
38253,Robert Lewandowski,Attack,Centre-Forward,Poland,21/8/88,16/9/20,60000000,11,32,0.945454545,55
26399,Sergio Agüero,Attack,Centre-Forward,Argentina,2/6/88,13/10/20,42000000,5,32,0.945454545,86
36284,Simon Terodde,Attack,Centre-Forward,Germany,2/3/88,10/9/20,1200000,7,32,0.945454545,558
35249,Stefano Okaka,Attack,Centre-Forward,Italy,9/8/89,4/1/22,3100000,12,32,0.945454545,423
98249,Takashi Inui,Attack,Left Winger,Japan,2/6/88,8/10/20,2400000,7,32,0.945454545,473
52769,Willian,Attack,Left Winger,Brazil,9/8/88,13/10/20,19000000,14,32,0.945454545,176
14221,Aaron Lennon,Attack,Right Winger,England,16/4/87,12/10/20,1800000,7,33,0.965151515,506
51510,Ángel Rodríguez,Attack,Centre-Forward,Spain,26/4/87,8/10/20,4000000,9,33,0.965151515,404
59323,Cristhian Stuani,Attack,Centre-Forward,Uruguay,12/10/86,8/10/20,3000000,12,33,0.965151515,440
56416,Dries Mertens,Attack,Second Striker,Belgium,6/5/87,25/8/20,18000000,14,33,0.965151515,187
48280,Edinson Cavani,Attack,Centre-Forward,Uruguay,14/2/87,13/10/20,12000000,9,33,0.965151515,245
45660,Eric-Maxim Choupo-Moting,Attack,Centre-Forward,Cameroon,23/3/89,9/11/22,6000000,8,33,0.965151515,346
84765,Francesco Caputo,Attack,Centre-Forward,Italy,6/8/87,25/8/20,7500000,10,33,0.965151515,308
33481,Gervinho,Attack,Left Winger,Cote d'Ivoire,27/5/87,25/8/20,5000000,10,33,0.965151515,369
72047,Iago Aspas,Attack,Centre-Forward,Spain,1/8/87,8/10/20,10000000,13,33,0.965151515,270
197838,Jamie Vardy,Attack,Centre-Forward,England,11/1/87,13/10/20,16000000,8,33,0.965151515,206
61253,José Callejón,Attack,Right Winger,Spain,11/2/87,25/8/20,7500000,11,33,0.965151515,308
252677,José Luis Morales,Attack,Centre-Forward,Spain,23/7/87,19/3/21,6000000,13,33,0.965151515,346
27389,Kévin Gameiro,Attack,Centre-Forward,France,9/5/87,8/10/20,5000000,11,33,0.965151515,369
28003,Lionel Messi,Attack,Right Winger,Argentina,24/6/87,8/10/20,100000000,9,33,0.965151515,19
44352,Luis Suárez,Attack,Centre-Forward,Uruguay,24/1/87,8/10/20,18000000,8,33,0.965151515,187
33706,Nani,Attack,Left Winger,Portugal,17/11/86,26/8/20,3000000,11,33,0.965151515,440
70934,Nolito,Attack,Left Winger,Spain,15/10/86,8/10/20,1500000,9,33,0.965151515,530
65278,Pedro,Attack,Right Winger,Spain,28/7/87,13/10/20,7500000,11,33,0.965151515,308
51587,Pedro León,Attack,Right Winger,Spain,24/11/86,8/10/20,1000000,7,33,0.965151515,578
22614,Robert Snodgrass,Attack,Right Winger,Scotland,7/9/87,13/10/20,4000000,9,33,0.965151515,404
98349,Romain Hamouma,Attack,Centre-Forward,France,29/3/87,15/10/20,2500000,6,33,0.965151515,468
52312,Sebastian Giovinco,Attack,Second Striker,Italy,26/1/87,11/9/20,4000000,6,33,0.965151515,404
37304,Shane Long,Attack,Centre-Forward,Ireland,22/1/87,13/10/20,2800000,7,33,0.965151515,450
50512,Anthony Modeste,Attack,Centre-Forward,France,14/4/88,21/9/22,4000000,11,34,0.982575758,405
49542,Billy Sharp,Attack,Centre-Forward,England,5/2/86,13/10/20,1000000,9,34,0.982575758,579
119235,Carlos Bacca,Attack,Centre-Forward,Colombia,8/9/86,8/10/20,2000000,9,34,0.982575758,493
28396,Edin Dzeko,Attack,Centre-Forward,Bosnia-Herzegovina,17/3/86,25/8/20,10000000,12,34,0.982575758,271
114060,Enric Gallego,Attack,Centre-Forward,Spain,12/9/86,8/10/20,2000000,8,34,0.982575758,493
60890,Fabián Orellana,Attack,Right Winger,Chile,27/1/86,8/10/20,1500000,9,34,0.982575758,531
18922,Karim Benzema,Attack,Centre-Forward,France,19/12/87,7/11/22,35000000,8,34,0.982575758,110
34572,Mario Mandzukic,Attack,Centre-Forward,Croatia,21/5/86,10/11/20,2500000,3,34,0.982575758,469
82442,Olivier Giroud,Attack,Centre-Forward,France,30/9/86,13/10/20,5000000,9,34,0.982575758,370
39152,Radamel Falcao,Attack,Centre-Forward,Colombia,10/2/86,4/8/20,4200000,12,34,0.982575758,388
34601,Raúl García,Attack,Centre-Forward,Spain,11/7/86,8/10/20,5000000,9,34,0.982575758,370
68718,Yoann Touzghar,Attack,Centre-Forward,Tunisia,28/11/86,8/10/21,1500000,9,34,0.982575758,531
34987,Burak Yilmaz,Attack,Centre-Forward,,15/7/85,25/5/21,2800000,9,35,0.991666667,451
8198,Cristiano Ronaldo,Attack,Centre-Forward,Portugal,5/2/85,25/8/20,60000000,9,35,0.991666667,56
35564,Fernando Llorente,Attack,Centre-Forward,Spain,26/2/85,25/8/20,3000000,7,35,0.991666667,441
18909,Jimmy Briand,Attack,Centre-Forward,France,2/8/85,15/10/20,1500000,4,35,0.991666667,532
34870,Roberto Soldado,Attack,Centre-Forward,Spain,27/5/85,5/1/21,1200000,9,35,0.991666667,559
18644,Álvaro Negredo,Attack,Centre-Forward,Spain,20/8/85,3/6/22,1500000,10,36,0.995454545,533
21175,Vedad Ibisevic,Attack,Centre-Forward,Bosnia-Herzegovina,6/8/84,16/9/20,1000000,3,36,0.995454545,580
22328,Fabio Quagliarella,Attack,Centre-Forward,,31/1/83,25/8/20,1600000,7,37,0.996969697,514
22068,Franck Ribéry,Attack,Left Winger,France,7/4/83,25/8/20,3000000,6,37,0.996969697,442
57825,Jorge Molina,Attack,Centre-Forward,Spain,22/4/82,8/10/20,1500000,9,38,0.998484848,534
7663,Joaquín,Attack,Right Winger,Spain,21/7/81,8/10/20,1500000,7,39,0.999242424,535
3455,Zlatan Ibrahimović,Attack,Centre-Forward,Sweden,3/10/81,29/12/20,5000000,7,39,0.999242424,371
1058354,Matteo Palma,Defender,Centre-Back,Germany,13/3/08,23/6/24,1000000,3,16,0,535
937955,Héctor Fort,Defender,Right-Back,Spain,2/8/06,7/6/24,10000000,5,17,0.000661376,227
796429,Justin Che,Defender,Right-Back,United States,18/11/03,9/7/21,3000000,12,17,0.000661376,396
743589,Kaiky,Defender,Centre-Back,Brazil,12/1/04,17/12/21,8000000,8,17,0.000661376,259
962110,Pau Cubarsí,Defender,Centre-Back,Spain,22/1/07,7/6/24,30000000,4,17,0.000661376,83
884820,Almugera Kabar,Defender,Left-Back,Germany,6/6/06,9/10/24,1000000,3,18,0.003306878,536
1078163,Ayden Heaven,Defender,Centre-Back,England,22/9/06,30/5/25,5000000,4,18,0.003306878,329
860051,Ayoub Amraoui,Defender,Left-Back,Morocco,14/5/04,27/3/23,2500000,4,18,0.003306878,423
955253,Bastien Meupiyou,Defender,Centre-Back,France,19/3/06,1/10/24,2500000,6,18,0.003306878,423
863759,Bruno Ogbus,Defender,Centre-Back,Switzerland,17/12/05,9/10/24,1000000,5,18,0.003306878,536
621965,Daan Dierckx,Defender,Centre-Back,Belgium,24/2/03,3/6/21,1000000,8,18,0.003306878,536
890290,Dean Huijsen,Defender,Centre-Back,Spain,14/4/05,12/3/24,10000000,4,18,0.003306878,228
744857,Elias Baum,Defender,Right-Back,Germany,26/10/05,27/3/24,1000000,4,18,0.003306878,536
913495,Emran Soglo,Defender,Left-Back,England,11/7/05,11/9/23,1000000,3,18,0.003306878,536
897481,Eric da Silva Moreira,Defender,Right-Back,Germany,3/5/06,20/6/24,1000000,3,18,0.003306878,536
724104,Fabio Chiarodia,Defender,Centre-Back,Italy,5/6/05,14/12/23,2000000,8,18,0.003306878,455
924117,Finn Jeltsch,Defender,Centre-Back,Germany,17/7/06,5/6/25,20000000,7,18,0.003306878,134
946883,Iván Fresneda,Defender,Right-Back,Spain,28/9/04,13/6/23,15000000,11,18,0.003306878,172
1006411,Jaydee Canvot,Defender,Centre-Back,France,29/7/06,3/6/25,4000000,3,18,0.003306878,358
986298,Joachim Kayi Sanda,Defender,Centre-Back,France,29/11/06,18/3/25,1500000,7,18,0.003306878,492
646738,Juan Larios,Defender,Left-Back,Spain,12/1/04,3/11/22,7000000,8,18,0.003306878,285
845321,Kaelan Casey,Defender,Centre-Back,England,28/10/04,9/10/23,1000000,4,18,0.003306878,536
553905,Kerim Calhanoglu,Defender,Left-Back,Germany,26/8/02,31/3/21,1200000,9,18,0.003306878,520
485583,Ki-Jana Hoever,Defender,Right-Back,Netherlands,18/1/02,13/10/20,7000000,12,18,0.003306878,285
522245,Lasse Günther,Defender,Left-Back,Germany,21/3/03,14/6/21,1000000,6,18,0.003306878,536
923831,Leny Yoro,Defender,Centre-Back,France,13/11/05,1/10/24,55000000,12,18,0.003306878,28
692734,Linus Gechter,Defender,Centre-Back,Germany,27/2/04,9/6/22,4500000,8,18,0.003306878,348
450234,Marco John,Defender,Left-Back,Germany,2/4/02,31/3/21,4000000,11,18,0.003306878,358
890721,Myles Lewis-Skelly,Defender,Left-Back,England,26/9/06,30/5/25,45000000,5,18,0.003306878,40
955281,Nhoa Sangui,Defender,Left-Back,France,27/2/06,10/12/24,2500000,3,18,0.003306878,423
923945,Noahkai Banks,Defender,Centre-Back,United States,1/12/06,27/3/25,6000000,4,18,0.003306878,309
1193867,Pedro Lima,Defender,Right-Back,Brazil,1/7/06,1/10/24,5000000,5,18,0.003306878,329
951579,Saël Kumbedi,Defender,Right-Back,France,26/3/05,27/6/23,12000000,11,18,0.003306878,206
538996,Tanguy Nianzou,Defender,Centre-Back,France,7/6/02,10/2/21,11000000,13,18,0.003306878,221
743500,William Mikelbrencis,Defender,Right-Back,France,25/2/04,30/5/22,2000000,6,18,0.003306878,455
1047097,Yoram Zague,Defender,Right-Back,France,15/5/06,3/6/24,2500000,4,18,0.003306878,423
730484,Aaron Zehnter,Defender,Left-Back,Germany,31/10/04,6/6/24,1500000,6,19,0.023809524,493
991487,Abdoul Ouattara,Defender,Right-Back,Cote d'Ivoire,22/10/05,3/6/25,1200000,5,19,0.023809524,521
938146,Adam Aznou,Defender,Left-Back,Morocco,2/6/06,9/6/25,4000000,5,19,0.023809524,359
861981,Alan Matturro,Defender,Centre-Back,Uruguay,11/10/04,20/12/23,4000000,7,19,0.023809524,359
741257,Álex Jiménez,Defender,Right-Back,Spain,8/5/05,25/6/24,4000000,4,19,0.023809524,359
424204,Alphonso Davies,Defender,Left-Back,Canada,2/11/00,16/9/20,80000000,13,19,0.023809524,2
826224,Arnau Martínez,Defender,Right-Back,Spain,25/4/03,23/3/23,15000000,14,19,0.023809524,173
536477,Arthur Zagré,Defender,Left-Back,Burkina Faso,4/10/01,15/10/20,5000000,11,19,0.023809524,330
543727,Botond Balogh,Defender,Centre-Back,Hungary,6/6/02,29/12/21,1000000,7,19,0.023809524,537
475208,Bryan Reynolds,Defender,Right-Back,United States,28/6/01,18/12/20,6000000,14,19,0.023809524,310
746833,Caleb Wiley,Defender,Left-Back,United States,22/12/04,7/10/24,8000000,10,19,0.023809524,260
1108145,Cheick Oumar Konaté,Defender,Right-Back,Mali,2/4/04,18/12/23,1500000,5,19,0.023809524,493
470594,Clinton Mola,Defender,Centre-Back,England,15/3/01,26/11/20,1200000,8,19,0.023809524,521
646750,Cristhian Mosquera,Defender,Centre-Back,Spain,27/6/04,7/6/24,30000000,10,19,0.023809524,84
466794,Eric García,Defender,Centre-Back,Spain,9/1/01,13/10/20,20000000,12,19,0.023809524,135
1004723,Fellipe Jack,Defender,Centre-Back,Italy,12/1/06,25/3/25,1400000,5,19,0.023809524,510
650993,Filippo Missori,Defender,Right-Back,Italy,24/3/04,11/10/23,1500000,4,19,0.023809524,493
731491,Franco Carboni,Defender,Left-Back,Argentina,4/4/03,23/6/22,1000000,5,19,0.023809524,537
504147,George Bello,Defender,Left-Back,United States,22/1/02,9/11/21,4000000,9,19,0.023809524,359
804831,Hendry Blank,Defender,Centre-Back,Germany,21/8/04,11/3/24,3000000,5,19,0.023809524,397
668276,Hugo Novoa,Defender,Right-Back,Spain,24/1/03,21/9/22,5000000,13,19,0.023809524,330
578680,Hugo Siquet,Defender,Right-Back,Belgium,9/7/02,6/10/21,7000000,14,19,0.023809524,286
919515,Jeanuël Belocian,Defender,Centre-Back,France,17/2/05,9/10/24,20000000,12,19,0.023809524,135
1004301,Jérémy Jacquet,Defender,Centre-Back,France,13/7/05,3/6/25,10000000,8,19,0.023809524,229
623024,Jesús Vázquez,Defender,Left-Back,Spain,2/1/03,3/6/22,5000000,15,19,0.023809524,330
504153,Joe Scally,Defender,Right-Back,United States,31/12/02,9/11/22,12000000,13,19,0.023809524,207
1018938,Jon Martín,Defender,Centre-Back,Spain,23/4/06,9/6/25,8000000,6,19,0.023809524,260
1004708,Josh Acheampong,Defender,Right-Back,England,5/5/06,30/5/25,8000000,4,19,0.023809524,260
1009658,Julio Soler,Defender,Left-Back,Argentina,16/2/05,13/12/24,8000000,9,19,0.023809524,260
947360,Kassoum Ouattara,Defender,Left-Back,France,14/10/04,3/6/24,8000000,9,19,0.023809524,260
620315,Lenny Lacroix,Defender,Centre-Back,France,6/2/03,28/12/22,1250000,8,19,0.023809524,518
661208,Leo Hjelde,Defender,Centre-Back,Norway,26/8/03,1/6/23,1500000,5,19,0.023809524,493
1176345,Mahamadou Nagida,Defender,Left-Back,Cameroon,28/6/05,10/12/24,1000000,5,19,0.023809524,537
910905,Mamadou Sarr,Defender,Centre-Back,Senegal,29/8/05,3/6/25,20000000,8,19,0.023809524,135
895937,Marco Palestra,Defender,Right-Back,Italy,3/3/05,17/6/24,1000000,3,19,0.023809524,537
432281,Márton Dárdai,Defender,Centre-Back,Hungary,12/2/02,9/6/21,6000000,9,19,0.023809524,310
472242,Mehmet Aydın,Defender,Right-Back,Türkiye,9/2/02,15/12/21,2000000,13,19,0.023809524,456
823486,Michael Kayode,Defender,Right-Back,Italy,10/7/04,5/6/24,25000000,7,19,0.023809524,106
666974,Mikayil Faye,Defender,Centre-Back,Senegal,14/7/04,24/6/24,10000000,7,19,0.023809524,229
923832,Nathan Zézé,Defender,Centre-Back,France,18/6/05,3/6/25,15000000,8,19,0.023809524,173
469949,Noah Katterbach,Defender,Left-Back,Germany,13/4/01,16/9/20,7000000,10,19,0.023809524,286
1034853,Nobel Mendy,Defender,Centre-Back,Senegal,3/9/04,24/6/24,1000000,4,19,0.023809524,537
922563,Oliver Scarles,Defender,Left-Back,England,12/12/05,30/5/25,8000000,5,19,0.023809524,260
804711,Ousmane Camara,Defender,Centre-Back,Mali,6/3/03,2/6/22,2000000,8,19,0.023809524,456
503679,Rhys Williams,Defender,Centre-Back,England,3/2/01,17/12/20,5000000,9,19,0.023809524,330
701057,Rico Lewis,Defender,Right-Back,England,21/11/04,1/10/24,40000000,8,19,0.023809524,52
464906,Sava-Arangel Cestic,Defender,Centre-Back,Serbia,19/2/01,10/2/21,1500000,12,19,0.023809524,493
822958,Tim Drexler,Defender,Centre-Back,Germany,6/3/05,9/10/24,4000000,7,19,0.023809524,359
538998,Timothée Pembélé,Defender,Right-Back,France,9/9/02,8/10/21,7000000,9,19,0.023809524,286
550549,Tomás Tavares,Defender,Right-Back,Portugal,7/3/01,17/8/20,7500000,13,19,0.023809524,275
1005575,Vitor Reis,Defender,Centre-Back,Brazil,12/1/06,18/3/25,30000000,4,19,0.023809524,84
780630,Willy Kambwala,Defender,Centre-Back,France,25/8/04,14/3/24,5000000,5,19,0.023809524,330
895334,Yarek Gasiorowski,Defender,Centre-Back,Spain,12/1/05,7/6/24,15000000,7,19,0.023809524,173
962555,Abakar Sylla,Defender,Centre-Back,Cote d'Ivoire,25/12/02,16/10/23,15000000,9,20,0.058862434,174
423443,Álex Centelles,Defender,Left-Back,Spain,30/8/99,17/8/20,5000000,12,20,0.058862434,331
790992,Alfie Gilchrist,Defender,Centre-Back,England,28/11/03,27/5/24,5000000,3,20,0.058862434,331
481834,Andrea Carboni,Defender,Centre-Back,Italy,4/2/01,3/6/21,5000000,12,20,0.058862434,331
494236,Andy Pelmard,Defender,Centre-Back,Madagascar,12/3/00,15/10/20,5000000,11,20,0.058862434,331
948537,Anrie Chase,Defender,Centre-Back,Japan,24/3/04,20/12/24,5000000,9,20,0.058862434,331
891998,Antoine Mendy,Defender,Centre-Back,Senegal,27/5/04,10/12/24,3000000,10,20,0.058862434,398
635645,Aurèle Amenda,Defender,Centre-Back,Switzerland,31/7/03,31/5/24,9500000,13,20,0.058862434,243
507344,Becir Omeragic,Defender,Centre-Back,Switzerland,20/1/02,28/3/22,8000000,16,20,0.058862434,261
431698,Bosko Sutalo,Defender,Centre-Back,Croatia,1/1/00,25/8/20,3500000,7,20,0.058862434,377
689637,Chadi Riad,Defender,Centre-Back,Morocco,17/6/03,7/6/24,15000000,8,20,0.058862434,174
1005240,Christian Mawissa,Defender,Centre-Back,France,18/4/05,3/6/25,15000000,8,20,0.058862434,174
692070,Clemens Riedel,Defender,Centre-Back,Germany,19/7/03,18/10/23,2000000,10,20,0.058862434,457
728485,Danilo Veiga,Defender,Right-Back,Portugal,25/9/02,6/6/23,2000000,7,20,0.058862434,457
371000,David Colina,Defender,Left-Back,Croatia,19/7/00,10/6/21,1500000,11,20,0.058862434,494
451906,David Nemeth,Defender,Centre-Back,Austria,18/3/01,2/6/21,4000000,18,20,0.058862434,360
544149,David Zima,Defender,Centre-Back,Czech Republic,8/11/00,28/5/21,7500000,10,20,0.058862434,276
357995,Davide Bettella,Defender,Centre-Back,Italy,7/4/00,22/2/21,4000000,12,20,0.058862434,360
712099,Dexter Lembikisa,Defender,Right-Back,Jamaica,4/11/03,21/12/23,3000000,3,20,0.058862434,398
465565,Dimitrije Kamenovic,Defender,Left-Back,Serbia,16/7/00,12/6/21,2000000,8,20,0.058862434,457
787912,El Chadaille Bitshiabu,Defender,Centre-Back,France,16/5/05,5/6/25,18000000,12,20,0.058862434,148
842338,Enzo Tchato,Defender,Right-Back,Cameroon,23/11/02,27/3/23,3000000,10,20,0.058862434,398
569349,Frederik Winther,Defender,Centre-Back,Denmark,4/1/01,22/12/21,1000000,9,20,0.058862434,538
616628,Giorgio Cittadini,Defender,Centre-Back,Italy,18/4/02,20/3/23,3000000,8,20,0.058862434,398
571604,Giorgio Scalvini,Defender,Centre-Back,Italy,11/12/03,12/3/24,45000000,10,20,0.058862434,41
663900,Giovanni Bonfanti,Defender,Centre-Back,Italy,17/1/03,21/12/23,1000000,5,20,0.058862434,538
698678,Hugo Bueno,Defender,Left-Back,Spain,18/9/02,20/6/23,6000000,4,20,0.058862434,311
708678,Isaak Touré,Defender,Centre-Back,France,28/3/03,16/10/23,8000000,13,20,0.058862434,261
770895,Ismaël Boura,Defender,Left-Back,Comoros,14/8/00,15/10/20,1500000,7,20,0.058862434,494
800948,Jan-Carlo Simić,Defender,Centre-Back,Serbia,2/5/05,12/6/25,8000000,5,20,0.058862434,261
750903,Jaouen Hadjam,Defender,Left-Back,Algeria,26/3/03,27/6/23,2000000,8,20,0.058862434,457
465717,Jayden Bogle,Defender,Right-Back,England,27/7/00,18/3/21,7000000,9,20,0.058862434,287
741090,Jonas Rouhi,Defender,Left-Back,Sweden,7/1/04,18/10/24,2000000,6,20,0.058862434,457
392777,Jonathan Panzo,Defender,Centre-Back,England,25/10/00,7/1/21,5000000,13,20,0.058862434,331
567129,Josh Doig,Defender,Left-Back,Scotland,18/5/02,21/3/23,10000000,10,20,0.058862434,230
676042,Juanlu Sánchez,Defender,Right-Back,Spain,15/8/03,21/3/24,15000000,15,20,0.058862434,174
345449,Kamil Piątkowski,Defender,Centre-Back,Poland,21/6/00,31/5/21,5000000,14,20,0.058862434,331
361516,Kilian Ludewig,Defender,Right-Back,Germany,5/3/00,26/11/20,2500000,10,20,0.058862434,424
434110,Leo Greiml,Defender,Centre-Back,Austria,3/7/01,6/9/21,2500000,10,20,0.058862434,424
507345,Leonidas Stergiou,Defender,Right-Back,Switzerland,3/3/02,28/3/22,7000000,13,20,0.058862434,287
614258,Levi Colwill,Defender,Centre-Back,England,26/2/03,19/12/23,55000000,13,20,0.058862434,29
670858,Lewis Hall,Defender,Left-Back,England,8/9/04,30/5/25,32000000,10,20,0.058862434,75
524285,Luca Netz,Defender,Left-Back,Germany,15/5/03,14/12/23,10000000,13,20,0.058862434,230
872171,Lucas Beraldo,Defender,Centre-Back,Brazil,24/11/03,3/6/24,30000000,11,20,0.058862434,85
982393,Lucas Mincarelli,Defender,Left-Back,France,5/1/04,3/6/24,1000000,4,20,0.058862434,538
898751,Mamadou Mbacke,Defender,Centre-Back,Senegal,21/11/02,29/12/22,2800000,8,20,0.058862434,414
371371,Marash Kumbulla,Defender,Centre-Back,Albania,8/2/00,29/12/20,27000000,11,20,0.058862434,101
844637,Marc Pubill,Defender,Centre-Back,Spain,20/6/03,7/6/24,4000000,11,20,0.058862434,360
459655,Matteo Lovato,Defender,Centre-Back,Italy,14/2/00,29/12/20,7000000,10,20,0.058862434,287
493702,Mattia Viti,Defender,Centre-Back,Italy,24/1/02,19/9/22,10000000,11,20,0.058862434,230
582353,Mattia Zanotti,Defender,Right-Back,Italy,11/1/03,19/10/23,1000000,4,20,0.058862434,538
471690,Max Aarons,Defender,Right-Back,England,4/1/00,15/10/20,22000000,15,20,0.058862434,126
810649,Max Finkgräfe,Defender,Left-Back,Germany,27/3/04,29/5/24,6000000,5,20,0.058862434,311
507254,Nathan Ferguson,Defender,Centre-Back,England,6/10/00,13/10/20,4000000,9,20,0.058862434,360
361260,Ozan Kabak,Defender,Centre-Back,Türkiye,25/3/00,26/11/20,25000000,15,20,0.058862434,107
1061336,Pau Navarro,Defender,Centre-Back,Spain,25/4/05,9/6/25,3000000,4,20,0.058862434,398
746712,Pietro Comuzzo,Defender,Centre-Back,Italy,20/2/05,25/3/25,25000000,8,20,0.058862434,107
631222,Raúl Torrente,Defender,Centre-Back,Spain,11/9/01,21/3/22,3000000,13,20,0.058862434,398
655009,Richie Sagrado,Defender,Right-Back,Belgium,30/1/04,4/6/24,2000000,4,20,0.058862434,457
392775,Ryan Sessegnon,Defender,Left-Back,England,18/5/00,30/7/20,25000000,13,20,0.058862434,107
906160,Saba Goglichidze,Defender,Centre-Back,Georgia,25/6/04,18/12/24,8000000,9,20,0.058862434,261
890385,Sebastian Otoa,Defender,Centre-Back,Denmark,13/5/04,25/3/25,2000000,7,20,0.058862434,457
345458,Sebastian Walukiewicz,Defender,Right-Back,Poland,5/4/00,29/12/20,10000000,14,20,0.058862434,230
361104,Sergiño Dest,Defender,Right-Back,United States,3/11/00,10/6/21,30000000,15,20,0.058862434,85
797572,Stefan Lekovic,Defender,Centre-Back,Serbia,9/1/04,24/6/24,1800000,8,20,0.058862434,474
917120,Tanguy Zoukrou,Defender,Centre-Back,France,7/5/03,27/10/23,1500000,5,20,0.058862434,494
504148,Tariq Lamptey,Defender,Right-Back,Ghana,30/9/00,13/10/20,18000000,12,20,0.058862434,148
709482,Thierno Baldé,Defender,Right-Back,France,10/6/02,2/11/22,4000000,7,20,0.058862434,360
1112449,Tiago Gabriel,Defender,Centre-Back,Portugal,26/12/04,25/3/25,1000000,4,20,0.058862434,538
798043,Tom Rothe,Defender,Left-Back,Germany,29/10/04,20/12/24,12000000,9,20,0.058862434,208
569939,Tommaso Barbieri,Defender,Right-Back,Italy,26/8/02,19/6/23,1200000,7,20,0.058862434,522
227347,Valentin Antov,Defender,Centre-Back,Bulgaria,9/11/00,23/3/21,2000000,7,20,0.058862434,457
591949,Aaron Hickey,Defender,Right-Back,Scotland,10/6/02,9/10/23,30000000,13,21,0.106481481,86
673514,Abdoulaye Ndiaye,Defender,Centre-Back,Senegal,10/4/02,27/10/23,3000000,3,21,0.106481481,399
763079,Abdukodir Khusanov,Defender,Centre-Back,Uzbekistan,29/2/04,18/3/25,35000000,11,21,0.106481481,67
568333,Adam Obert,Defender,Left-Back,Slovakia,23/8/02,5/6/24,3500000,9,21,0.106481481,378
847772,Adilson Malanda,Defender,Centre-Back,France,29/10/01,22/8/23,2000000,6,21,0.106481481,458
654539,Adrien Truffert,Defender,Left-Back,France,20/11/01,27/3/23,18000000,14,21,0.106481481,149
723416,Ahmad Ngouyamsa,Defender,Right-Back,Cameroon,21/12/00,2/6/22,1000000,11,21,0.106481481,539
636688,Alejandro Balde,Defender,Left-Back,Spain,18/10/03,21/3/25,60000000,17,21,0.106481481,22
818448,Alessandro Marcandalli,Defender,Centre-Back,Italy,25/10/02,25/3/24,2000000,11,21,0.106481481,458
357176,Alessandro Tripaldelli,Defender,Left-Back,Italy,9/2/99,29/10/20,1000000,8,21,0.106481481,539
709957,Álex Valle,Defender,Left-Back,Spain,25/4/04,17/6/25,6000000,10,21,0.106481481,312
620598,Ameen Al-Dakhil,Defender,Centre-Back,Belgium,6/3/02,19/12/23,15000000,13,21,0.106481481,175
621993,Andrew Omobamidele,Defender,Centre-Back,Ireland,23/6/02,9/10/23,11000000,14,21,0.106481481,222
467563,Armel Bella-Kotchap,Defender,Centre-Back,Germany,11/12/01,16/3/23,20000000,13,21,0.106481481,136
768380,Arouna Sangante,Defender,Centre-Back,Senegal,12/4/02,18/12/23,10000000,11,21,0.106481481,231
463603,Benoît Badiashile,Defender,Centre-Back,France,26/3/01,2/11/22,40000000,14,21,0.106481481,53
507700,Brandon Williams,Defender,Left-Back,England,3/9/00,15/6/22,12000000,11,21,0.106481481,209
461833,Caleb Okoli,Defender,Centre-Back,Italy,13/7/01,11/11/22,10000000,11,21,0.106481481,231
820146,Check Keita,Defender,Centre-Back,Mali,2/4/03,2/10/24,2000000,8,21,0.106481481,458
531957,Cody Drameh,Defender,Right-Back,England,8/12/01,1/6/23,3500000,4,21,0.106481481,378
624258,Conor Bradley,Defender,Right-Back,Northern Ireland,9/7/03,30/5/25,30000000,9,21,0.106481481,86
344598,Dan-Axel Zagadou,Defender,Centre-Back,France,3/6/99,10/2/21,22000000,16,21,0.106481481,127
307807,Dario Maresic,Defender,Centre-Back,Austria,29/9/99,15/10/20,3500000,9,21,0.106481481,378
344695,Dayot Upamecano,Defender,Centre-Back,France,27/10/98,16/9/20,60000000,14,21,0.106481481,22
556385,Destiny Udogie,Defender,Left-Back,Italy,28/11/02,14/3/24,45000000,16,21,0.106481481,42
557407,Devyne Rensch,Defender,Right-Back,Netherlands,18/1/03,17/12/24,12000000,15,21,0.106481481,209
660860,Diego Coppola,Defender,Centre-Back,Italy,28/12/03,17/6/25,10000000,10,21,0.106481481,231
394152,Emanuel Aiwu,Defender,Centre-Back,Austria,25/12/00,11/11/22,3500000,7,21,0.106481481,378
586756,Festy Ebosele,Defender,Right-Back,Ireland,2/8/02,20/12/23,6000000,11,21,0.106481481,312
631007,Filippo Terracciano,Defender,Centre-Back,Italy,8/2/03,12/3/24,4500000,8,21,0.106481481,349
322655,Flavius Daniliuc,Defender,Centre-Back,Austria,27/4/01,30/5/22,8000000,14,21,0.106481481,262
392569,Gabriele Zappa,Defender,Right-Back,Italy,22/12/99,29/12/20,7000000,14,21,0.106481481,288
386755,Gianluca Frabotta,Defender,Left-Back,Italy,24/6/99,29/10/20,2500000,8,21,0.106481481,425
919173,Ibrahim Diakité,Defender,Right-Back,Guinea,31/10/03,12/6/25,1200000,10,21,0.106481481,523
786436,Ismaël Doukouré,Defender,Centre-Back,France,24/7/03,3/6/25,18000000,15,21,0.106481481,149
848509,Jackson Tchatchoua,Defender,Right-Back,Cameroon,14/9/01,4/11/22,3000000,10,21,0.106481481,399
648032,James Abankwah,Defender,Centre-Back,Ireland,16/1/04,27/5/25,1000000,8,21,0.106481481,539
632349,Jarell Quansah,Defender,Centre-Back,England,29/1/03,27/5/24,22000000,7,21,0.106481481,127
1076815,Javi Rodríguez,Defender,Centre-Back,Spain,27/6/03,9/6/25,15000000,9,21,0.106481481,175
503795,Jeremy Ngakia,Defender,Right-Back,DR Congo,7/9/00,5/10/21,4000000,9,21,0.106481481,361
657742,Joaquín Sosa,Defender,Centre-Back,Uruguay,10/1/02,21/3/23,3000000,11,21,0.106481481,399
707809,Joël Schingtienne,Defender,Centre-Back,Belgium,14/8/02,4/6/24,2000000,4,21,0.106481481,458
683812,John Tolkin,Defender,Left-Back,United States,31/7/02,22/8/23,4000000,12,21,0.106481481,361
661145,Jon Aramburu,Defender,Right-Back,Venezuela,23/7/02,19/7/24,5000000,10,21,0.106481481,332
576121,Josh Wilson-Esbrand,Defender,Left-Back,England,26/12/02,7/3/24,4000000,9,21,0.106481481,361
475959,Josko Gvardiol,Defender,Centre-Back,Croatia,23/1/02,9/10/23,80000000,16,21,0.106481481,3
626888,Kaine Kesler-Hayden,Defender,Right-Back,England,23/10/02,21/12/23,2200000,7,21,0.106481481,446
527276,Kenneth Schmidt,Defender,Left-Back,Germany,3/6/02,22/6/23,3000000,15,21,0.106481481,399
290032,Kevin Rüegg,Defender,Right-Back,Switzerland,5/8/98,31/7/20,5400000,9,21,0.106481481,327
548348,Kiliann Sildillia,Defender,Right-Back,France,16/5/02,14/12/23,18000000,13,21,0.106481481,149
490384,Koni De Winter,Defender,Centre-Back,Belgium,12/6/02,5/6/24,12000000,8,21,0.106481481,209
669380,Konstantinos Koulierakis,Defender,Centre-Back,Greece,28/11/03,5/6/25,25000000,14,21,0.106481481,108
625202,Lautaro Valenti,Defender,Centre-Back,Argentina,14/1/99,29/10/20,5000000,11,21,0.106481481,332
532539,Lee Buchanan,Defender,Left-Back,England,7/3/01,13/5/22,3500000,8,21,0.106481481,378
597432,Leopold Querfeld,Defender,Centre-Back,Austria,20/12/03,5/6/25,13000000,14,21,0.106481481,199
487834,Lorenzo Pirola,Defender,Centre-Back,Italy,20/2/02,15/6/23,8000000,10,21,0.106481481,262
539798,Luca Jaquez,Defender,Centre-Back,Switzerland,2/6/03,27/3/25,6000000,11,21,0.106481481,312
346567,Luca Pellegrini,Defender,Left-Back,Italy,7/3/99,25/8/20,13500000,12,21,0.106481481,198
927768,Lucas Pires,Defender,Left-Back,Brazil,24/3/01,19/8/22,2000000,8,21,0.106481481,458
471004,Luis Binks,Defender,Centre-Back,England,2/9/01,12/6/23,2800000,10,21,0.106481481,415
787151,Lukas Ullrich,Defender,Left-Back,Germany,16/3/04,27/3/25,8000000,10,21,0.106481481,262
505194,Luke Thomas,Defender,Left-Back,England,10/6/01,15/6/22,12000000,15,21,0.106481481,209
344596,Malang Sarr,Defender,Centre-Back,France,23/1/99,22/10/20,16000000,15,21,0.106481481,163
620322,Malo Gusto,Defender,Right-Back,France,19/5/03,27/5/24,35000000,15,21,0.106481481,67
618809,Manu Sánchez,Defender,Left-Back,Spain,24/8/00,21/3/22,10000000,12,21,0.106481481,231
776303,Marco Pellegrino,Defender,Centre-Back,Argentina,18/7/02,11/10/23,3500000,6,21,0.106481481,378
388513,Mateu Morey,Defender,Right-Back,Spain,2/3/00,31/3/21,7000000,14,21,0.106481481,288
1144700,Matías Moreno,Defender,Centre-Back,Argentina,24/9/03,18/10/24,4000000,8,21,0.106481481,361
323167,Matteo Gabbia,Defender,Centre-Back,Italy,21/10/99,29/12/20,9000000,10,21,0.106481481,248
616631,Matteo Ruggeri,Defender,Left-Back,Italy,11/7/02,5/6/24,20000000,12,21,0.106481481,136
326031,Matthijs de Ligt,Defender,Centre-Back,Netherlands,12/8/99,29/12/20,75000000,13,21,0.106481481,8
434224,Maxence Lacroix,Defender,Centre-Back,France,6/4/00,9/6/21,28000000,16,21,0.106481481,93
570817,Maxime Busi,Defender,Right-Back,Belgium,14/10/99,29/10/20,5000000,12,21,0.106481481,332
842341,Maxime Estève,Defender,Centre-Back,France,26/5/02,27/6/23,7000000,8,21,0.106481481,288
353922,Mert Müldür,Defender,Right-Back,Türkiye,3/4/99,25/8/20,10000000,17,21,0.106481481,231
730861,Milos Kerkez,Defender,Left-Back,Hungary,7/11/03,30/5/25,45000000,14,21,0.106481481,42
524925,Modibo Sagnan,Defender,Centre-Back,Mali,14/4/99,5/1/21,3000000,12,21,0.106481481,399
673492,Morato,Defender,Centre-Back,Brazil,30/6/01,16/9/22,15000000,13,21,0.106481481,175
424015,Nathan Patterson,Defender,Right-Back,Scotland,16/10/01,20/6/23,16000000,12,21,0.106481481,163
503990,Nathan Wood,Defender,Centre-Back,England,31/5/02,1/6/23,5000000,11,21,0.106481481,332
646829,Nathaniel Adjei,Defender,Centre-Back,Ghana,21/8/02,19/3/24,2500000,8,21,0.106481481,425
691892,Nathaniel Brown,Defender,Left-Back,Germany,16/6/03,5/6/25,22000000,11,21,0.106481481,127
708072,Nicolò Savona,Defender,Right-Back,Italy,19/3/03,18/12/24,14000000,8,21,0.106481481,189
674921,Nikola Soldo,Defender,Centre-Back,,25/1/01,6/6/22,1800000,8,21,0.106481481,475
684315,Nnamdi Collins,Defender,Centre-Back,Germany,10/1/04,27/3/25,10000000,7,21,0.106481481,231
644408,Oliver Provstgaard,Defender,Centre-Back,Denmark,4/6/03,25/3/25,3500000,10,21,0.106481481,378
611195,Oliver Zandén,Defender,Left-Back,Sweden,14/8/01,2/11/22,1200000,9,21,0.106481481,523
822331,Omar El Hilali,Defender,Right-Back,Morocco,12/9/03,9/6/25,15000000,15,21,0.106481481,175
551001,Owen Beck,Defender,Left-Back,Wales,9/8/02,30/5/24,1250000,4,21,0.106481481,519
805714,Renato Veiga,Defender,Centre-Back,Portugal,29/7/03,17/6/25,25000000,10,21,0.106481481,108
732165,Ronnie Edwards,Defender,Centre-Back,England,28/3/03,28/6/24,3800000,9,21,0.106481481,375
655456,Saba Sazonov,Defender,Centre-Back,Georgia,1/2/02,12/7/23,3000000,13,21,0.106481481,399
545647,Sergio Carreira,Defender,Right-Back,Spain,13/10/00,29/6/22,1500000,8,21,0.106481481,495
659513,Soumaïla Coulibaly,Defender,Centre-Back,France,14/10/03,10/12/24,9000000,13,21,0.106481481,248
503977,Taylor Harwood-Bellis,Defender,Centre-Back,England,30/1/02,12/7/23,25000000,13,21,0.106481481,108
548470,Teden Mengi,Defender,Centre-Back,England,30/4/02,14/3/24,12000000,9,21,0.106481481,209
816580,Tiago Santos,Defender,Right-Back,Portugal,23/7/02,3/6/24,15000000,9,21,0.106481481,175
696164,Tim Oermann,Defender,Centre-Back,Germany,6/10/03,27/3/25,5000000,9,21,0.106481481,332
993645,Tomás Palacios,Defender,Centre-Back,Argentina,28/4/03,18/10/24,6000000,9,21,0.106481481,312
314353,Trent Alexander-Arnold,Defender,Right-Back,England,7/10/98,30/7/20,110000000,13,21,0.106481481,1
361575,Tymoteusz Puchacz,Defender,Left-Back,Poland,23/1/99,15/1/21,4000000,14,21,0.106481481,361
475411,Wesley Fofana,Defender,Centre-Back,France,17/12/00,15/9/22,65000000,16,21,0.106481481,16
406008,Yan Valery,Defender,Right-Back,Tunisia,22/2/99,13/10/20,6300000,7,21,0.106481481,307
554251,Yasser Larouci,Defender,Left-Back,Algeria,1/1/01,19/9/22,3500000,8,21,0.106481481,378
338672,Zinho Vanheusden,Defender,Centre-Back,Belgium,29/7/99,16/10/20,13500000,9,21,0.106481481,198
477758,Aaron Wan-Bissaka,Defender,Right-Back,DR Congo,26/11/97,30/7/20,40000000,15,22,0.175925926,54
646402,Abner,Defender,Left-Back,Brazil,27/5/00,19/8/22,8000000,10,22,0.175925926,263
466807,Adrià Altimira,Defender,Right-Back,Spain,28/3/01,20/12/23,2000000,11,22,0.175925926,459
895458,Adrián Pica,Defender,Centre-Back,Spain,25/4/02,27/12/24,1500000,8,22,0.175925926,496
397225,Alessandro Zanoli,Defender,Right-Back,Italy,3/10/00,15/6/23,6000000,9,22,0.175925926,313
811778,Álvaro Carreras,Defender,Left-Back,Spain,23/3/03,30/5/25,35000000,10,22,0.175925926,68
1063329,Andrés García,Defender,Right-Back,Spain,7/2/03,18/3/25,7000000,8,22,0.175925926,289
804812,Anthony Oyono,Defender,Right-Back,Gabon,12/4/01,20/12/23,2500000,9,22,0.175925926,426
690799,Anthony Rouault,Defender,Centre-Back,France,29/5/01,27/6/23,10000000,16,22,0.175925926,232
917375,Antoine Hainaut,Defender,Right-Back,France,18/2/02,18/12/24,1000000,9,22,0.175925926,540
977464,Arthur,Defender,Right-Back,Brazil,17/3/03,27/3/25,7000000,9,22,0.175925926,289
342046,Axel Tuanzebe,Defender,Centre-Back,DR Congo,14/11/97,13/10/20,8000000,14,22,0.175925926,263
433186,Bali Mumba,Defender,Right-Back,England,8/10/01,27/10/23,1500000,9,22,0.175925926,496
807165,Bamo Meïté,Defender,Centre-Back,Cote d'Ivoire,3/12/01,7/10/24,7000000,14,22,0.175925926,289
370998,Bartol Franjic,Defender,Left-Back,Croatia,14/1/00,21/9/22,6500000,14,22,0.175925926,299
343475,Ben Godfrey,Defender,Centre-Back,England,15/1/98,13/10/20,25000000,12,22,0.175925926,109
468002,Ben Johnson,Defender,Right-Back,England,24/1/00,3/11/22,12000000,13,22,0.175925926,210
805908,Bradley Locko,Defender,Left-Back,France,6/5/02,3/6/24,12000000,12,22,0.175925926,210
644676,Bruno Amione,Defender,Centre-Back,Argentina,3/1/02,14/6/24,3000000,10,22,0.175925926,400
709372,Carlos Romero,Defender,Left-Back,Spain,29/10/01,20/12/23,2000000,7,22,0.175925926,459
618472,Castello Lukeba,Defender,Centre-Back,France,17/12/02,20/12/24,50000000,12,22,0.175925926,34
615350,Cenk Özkacar,Defender,Centre-Back,Türkiye,6/10/00,13/6/23,5000000,14,22,0.175925926,333
597659,Charlie Cresswell,Defender,Centre-Back,England,17/8/02,3/6/25,10000000,11,22,0.175925926,232
480987,Chris Mepham,Defender,Centre-Back,Wales,5/11/97,15/10/20,8000000,11,22,0.175925926,263
352393,Christopher Rocchia,Defender,Left-Back,France,1/2/98,15/10/20,1000000,9,22,0.175925926,540
569388,Clément Vidal,Defender,Centre-Back,France,18/6/00,27/3/23,2000000,9,22,0.175925926,459
460629,Colin Dagba,Defender,Right-Back,France,9/9/98,15/10/20,12000000,9,22,0.175925926,210
701819,Daniele Ghilardi,Defender,Centre-Back,Italy,6/1/03,17/6/25,5000000,8,22,0.175925926,333
577394,Denso Kasius,Defender,Right-Back,Netherlands,6/10/02,28/5/25,4000000,13,22,0.175925926,362
338032,Deyovaisio Zeefuik,Defender,Right-Back,Netherlands,11/3/98,16/9/20,5000000,8,22,0.175925926,333
483348,Djed Spence,Defender,Left-Back,England,9/8/00,15/9/22,13000000,11,22,0.175925926,200
503688,Dominic Thompson,Defender,Left-Back,England,26/7/00,27/10/22,1800000,11,22,0.175925926,476
639712,Étienne Youté Kinkoué,Defender,Centre-Back,France,14/1/02,3/6/24,7000000,7,22,0.175925926,289
371149,Evan Ndicka,Defender,Centre-Back,Cote d'Ivoire,20/8/99,9/6/22,32000000,11,22,0.175925926,76
547985,Fabiano Parisi,Defender,Left-Back,Italy,9/11/00,21/3/23,10000000,11,22,0.175925926,232
357072,Faitout Maouassa,Defender,Left-Back,France,6/7/98,15/10/20,13000000,11,22,0.175925926,200
274461,Felix Passlack,Defender,Right-Back,Germany,29/5/98,26/11/20,3000000,13,22,0.175925926,400
649023,Formose Mendy,Defender,Centre-Back,Senegal,2/1/01,16/10/23,5000000,11,22,0.175925926,333
604320,Frans Krätzig,Defender,Left-Back,Germany,14/1/03,5/6/25,3500000,11,22,0.175925926,379
458777,Giacomo Quagliata,Defender,Left-Back,Italy,19/2/00,27/9/22,2000000,10,22,0.175925926,459
536507,Giulian Biancone,Defender,Centre-Back,France,31/3/00,15/9/22,8000000,13,22,0.175925926,263
365565,Giuseppe Cuomo,Defender,Centre-Back,Italy,2/2/98,21/8/20,1000000,7,22,0.175925926,540
711980,Guéla Doué,Defender,Right-Back,Cote d'Ivoire,17/10/02,3/6/25,18000000,11,22,0.175925926,150
571299,Hrvoje Smolcic,Defender,Centre-Back,Croatia,17/8/00,29/3/23,5000000,10,22,0.175925926,333
485585,Ian Maatsen,Defender,Left-Back,Netherlands,10/3/02,29/5/24,40000000,12,22,0.175925926,54
490423,Ignace Van der Brempt,Defender,Right-Back,Belgium,1/4/02,25/3/25,4000000,16,22,0.175925926,362
550116,Ilario Monterisi,Defender,Centre-Back,Italy,19/12/01,20/12/23,3000000,9,22,0.175925926,400
659089,Ilya Zabarnyi,Defender,Centre-Back,Ukraine,1/9/02,30/5/25,42000000,16,22,0.175925926,48
649452,Issa Kaboré,Defender,Right-Back,Burkina Faso,12/5/01,19/12/23,10000000,12,22,0.175925926,232
491616,Jackson Porozo,Defender,Centre-Back,Ecuador,4/8/00,27/3/23,3500000,12,22,0.175925926,379
346478,Japhet Tanganga,Defender,Centre-Back,England,31/3/99,5/10/21,15000000,12,22,0.175925926,176
661053,Jarrad Branthwaite,Defender,Centre-Back,England,27/6/02,18/3/25,50000000,16,22,0.175925926,34
568158,Javi López,Defender,Left-Back,Spain,25/3/02,7/6/24,7500000,13,22,0.175925926,277
272638,Jérôme Onguéné,Defender,Centre-Back,Cameroon,22/12/97,22/7/20,5000000,9,22,0.175925926,333
713787,Jhoanner Chávez,Defender,Left-Back,Ecuador,25/4/02,7/10/24,4000000,13,22,0.175925926,362
627290,John Donald,Defender,Centre-Back,Spain,25/9/00,13/6/23,1000000,3,22,0.175925926,540
227110,Jordan Torunarigha,Defender,Centre-Back,Nigeria,7/8/97,8/7/20,13000000,13,22,0.175925926,200
397099,Jordi Osei-Tutu,Defender,Right-Back,England,2/10/98,15/10/20,1500000,12,22,0.175925926,496
494880,Jorge Cuenca,Defender,Centre-Back,Spain,17/11/99,21/3/22,8000000,13,22,0.175925926,263
411975,Jules Koundé,Defender,Right-Back,France,12/11/98,19/3/21,60000000,12,22,0.175925926,23
411287,Justin Hoogma,Defender,Centre-Back,Netherlands,11/6/98,14/10/20,2300000,10,22,0.175925926,444
385817,Karol Fila,Defender,Right-Back,Poland,13/6/98,18/8/20,1500000,11,22,0.175925926,496
344072,Kelvin Amian,Defender,Right-Back,France,8/2/98,11/11/20,4000000,13,22,0.175925926,362
766583,Kike Salas,Defender,Centre-Back,Spain,23/4/02,7/6/24,10000000,14,22,0.175925926,232
653415,Leonardo Buta,Defender,Left-Back,Portugal,5/6/02,6/6/24,3000000,8,22,0.175925926,400
388820,Levent Mercan,Defender,Left-Back,Türkiye,10/12/00,27/9/23,3000000,18,22,0.175925926,400
384553,Luca Kilian,Defender,Centre-Back,Germany,1/9/99,9/6/22,4500000,11,22,0.175925926,350
521964,Malick Thiaw,Defender,Centre-Back,Germany,8/8/01,11/10/23,30000000,14,22,0.175925926,87
402004,Mamadou Fofana,Defender,Centre-Back,Mali,21/1/98,15/10/20,3500000,7,22,0.175925926,379
373916,Marcelo Saracchi,Defender,Left-Back,Uruguay,23/4/98,4/8/20,8000000,10,22,0.175925926,263
392570,Marco Sala,Defender,Left-Back,Italy,4/6/99,24/6/21,3000000,11,22,0.175925926,400
583404,Marcus Pedersen,Defender,Right-Back,Norway,16/7/00,23/6/23,7000000,15,22,0.175925926,289
282144,Marin Pongracic,Defender,Centre-Back,Croatia,11/9/97,8/7/20,10000000,12,22,0.175925926,232
706024,Marko Ivezic,Defender,Centre-Back,Serbia,2/12/01,6/6/24,3000000,9,22,0.175925926,400
549815,Matheus Thuler,Defender,Centre-Back,Brazil,10/3/99,16/12/21,2000000,8,22,0.175925926,459
599419,Max Rosenfelder,Defender,Centre-Back,Germany,10/2/03,5/6/25,8000000,11,22,0.175925926,263
388363,Maximilian Bauer,Defender,Centre-Back,Germany,9/2/00,9/11/22,3500000,14,22,0.175925926,379
340879,Merih Demiral,Defender,Centre-Back,Türkiye,5/3/98,29/12/20,30000000,8,22,0.175925926,87
525299,Miguel Gutiérrez,Defender,Left-Back,Spain,27/7/01,7/6/24,25000000,18,22,0.175925926,109
617060,Mika Mármol,Defender,Centre-Back,Spain,2/7/01,7/6/24,15000000,14,22,0.175925926,176
1005649,Murillo,Defender,Centre-Back,Brazil,4/7/02,18/3/25,55000000,10,22,0.175925926,30
862297,Nasser Djiga,Defender,Centre-Back,Burkina Faso,15/11/02,18/3/25,10000000,13,22,0.175925926,232
735568,Natan,Defender,Centre-Back,Brazil,6/2/01,20/12/23,13000000,12,22,0.175925926,200
469050,Nathan Collins,Defender,Centre-Back,Ireland,30/4/01,19/12/23,25000000,11,22,0.175925926,109
503680,Neco Williams,Defender,Left-Back,Wales,13/4/01,20/6/23,20000000,12,22,0.175925926,137
534084,Niccolò Pierozzi,Defender,Right-Back,Italy,12/9/01,5/6/24,1800000,8,22,0.175925926,476
860992,Nicolás Valentini,Defender,Centre-Back,Argentina,6/4/01,11/3/24,6000000,12,22,0.175925926,313
591193,Niels Nkounkou,Defender,Left-Back,France,1/11/00,18/10/23,7500000,16,22,0.175925926,277
616341,Nuno Mendes,Defender,Left-Back,Portugal,19/6/02,3/6/25,70000000,15,22,0.175925926,11
535955,Nuno Tavares,Defender,Left-Back,Portugal,26/1/00,19/9/22,18000000,10,22,0.175925926,150
644771,Odilon Kossounou,Defender,Centre-Back,Cote d'Ivoire,4/1/01,14/12/23,35000000,17,22,0.175925926,68
331505,Óscar Mingueza,Defender,Right-Back,Spain,13/5/99,10/6/21,15000000,14,22,0.175925926,176
324351,Panagiotis Retsos,Defender,Centre-Back,Greece,9/8/98,15/10/20,6000000,9,22,0.175925926,313
806168,Paul Joly,Defender,Right-Back,France,7/6/00,2/11/22,1500000,7,22,0.175925926,496
372809,Petko Hristov,Defender,Centre-Back,Bulgaria,1/3/99,28/12/21,1000000,7,22,0.175925926,540
585949,Pierre Kalulu,Defender,Centre-Back,France,5/6/00,11/11/22,35000000,14,22,0.175925926,68
568559,Radu Drăgușin,Defender,Centre-Back,Romania,3/2/02,14/3/24,25000000,12,22,0.175925926,109
662261,Rafa Marín,Defender,Centre-Back,Spain,19/5/02,18/10/24,9000000,13,22,0.175925926,249
882710,Ramón Martínez,Defender,Centre-Back,Spain,22/10/02,9/6/25,1000000,9,22,0.175925926,540
578391,Rayan Aït-Nouri,Defender,Left-Back,Algeria,6/6/01,27/5/24,35000000,15,22,0.175925926,68
472423,Reece James,Defender,Right-Back,England,8/12/99,3/11/22,70000000,15,22,0.175925926,11
476352,Renan Lodi,Defender,Left-Back,Brazil,8/4/98,23/7/20,50000000,13,22,0.175925926,34
502821,Riccardo Calafiori,Defender,Left-Back,Italy,19/5/02,18/7/24,45000000,16,22,0.175925926,43
353826,Robert Gumny,Defender,Right-Back,Poland,4/6/98,18/8/20,3500000,13,22,0.175925926,379
458715,Robson Bambu,Defender,Centre-Back,Brazil,12/11/97,3/8/20,6000000,15,22,0.175925926,313
555015,Ruan,Defender,Centre-Back,Brazil,7/6/99,17/12/21,5000000,12,22,0.175925926,333
807128,Saïdou Sow,Defender,Centre-Back,Guinea,4/7/02,10/12/24,6000000,16,22,0.175925926,313
605396,Samuel Dahl,Defender,Left-Back,Sweden,4/3/03,31/3/25,7000000,10,22,0.175925926,289
520947,Santiago Arzamendia,Defender,Left-Back,Paraguay,5/5/98,14/10/20,5000000,9,22,0.175925926,333
338629,Sebastiaan Bornauw,Defender,Centre-Back,Belgium,22/3/99,7/10/21,14000000,13,22,0.175925926,190
392131,Simon Asta,Defender,Right-Back,Germany,25/1/01,28/6/23,1500000,8,22,0.175925926,496
702441,Sinaly Diomandé,Defender,Centre-Back,Cote d'Ivoire,9/4/01,27/6/23,9000000,14,22,0.175925926,249
434358,Sofiane Alakouch,Defender,Right-Back,Morocco,29/7/98,15/10/20,2500000,10,22,0.175925926,426
574671,Strahinja Pavlović,Defender,Centre-Back,Serbia,24/5/01,12/6/23,25000000,14,22,0.175925926,109
698259,Thomas Kristensen,Defender,Centre-Back,Denmark,17/1/02,12/3/24,4500000,12,22,0.175925926,350
420465,Tiago Djaló,Defender,Centre-Back,Portugal,9/4/00,27/3/23,16000000,13,22,0.175925926,164
315131,Timothy Fosu-Mensah,Defender,Right-Back,Netherlands,2/1/98,13/10/20,6300000,9,22,0.175925926,308
503981,Tino Livramento,Defender,Right-Back,England,12/11/02,30/5/25,40000000,12,22,0.175925926,54
789082,Vanderson,Defender,Right-Back,Brazil,21/6/01,27/6/23,20000000,12,22,0.175925926,137
495625,Víctor Chust,Defender,Centre-Back,Spain,5/3/00,7/11/22,3000000,12,22,0.175925926,400
564529,Victor Kristiansen,Defender,Left-Back,Denmark,16/12/02,16/12/24,16000000,14,22,0.175925926,164
729264,Welington,Defender,Left-Back,Brazil,19/2/01,11/12/23,4000000,12,22,0.175925926,362
495666,William Saliba,Defender,Centre-Back,France,24/3/01,14/3/24,80000000,15,22,0.175925926,4
627228,Yan Couto,Defender,Right-Back,Brazil,3/6/02,7/6/24,25000000,16,22,0.175925926,109
548716,Yoël Armougom,Defender,Left-Back,France,5/6/98,11/11/20,1400000,9,22,0.175925926,511
251878,Aarón Martín,Defender,Left-Back,Spain,22/4/97,16/9/20,7000000,10,23,0.258597884,290
451801,Abdul Mumin,Defender,Centre-Back,Ghana,6/6/98,27/12/21,3000000,9,23,0.258597884,401
566823,Achraf Dari,Defender,Centre-Back,Morocco,6/5/99,19/9/22,2500000,12,23,0.258597884,427
501418,Adrià Pedrosa,Defender,Left-Back,Spain,13/5/98,21/3/22,9000000,16,23,0.258597884,250
285845,Ainsley Maitland-Niles,Defender,Right-Back,England,29/8/97,13/10/20,18000000,11,23,0.258597884,151
798404,Alidu Seidu,Defender,Centre-Back,Ghana,4/6/00,19/3/24,9000000,15,23,0.258597884,250
334221,Amos Pieper,Defender,Centre-Back,Germany,17/1/98,9/6/21,7000000,12,23,0.258597884,290
485584,Anass Salah-Eddine,Defender,Left-Back,Morocco,18/1/02,25/3/25,8000000,15,23,0.258597884,264
345748,Andreas Bruus,Defender,Right-Back,Denmark,16/1/99,20/6/22,2000000,13,23,0.258597884,460
403808,Andrés Andrade,Defender,Centre-Back,Panama,16/10/98,24/3/22,2000000,11,23,0.258597884,460
263380,Attila Szalai,Defender,Centre-Back,Hungary,20/1/98,4/1/22,15000000,17,23,0.258597884,177
316125,Ben Chilwell,Defender,Left-Back,England,21/12/96,13/10/20,50000000,15,23,0.258597884,35
401521,Braian Cufré,Defender,Left-Back,Argentina,15/12/96,8/10/20,4000000,8,23,0.258597884,363
636093,Carlos Domínguez,Defender,Centre-Back,Spain,11/2/01,7/6/24,3000000,13,23,0.258597884,401
707274,César Tárrega,Defender,Centre-Back,Spain,26/2/02,9/6/25,10000000,9,23,0.258597884,233
569383,Chrislain Matsima,Defender,Centre-Back,France,15/5/02,5/6/25,22000000,12,23,0.258597884,128
346849,Christoph Klarer,Defender,Centre-Back,Austria,14/6/00,18/10/23,3000000,12,23,0.258597884,401
572326,Christopher Wooh,Defender,Centre-Back,Cameroon,18/9/01,10/12/24,7000000,12,23,0.258597884,290
806793,Clément Akpa,Defender,Centre-Back,Cote d'Ivoire,24/11/01,3/6/25,5000000,10,23,0.258597884,334
318520,Clément Michelin,Defender,Right-Back,France,11/5/97,15/10/20,2500000,7,23,0.258597884,427
579287,Daniel Svensson,Defender,Left-Back,Sweden,12/2/02,5/6/25,12000000,11,23,0.258597884,211
717118,Darlin Yongwa,Defender,Left-Back,Cameroon,22/9/00,18/12/23,1500000,9,23,0.258597884,497
500054,David Jurásek,Defender,Left-Back,Czech Republic,7/8/00,29/9/23,8000000,14,23,0.258597884,264
292772,Dimitrios Nikolaou,Defender,Centre-Back,Greece,13/8/98,7/6/22,4000000,8,23,0.258597884,363
357796,Domagoj Bradarić,Defender,Left-Back,Croatia,10/12/99,15/6/23,7000000,10,23,0.258597884,290
504073,Eduardo Quaresma,Defender,Centre-Back,Portugal,2/3/02,30/5/25,18000000,14,23,0.258597884,151
581330,Eiran Cashin,Defender,Centre-Back,Ireland,9/11/01,18/3/25,8000000,9,23,0.258597884,264
476344,Emerson Royal,Defender,Right-Back,Brazil,14/1/99,15/9/22,30000000,13,23,0.258597884,88
496745,Emil Holm,Defender,Right-Back,Sweden,13/5/00,12/3/24,12000000,18,23,0.258597884,211
288241,Enock Kwateng,Defender,Right-Back,France,9/4/97,15/10/20,3500000,10,23,0.258597884,380
541555,Enzo Boyomo,Defender,Centre-Back,Cameroon,7/10/01,27/12/24,20000000,14,23,0.258597884,138
342877,Enzo Ebosse,Defender,Centre-Back,Cameroon,11/3/99,11/11/22,4500000,9,23,0.258597884,351
324282,Fabio Depaoli,Defender,Right-Back,Italy,24/4/97,25/8/20,4500000,7,23,0.258597884,351
278343,Felix Uduokhai,Defender,Centre-Back,Germany,9/9/97,9/6/21,16000000,16,23,0.258597884,165
294321,Ferro,Defender,Centre-Back,Portugal,26/3/97,17/8/20,11000000,14,23,0.258597884,223
293168,Filip Benkovic,Defender,Centre-Back,Croatia,13/7/97,13/10/20,7000000,13,23,0.258597884,290
325887,Filip Uremovic,Defender,Centre-Back,Croatia,11/2/97,29/12/20,7000000,9,23,0.258597884,290
256678,Filippo Romagna,Defender,Centre-Back,Italy,26/5/97,25/8/20,4500000,9,23,0.258597884,351
296422,Fodé Ballo-Touré,Defender,Left-Back,Senegal,3/1/97,15/10/20,7500000,11,23,0.258597884,278
364938,Fredrik Bjørkan,Defender,Left-Back,Norway,21/8/98,3/1/22,2500000,8,23,0.258597884,427
354909,Giorgio Altare,Defender,Centre-Back,Italy,9/8/98,7/6/22,2000000,11,23,0.258597884,460
336960,Giuseppe Pezzella,Defender,Left-Back,Italy,29/11/97,29/12/20,6000000,10,23,0.258597884,314
447221,Hamza Mendyl,Defender,Left-Back,Morocco,21/10/97,10/2/21,1800000,14,23,0.258597884,477
272636,Harold Moukoudi,Defender,Centre-Back,Cameroon,27/11/97,9/4/21,5000000,12,23,0.258597884,334
528892,Harry Clarke,Defender,Right-Back,England,2/3/01,24/5/24,5000000,10,23,0.258597884,334
570160,Henning Matriciani,Defender,Centre-Back,Germany,14/3/00,22/6/23,1200000,9,23,0.258597884,524
258519,Hidde ter Avest,Defender,Right-Back,Netherlands,20/5/97,9/3/21,2000000,11,23,0.258597884,460
520468,Iago,Defender,Left-Back,Brazil,23/3/97,26/11/20,6500000,9,23,0.258597884,300
355628,Igor Zubeldia,Defender,Centre-Back,Spain,30/3/97,8/10/20,24000000,13,23,0.258597884,118
626954,Imanol García de Albéniz,Defender,Left-Back,Spain,8/6/00,13/10/23,1500000,12,23,0.258597884,497
528178,Ismaïl Aaneba,Defender,Centre-Back,France,29/5/99,28/10/22,2000000,7,23,0.258597884,460
272622,Issa Diop,Defender,Centre-Back,Morocco,9/1/97,13/10/20,25000000,17,23,0.258597884,110
571271,Ivan Smolcic,Defender,Right-Back,Croatia,17/8/00,4/6/24,2000000,10,23,0.258597884,460
346018,Jamal Lewis,Defender,Left-Back,Northern Ireland,25/1/98,18/3/21,17000000,14,23,0.258597884,159
611793,James Hill,Defender,Centre-Back,England,10/1/02,30/5/25,3000000,7,23,0.258597884,401
340853,Javi Sánchez,Defender,Centre-Back,Spain,14/3/97,23/7/20,3000000,9,23,0.258597884,401
605184,Jean-Clair Todibo,Defender,Centre-Back,France,30/12/99,18/12/23,35000000,14,23,0.258597884,69
344864,Jean-Kévin Duverne,Defender,Centre-Back,Haiti,12/7/97,7/1/21,4000000,10,23,0.258597884,363
484547,Jeremie Frimpong,Defender,Right-Back,Netherlands,10/12/00,14/12/23,50000000,16,23,0.258597884,35
251896,Jesús Vallejo,Defender,Centre-Back,Spain,5/1/97,8/10/20,6000000,10,23,0.258597884,314
481623,João Ferreira,Defender,Right-Back,Portugal,22/3/01,19/12/24,4000000,11,23,0.258597884,363
671145,João Victor,Defender,Centre-Back,Brazil,17/7/98,6/4/22,8000000,13,23,0.258597884,264
256178,Joe Gomez,Defender,Centre-Back,England,23/5/97,30/7/20,40000000,16,23,0.258597884,55
297212,Joe Rodon,Defender,Centre-Back,Wales,22/10/97,17/12/20,10000000,12,23,0.258597884,233
580560,Jon Pacheco,Defender,Centre-Back,Spain,8/1/01,7/6/24,15000000,14,23,0.258597884,177
258883,Jonjoe Kenny,Defender,Right-Back,England,15/3/97,13/10/20,9500000,8,23,0.258597884,244
403898,Jordan Beyer,Defender,Centre-Back,Germany,19/5/00,1/6/23,16000000,10,23,0.258597884,165
633530,Jordan Zemura,Defender,Left-Back,Zimbabwe,14/11/99,20/6/23,6000000,11,23,0.258597884,314
815078,Jordy Makengo,Defender,Left-Back,France,3/8/01,5/6/25,6000000,12,23,0.258597884,314
555500,Jorge Herrando,Defender,Centre-Back,Spain,28/2/01,7/6/24,6000000,12,23,0.258597884,314
286779,Jorge Meré,Defender,Centre-Back,Spain,17/4/97,16/9/20,4000000,12,23,0.258597884,363
340339,Jorge Sáenz,Defender,Centre-Back,Spain,17/11/96,8/10/20,1500000,7,23,0.258597884,497
711625,José Ángel Carmona,Defender,Right-Back,Spain,29/1/02,21/3/25,12000000,15,23,0.258597884,211
520840,José Copete,Defender,Centre-Back,Spain,10/10/99,13/6/23,3500000,15,23,0.258597884,380
686965,Juan Cabal,Defender,Left-Back,Colombia,8/1/01,18/10/24,9000000,13,23,0.258597884,250
513970,Julián Araujo,Defender,Right-Back,Mexico,13/8/01,16/12/24,10000000,14,23,0.258597884,233
830108,Julián Malatini,Defender,Centre-Back,Argentina,31/5/01,20/12/24,3000000,11,23,0.258597884,401
420243,Jurriën Timber,Defender,Right-Back,Netherlands,17/6/01,30/5/25,55000000,16,23,0.258597884,31
413843,Keven Schlotterbeck,Defender,Centre-Back,Germany,28/4/97,10/2/21,7500000,15,23,0.258597884,278
300716,Kieran Tierney,Defender,Left-Back,Scotland,5/6/97,13/10/20,32000000,16,23,0.258597884,77
223967,Konrad Laimer,Defender,Right-Back,Austria,27/5/97,16/9/20,30000000,12,23,0.258597884,88
512352,Lasse Rosenboom,Defender,Right-Back,Germany,19/1/02,5/6/25,1500000,11,23,0.258597884,497
831161,Lautaro Blanco,Defender,Left-Back,Argentina,19/2/99,26/10/22,4500000,10,23,0.258597884,351
367284,Leo Østigård,Defender,Centre-Back,Norway,28/11/99,11/10/23,10000000,15,23,0.258597884,233
484988,Logan Costa,Defender,Centre-Back,Cape Verde,1/4/01,11/10/24,18000000,14,23,0.258597884,151
371150,Loïc Bessilé,Defender,Centre-Back,Togo,19/2/99,7/9/22,1200000,10,23,0.258597884,524
711969,Lorenz Assignon,Defender,Right-Back,France,22/6/00,16/10/23,10000000,11,23,0.258597884,233
296378,Luca Itter,Defender,Left-Back,Germany,5/1/99,9/6/22,1500000,7,23,0.258597884,497
352392,Lucas Perrin,Defender,Centre-Back,France,19/11/98,30/5/22,5000000,13,23,0.258597884,334
457931,Luiz Felipe,Defender,Centre-Back,Italy,22/3/97,25/8/20,22000000,14,23,0.258597884,128
420210,Lutsharel Geertruida,Defender,Right-Back,Netherlands,18/7/00,17/10/23,35000000,15,23,0.258597884,69
379807,Lyanco,Defender,Centre-Back,Brazil,1/2/97,25/8/20,6000000,8,23,0.258597884,314
407021,Mads Andersen,Defender,Centre-Back,Denmark,27/12/97,30/6/21,5000000,10,23,0.258597884,334
372240,Mads Bech Sørensen,Defender,Centre-Back,Denmark,7/1/99,15/6/22,5000000,12,23,0.258597884,334
603940,Marvin Park,Defender,Right-Back,Spain,3/7/00,21/3/24,2000000,13,23,0.258597884,460
830890,Marvin Senaya,Defender,Right-Back,Ghana,28/1/01,3/6/24,2000000,11,23,0.258597884,460
439072,Matías Viña,Defender,Left-Back,Uruguay,9/11/97,14/10/21,12000000,14,23,0.258597884,211
471890,Max Geschwill,Defender,Centre-Back,Germany,7/7/01,20/12/24,1500000,14,23,0.258597884,497
258885,Max Lowe,Defender,Left-Back,England,11/5/97,13/10/20,3500000,10,23,0.258597884,380
334207,Maxim Leitsch,Defender,Centre-Back,Germany,18/5/98,24/3/22,5000000,16,23,0.258597884,334
391498,Mert Çetin,Defender,Centre-Back,Türkiye,1/1/97,29/10/20,4000000,16,23,0.258597884,363
494586,Mickaël Nadé,Defender,Centre-Back,France,4/3/99,23/3/22,3000000,15,23,0.258597884,401
557459,Micky van de Ven,Defender,Centre-Back,Netherlands,19/4/01,27/5/24,55000000,13,23,0.258597884,31
666234,Mohamed Simakan,Defender,Centre-Back,France,3/5/00,18/10/23,35000000,13,23,0.258597884,69
563963,Mohammed Salisu,Defender,Centre-Back,Ghana,17/4/99,15/6/22,18000000,13,23,0.258597884,151
346289,Mouctar Diakhaby,Defender,Centre-Back,Guinea,19/12/96,23/7/20,15000000,16,23,0.258597884,177
694509,Moussa Diarra,Defender,Centre-Back,Mali,10/11/00,3/6/24,2000000,11,23,0.258597884,460
491693,Nehuén Pérez,Defender,Centre-Back,Argentina,24/6/00,5/6/24,13000000,14,23,0.258597884,201
388198,Nico Schlotterbeck,Defender,Centre-Back,Germany,1/12/99,29/3/23,40000000,14,23,0.258597884,55
485965,Nicolas Cozza,Defender,Centre-Back,France,8/1/99,23/3/22,5000000,12,23,0.258597884,334
265209,Noah Loosli,Defender,Centre-Back,Switzerland,23/1/97,28/12/20,1500000,12,23,0.258597884,497
348026,Nordi Mukiele,Defender,Right-Back,France,1/11/97,9/6/21,25000000,13,23,0.258597884,110
621802,Olivier Deman,Defender,Left-Back,Belgium,6/4/00,14/12/23,6000000,15,23,0.258597884,314
424881,Omar Richards,Defender,Left-Back,England,15/2/98,30/6/21,7000000,13,23,0.258597884,290
544106,Óscar Gil,Defender,Right-Back,Spain,26/4/98,30/12/21,3000000,8,23,0.258597884,401
463665,Oumar Solet,Defender,Centre-Back,France,7/2/00,12/6/23,17000000,8,23,0.258597884,159
313477,Paolo Ghiglione,Defender,Right-Back,Italy,2/2/97,29/12/20,3500000,7,23,0.258597884,380
410708,Pascal Struijk,Defender,Centre-Back,Netherlands,11/8/99,3/11/22,20000000,10,23,0.258597884,138
391742,Patric Pfeiffer,Defender,Centre-Back,Ghana,20/8/99,30/11/22,3000000,12,23,0.258597884,401
399776,Pau Torres,Defender,Centre-Back,Spain,16/1/97,5/1/21,50000000,15,23,0.258597884,35
418543,Perr Schuurs,Defender,Centre-Back,Netherlands,26/11/99,15/6/23,25000000,12,23,0.258597884,110
340460,Philippe Sandler,Defender,Centre-Back,Netherlands,10/2/97,13/10/20,3500000,11,23,0.258597884,380
659813,Piero Hincapié,Defender,Centre-Back,Ecuador,9/1/02,27/3/25,50000000,17,23,0.258597884,35
298975,Pol Lirola,Defender,Right-Back,Spain,13/8/97,25/8/20,10000000,11,23,0.258597884,233
557613,Quentin Merlin,Defender,Left-Back,France,16/5/02,3/6/25,15000000,13,23,0.258597884,177
436064,Ramon Hendriks,Defender,Centre-Back,Netherlands,18/7/01,27/3/25,5000000,12,23,0.258597884,334
314295,Reece Oxford,Defender,Centre-Back,England,16/12/98,9/6/22,12000000,16,23,0.258597884,211
543164,Rhys Norrington-Davies,Defender,Left-Back,Wales,22/4/99,27/10/22,3000000,11,23,0.258597884,401
388545,Ricard Sánchez,Defender,Right-Back,Spain,22/2/00,13/10/23,2500000,14,23,0.258597884,427
327251,Ridle Baku,Defender,Right-Back,Germany,8/4/98,9/6/21,25000000,14,23,0.258597884,110
410185,Ronaël Pierre-Gabriel,Defender,Right-Back,France,13/6/98,23/3/22,5000000,11,23,0.258597884,334
504581,Ryan Giles,Defender,Left-Back,England,26/1/00,1/6/23,9000000,13,23,0.258597884,250
475413,Sacha Boey,Defender,Right-Back,France,13/9/00,21/12/23,22000000,16,23,0.258597884,128
624548,Salva Ferrer,Defender,Right-Back,Spain,21/1/98,3/6/21,1300000,8,23,0.258597884,515
953901,Santiago Mouriño,Defender,Right-Back,Uruguay,13/2/02,9/6/25,3000000,11,23,0.258597884,401
541231,Sepp van den Berg,Defender,Centre-Back,Netherlands,20/12/01,30/5/25,22000000,14,23,0.258597884,128
282429,Sergio Reguilón,Defender,Left-Back,Spain,16/12/96,13/10/20,28000000,11,23,0.258597884,94
371141,Stanley Nsoki,Defender,Centre-Back,France,9/4/99,21/9/22,10000000,16,23,0.258597884,233
361093,Sven Botman,Defender,Centre-Back,Netherlands,12/1/00,16/3/23,45000000,15,23,0.258597884,44
367466,Thierry Correia,Defender,Right-Back,Portugal,9/3/99,7/11/22,14000000,16,23,0.258597884,191
322075,Thomas Isherwood,Defender,Centre-Back,Sweden,28/1/98,15/12/21,1000000,12,23,0.258597884,541
337092,Tim Siersleben,Defender,Centre-Back,Germany,9/3/00,18/10/23,2500000,14,23,0.258597884,427
546213,Tuta,Defender,Centre-Back,Brazil,4/7/99,9/11/22,15000000,14,23,0.258597884,177
339340,Tyrell Malacia,Defender,Left-Back,Netherlands,17/8/99,15/9/22,22000000,16,23,0.258597884,128
730893,Tyrick Mitchell,Defender,Left-Back,England,1/9/99,3/11/22,28000000,13,23,0.258597884,94
338285,Unai Núñez,Defender,Centre-Back,Spain,30/1/97,8/10/20,20000000,11,23,0.258597884,138
711996,Warmed Omari,Defender,Centre-Back,Comoros,23/4/00,16/10/23,10000000,13,23,0.258597884,233
794758,Warren Kamanzi,Defender,Right-Back,Norway,11/11/00,3/6/24,2000000,7,23,0.258597884,460
648779,Wilfried Singo,Defender,Right-Back,Cote d'Ivoire,25/12/00,3/6/24,25000000,14,23,0.258597884,110
661171,Willian Pacho,Defender,Centre-Back,Ecuador,16/10/01,3/6/25,65000000,17,23,0.258597884,17
716276,Yerson Mosquera,Defender,Centre-Back,Colombia,2/5/01,16/12/24,8000000,10,23,0.258597884,264
405385,Yukinari Sugawara,Defender,Right-Back,Japan,28/6/00,15/12/23,15000000,15,23,0.258597884,177
580747,Yvann Maçon,Defender,Right-Back,Guadeloupe,1/10/98,30/5/22,4500000,7,23,0.258597884,351
251075,Zeki Çelik,Defender,Right-Back,Türkiye,17/2/97,15/10/20,20000000,14,23,0.258597884,138
229005,Abdou Diallo,Defender,Centre-Back,Senegal,4/5/96,15/10/20,25000000,8,24,0.360449735,111
337798,Abdu Conté,Defender,Left-Back,Portugal,24/3/98,30/5/22,3000000,9,24,0.360449735,402
658115,Abel Bretones,Defender,Left-Back,Spain,21/8/00,9/6/25,4000000,13,24,0.360449735,364
591916,Aitor Paredes,Defender,Centre-Back,Spain,29/4/00,7/6/24,22000000,14,24,0.360449735,129
404260,Aleksa Terzic,Defender,Left-Back,Serbia,17/8/99,11/9/23,4000000,8,24,0.360449735,364
242078,Ales Mateju,Defender,Right-Back,Czech Republic,3/6/96,25/8/20,1500000,8,24,0.360449735,498
330208,Alessandro Vogliacco,Defender,Centre-Back,Italy,14/9/98,12/6/23,2000000,9,24,0.360449735,461
648020,Alexsandro,Defender,Centre-Back,Brazil,9/8/99,3/6/24,8000000,8,24,0.360449735,265
216181,Almamy Touré,Defender,Centre-Back,,28/4/96,10/2/21,5500000,9,24,0.360449735,323
280730,Álvaro Odriozola,Defender,Right-Back,Spain,14/12/95,8/10/20,14000000,16,24,0.360449735,192
290273,Álvaro Tejero,Defender,Right-Back,Spain,20/7/96,8/10/20,2000000,7,24,0.360449735,461
240274,Anderson Lucoqui,Defender,Left-Back,Angola,6/7/97,7/10/21,2500000,10,24,0.360449735,428
289255,Andoni Gorosabel,Defender,Right-Back,Spain,4/8/96,5/1/21,10000000,11,24,0.360449735,234
459658,Andrea Cambiaso,Defender,Left-Back,Italy,20/2/00,18/12/24,40000000,16,24,0.360449735,56
395083,Andreaw Gravillon,Defender,Centre-Back,Guadeloupe,8/2/98,2/11/22,7000000,17,24,0.360449735,291
377468,Anel Ahmedhodzic,Defender,Centre-Back,Bosnia-Herzegovina,26/3/99,1/6/23,20000000,11,24,0.360449735,139
277179,Angeliño,Defender,Left-Back,Spain,4/1/97,10/2/21,35000000,16,24,0.360449735,70
278796,Aníbal Chalá,Defender,Left-Back,Ecuador,9/5/96,15/10/20,2000000,8,24,0.360449735,461
392516,Antonino Gallo,Defender,Left-Back,Italy,5/1/00,18/12/24,5500000,13,24,0.360449735,323
392881,Antonio Candela,Defender,Right-Back,Italy,27/4/00,3/6/24,2300000,12,24,0.360449735,445
482573,Antonios Papadopoulos,Defender,Centre-Back,Germany,10/9/99,29/5/24,1000000,11,24,0.360449735,542
875332,Arthur Chaves,Defender,Centre-Back,Brazil,29/1/01,5/6/25,5000000,8,24,0.360449735,335
368891,Arthur Theate,Defender,Centre-Back,Belgium,25/5/00,27/3/25,24000000,16,24,0.360449735,119
240897,Arturo Calabresi,Defender,Centre-Back,Italy,17/3/96,25/8/20,2200000,8,24,0.360449735,447
389253,Auston Trusty,Defender,Centre-Back,United States,12/8/98,1/6/23,10000000,15,24,0.360449735,234
463605,Bafodé Diakité,Defender,Centre-Back,France,6/1/01,3/6/25,28000000,15,24,0.360449735,95
293194,Borna Sosa,Defender,Left-Back,Croatia,21/1/98,9/6/22,23000000,15,24,0.360449735,124
552912,Bruno Méndez,Defender,Centre-Back,Uruguay,10/9/99,11/12/23,6000000,11,24,0.360449735,315
420064,Caio Henrique,Defender,Left-Back,Brazil,31/7/97,30/5/22,20000000,14,24,0.360449735,139
448844,Carlos Neva,Defender,Left-Back,Spain,12/6/96,8/10/20,5000000,11,24,0.360449735,335
333361,Chumi,Defender,Centre-Back,Spain,2/3/99,22/12/23,2500000,11,24,0.360449735,428
387191,Daiki Hashioka,Defender,Right-Back,Japan,17/5/99,19/12/23,2000000,9,24,0.360449735,461
524000,Dani Vivian,Defender,Centre-Back,Spain,5/7/99,21/3/24,25000000,16,24,0.360449735,111
387047,Danilho Doekhi,Defender,Centre-Back,Netherlands,30/6/98,22/6/23,17000000,14,24,0.360449735,160
318204,David Raum,Defender,Left-Back,Germany,22/4/98,21/9/22,26000000,14,24,0.360449735,103
262523,Davide Calabria,Defender,Right-Back,Italy,6/12/96,23/3/21,25000000,11,24,0.360449735,111
341429,Davinson Sánchez,Defender,Centre-Back,Colombia,12/6/96,13/10/20,45000000,18,24,0.360449735,45
322065,Dennis Hadzikadunic,Defender,Centre-Back,Bosnia-Herzegovina,9/7/98,14/12/22,3500000,9,24,0.360449735,381
357147,Diogo Dalot,Defender,Right-Back,Portugal,18/3/99,20/6/23,40000000,17,24,0.360449735,56
238266,Duje Caleta-Car,Defender,Centre-Back,Croatia,17/9/96,9/4/21,25000000,12,24,0.360449735,111
238947,Elio Capradossi,Defender,Centre-Back,Uganda,11/3/96,21/8/20,1400000,9,24,0.360449735,512
445126,Emanuele Valeri,Defender,Left-Back,Italy,7/12/98,21/3/23,3500000,10,24,0.360449735,381
298583,Eray Cömert,Defender,Centre-Back,Switzerland,4/2/98,7/11/22,4000000,15,24,0.360449735,364
343959,Erhan Masovic,Defender,Centre-Back,Serbia,22/11/98,22/6/23,8000000,16,24,0.360449735,265
474800,Facundo Medina,Defender,Centre-Back,Argentina,28/5/99,19/3/24,25000000,14,24,0.360449735,111
660735,Federico Gattoni,Defender,Centre-Back,Argentina,16/2/99,4/7/23,5500000,10,24,0.360449735,323
369316,Ferdi Kadıoğlu,Defender,Left-Back,Türkiye,7/10/99,18/7/24,30000000,18,24,0.360449735,89
303254,Fikayo Tomori,Defender,Centre-Back,England,19/12/97,7/6/22,50000000,12,24,0.360449735,36
347594,Florian Miguel,Defender,Left-Back,France,1/9/96,7/1/21,2000000,10,24,0.360449735,461
577486,Gastón Álvarez,Defender,Centre-Back,Uruguay,24/3/00,7/6/24,15000000,10,24,0.360449735,178
256448,Gianluca Mancini,Defender,Centre-Back,Italy,17/4/96,23/3/21,30000000,13,24,0.360449735,89
402733,Gonzalo Montiel,Defender,Right-Back,Argentina,1/1/97,16/7/21,17000000,12,24,0.360449735,160
340521,Gui Ramos,Defender,Centre-Back,Portugal,11/8/97,24/3/22,2000000,13,24,0.360449735,461
338635,Hannes Delcroix,Defender,Centre-Back,Haiti,28/2/99,19/12/23,4000000,12,24,0.360449735,364
298091,Harry Souttar,Defender,Centre-Back,Australia,22/10/98,16/3/23,15000000,17,24,0.360449735,178
392179,Hjalmar Ekdal,Defender,Centre-Back,Sweden,21/10/98,1/6/23,8000000,15,24,0.360449735,265
442552,Houboulang Mendes,Defender,Right-Back,Guinea-Bissau,4/5/98,30/5/22,3000000,12,24,0.360449735,402
357119,Ibrahima Konaté,Defender,Centre-Back,France,25/5/99,14/3/24,45000000,9,24,0.360449735,45
375137,Ismail Jakobs,Defender,Left-Back,Senegal,17/8/99,18/12/23,8000000,14,24,0.360449735,265
249356,Jack Stacey,Defender,Right-Back,England,6/4/96,15/10/20,3200000,8,24,0.360449735,391
693095,Jacob Greaves,Defender,Centre-Back,England,12/9/00,1/10/24,20000000,11,24,0.360449735,139
711544,Jake O'Brien,Defender,Right-Back,Ireland,15/5/01,30/5/25,18000000,12,24,0.360449735,152
425918,Jakub Kiwior,Defender,Centre-Back,Poland,15/2/00,27/5/24,30000000,17,24,0.360449735,89
324223,James Bree,Defender,Right-Back,England,11/12/97,27/10/22,3000000,11,24,0.360449735,402
413220,James Justin,Defender,Right-Back,England,23/2/98,15/6/22,25000000,14,24,0.360449735,111
243028,Jan Bednarek,Defender,Centre-Back,Poland,12/4/96,18/3/21,25000000,15,24,0.360449735,111
576314,Jan Paul van Hecke,Defender,Centre-Back,Netherlands,8/6/00,16/12/24,32000000,14,24,0.360449735,78
231586,Jannes Horn,Defender,Left-Back,Germany,6/2/97,9/6/21,3000000,9,24,0.360449735,402
288253,Jeremiah St. Juste,Defender,Centre-Back,Netherlands,19/10/96,9/6/21,16000000,13,24,0.360449735,166
369674,Joakim Maehle,Defender,Left-Back,Denmark,20/5/97,15/7/21,19000000,12,24,0.360449735,147
350364,Joan Sastre,Defender,Right-Back,Spain,30/4/97,24/6/21,2000000,9,24,0.360449735,461
461906,João Moutinho,Defender,Left-Back,Portugal,12/1/98,18/8/22,1500000,8,24,0.360449735,498
221321,Joaquín Fernández,Defender,Centre-Back,Spain,31/5/96,8/10/20,3000000,11,24,0.360449735,402
313094,Jordan Lotomba,Defender,Right-Back,Switzerland,29/9/98,27/6/23,8000000,11,24,0.360449735,265
364245,Jordan Teze,Defender,Right-Back,Netherlands,30/9/99,31/5/24,18000000,18,24,0.360449735,152
255892,Josema,Defender,Centre-Back,Spain,6/6/96,5/1/21,1000000,9,24,0.360449735,542
448258,Josha Vagnoman,Defender,Right-Back,Germany,11/12/00,20/12/24,12000000,14,24,0.360449735,212
480763,Juan Foyth,Defender,Centre-Back,Argentina,12/1/98,3/6/22,25000000,15,24,0.360449735,111
390688,Juan Iglesias,Defender,Right-Back,Spain,3/7/98,7/11/22,3500000,16,24,0.360449735,381
374139,Junior Firpo,Defender,Left-Back,Dominican Republic,22/8/96,8/10/20,14000000,9,24,0.360449735,192
335147,Junior Sambia,Defender,Right-Back,France,7/9/96,4/6/21,6500000,10,24,0.360449735,301
214928,Kean Bryan,Defender,Centre-Back,England,1/11/96,18/3/21,2000000,9,24,0.360449735,461
211637,Kiki Kouyaté,Defender,Centre-Back,Mali,15/4/97,4/6/21,6000000,11,24,0.360449735,315
435796,Kilian Fischer,Defender,Right-Back,Germany,12/10/00,27/3/25,6000000,15,24,0.360449735,315
328658,Kristoffer Ajer,Defender,Centre-Back,Norway,17/4/98,15/6/22,18000000,13,24,0.360449735,152
596446,Leif Davis,Defender,Left-Back,England,31/12/99,16/12/24,25000000,15,24,0.360449735,111
312678,Léo Duarte,Defender,Centre-Back,Brazil,17/7/96,25/8/20,5000000,20,24,0.360449735,335
412829,Léo Pétrot,Defender,Centre-Back,France,15/4/97,23/3/22,1000000,11,24,0.360449735,542
469211,Liberato Cacace,Defender,Left-Back,New Zealand,27/9/00,25/3/25,3000000,12,24,0.360449735,402
485960,Lilian Brassier,Defender,Centre-Back,France,2/11/99,3/6/24,12000000,16,24,0.360449735,212
480762,Lisandro Martínez,Defender,Centre-Back,Argentina,18/1/98,15/9/22,50000000,13,24,0.360449735,36
480116,Lloyd Kelly,Defender,Centre-Back,England,6/10/98,20/6/23,18000000,12,24,0.360449735,152
730581,Loïc Badé,Defender,Centre-Back,France,11/4/00,21/3/25,30000000,18,24,0.360449735,89
281963,Lucas Hernández,Defender,Left-Back,France,14/2/96,26/11/20,50000000,13,24,0.360449735,36
468309,Lucas Rosa,Defender,Right-Back,Brazil,3/4/00,28/3/25,3000000,13,24,0.360449735,402
215599,Lukas Klostermann,Defender,Centre-Back,Germany,3/6/96,16/9/20,38000000,15,24,0.360449735,63
282577,Lukas Klünter,Defender,Right-Back,Germany,26/5/96,16/9/20,2800000,8,24,0.360449735,416
284857,Marc Cucurella,Defender,Left-Back,Spain,22/7/98,15/9/22,55000000,15,24,0.360449735,32
392757,Marc Guéhi,Defender,Centre-Back,England,13/7/00,1/10/24,45000000,14,24,0.360449735,45
353365,Marcus Coco,Defender,Right-Back,Guadeloupe,24/6/96,15/10/20,3000000,10,24,0.360449735,402
618341,Mario Gila,Defender,Centre-Back,Spain,29/8/00,17/6/25,30000000,15,24,0.360449735,89
429259,Mark McKenzie,Defender,Centre-Back,United States,25/2/99,9/6/23,8000000,12,24,0.360449735,265
483573,Martín Aguirregabiria,Defender,Right-Back,Spain,10/5/96,8/10/20,4000000,10,24,0.360449735,364
357003,Martin Erlić,Defender,Centre-Back,Croatia,24/1/98,7/6/22,5500000,14,24,0.360449735,323
348623,Mason Holgate,Defender,Centre-Back,Jamaica,22/10/96,8/6/21,20000000,14,24,0.360449735,139
415381,Mats Wieffer,Defender,Right-Back,Netherlands,16/11/99,31/5/24,30000000,16,24,0.360449735,89
239934,Maximilian Ullmann,Defender,Left-Back,Austria,17/6/96,21/12/20,3000000,9,24,0.360449735,402
532775,Melvin Bard,Defender,Left-Back,France,6/11/00,3/6/25,15000000,13,24,0.360449735,178
399775,Miguel Llambrich,Defender,Right-Back,Spain,18/1/96,23/11/20,1600000,9,24,0.360449735,486
287700,Mohamed Fares,Defender,Left-Back,Algeria,15/2/96,25/8/20,7000000,11,24,0.360449735,291
1089202,Moïse Bombito,Defender,Centre-Back,Canada,30/3/00,24/3/25,10000000,9,24,0.360449735,234
460245,Moritz Jenz,Defender,Centre-Back,Germany,30/4/99,22/6/23,7500000,12,24,0.360449735,279
371814,Nathaniel Phillips,Defender,Centre-Back,England,21/3/97,8/6/21,8000000,10,24,0.360449735,265
192635,Nico Elvedi,Defender,Centre-Back,Switzerland,30/9/96,10/2/21,32000000,14,24,0.360449735,78
388795,Oumar Gonzalez,Defender,Centre-Back,Cameroon,25/2/98,2/6/22,2500000,8,24,0.360449735,428
195246,Pascal Stenzel,Defender,Right-Back,Germany,20/3/96,10/2/21,2500000,12,24,0.360449735,428
444725,Patrick Burner,Defender,Right-Back,Martinique,11/4/96,15/10/20,2500000,8,24,0.360449735,428
284248,Paul Jaeckel,Defender,Centre-Back,Germany,22/7/98,21/9/22,7500000,17,24,0.360449735,279
314965,Pedro Pereira,Defender,Right-Back,Portugal,22/1/98,6/6/22,2300000,12,24,0.360449735,445
553875,Pedro Porro,Defender,Right-Back,Spain,13/9/99,19/12/23,45000000,13,24,0.360449735,45
335993,Philipp Treu,Defender,Right-Back,Germany,3/12/00,27/3/25,5000000,18,24,0.360449735,335
386967,Przemysław Wiśniewski,Defender,Centre-Back,Poland,27/7/98,21/3/23,3000000,9,24,0.360449735,402
323379,Racine Coly,Defender,Centre-Back,Senegal,8/12/95,17/8/20,2500000,11,24,0.360449735,428
369684,Rasmus Nissen Kristensen,Defender,Right-Back,Denmark,11/7/97,11/3/22,15000000,13,24,0.360449735,178
620217,Robin Hranac,Defender,Centre-Back,Czech Republic,29/1/00,9/10/24,8000000,13,24,0.360449735,265
524481,Roger Ibañez,Defender,Centre-Back,Brazil,23/11/98,21/3/23,30000000,10,24,0.360449735,89
332798,Roland Sallai,Defender,Right-Back,Hungary,22/5/97,15/7/21,16000000,18,24,0.360449735,166
480267,Ronald Araujo,Defender,Centre-Back,Uruguay,7/3/99,23/3/23,70000000,14,24,0.360449735,12
177046,Rubén Duarte,Defender,Centre-Back,Spain,18/10/95,8/10/20,5000000,9,24,0.360449735,335
196435,Saidy Janko,Defender,Right-Back,The Gambia,22/10/95,31/7/20,2000000,10,24,0.360449735,461
461019,Samuele Birindelli,Defender,Right-Back,Italy,19/7/99,12/3/24,3500000,14,24,0.360449735,381
631927,Saud Abdulhamid,Defender,Right-Back,Saudi Arabia,18/7/99,4/6/24,4000000,11,24,0.360449735,364
366930,Sergio Gómez,Defender,Left-Back,Spain,4/9/00,27/12/24,20000000,13,24,0.360449735,139
413118,Sikou Niakaté,Defender,Centre-Back,Mali,10/7/99,6/6/24,6000000,11,24,0.360449735,315
237666,Silvan Hefti,Defender,Right-Back,Switzerland,25/10/97,15/3/22,5000000,10,24,0.360449735,335
537127,Théo Sainte-Luce,Defender,Left-Back,France,20/10/98,2/11/22,2000000,10,24,0.360449735,461
228948,Thilo Kehrer,Defender,Centre-Back,Germany,21/9/96,15/10/20,28000000,13,24,0.360449735,95
241477,Thomas Ouwejan,Defender,Centre-Back,Netherlands,30/9/96,29/10/20,2500000,12,24,0.360449735,428
569387,Valentin Gendrey,Defender,Right-Back,France,21/6/00,9/10/24,8500000,13,24,0.360449735,256
441170,Valentin Rosier,Defender,Right-Back,France,19/8/96,21/5/21,7500000,18,24,0.360449735,279
422951,Victor Nelsson,Defender,Centre-Back,Denmark,14/10/98,27/9/23,19000000,18,24,0.360449735,147
404842,Vitaliy Mykolenko,Defender,Left-Back,Ukraine,29/5/99,19/12/23,28000000,12,24,0.360449735,95
468249,Vitinho,Defender,Right-Back,Brazil,23/7/99,19/12/23,5000000,12,24,0.360449735,335
292808,Wout Faes,Defender,Centre-Back,Belgium,3/4/98,3/11/22,20000000,13,24,0.360449735,139
592975,Woyo Coulibaly,Defender,Right-Back,Mali,26/5/99,27/12/23,2000000,12,24,0.360449735,461
441986,Yann Bisseck,Defender,Centre-Back,Germany,29/11/00,17/6/25,35000000,14,24,0.360449735,70
416108,Youcef Atal,Defender,Right-Back,Algeria,17/5/96,15/10/20,20000000,12,24,0.360449735,139
559979,Abdel Abqar,Defender,Centre-Back,Morocco,10/3/99,7/6/24,7500000,9,25,0.457671958,280
373433,Adryelson,Defender,Centre-Back,Brazil,23/3/98,11/12/23,8000000,14,25,0.457671958,266
325924,Ahmed Touba,Defender,Centre-Back,Algeria,13/3/98,8/6/23,3300000,12,25,0.457671958,390
585068,Aiham Ousou,Defender,Centre-Back,Syria,9/1/00,12/6/25,2500000,13,25,0.457671958,429
385394,Alberto Dossena,Defender,Centre-Back,Italy,13/10/98,5/6/24,5000000,10,25,0.457671958,336
315853,Alessandro Bastoni,Defender,Centre-Back,Italy,13/4/99,25/3/25,80000000,14,25,0.457671958,5
197747,Alessio Romagnoli,Defender,Centre-Back,Italy,12/1/95,25/8/20,36000000,13,25,0.457671958,66
527838,Álex Petxa,Defender,Right-Back,Spain,6/2/97,3/6/22,1000000,7,25,0.457671958,543
356197,Alfonso Pedraza,Defender,Left-Back,Spain,9/4/96,10/6/21,20000000,15,25,0.457671958,140
190338,Anthony Briançon,Defender,Centre-Back,France,29/11/94,15/10/20,3500000,14,25,0.457671958,382
241889,Antonio Barreca,Defender,Left-Back,Italy,18/3/95,25/8/20,3000000,7,25,0.457671958,403
386047,Axel Disasi,Defender,Centre-Back,France,11/3/98,19/12/23,42000000,17,25,0.457671958,49
335721,Ben White,Defender,Right-Back,England,8/10/97,20/6/23,55000000,15,25,0.457671958,33
631472,Bruno Langa,Defender,Left-Back,Mozambique,31/10/97,16/6/23,1500000,7,25,0.457671958,499
320141,Çağlar Söyüncü,Defender,Centre-Back,Türkiye,23/5/96,25/5/21,45000000,17,25,0.457671958,46
215118,Calum Chambers,Defender,Centre-Back,England,20/1/95,13/10/20,14500000,10,25,0.457671958,186
461883,Calvin Bassey,Defender,Centre-Back,Nigeria,31/12/99,18/3/25,25000000,13,25,0.457671958,112
371686,Carlens Arcus,Defender,Right-Back,Haiti,28/6/96,2/6/22,1800000,9,25,0.457671958,478
382478,Cédric Zesiger,Defender,Centre-Back,Switzerland,24/6/98,18/10/23,7500000,17,25,0.457671958,280
578539,Chris Richards,Defender,Centre-Back,United States,28/3/00,30/5/25,14000000,15,25,0.457671958,193
182904,Clément Lenglet,Defender,Centre-Back,France,17/6/95,8/10/20,50000000,12,25,0.457671958,37
355915,Cristian Romero,Defender,Centre-Back,Argentina,27/4/98,19/12/23,65000000,19,25,0.457671958,18
338637,Daam Foulon,Defender,Left-Back,Belgium,23/3/99,4/6/24,1700000,10,25,0.457671958,482
215099,Daley Sinkgraven,Defender,Left-Back,Netherlands,4/7/95,10/2/21,9000000,16,25,0.457671958,251
401320,Dara O'Shea,Defender,Centre-Back,Ireland,4/3/99,16/12/24,14000000,14,25,0.457671958,193
351755,Darnell Furlong,Defender,Right-Back,England,31/10/95,8/6/21,5000000,7,25,0.457671958,336
469709,David Zec,Defender,Centre-Back,Slovenia,5/1/00,27/3/25,2500000,12,25,0.457671958,429
391780,Derrick Köhn,Defender,Left-Back,Ghana,4/2/99,31/5/24,6000000,15,25,0.457671958,316
295630,Dimitrios Giannoulis,Defender,Left-Back,Greece,17/10/95,30/6/21,7000000,12,25,0.457671958,292
357156,Diogo Leite,Defender,Centre-Back,Portugal,23/1/99,20/12/24,17000000,12,25,0.457671958,161
257376,Domingos Duarte,Defender,Centre-Back,Portugal,10/3/95,5/1/21,12000000,14,25,0.457671958,213
450417,Dylan Bronn,Defender,Centre-Back,Tunisia,19/6/95,7/1/21,6000000,9,25,0.457671958,316
401530,Éder Militão,Defender,Centre-Back,Brazil,18/1/98,23/3/23,70000000,10,25,0.457671958,13
401624,Edgar González,Defender,Centre-Back,Spain,1/4/97,7/11/22,10000000,13,25,0.457671958,235
564545,Edmond Tapsoba,Defender,Centre-Back,Burkina Faso,2/2/99,29/5/24,45000000,13,25,0.457671958,46
206717,Eduard Sobol,Defender,Left-Back,Ukraine,20/4/95,16/10/20,3500000,11,25,0.457671958,382
392956,Enrico Delprato,Defender,Right-Back,Italy,10/11/99,17/6/25,6500000,11,25,0.457671958,302
302991,Erick Cabaco,Defender,Centre-Back,Uruguay,19/4/95,8/10/20,3000000,10,25,0.457671958,403
282199,Erik Palmer-Brown,Defender,Centre-Back,United States,24/4/97,30/5/22,3000000,13,25,0.457671958,403
384859,Fabien Centonze,Defender,Right-Back,France,16/1/96,9/4/21,8000000,13,25,0.457671958,266
520530,Fali Candé,Defender,Centre-Back,Guinea-Bissau,24/1/98,16/6/23,2500000,15,25,0.457671958,429
200194,Federico Mattiello,Defender,Right-Back,Italy,14/7/95,25/8/20,2000000,7,25,0.457671958,462
393512,Felix Agu,Defender,Left-Back,Nigeria,27/9/99,5/6/25,8000000,16,25,0.457671958,266
291417,Ferland Mendy,Defender,Left-Back,France,8/6/95,19/3/21,50000000,13,25,0.457671958,37
357884,Fernando Calero,Defender,Centre-Back,Spain,14/9/95,8/10/20,3500000,9,25,0.457671958,382
341264,Fran García,Defender,Left-Back,Spain,14/8/99,9/6/25,18000000,15,25,0.457671958,153
371436,Francisco Sierralta,Defender,Centre-Back,Chile,6/5/97,14/9/22,2000000,9,25,0.457671958,462
354352,Frédéric Guilbert,Defender,Right-Back,France,24/12/94,13/10/20,7000000,12,25,0.457671958,292
362108,Gabriel Gudmundsson,Defender,Left-Back,Sweden,29/4/99,24/3/25,9000000,14,25,0.457671958,251
364409,Gabriel Osho,Defender,Centre-Back,Nigeria,14/8/98,14/3/24,3000000,9,25,0.457671958,403
805886,Gaby Jean,Defender,Centre-Back,France,19/2/00,25/3/25,2000000,9,25,0.457671958,462
395685,Gédéon Kalulu,Defender,Right-Back,DR Congo,29/8/97,27/3/23,5000000,12,25,0.457671958,336
378953,Gerzino Nyamsi,Defender,Centre-Back,Cameroon,22/1/97,30/5/22,7500000,13,25,0.457671958,280
310458,Giangiacomo Magnani,Defender,Centre-Back,Italy,4/10/95,23/3/21,5000000,11,25,0.457671958,336
191217,Héctor Bellerín,Defender,Right-Back,Spain,19/3/95,13/10/20,32000000,13,25,0.457671958,79
515624,Henri Koudossou,Defender,Right-Back,Germany,3/9/99,5/6/25,2000000,10,25,0.457671958,462
353892,Hiroki Ito,Defender,Centre-Back,Japan,12/5/99,29/5/24,30000000,14,25,0.457671958,90
207715,Ibrahima Mbaye,Defender,Right-Back,Senegal,19/11/94,25/8/20,2000000,7,25,0.457671958,462
391720,Igor Silva,Defender,Right-Back,Brazil,21/8/96,8/10/21,2500000,11,25,0.457671958,429
503075,Isak Hien,Defender,Centre-Back,Sweden,13/1/99,18/12/24,30000000,12,25,0.457671958,90
375881,Ismaël Diallo,Defender,Left-Back,Cote d'Ivoire,29/1/97,2/6/22,1500000,7,25,0.457671958,499
371851,Jaka Bijol,Defender,Centre-Back,Slovenia,5/2/99,18/12/24,18000000,12,25,0.457671958,153
488755,Jakov Medic,Defender,Centre-Back,Croatia,7/9/98,15/12/23,2500000,14,25,0.457671958,429
277114,Jason Denayer,Defender,Centre-Back,Belgium,28/6/95,9/4/21,25000000,11,25,0.457671958,112
422466,Javi Hernández,Defender,Left-Back,Spain,2/5/98,13/10/23,3000000,13,25,0.457671958,403
182894,Jean-Philippe Gbamin,Defender,Centre-Back,Cote d'Ivoire,25/9/95,13/10/20,20000000,9,25,0.457671958,140
147359,Jeremy Dudziak,Defender,Left-Back,Germany,28/8/95,8/2/21,2500000,8,25,0.457671958,429
488626,Jesús Areso,Defender,Right-Back,Spain,2/7/99,9/6/25,12000000,14,25,0.457671958,213
413565,Jhon Lucumí,Defender,Centre-Back,Colombia,26/6/98,5/6/24,17000000,12,25,0.457671958,161
396174,Jimmy Dunne,Defender,Right-Back,Ireland,19/10/97,1/6/23,4000000,10,25,0.457671958,365
532937,Johan Vásquez,Defender,Centre-Back,Mexico,22/10/98,5/6/24,10000000,10,25,0.457671958,235
609361,José Fontán,Defender,Centre-Back,Spain,11/2/00,30/5/25,2000000,12,25,0.457671958,462
250845,José María Giménez,Defender,Centre-Back,Uruguay,20/1/95,8/10/20,70000000,13,25,0.457671958,13
483046,Josip Stanisic,Defender,Right-Back,Croatia,2/4/00,5/6/25,32000000,16,25,0.457671958,79
461843,Juan Berrocal,Defender,Centre-Back,Spain,5/2/99,11/10/24,2200000,15,25,0.457671958,448
341227,Juan Miranda,Defender,Left-Back,Spain,19/1/00,17/6/25,15000000,14,25,0.457671958,179
794349,Julien Le Cardinal,Defender,Centre-Back,France,3/8/97,27/3/23,2500000,11,25,0.457671958,429
182579,Karim Rekik,Defender,Centre-Back,Netherlands,2/12/94,16/9/20,8500000,11,25,0.457671958,257
263801,Kasim Adams,Defender,Centre-Back,Ghana,22/6/95,16/9/20,2500000,10,25,0.457671958,429
160241,Kevin Akpoguma,Defender,Centre-Back,Nigeria,19/4/95,26/11/20,6000000,12,25,0.457671958,316
247377,Kevin Bonifazi,Defender,Centre-Back,Italy,19/5/96,3/6/21,7000000,13,25,0.457671958,292
263236,Kevin Danso,Defender,Centre-Back,Austria,19/9/98,19/3/24,25000000,16,25,0.457671958,112
481513,Koffi Kouao,Defender,Right-Back,Cote d'Ivoire,20/5/98,16/6/23,2000000,11,25,0.457671958,462
233124,Kortney Hause,Defender,Centre-Back,England,16/7/95,13/10/20,6500000,12,25,0.457671958,302
341051,Kyle Walker-Peters,Defender,Right-Back,England,13/4/97,15/9/22,25000000,15,25,0.457671958,112
345911,Ladislav Krejci,Defender,Centre-Back,Czech Republic,20/4/99,27/12/24,12000000,13,25,0.457671958,213
575998,Leonardo Balerdi,Defender,Centre-Back,Argentina,26/1/99,3/6/24,20000000,11,25,0.457671958,140
340707,Leonardo Sernicola,Defender,Left-Back,Italy,30/7/97,15/6/23,2000000,7,25,0.457671958,462
346561,Luca Ranieri,Defender,Centre-Back,Italy,23/4/99,18/12/24,12000000,12,25,0.457671958,213
287367,Luca Vignali,Defender,Right-Back,Italy,11/1/96,29/12/21,1300000,8,25,0.457671958,516
373373,Lucas Martínez Quarta,Defender,Centre-Back,Argentina,10/5/96,28/12/21,15000000,13,25,0.457671958,179
345189,Luka Lochoshvili,Defender,Centre-Back,Georgia,29/5/98,15/6/23,1800000,9,25,0.457671958,478
527425,Luke Woolfenden,Defender,Centre-Back,England,21/10/98,24/5/24,2000000,7,25,0.457671958,462
391005,Mads Roerslev,Defender,Right-Back,Denmark,24/6/99,16/12/24,12000000,12,25,0.457671958,213
439022,Marcão,Defender,Centre-Back,Brazil,5/6/96,4/1/22,15000000,18,25,0.457671958,179
196084,Marco Meyerhöfer,Defender,Right-Back,Germany,18/11/95,7/10/21,2500000,9,25,0.457671958,429
281769,Mario Hermoso,Defender,Centre-Back,Spain,18/6/95,19/3/21,35000000,17,25,0.457671958,71
273236,Marlon,Defender,Centre-Back,Brazil,7/9/95,3/9/21,10000000,14,25,0.457671958,235
196231,Marvin Friedrich,Defender,Centre-Back,Germany,13/12/95,9/6/21,10000000,12,25,0.457671958,235
433388,Matej Maglica,Defender,Centre-Back,Croatia,25/9/98,14/12/23,2000000,11,25,0.457671958,462
601883,Matheus Nunes,Defender,Right-Back,Portugal,27/8/98,9/10/23,55000000,18,25,0.457671958,33
245893,Matt Miazga,Defender,Centre-Back,United States,19/7/95,7/6/21,3000000,7,25,0.457671958,403
250478,Matt Targett,Defender,Left-Back,England,18/9/95,18/3/21,17000000,12,25,0.457671958,161
344886,Matthieu Udol,Defender,Left-Back,France,20/3/96,8/10/21,3500000,9,25,0.457671958,382
324819,Maxime Bernauer,Defender,Centre-Back,France,1/7/98,4/6/24,2000000,11,25,0.457671958,462
263361,Maximilian Wöber,Defender,Centre-Back,Austria,4/2/98,20/6/23,14000000,9,25,0.457671958,193
566025,Mohamed Abdelmonem,Defender,Centre-Back,Egypt,1/2/99,3/10/24,4000000,12,25,0.457671958,365
496706,Montassar Talbi,Defender,Centre-Back,Tunisia,26/5/98,27/6/23,8000000,13,25,0.457671958,266
291200,Moussa Niakhaté,Defender,Centre-Back,Senegal,8/3/96,22/12/21,18000000,10,25,0.457671958,153
392966,Nadir Zortea,Defender,Right-Back,Italy,19/6/99,17/6/25,5000000,13,25,0.457671958,336
424042,Nahuel Molina,Defender,Right-Back,Argentina,6/4/98,13/10/23,50000000,17,25,0.457671958,37
533568,Nahuel Tenaglia,Defender,Right-Back,Argentina,21/2/96,20/10/21,5200000,13,25,0.457671958,328
171399,Nicola Murru,Defender,Left-Back,Italy,16/12/94,25/8/20,5000000,7,25,0.457671958,336
389837,Nicolò Casale,Defender,Centre-Back,Italy,14/2/98,15/6/23,22000000,16,25,0.457671958,130
162434,Niklas Stark,Defender,Centre-Back,Germany,14/4/95,8/7/20,13000000,15,25,0.457671958,202
166601,Niklas Süle,Defender,Centre-Back,Germany,3/9/95,10/2/21,37000000,12,25,0.457671958,65
258475,Nikola Maras,Defender,Centre-Back,Serbia,19/12/95,8/1/21,1500000,9,25,0.457671958,499
379168,Noah Fadiga,Defender,Right-Back,Senegal,3/12/99,11/12/24,3000000,12,25,0.457671958,403
353032,Omar Alderete,Defender,Centre-Back,Paraguay,26/12/96,3/6/22,10000000,17,25,0.457671958,235
251876,Pablo Maffeo,Defender,Right-Back,Argentina,12/7/97,23/3/23,8000000,14,25,0.457671958,266
349599,Pervis Estupiñán,Defender,Left-Back,Ecuador,21/1/98,9/10/23,35000000,15,25,0.457671958,71
282041,Presnel Kimpembe,Defender,Centre-Back,France,13/8/95,7/1/21,40000000,15,25,0.457671958,57
198006,Rafa Soares,Defender,Left-Back,Portugal,9/5/95,8/10/20,2400000,9,25,0.457671958,439
284732,Ramy Bensebaini,Defender,Centre-Back,Algeria,16/4/95,10/2/21,22000000,14,25,0.457671958,130
146163,Raphael Framberger,Defender,Right-Back,Germany,6/9/95,26/11/20,2000000,10,25,0.457671958,462
264220,Reece Burke,Defender,Centre-Back,England,2/9/96,13/5/22,1800000,7,25,0.457671958,478
297645,Riccardo Marchizza,Defender,Left-Back,Italy,26/3/98,20/12/23,2500000,11,25,0.457671958,429
339556,Rico Henry,Defender,Left-Back,Jamaica,8/7/97,20/6/23,28000000,15,25,0.457671958,96
253341,Rob Holding,Defender,Centre-Back,England,20/9/95,8/6/21,18000000,13,25,0.457671958,153
401527,Rogério,Defender,Left-Back,Brazil,13/1/98,18/10/23,7500000,12,25,0.457671958,280
318523,Romain Perraud,Defender,Left-Back,France,22/9/97,16/3/23,12000000,12,25,0.457671958,213
588426,Saúl Coco,Defender,Centre-Back,Equatorial Guinea,9/2/99,7/6/24,8000000,13,25,0.457671958,266
255906,Scott McKenna,Defender,Centre-Back,Scotland,12/11/96,3/11/22,10000000,11,25,0.457671958,235
678406,Sergi Cardona,Defender,Left-Back,Spain,8/7/99,9/6/25,10000000,16,25,0.457671958,235
355627,Sergio Akieme,Defender,Left-Back,Spain,16/12/97,23/3/23,9000000,12,25,0.457671958,251
400131,Siebe Van der Heyden,Defender,Centre-Back,Belgium,30/5/98,9/6/23,4000000,12,25,0.457671958,365
296356,Souleyman Doumbia,Defender,Left-Back,Cote d'Ivoire,24/9/96,30/5/22,3000000,9,25,0.457671958,403
331560,Takehiro Tomiyasu,Defender,Centre-Back,Japan,5/11/98,27/5/24,35000000,13,25,0.457671958,71
339808,Theo Hernández,Defender,Left-Back,France,6/10/97,23/12/22,60000000,11,25,0.457671958,24
340177,Thibault De Smet,Defender,Left-Back,Belgium,5/6/98,18/12/23,4000000,10,25,0.457671958,365
187491,Timo Baumgartl,Defender,Centre-Back,Germany,4/3/96,22/12/21,5000000,9,25,0.457671958,336
262226,Timothy Castagne,Defender,Right-Back,Belgium,5/12/95,26/5/21,28000000,13,25,0.457671958,96
206386,Tin Jedvaj,Defender,Centre-Back,Croatia,28/11/95,10/2/21,5000000,11,25,0.457671958,336
346314,Trevoh Chalobah,Defender,Centre-Back,England,5/7/99,30/5/25,25000000,15,25,0.457671958,112
407885,Wajdi Kechrida,Defender,Right-Back,Tunisia,5/11/95,19/6/21,1500000,9,25,0.457671958,499
341710,William,Defender,Right-Back,Brazil,3/4/95,16/9/20,10000000,9,25,0.457671958,235
255488,Yeray Álvarez,Defender,Centre-Back,Spain,24/1/95,8/10/20,24000000,10,25,0.457671958,120
274484,Youssouf Koné,Defender,Left-Back,Mali,5/7/95,8/10/20,4000000,11,25,0.457671958,365
674612,Youssouf Ndayishimiye,Defender,Centre-Back,Burundi,27/10/98,18/12/23,18000000,16,25,0.457671958,153
398073,Achraf Hakimi,Defender,Right-Back,Morocco,4/11/98,3/6/25,80000000,14,26,0.556216931,6
286949,Adam Masina,Defender,Centre-Back,Morocco,2/1/94,15/10/20,4500000,11,26,0.556216931,352
517842,Aihen Muñoz,Defender,Left-Back,Spain,16/8/97,22/12/23,8000000,9,26,0.556216931,267
169179,Alan Empereur,Defender,Centre-Back,Brazil,10/3/94,25/8/20,1000000,9,26,0.556216931,544
386446,Alessandro Buongiorno,Defender,Centre-Back,Italy,6/6/99,17/6/25,50000000,15,26,0.556216931,38
197491,Alex Ferrari,Defender,Centre-Back,Italy,1/7/94,25/8/20,2000000,7,26,0.556216931,463
111227,Andrea Conti,Defender,Right-Back,Italy,2/3/94,25/8/20,10000000,9,26,0.556216931,236
527966,Andrei Rațiu,Defender,Right-Back,Romania,20/6/98,21/3/25,12000000,16,26,0.556216931,214
234803,Andrew Robertson,Defender,Left-Back,Scotland,11/3/94,13/10/20,75000000,10,26,0.556216931,9
181380,Arthur Masuaku,Defender,Left-Back,DR Congo,7/11/93,13/10/20,7500000,16,26,0.556216931,281
258039,Aurélio Buta,Defender,Right-Back,Portugal,10/2/97,22/6/23,8000000,14,26,0.556216931,267
176553,Aymeric Laporte,Defender,Centre-Back,Spain,27/5/94,13/10/20,60000000,10,26,0.556216931,25
202591,Benjamin Henrichs,Defender,Right-Back,Germany,23/2/97,18/10/23,20000000,12,26,0.556216931,141
157495,Benjamin Mendy,Defender,Left-Back,France,17/7/94,13/10/20,28000000,8,26,0.556216931,97
516716,Bremer,Defender,Centre-Back,Brazil,18/3/97,12/3/24,60000000,17,26,0.556216931,25
585982,Carlos Augusto,Defender,Left-Back,Brazil,7/1/99,17/6/25,26000000,13,26,0.556216931,104
364827,Cédric Kipré,Defender,Centre-Back,Cote d'Ivoire,9/12/96,1/6/23,2200000,7,26,0.556216931,449
387687,César Montes,Defender,Centre-Back,Mexico,24/2/97,23/3/23,8000000,14,26,0.556216931,267
376856,Charlie Goode,Defender,Centre-Back,England,3/8/95,23/12/21,1000000,9,26,0.556216931,544
159844,Christopher Lenz,Defender,Left-Back,Germany,22/9/94,10/2/21,5000000,11,26,0.556216931,337
312862,Dalbert,Defender,Left-Back,Brazil,8/9/93,25/8/20,9000000,9,26,0.556216931,252
162959,Daniele Rugani,Defender,Centre-Back,Italy,29/7/94,25/8/20,12000000,12,26,0.556216931,214
199927,Davide Biraschi,Defender,Centre-Back,Italy,2/7/94,25/8/20,3500000,13,26,0.556216931,383
401529,Dodô,Defender,Right-Back,Brazil,17/11/98,17/6/25,24000000,11,26,0.556216931,121
200056,Elseid Hysaj,Defender,Right-Back,Albania,2/2/94,25/8/20,14000000,11,26,0.556216931,194
181778,Emerson,Defender,Left-Back,Italy,3/8/94,13/10/20,18000000,14,26,0.556216931,154
286596,Emir Karic,Defender,Left-Back,Bosnia-Herzegovina,9/6/97,18/10/23,1000000,10,26,0.556216931,544
683895,Emmanuel Agbadou,Defender,Centre-Back,Cote d'Ivoire,17/6/97,19/3/24,9000000,13,26,0.556216931,252
119296,Emre Can,Defender,Centre-Back,Germany,12/1/94,16/9/20,26000000,13,26,0.556216931,104
282700,Enric Franquesa,Defender,Left-Back,Spain,26/2/97,13/10/23,1000000,8,26,0.556216931,544
286384,Eric Bailly,Defender,Centre-Back,Cote d'Ivoire,12/4/94,13/10/20,17500000,15,26,0.556216931,158
413403,Ezri Konsa,Defender,Centre-Back,England,23/10/97,19/12/23,35000000,12,26,0.556216931,72
351955,Federico Baschirotto,Defender,Centre-Back,Italy,20/9/96,21/3/23,8000000,13,26,0.556216931,267
509022,Federico Gatti,Defender,Centre-Back,Italy,24/6/98,18/10/24,25000000,12,26,0.556216931,113
435338,Gabriel,Defender,Centre-Back,Brazil,19/12/97,1/10/24,75000000,16,26,0.556216931,9
412092,Gaëtan Paquiez,Defender,Right-Back,France,15/2/94,15/10/20,1000000,7,26,0.556216931,544
836441,Gaspar,Defender,Centre-Back,Angola,27/9/97,6/6/24,1500000,5,26,0.556216931,500
189452,Gastón Silva,Defender,Left-Back,Uruguay,5/3/94,8/10/20,1800000,10,26,0.556216931,479
311178,Georgios Kyriakopoulos,Defender,Left-Back,Greece,5/2/96,15/3/22,5000000,12,26,0.556216931,337
422850,Ghislain Konan,Defender,Left-Back,Cote d'Ivoire,27/12/95,2/12/22,8000000,7,26,0.556216931,267
247661,Gideon Jung,Defender,Centre-Back,Germany,12/9/94,18/11/20,1200000,7,26,0.556216931,525
397171,Gideon Mensah,Defender,Left-Back,Ghana,18/7/98,3/6/25,4000000,11,26,0.556216931,366
275303,Hans Hateboer,Defender,Right-Back,Netherlands,9/1/94,25/8/20,18000000,13,26,0.556216931,154
290017,Hassane Kamara,Defender,Left-Back,Cote d'Ivoire,5/3/94,15/10/20,8000000,13,26,0.556216931,267
380350,Igor Julio,Defender,Centre-Back,Brazil,7/2/98,16/12/24,22000000,13,26,0.556216931,131
363223,Jack Hendry,Defender,Centre-Back,Scotland,7/5/95,6/1/22,6000000,10,26,0.556216931,317
212829,Jack O'Connell,Defender,Centre-Back,England,29/3/94,13/10/20,9500000,8,26,0.556216931,245
183318,Jamaal Lascelles,Defender,Centre-Back,England,11/11/93,13/10/20,14500000,11,26,0.556216931,187
162029,Javier Manquillo,Defender,Right-Back,Spain,5/5/94,13/10/20,4000000,10,26,0.556216931,366
303219,Jeff Chabot,Defender,Centre-Back,Germany,12/2/98,9/10/24,12000000,14,26,0.556216931,214
131827,Jere Uronen,Defender,Left-Back,Finland,13/7/94,4/1/21,3000000,9,26,0.556216931,404
129674,Jeremy Toljan,Defender,Right-Back,Germany,8/8/94,25/8/20,5000000,9,26,0.556216931,337
146258,Jetro Willems,Defender,Centre-Back,Netherlands,30/3/94,16/9/20,4500000,10,26,0.556216931,352
415970,Joe Worrall,Defender,Centre-Back,England,10/1/97,20/6/23,12000000,11,26,0.556216931,214
189453,Jonathan Silva,Defender,Left-Back,Argentina,29/6/94,8/10/20,3200000,10,26,0.556216931,392
241229,Jordan Amavi,Defender,Left-Back,France,9/3/94,15/10/20,10000000,10,26,0.556216931,236
221322,José Gayà,Defender,Left-Back,Spain,25/5/95,30/12/21,40000000,14,26,0.556216931,58
453376,Joseph Okumu,Defender,Centre-Back,Kenya,26/5/97,16/10/23,9000000,11,26,0.556216931,252
370789,Julian Ryerson,Defender,Right-Back,Norway,17/11/97,29/5/24,20000000,14,26,0.556216931,141
252345,Ken Sema,Defender,Left-Back,Sweden,30/9/93,25/8/20,4800000,8,26,0.556216931,345
183321,Kevin Mbabu,Defender,Right-Back,Switzerland,19/4/95,7/10/21,14000000,13,26,0.556216931,194
206947,Kévin Rodrigues,Defender,Left-Back,Portugal,5/3/94,8/10/20,3500000,16,26,0.556216931,383
355816,Ko Itakura,Defender,Centre-Back,Japan,27/1/97,18/10/23,15000000,17,26,0.556216931,180
415912,Konstantinos Mavropanos,Defender,Centre-Back,Greece,11/12/97,27/5/24,20000000,13,26,0.556216931,141
148967,Konstantinos Stafylidis,Defender,Left-Back,Greece,2/12/93,16/9/20,2000000,8,26,0.556216931,463
115763,Koray Günter,Defender,Centre-Back,Germany,16/8/94,23/3/21,5000000,16,26,0.556216931,337
331779,Kristian Pedersen,Defender,Left-Back,Denmark,4/8/94,15/10/20,4000000,11,26,0.556216931,366
157509,Kurt Zouma,Defender,Centre-Back,France,27/10/94,17/12/20,35000000,13,26,0.556216931,72
236400,Léo Dubois,Defender,Right-Back,France,14/9/94,9/4/21,16000000,17,26,0.556216931,167
240219,Lorenzo Venuti,Defender,Right-Back,Italy,12/4/95,3/6/21,3000000,9,26,0.556216931,404
216240,Lucas Olaza,Defender,Left-Back,Uruguay,21/7/94,5/1/21,6000000,13,26,0.556216931,317
170646,Ludwig Augustinsson,Defender,Left-Back,Sweden,21/4/94,10/2/21,10000000,14,26,0.556216931,236
183288,Luke Shaw,Defender,Left-Back,England,12/7/95,15/7/21,42000000,18,26,0.556216931,50
288429,Mads Pedersen,Defender,Left-Back,Denmark,1/9/96,22/6/23,3500000,13,26,0.556216931,383
242661,Manolis Saliakas,Defender,Right-Back,Greece,12/9/96,31/3/23,1500000,9,26,0.556216931,500
160938,Marc Oliver Kempf,Defender,Centre-Back,Germany,28/1/95,9/6/21,8000000,8,26,0.556216931,267
282411,Marcos Llorente,Defender,Right-Back,Spain,30/1/95,31/5/21,80000000,15,26,0.556216931,6
488785,Martin Frese,Defender,Left-Back,Denmark,4/1/98,10/6/24,2000000,10,26,0.556216931,463
208172,Mateusz Wieteska,Defender,Centre-Back,Poland,11/2/97,11/10/23,4000000,15,26,0.556216931,366
237162,Matthias Bader,Defender,Right-Back,Germany,17/6/97,14/12/23,2500000,12,26,0.556216931,430
124502,Matthias Ginter,Defender,Centre-Back,Germany,19/1/94,26/11/20,35000000,13,26,0.556216931,72
176139,Mattia Bani,Defender,Centre-Back,Italy,10/12/93,25/8/20,3200000,10,26,0.556216931,392
197470,Mattia Caldara,Defender,Centre-Back,Italy,5/5/94,25/8/20,11000000,12,26,0.556216931,224
425334,Matty Cash,Defender,Right-Back,Poland,7/8/97,19/12/23,28000000,11,26,0.556216931,97
196793,Maximilian Wittek,Defender,Left-Back,Germany,21/8/95,8/6/22,2500000,13,26,0.556216931,430
369267,Maximiliano Caufriez,Defender,Centre-Back,Belgium,16/2/97,16/10/23,3000000,13,26,0.556216931,404
583510,Miguel Rubio,Defender,Centre-Back,Spain,11/3/98,7/6/24,1500000,10,26,0.556216931,500
271455,Mihailo Ristic,Defender,Left-Back,Serbia,31/10/95,23/3/22,3500000,12,26,0.556216931,383
204069,Milan Škriniar,Defender,Centre-Back,Slovakia,11/2/95,28/12/21,65000000,15,26,0.556216931,19
503482,Min-jae Kim,Defender,Centre-Back,"Korea, South",15/11/96,15/6/23,60000000,15,26,0.556216931,25
119211,Mitchell Weiser,Defender,Right-Back,Germany,21/4/94,16/9/20,7000000,15,26,0.556216931,293
231572,Nélson Semedo,Defender,Right-Back,Portugal,16/11/93,23/7/20,40000000,15,26,0.556216931,58
557939,Neto Borges,Defender,Left-Back,Brazil,13/9/96,27/6/23,4000000,11,26,0.556216931,366
426790,Ngonda Muzinga,Defender,Left-Back,DR Congo,31/12/94,7/1/21,1000000,8,26,0.556216931,544
203853,Oleksandr Zinchenko,Defender,Left-Back,Ukraine,15/12/96,20/6/23,42000000,16,26,0.556216931,50
388294,Omar Traoré,Defender,Right-Back,Germany,4/2/98,20/12/24,4000000,14,26,0.556216931,366
144244,Pantelis Hatzidiakos,Defender,Centre-Back,Greece,18/1/97,23/6/23,4000000,9,26,0.556216931,366
364234,Pape Abou Cissé,Defender,Centre-Back,Senegal,14/9/95,22/2/22,8000000,12,26,0.556216931,267
221611,Paulo Otávio,Defender,Left-Back,Brazil,23/11/94,9/6/21,8000000,9,26,0.556216931,267
248732,Paweł Dawidowicz,Defender,Centre-Back,Poland,20/5/95,28/12/21,5000000,12,26,0.556216931,337
225657,Philipp Lienhart,Defender,Centre-Back,Austria,11/7/96,9/11/22,20000000,11,26,0.556216931,141
536156,Pierre Cornud,Defender,Left-Back,France,12/12/96,29/5/23,1200000,12,26,0.556216931,525
239099,Pietro Ceccaroni,Defender,Centre-Back,Italy,21/12/95,28/12/21,2500000,7,26,0.556216931,430
283227,Rasmus Nicolaisen,Defender,Centre-Back,Denmark,16/3/97,27/6/23,6000000,11,26,0.556216931,317
314944,Ricardo Mangas,Defender,Left-Back,Portugal,19/3/98,6/6/24,4000000,13,26,0.556216931,366
205006,Rick Karsdorp,Defender,Right-Back,Netherlands,11/2/95,14/10/21,15000000,15,26,0.556216931,180
273132,Robin Gosens,Defender,Left-Back,Germany,5/7/94,23/3/21,35000000,15,26,0.556216931,72
328784,Robin Koch,Defender,Centre-Back,Germany,17/7/96,3/11/22,18000000,12,26,0.556216931,154
258004,Rúben Dias,Defender,Centre-Back,Portugal,14/5/97,20/6/23,80000000,14,26,0.556216931,6
433984,Sam Beukema,Defender,Centre-Back,Netherlands,17/11/98,17/6/25,28000000,15,26,0.556216931,97
126540,Samuel Umtiti,Defender,Centre-Back,France,14/11/93,8/10/20,20000000,12,26,0.556216931,141
438001,Santiago Bueno,Defender,Centre-Back,Uruguay,9/11/98,30/5/25,10000000,14,26,0.556216931,236
596240,Senou Coulibaly,Defender,Centre-Back,Mali,4/9/94,4/6/21,1000000,7,26,0.556216931,544
223974,Stefan Posch,Defender,Centre-Back,Austria,14/5/97,15/6/23,14000000,12,26,0.556216931,194
230140,Stian Gregersen,Defender,Centre-Back,Norway,17/5/95,8/10/21,2000000,7,26,0.556216931,463
152651,Terence Kongolo,Defender,Centre-Back,Netherlands,14/2/94,15/10/20,6500000,7,26,0.556216931,303
236981,Timo Hübers,Defender,Centre-Back,Germany,20/7/96,22/6/23,8500000,12,26,0.556216931,258
284595,Tommaso Augello,Defender,Left-Back,Italy,30/8/94,3/6/21,4000000,11,26,0.556216931,366
320271,Toni Lato,Defender,Left-Back,Spain,21/11/97,7/6/24,3500000,13,26,0.556216931,383
258878,Tosin Adarabioyo,Defender,Centre-Back,England,24/9/97,27/5/24,20000000,16,26,0.556216931,141
606718,Toti,Defender,Centre-Back,Portugal,16/1/99,30/5/25,28000000,13,26,0.556216931,97
184573,Victor Lindelöf,Defender,Centre-Back,Sweden,17/7/94,13/10/20,24000000,11,26,0.556216931,121
228433,Wendell,Defender,Left-Back,Brazil,20/7/93,8/7/20,10000000,13,26,0.556216931,236
253765,Wesley Hoedt,Defender,Centre-Back,Netherlands,6/3/94,29/10/20,6000000,10,26,0.556216931,317
257388,Wilson Manafá,Defender,Right-Back,Portugal,23/7/94,21/5/21,7000000,13,26,0.556216931,293
289446,Yerry Mina,Defender,Centre-Back,Colombia,23/9/94,13/10/20,20000000,13,26,0.556216931,141
358165,Yordan Osorio,Defender,Centre-Back,Venezuela,10/5/94,29/12/20,4000000,8,26,0.556216931,366
295414,Adrián Marín,Defender,Left-Back,Spain,9/1/97,8/10/24,2000000,12,27,0.64021164,464
327863,Akim Zedadka,Defender,Right-Back,Algeria,30/5/95,30/5/22,4000000,15,27,0.64021164,367
255755,Alex Telles,Defender,Left-Back,Brazil,15/12/92,17/8/20,40000000,11,27,0.64021164,59
250844,Alexander Djiku,Defender,Centre-Back,Ghana,9/8/94,30/5/22,10000000,12,27,0.64021164,237
196948,Andreas Christensen,Defender,Centre-Back,Denmark,10/4/96,13/6/23,40000000,10,27,0.64021164,59
370683,Andreas Hanche-Olsen,Defender,Centre-Back,Norway,17/1/97,29/5/24,9000000,14,27,0.64021164,253
453016,Anthony Caci,Defender,Right-Back,France,1/7/97,5/6/25,12000000,16,27,0.64021164,215
349701,Antonee Robinson,Defender,Left-Back,United States,8/8/97,18/3/25,35000000,14,27,0.64021164,73
229804,Aritz Elustondo,Defender,Centre-Back,Spain,28/3/94,30/12/21,20000000,14,27,0.64021164,142
227084,Benedikt Gimber,Defender,Centre-Back,Germany,19/2/97,20/12/24,3000000,14,27,0.64021164,405
353366,Benjamin Pavard,Defender,Centre-Back,France,28/3/96,12/3/24,50000000,15,27,0.64021164,39
160968,Benno Schmitz,Defender,Right-Back,Germany,17/11/94,9/6/22,3000000,10,27,0.64021164,405
282250,Birger Meling,Defender,Left-Back,Norway,17/12/94,30/5/22,7000000,13,27,0.64021164,294
147038,Cédric Brunner,Defender,Right-Back,Switzerland,17/2/94,7/10/21,3200000,9,27,0.64021164,393
136514,Charalampos Lykogiannis,Defender,Left-Back,Greece,22/10/93,3/6/21,2500000,12,27,0.64021164,431
195633,Charlie Taylor,Defender,Left-Back,England,18/9/93,13/10/20,4000000,11,27,0.64021164,367
77812,Christoph Zimmermann,Defender,Centre-Back,Germany,12/1/93,15/10/20,2500000,10,27,0.64021164,431
201737,Christopher Jullien,Defender,Centre-Back,Guadeloupe,22/3/93,21/7/20,6000000,9,27,0.64021164,318
469976,Christopher Operi,Defender,Left-Back,Cote d'Ivoire,29/4/97,3/6/24,4000000,10,27,0.64021164,367
214666,Connor Roberts,Defender,Right-Back,Wales,23/9/95,1/6/23,8000000,11,27,0.64021164,268
128901,Conor Coady,Defender,Centre-Back,England,25/2/93,13/10/20,25000000,15,27,0.64021164,114
326416,Dani Calvo,Defender,Centre-Back,Spain,1/4/94,10/6/21,1500000,7,27,0.64021164,501
214056,Daniel Amartey,Defender,Centre-Back,Ghana,21/12/94,15/9/22,15000000,14,27,0.64021164,181
85906,Danny da Costa,Defender,Centre-Back,Germany,13/7/93,16/9/20,7000000,14,27,0.64021164,294
255916,DeAndre Yedlin,Defender,Right-Back,United States,9/7/93,13/10/20,5000000,9,27,0.64021164,338
184575,Denys Bain,Defender,Centre-Back,France,2/7/93,15/10/20,2000000,8,27,0.64021164,464
328609,Derek Cornelius,Defender,Centre-Back,Canada,25/11/97,24/3/25,5000000,15,27,0.64021164,338
329145,Diego Carlos,Defender,Centre-Back,Brazil,15/3/93,23/7/20,50000000,16,27,0.64021164,39
349836,Diego González,Defender,Centre-Back,Spain,28/1/95,3/6/22,2000000,8,27,0.64021164,464
246291,Diego Llorente,Defender,Centre-Back,Spain,16/8/93,13/10/20,20000000,11,27,0.64021164,142
249513,Diego Rico,Defender,Left-Back,Spain,23/2/93,15/10/20,6000000,13,27,0.64021164,318
118847,Dominik Kohr,Defender,Centre-Back,Germany,31/1/94,9/6/21,6000000,12,27,0.64021164,318
110036,Dominique Heintz,Defender,Centre-Back,Germany,15/8/93,10/2/21,6000000,10,27,0.64021164,318
242940,Edoardo Goldaniga,Defender,Centre-Back,Italy,2/11/93,29/12/20,2000000,9,27,0.64021164,464
184528,Emil Krafth,Defender,Right-Back,Sweden,2/8/94,15/6/22,5000000,11,27,0.64021164,338
292534,Eric Smith,Defender,Centre-Back,Sweden,8/1/97,20/12/24,5000000,14,27,0.64021164,338
268506,Fabrizio Angileri,Defender,Left-Back,Argentina,15/3/94,20/10/21,4300000,10,27,0.64021164,357
364857,Falaye Sacko,Defender,Right-Back,Mali,1/5/95,30/5/22,4000000,10,27,0.64021164,367
252667,Fali,Defender,Centre-Back,Spain,12/8/93,19/3/21,3000000,11,27,0.64021164,405
165873,Federico Barba,Defender,Centre-Back,Italy,1/9/93,29/12/20,1500000,12,27,0.64021164,501
198116,Federico Dimarco,Defender,Left-Back,Italy,10/11/97,18/12/24,60000000,14,27,0.64021164,26
378463,Franco Russo,Defender,Centre-Back,Argentina,25/10/94,30/12/21,1200000,11,27,0.64021164,526
385105,Gabriel Suazo,Defender,Left-Back,Chile,9/8/97,24/3/25,4000000,12,27,0.64021164,367
146690,George Baldock,Defender,Right-Back,Greece,9/3/93,30/7/20,6500000,11,27,0.64021164,304
249730,Guillermo Maripán,Defender,Centre-Back,Chile,6/5/94,16/12/21,15000000,14,27,0.64021164,181
177907,Harry Maguire,Defender,Centre-Back,England,5/3/93,13/10/20,50000000,14,27,0.64021164,39
154147,Hauke Wahl,Defender,Centre-Back,Germany,15/4/94,16/6/21,2000000,13,27,0.64021164,464
220878,Issiaga Sylla,Defender,Left-Back,Guinea,1/1/94,7/1/21,3000000,9,27,0.64021164,405
254037,Iza Carcelén,Defender,Right-Back,Spain,23/4/93,23/7/20,2000000,10,27,0.64021164,464
128909,Jack Robinson,Defender,Centre-Back,England,1/9/93,13/10/20,2000000,10,27,0.64021164,464
163744,Jack Stephens,Defender,Centre-Back,England,27/1/94,5/10/21,8000000,14,27,0.64021164,268
185164,Jacob Barrett Laursen,Defender,Left-Back,Denmark,17/11/94,22/12/21,1700000,9,27,0.64021164,483
173504,James Tarkowski,Defender,Centre-Back,England,19/11/92,13/10/20,28000000,11,27,0.64021164,98
448628,Javi Galán,Defender,Left-Back,Spain,19/11/94,3/6/22,12000000,16,27,0.64021164,215
182875,Jean-Charles Castelletto,Defender,Centre-Back,Cameroon,26/1/95,19/9/22,5000000,12,27,0.64021164,338
127076,Jérôme Roussillon,Defender,Left-Back,Guadeloupe,6/1/93,16/9/20,10000000,11,27,0.64021164,237
260827,Joachim Andersen,Defender,Centre-Back,Denmark,31/5/96,19/12/23,35000000,12,27,0.64021164,73
216804,Joakim Nilsson,Defender,Centre-Back,Sweden,6/2/94,7/10/21,3500000,8,27,0.64021164,384
194460,Joe Bryan,Defender,Left-Back,England,17/9/93,13/10/20,5500000,7,27,0.64021164,324
121324,John Egan,Defender,Centre-Back,Ireland,20/10/92,30/7/20,13000000,10,27,0.64021164,203
69660,Jonás Ramalho,Defender,Centre-Back,Angola,10/6/93,8/10/20,1000000,8,27,0.64021164,545
192492,Jordan Lefort,Defender,Centre-Back,Mauritania,9/8/93,23/6/21,1700000,7,27,0.64021164,483
358250,Joseph Aidoo,Defender,Centre-Back,Ghana,29/9/95,23/3/23,8000000,12,27,0.64021164,268
362977,Josip Juranovic,Defender,Right-Back,Croatia,16/8/95,22/6/23,12000000,13,27,0.64021164,215
126719,Juan Bernat,Defender,Left-Back,Spain,1/3/93,15/10/20,16000000,12,27,0.64021164,168
206746,Kenny Tete,Defender,Right-Back,Netherlands,9/10/95,20/6/23,15000000,13,27,0.64021164,181
400680,Kevin Van Den Kerkhof,Defender,Right-Back,Algeria,14/3/96,18/12/23,3000000,11,27,0.64021164,405
183031,Koffi Djidji,Defender,Centre-Back,Cote d'Ivoire,30/11/92,25/8/20,3000000,9,27,0.64021164,405
338070,Konstantinos Tsimikas,Defender,Left-Back,Greece,12/5/96,19/12/23,22000000,13,27,0.64021164,132
225963,Lautaro Giannetti,Defender,Centre-Back,Argentina,13/11/93,20/10/21,5000000,11,27,0.64021164,338
118689,Leonardo Spinazzola,Defender,Left-Back,Italy,25/3/93,23/3/21,26000000,16,27,0.64021164,105
66736,Lisandro Magallán,Defender,Centre-Back,Argentina,27/9/93,29/10/20,4500000,9,27,0.64021164,353
347913,Luan Peres,Defender,Centre-Back,Brazil,19/7/94,30/5/22,7000000,14,27,0.64021164,294
126664,Lucas Digne,Defender,Left-Back,France,20/7/93,18/3/21,35000000,14,27,0.64021164,73
331401,Manuel Lazzari,Defender,Right-Back,Italy,29/11/93,23/3/21,23000000,14,27,0.64021164,125
156990,Marco Friedl,Defender,Centre-Back,Austria,16/3/98,5/6/25,12000000,14,27,0.64021164,215
469781,Marcos Senesi,Defender,Centre-Back,Argentina,10/5/97,16/12/24,24000000,14,27,0.64021164,122
181767,Marquinhos,Defender,Centre-Back,Brazil,14/5/94,4/6/21,75000000,11,27,0.64021164,10
376514,Mathías Olivera,Defender,Left-Back,Uruguay,31/10/97,17/6/25,20000000,13,27,0.64021164,142
143559,Matija Nastasić,Defender,Centre-Back,Serbia,28/3/93,16/9/20,10000000,10,27,0.64021164,237
88682,Mattia De Sciglio,Defender,Right-Back,Italy,20/10/92,25/8/20,7500000,9,27,0.64021164,282
525247,Maximilian Kilman,Defender,Centre-Back,England,23/5/97,1/10/24,38000000,18,27,0.64021164,64
282660,Maximilian Mittelstädt,Defender,Left-Back,Germany,18/3/97,20/12/24,20000000,14,27,0.64021164,142
336125,Mërgim Vojvoda,Defender,Right-Back,Kosovo,1/2/95,7/6/22,5500000,12,27,0.64021164,324
118534,Michael Keane,Defender,Centre-Back,England,11/1/93,13/10/20,28000000,14,27,0.64021164,98
179806,Miha Blazic,Defender,Centre-Back,,8/5/93,23/10/20,2000000,9,27,0.64021164,464
202228,Milos Veljkovic,Defender,Centre-Back,Serbia,26/9/95,22/6/23,5500000,14,27,0.64021164,324
187245,Mitchell Dijks,Defender,Left-Back,Netherlands,9/2/93,25/8/20,4500000,9,27,0.64021164,353
216870,Nacho Vidal,Defender,Right-Back,Spain,24/1/95,21/3/22,5000000,14,27,0.64021164,338
361914,Nayef Aguerd,Defender,Centre-Back,Morocco,30/3/96,19/12/23,38000000,14,27,0.64021164,64
85867,Nico Schulz,Defender,Left-Back,Germany,1/4/93,8/7/20,12000000,10,27,0.64021164,215
413507,Nikola Milenković,Defender,Centre-Back,Serbia,12/10/97,30/5/25,35000000,13,27,0.64021164,73
340456,Noussair Mazraoui,Defender,Right-Back,Morocco,14/11/97,16/12/24,32000000,14,27,0.64021164,80
171362,Pablo Insua,Defender,Centre-Back,Spain,9/9/93,10/6/21,1200000,8,27,0.64021164,526
210178,Pablo Marí,Defender,Centre-Back,Spain,31/8/93,13/10/20,7000000,12,27,0.64021164,294
250153,Pasquale Mazzocchi,Defender,Right-Back,Italy,27/7/95,11/11/22,5000000,13,27,0.64021164,338
126729,Patric,Defender,Centre-Back,Spain,17/4/93,25/8/20,9000000,12,27,0.64021164,253
596122,Pep Chavarría,Defender,Left-Back,Spain,10/4/98,9/6/25,5000000,14,27,0.64021164,338
111275,Philipp Max,Defender,Left-Back,Germany,30/9/93,19/5/21,16000000,15,27,0.64021164,168
127573,Phillipp Mwene,Defender,Left-Back,Austria,29/1/94,5/1/22,3000000,13,27,0.64021164,405
170986,Raphaël Guerreiro,Defender,Left-Back,Portugal,22/12/93,1/6/21,40000000,11,27,0.64021164,59
164770,Raphaël Varane,Defender,Centre-Back,France,25/4/93,8/10/20,70000000,10,27,0.64021164,14
215876,Ricardo Pereira,Defender,Right-Back,Portugal,6/10/93,13/10/20,32000000,13,27,0.64021164,80
228444,Ridgeciano Haps,Defender,Left-Back,Suriname,12/6/93,14/10/20,5000000,9,27,0.64021164,338
387129,Róber Pier,Defender,Centre-Back,Spain,16/2/95,3/6/22,1500000,7,27,0.64021164,501
351809,Robin Le Normand,Defender,Centre-Back,Spain,11/11/96,22/12/23,40000000,11,27,0.64021164,59
410158,Rodrigo Becão,Defender,Centre-Back,Brazil,19/1/96,27/9/23,11000000,15,27,0.64021164,225
203746,Ruben Aguilar,Defender,Right-Back,France,26/4/93,9/4/21,12000000,14,27,0.64021164,215
257851,Rúben Vezo,Defender,Centre-Back,Portugal,25/4/94,10/6/21,10000000,17,27,0.64021164,237
236953,Sam Byram,Defender,Left-Back,England,16/9/93,15/10/20,2000000,8,27,0.64021164,464
276896,Samuel Gigot,Defender,Centre-Back,France,12/10/93,29/12/20,11000000,11,27,0.64021164,225
94005,Sead Kolasinac,Defender,Centre-Back,Bosnia-Herzegovina,20/6/93,13/10/20,10000000,11,27,0.64021164,237
251912,Semi Ajayi,Defender,Centre-Back,Nigeria,9/11/93,8/6/21,6000000,7,27,0.64021164,318
127032,Serge Aurier,Defender,Right-Back,Cote d'Ivoire,24/12/92,17/12/20,20000000,13,27,0.64021164,142
182923,Stefano Denswil,Defender,Centre-Back,Suriname,7/5/93,25/8/20,5000000,17,27,0.64021164,338
167491,Stefano Sabelli,Defender,Right-Back,Italy,13/1/93,25/8/20,1900000,11,27,0.64021164,473
282349,Timo Becker,Defender,Centre-Back,Germany,25/3/97,6/6/24,2000000,15,27,0.64021164,464
309944,Tyronne Ebuehi,Defender,Right-Back,Nigeria,16/12/95,15/6/23,2500000,10,27,0.64021164,431
135492,Youssouf Sabaly,Defender,Right-Back,Senegal,5/3/93,15/10/20,8000000,10,27,0.64021164,268
239802,Adam Marusic,Defender,Right-Back,Montenegro,17/10/92,3/6/21,10000000,10,28,0.718915344,238
212847,Adam Webster,Defender,Centre-Back,England,4/1/95,20/6/23,25000000,12,28,0.718915344,115
126673,Adama Soumaoro,Defender,Centre-Back,France,18/6/92,25/8/20,6000000,10,28,0.718915344,319
80293,Aïssa Mandi,Defender,Centre-Back,Algeria,22/10/91,23/7/20,12000000,12,28,0.718915344,216
207917,Alberto Moreno,Defender,Left-Back,Spain,5/7/92,8/10/20,5000000,12,28,0.718915344,339
449796,Alejandro Catena,Defender,Centre-Back,Spain,28/10/94,7/11/22,8000000,15,28,0.718915344,269
193082,Alejandro Grimaldo,Defender,Left-Back,Spain,20/9/95,27/3/24,45000000,14,28,0.718915344,47
339501,Aleksandar Radovanovic,Defender,Centre-Back,Serbia,11/11/93,6/1/22,1400000,11,28,0.718915344,513
126281,Alexander Hack,Defender,Centre-Back,Germany,8/9/93,22/12/21,2500000,7,28,0.718915344,432
257732,Amir Rrahmani,Defender,Centre-Back,Kosovo,24/2/94,15/3/22,25000000,13,28,0.718915344,115
197545,Ander Capa,Defender,Right-Back,Spain,8/2/92,5/1/21,7000000,7,28,0.718915344,295
270051,Andrei Girotto,Defender,Centre-Back,Brazil,17/2/92,15/10/20,5000000,8,28,0.718915344,339
435228,Ardian Ismajli,Defender,Centre-Back,Albania,30/9/96,18/12/24,6000000,14,28,0.718915344,319
32113,Armando Izzo,Defender,Centre-Back,Italy,2/3/92,25/8/20,15000000,12,28,0.718915344,182
111058,Arnaud Souquet,Defender,Right-Back,France,12/2/92,15/10/20,4000000,7,28,0.718915344,368
144143,Bartosz Bereszyński,Defender,Right-Back,Poland,12/7/92,25/8/20,6000000,10,28,0.718915344,319
192765,Ben Davies,Defender,Centre-Back,Wales,24/4/93,29/3/22,20000000,11,28,0.718915344,143
128904,Ben Gibson,Defender,Centre-Back,England,15/1/93,8/6/21,7000000,9,28,0.718915344,295
165513,Berat Djimsiti,Defender,Centre-Back,Albania,19/2/93,23/3/21,22000000,11,28,0.718915344,133
190685,Bouna Sarr,Defender,Right-Back,Senegal,31/1/92,3/8/20,9000000,10,28,0.718915344,254
166677,Brian Oliván,Defender,Left-Back,Spain,1/4/94,23/3/23,6000000,10,28,0.718915344,319
225043,Carl Johansson,Defender,Centre-Back,Sweden,23/5/94,14/12/22,1200000,13,28,0.718915344,527
258987,Carl Starfelt,Defender,Centre-Back,Sweden,1/6/95,26/6/23,6500000,13,28,0.718915344,305
198709,Cédric Hountondji,Defender,Centre-Back,Benin,19/1/94,30/5/22,3000000,7,28,0.718915344,406
203348,Chancel Mbemba,Defender,Centre-Back,DR Congo,8/8/94,27/3/23,20000000,16,28,0.718915344,143
394906,Charles Traoré,Defender,Left-Back,Mali,1/1/92,15/10/20,2500000,8,28,0.718915344,432
248330,Chema Rodríguez,Defender,Centre-Back,Spain,3/3/92,8/10/20,1000000,7,28,0.718915344,546
93707,Christian Günter,Defender,Left-Back,Germany,28/2/93,1/6/21,12000000,11,28,0.718915344,216
170544,Christophe Hérelle,Defender,Centre-Back,Martinique,22/8/92,15/10/20,5000000,10,28,0.718915344,339
187718,Clinton Mata,Defender,Centre-Back,Angola,7/11/92,17/3/21,10000000,11,28,0.718915344,238
146509,Conor Townsend,Defender,Left-Back,England,4/3/93,24/11/21,2500000,12,28,0.718915344,432
163086,Cristiano Piccini,Defender,Centre-Back,Italy,26/9/92,29/10/20,4000000,9,28,0.718915344,368
221150,Dakonam Djené,Defender,Centre-Back,Togo,31/12/91,8/10/20,25000000,15,28,0.718915344,115
138927,Daniel Carvajal,Defender,Right-Back,Spain,11/1/92,8/10/20,40000000,12,28,0.718915344,60
493003,Daniel Muñoz,Defender,Right-Back,Colombia,26/5/96,16/12/24,25000000,18,28,0.718915344,115
141050,Danilo Pereira,Defender,Centre-Back,Portugal,9/9/91,17/8/20,24000000,10,28,0.718915344,123
59016,David Alaba,Defender,Centre-Back,Austria,24/6/92,8/7/20,65000000,11,28,0.718915344,20
298589,David García,Defender,Centre-Back,Spain,14/2/94,3/6/22,20000000,12,28,0.718915344,143
239962,Denis Vavro,Defender,Centre-Back,Slovakia,10/4/96,27/3/25,7000000,13,28,0.718915344,295
161869,Djibril Sidibé,Defender,Right-Back,France,29/7/92,12/10/20,10000000,12,28,0.718915344,238
289432,Dylan Batubinsika,Defender,Centre-Back,DR Congo,15/2/96,10/12/24,2500000,13,28,0.718915344,432
186862,Enzo Roco,Defender,Centre-Back,Chile,16/8/92,21/5/21,2000000,11,28,0.718915344,465
175722,Eric Dier,Defender,Centre-Back,England,15/1/94,3/11/22,30000000,14,28,0.718915344,91
93922,Erik Durm,Defender,Right-Back,Germany,12/5/92,10/2/21,2500000,8,28,0.718915344,432
337922,Esteban Burgos,Defender,Centre-Back,Argentina,9/1/92,5/1/21,3000000,9,28,0.718915344,406
135343,Fabian Schär,Defender,Centre-Back,Switzerland,20/12/91,13/10/20,13000000,12,28,0.718915344,204
91716,Frederik Sörensen,Defender,Centre-Back,Denmark,14/4/92,31/7/20,1200000,7,28,0.718915344,527
249636,Gautier Lloris,Defender,Centre-Back,France,18/7/95,19/3/24,3000000,10,28,0.718915344,406
169880,Giovanni Di Lorenzo,Defender,Right-Back,Italy,4/8/93,28/12/21,25000000,12,28,0.718915344,115
198516,Harry Toffolo,Defender,Left-Back,England,19/8/95,19/12/23,5000000,14,28,0.718915344,339
211389,Helibelton Palacios,Defender,Right-Back,Colombia,11/6/93,30/12/21,1200000,6,28,0.718915344,527
204072,Henrique Silva,Defender,Left-Back,Brazil,25/4/94,30/5/22,1500000,9,28,0.718915344,502
255501,Iñigo Lekue,Defender,Right-Back,Spain,4/5/93,30/12/21,3000000,10,28,0.718915344,406
99331,Jannik Vestergaard,Defender,Centre-Back,Denmark,3/8/92,18/3/21,18000000,10,28,0.718915344,155
391192,Jean-Claude Billong,Defender,Centre-Back,Cameroon,28/12/93,30/5/22,1000000,9,28,0.718915344,546
131102,Jeison Murillo,Defender,Centre-Back,Colombia,27/5/92,23/7/20,10000000,13,28,0.718915344,238
182712,João Cancelo,Defender,Right-Back,Portugal,27/5/94,3/11/22,70000000,11,28,0.718915344,15
124732,John Brooks,Defender,Centre-Back,United States,28/1/93,9/6/21,14000000,10,28,0.718915344,195
192169,Jonas Föhrenbach,Defender,Left-Back,Germany,26/1/96,27/3/24,2000000,13,28,0.718915344,465
196357,Jonathan Tah,Defender,Centre-Back,Germany,11/2/96,27/3/24,30000000,13,28,0.718915344,91
175446,Jonny Otto,Defender,Right-Back,Spain,3/3/94,15/9/22,17000000,14,28,0.718915344,162
197135,Joseba Zaldua,Defender,Right-Back,Spain,24/6/92,8/10/20,10000000,11,28,0.718915344,238
169497,Juan Cruz,Defender,Left-Back,Spain,28/7/92,8/10/20,2500000,11,28,0.718915344,432
149928,Jubal,Defender,Centre-Back,Brazil,29/8/93,2/6/22,2000000,7,28,0.718915344,465
134277,Julian Jeanvier,Defender,Centre-Back,Guinea,31/3/92,23/12/20,1800000,15,28,0.718915344,480
386057,Julien Laporte,Defender,Centre-Back,France,4/11/93,30/5/22,3000000,9,28,0.718915344,406
163647,Kastriot Dermaku,Defender,Centre-Back,Albania,15/1/92,25/8/20,1500000,9,28,0.718915344,502
84435,Kevin Vogt,Defender,Centre-Back,Germany,23/9/91,8/7/20,7000000,12,28,0.718915344,295
126710,Layvin Kurzawa,Defender,Left-Back,France,4/9/92,15/10/20,12000000,12,28,0.718915344,216
107219,Leart Paçarada,Defender,Left-Back,Kosovo,8/10/94,28/6/23,2000000,9,28,0.718915344,465
148153,Lewis Dunk,Defender,Centre-Back,England,21/11/91,13/10/20,27000000,14,28,0.718915344,102
164912,Loïck Landre,Defender,Centre-Back,France,5/5/92,15/10/20,2000000,11,28,0.718915344,465
119085,Loris Benito,Defender,Centre-Back,Switzerland,7/1/92,15/10/20,3500000,8,28,0.718915344,385
284730,Manuel Akanji,Defender,Centre-Back,Switzerland,19/7/95,27/5/24,45000000,12,28,0.718915344,47
70243,Marcel Halstenberg,Defender,Left-Back,Germany,27/9/91,8/7/20,20000000,9,28,0.718915344,143
193900,Marius Wolf,Defender,Right-Back,Germany,27/5/95,22/6/23,10000000,13,28,0.718915344,238
117478,Marnon Busch,Defender,Right-Back,Germany,8/12/94,28/6/23,1500000,10,28,0.718915344,502
85789,Martin Hinteregger,Defender,Centre-Back,Austria,7/9/92,16/9/20,18000000,7,28,0.718915344,155
277384,Martin Valjent,Defender,Centre-Back,Slovakia,11/12/95,7/6/24,6000000,12,28,0.718915344,319
89592,Marvin Plattenhardt,Defender,Left-Back,,26/1/92,16/9/20,5000000,9,28,0.718915344,339
171679,Matt Doherty,Defender,Right-Back,Ireland,16/1/92,13/10/20,20000000,12,28,0.718915344,143
156618,Maxime Colin,Defender,Right-Back,France,15/11/91,15/10/20,2800000,9,28,0.718915344,417
126528,Maxime Poundjé,Defender,Left-Back,France,16/8/92,15/10/20,2000000,6,28,0.718915344,465
179757,Maximiliano Olivera,Defender,Left-Back,Uruguay,5/3/92,18/12/20,1500000,7,28,0.718915344,502
118303,Mehdi Zeffane,Defender,Right-Back,Algeria,19/5/92,29/7/20,1500000,12,28,0.718915344,502
157490,Michael Hector,Defender,Centre-Back,Jamaica,19/7/92,13/10/20,6000000,8,28,0.718915344,319
187105,Mike van der Hoorn,Defender,Centre-Back,Netherlands,15/10/92,26/11/20,3000000,13,28,0.718915344,406
221873,Mikkel Desler,Defender,Right-Back,Denmark,19/2/95,18/12/23,3000000,10,28,0.718915344,406
177476,Nathan Aké,Defender,Centre-Back,Netherlands,18/2/95,20/6/23,42000000,14,28,0.718915344,51
64134,Néstor Araújo,Defender,Centre-Back,Mexico,29/8/91,23/7/20,9000000,10,28,0.718915344,254
131225,Nicolás Tagliafico,Defender,Left-Back,Argentina,31/8/92,14/10/20,28000000,11,28,0.718915344,99
72792,Niko Gießelmann,Defender,Left-Back,Germany,26/9/91,16/9/20,2500000,8,28,0.718915344,432
124715,Nikola Maksimović,Defender,Centre-Back,Serbia,25/11/91,25/8/20,18000000,13,28,0.718915344,155
236490,Ola Aina,Defender,Right-Back,Nigeria,8/10/96,30/5/25,22000000,16,28,0.718915344,133
174733,Omar Colley,Defender,Centre-Back,The Gambia,24/10/92,3/6/21,6000000,15,28,0.718915344,319
139336,Paulo Oliveira,Defender,Centre-Back,Portugal,8/1/92,8/10/20,5000000,11,28,0.718915344,339
117996,Phil Jones,Defender,Centre-Back,England,21/2/92,13/10/20,6000000,8,28,0.718915344,319
239743,Przemyslaw Frankowski,Defender,Right-Back,Poland,12/4/95,27/6/23,9000000,14,28,0.718915344,254
240692,Reinildo Mandava,Defender,Left-Back,Mozambique,21/1/94,23/9/22,25000000,17,28,0.718915344,115
86784,Ricardo Rodríguez,Defender,Left-Back,Switzerland,25/8/92,25/8/20,3500000,10,28,0.718915344,385
94201,Robin Knoche,Defender,Centre-Back,Germany,22/5/92,10/2/21,7500000,12,28,0.718915344,283
176140,Rodrigo Ely,Defender,Centre-Back,Brazil,3/11/93,23/9/22,3000000,8,28,0.718915344,406
140191,Ryan Fredericks,Defender,Right-Back,England,10/10/92,13/10/20,4000000,9,28,0.718915344,368
262300,Ryan Manning,Defender,Left-Back,Ireland,14/6/96,16/12/24,3500000,13,28,0.718915344,385
255744,Samir Caetano,Defender,Centre-Back,Brazil,5/12/94,30/3/23,7000000,8,28,0.718915344,295
278531,Sebastiano Luperto,Defender,Centre-Back,Italy,6/9/96,17/6/25,4000000,12,28,0.718915344,368
92947,Sergi Gómez,Defender,Centre-Back,Spain,28/3/92,8/10/20,4000000,8,28,0.718915344,368
88590,Shkodran Mustafi,Defender,Centre-Back,Germany,17/4/92,30/7/20,15000000,10,28,0.718915344,182
168989,Silvan Widmer,Defender,Right-Back,Switzerland,5/3/93,22/12/21,5000000,13,28,0.718915344,339
76061,Sime Vrsaljko,Defender,Right-Back,Croatia,10/1/92,8/10/20,10000000,6,28,0.718915344,238
349856,Son,Defender,Right-Back,Spain,30/3/94,3/6/22,1000000,7,28,0.718915344,546
222805,Srdjan Babic,Defender,Centre-Back,Serbia,22/4/96,18/9/24,6000000,14,28,0.718915344,319
111196,Stefan de Vrij,Defender,Centre-Back,Netherlands,5/2/92,25/8/20,60000000,14,28,0.718915344,27
85791,Stefan Lainer,Defender,Right-Back,Austria,27/8/92,10/2/21,14500000,12,28,0.718915344,188
238716,Théo Pellenard,Defender,Centre-Back,France,4/3/94,2/6/22,1200000,10,28,0.718915344,527
253677,Tyrone Mings,Defender,Centre-Back,England,13/3/93,23/12/21,32000000,13,28,0.718915344,81
203761,Vital Nsimba,Defender,Left-Back,DR Congo,8/7/93,30/5/22,2500000,7,28,0.718915344,432
157672,Vladimír Coufal,Defender,Right-Back,Czech Republic,22/8/92,28/5/21,12000000,13,28,0.718915344,216
193004,Waldemar Anton,Defender,Centre-Back,Germany,20/7/96,9/10/24,24000000,15,28,0.718915344,123
93740,Willi Orbán,Defender,Centre-Back,Hungary,3/11/92,1/6/21,16000000,11,28,0.718915344,169
192875,William Troost-Ekong,Defender,Centre-Back,Nigeria,1/9/93,23/12/21,5000000,12,28,0.718915344,339
61841,Adam Smith,Defender,Right-Back,England,29/4/91,15/10/20,5000000,11,29,0.798941799,340
59032,Aleksandar Dragovic,Defender,Centre-Back,Austria,6/3/91,10/2/21,5000000,6,29,0.798941799,340
130365,Alessandro Florenzi,Defender,Right-Back,Italy,11/3/91,7/1/21,15000000,12,29,0.798941799,183
193098,Álex Moreno,Defender,Left-Back,Spain,8/6/93,7/11/22,20000000,16,29,0.798941799,144
243760,Álex Muñoz,Defender,Left-Back,Spain,30/7/94,13/10/23,1200000,12,29,0.798941799,528
79960,Alex Sandro,Defender,Left-Back,Brazil,26/1/91,25/8/20,35000000,10,29,0.798941799,74
147462,Alexander Callens,Defender,Centre-Back,Peru,4/5/92,9/7/21,2200000,12,29,0.798941799,450
278166,Amari'i Bell,Defender,Centre-Back,Jamaica,5/5/94,19/12/23,2500000,9,29,0.798941799,433
184922,Ambroise Oyongo,Defender,Left-Back,Cameroon,22/6/91,15/10/20,2500000,7,29,0.798941799,433
354482,Amir Murillo,Defender,Right-Back,Panama,11/2/96,3/6/25,10000000,14,29,0.798941799,239
86202,Antonio Rüdiger,Defender,Centre-Back,Germany,3/3/93,15/6/22,40000000,11,29,0.798941799,61
195810,Bastos,Defender,Centre-Back,Angola,27/3/91,25/8/20,2700000,8,29,0.798941799,422
364258,Bernardo,Defender,Left-Back,Brazil,14/5/95,9/10/24,7000000,13,29,0.798941799,296
250779,Brendan Chardonnet,Defender,Centre-Back,France,22/12/94,19/3/24,8000000,11,29,0.798941799,270
225015,Carlos Akapo,Defender,Right-Back,Equatorial Guinea,12/3/93,3/6/22,1200000,8,29,0.798941799,528
193784,Carlos Clerc,Defender,Left-Back,Spain,21/2/92,19/3/21,3000000,9,29,0.798941799,407
112988,Cédric Soares,Defender,Right-Back,Portugal,31/8/91,13/10/20,7000000,10,29,0.798941799,296
81512,Christian Kabasele,Defender,Centre-Back,Belgium,24/2/91,15/10/20,5500000,11,29,0.798941799,325
124555,Cristiano Biraghi,Defender,Left-Back,Italy,1/9/92,28/12/21,10000000,11,29,0.798941799,239
145707,Danilo,Defender,Centre-Back,Brazil,15/7/91,23/3/21,20000000,13,29,0.798941799,144
73926,Davide Faraoni,Defender,Right-Back,Italy,25/10/91,23/3/21,7000000,10,29,0.798941799,296
84344,Davide Santon,Defender,Left-Back,Italy,2/1/91,25/8/20,4000000,7,29,0.798941799,369
88262,Dedryck Boyata,Defender,Centre-Back,Belgium,28/11/90,8/7/20,10000000,13,29,0.798941799,239
332560,Deiver Machado,Defender,Left-Back,Colombia,2/9/93,27/6/23,4000000,10,29,0.798941799,369
111038,Dennis Appiah,Defender,Right-Back,France,9/6/92,30/5/22,2000000,11,29,0.798941799,466
321528,Denzel Dumfries,Defender,Right-Back,Netherlands,18/4/96,17/6/25,35000000,15,29,0.798941799,74
170472,Dimitri Foulquier,Defender,Right-Back,Guadeloupe,23/3/93,3/6/22,4000000,13,29,0.798941799,369
90681,Eliaquim Mangala,Defender,Centre-Back,France,13/2/91,8/10/20,4000000,12,29,0.798941799,369
390823,Eric Curbelo,Defender,Centre-Back,Spain,14/1/94,14/6/23,1200000,11,29,0.798941799,528
285548,Fabián Balbuena,Defender,Centre-Back,Paraguay,23/8/91,13/10/20,8000000,13,29,0.798941799,270
126656,Faouzi Ghoulam,Defender,Left-Back,Algeria,1/2/91,25/8/20,7000000,12,29,0.798941799,296
85822,Florian Hübner,Defender,Centre-Back,Germany,1/3/91,16/9/20,1000000,7,29,0.798941799,547
127108,Florian Lejeune,Defender,Centre-Back,France,20/5/91,8/10/20,4500000,11,29,0.798941799,354
149498,Gabriel Paulista,Defender,Centre-Back,Brazil,26/11/90,8/10/20,15000000,15,29,0.798941799,183
114340,Gabriel Silva,Defender,Left-Back,Brazil,13/5/91,15/10/20,1500000,6,29,0.798941799,503
113133,Germán Pezzella,Defender,Centre-Back,Argentina,27/6/91,25/8/20,15000000,11,29,0.798941799,183
277167,Gian Marco Ferrari,Defender,Centre-Back,Italy,15/5/92,3/6/21,12000000,9,29,0.798941799,217
339699,Giovanni González,Defender,Right-Back,Uruguay,20/9/94,7/6/24,3000000,12,29,0.798941799,407
121385,Grant Hanley,Defender,Centre-Back,Scotland,20/11/91,28/5/21,4000000,8,29,0.798941799,369
119905,Hugo Mallo,Defender,Right-Back,Spain,22/6/91,8/10/20,7000000,14,29,0.798941799,296
158863,Iñigo Martínez,Defender,Centre-Back,Spain,17/5/91,8/10/20,25000000,13,29,0.798941799,116
118850,Ivan Ordets,Defender,Centre-Back,Ukraine,8/7/92,29/12/21,5000000,13,29,0.798941799,340
119286,Jannik Müller,Defender,Centre-Back,Germany,18/1/94,28/6/23,1000000,9,29,0.798941799,547
106405,Jeffrey Gouweleeuw,Defender,Centre-Back,Netherlands,10/7/91,10/2/21,9000000,10,29,0.798941799,255
82105,Joel Matip,Defender,Centre-Back,Cameroon,8/8/91,13/10/20,32000000,9,29,0.798941799,82
262939,Johan Mojica,Defender,Left-Back,Colombia,21/8/92,3/6/22,5000000,12,29,0.798941799,340
186590,John Stones,Defender,Centre-Back,England,28/5/94,20/6/23,40000000,14,29,0.798941799,61
175639,Jonathan Clauss,Defender,Right-Back,France,25/9/92,30/5/22,15000000,15,29,0.798941799,183
67546,Jorge Pulido,Defender,Centre-Back,Spain,8/4/91,23/7/20,2500000,9,29,0.798941799,433
207006,Joshua Brenet,Defender,Right-Back,Curacao,20/3/94,23/6/23,4000000,9,29,0.798941799,369
115333,Juanpe,Defender,Centre-Back,Spain,30/4/91,8/10/20,2000000,11,29,0.798941799,466
93128,Kalidou Koulibaly,Defender,Centre-Back,Senegal,20/6/91,25/8/20,65000000,10,29,0.798941799,21
174196,Kenny Lala,Defender,Right-Back,France,3/10/91,15/10/20,9000000,13,29,0.798941799,255
126711,Kévin Malcuit,Defender,Right-Back,France,31/7/91,25/8/20,10000000,11,29,0.798941799,239
221315,Kevin Vázquez,Defender,Right-Back,Spain,23/3/93,3/6/22,2000000,10,29,0.798941799,466
76467,Kiko Femenía,Defender,Right-Back,Spain,2/2/91,15/10/20,4000000,10,29,0.798941799,369
272812,Kingsley Ehizibue,Defender,Right-Back,Netherlands,25/5/95,18/12/24,3000000,12,29,0.798941799,407
104752,Konstantinos Manolas,Defender,Centre-Back,Greece,14/6/91,25/8/20,32000000,12,29,0.798941799,82
67421,Kyle Bartley,Defender,Centre-Back,England,22/5/91,13/10/20,2800000,8,29,0.798941799,418
102423,Leandro Cabrera,Defender,Centre-Back,Uruguay,17/6/91,8/10/20,5000000,8,29,0.798941799,340
75067,Liam Cooper,Defender,Centre-Back,Scotland,30/8/91,13/10/20,7000000,8,29,0.798941799,296
11530,Lionel Carole,Defender,Left-Back,France,12/4/91,15/10/20,2000000,13,29,0.798941799,466
88680,Luca Caldirola,Defender,Centre-Back,Italy,1/2/91,29/12/20,2000000,12,29,0.798941799,466
221316,Lucas Vázquez,Defender,Right-Back,Spain,1/7/91,5/1/21,15000000,12,29,0.798941799,183
358115,Luis Pérez,Defender,Right-Back,Spain,4/2/95,11/10/24,2000000,14,29,0.798941799,466
67420,Luke Ayling,Defender,Right-Back,,25/8/91,18/3/21,5000000,8,29,0.798941799,340
45683,Manuel Gulde,Defender,Centre-Back,Germany,12/2/91,10/2/21,2400000,10,29,0.798941799,440
99922,Marc Bartra,Defender,Centre-Back,Spain,15/1/91,23/7/20,14000000,14,29,0.798941799,196
129358,Marcin Kamiński,Defender,Centre-Back,Poland,15/1/92,10/2/21,1200000,7,29,0.798941799,528
60410,Marcos Acuña,Defender,Left-Back,Argentina,28/10/91,13/10/21,18000000,14,29,0.798941799,156
112515,Marcos Alonso,Defender,Centre-Back,Spain,28/12/90,30/7/20,18000000,14,29,0.798941799,156
73250,Mario Gaspar,Defender,Right-Back,Spain,24/11/90,8/10/20,6000000,8,29,0.798941799,320
87884,Mário Rui,Defender,Left-Back,Portugal,27/5/91,25/8/20,14000000,11,29,0.798941799,196
68645,Martín Montoya,Defender,Right-Back,Spain,14/4/91,8/10/20,5000000,13,29,0.798941799,340
170929,Massadio Haïdara,Defender,Left-Back,Mali,2/12/92,2/11/22,3000000,12,29,0.798941799,407
45653,Mateo Musacchio,Defender,Centre-Back,Argentina,26/8/90,25/8/20,7000000,7,29,0.798941799,296
177690,Miguel Trauco,Defender,Left-Back,Peru,25/8/92,16/12/21,2000000,6,29,0.798941799,466
85177,Nathaniel Clyne,Defender,Right-Back,England,5/4/91,17/12/20,4000000,10,29,0.798941799,369
149577,Pablo,Defender,Centre-Back,Brazil,21/6/91,2/6/21,9000000,8,29,0.798941799,255
193859,Patrick Erras,Defender,Centre-Back,Germany,21/1/95,6/6/24,1000000,12,29,0.798941799,547
133731,Patrick Mainka,Defender,Centre-Back,Germany,6/11/94,9/10/24,3000000,13,29,0.798941799,407
170321,Paul Dummett,Defender,Centre-Back,Wales,26/9/91,13/10/20,4500000,9,29,0.798941799,354
72441,Rafael Tolói,Defender,Centre-Back,Italy,10/10/90,25/8/20,16000000,9,29,0.798941799,170
11111,Ramiro Funes Mori,Defender,Centre-Back,Argentina,5/3/91,8/10/20,4000000,9,29,0.798941799,369
223890,Rober Correa,Defender,Right-Back,Spain,20/9/92,27/12/21,1200000,8,29,0.798941799,528
238868,Rubén Peña,Defender,Right-Back,Spain,18/7/91,8/10/20,6000000,11,29,0.798941799,320
120443,Santiago Arias,Defender,Right-Back,Colombia,13/1/92,10/2/21,7500000,7,29,0.798941799,284
119269,Shane Duffy,Defender,Centre-Back,Ireland,1/1/92,18/1/21,7000000,7,29,0.798941799,296
107010,Stefan Savic,Defender,Centre-Back,Montenegro,8/1/91,5/1/21,25000000,16,29,0.798941799,116
90836,Steve Cook,Defender,Centre-Back,England,19/4/91,15/10/20,7000000,8,29,0.798941799,296
170961,Thomas Delaine,Defender,Left-Back,France,24/3/92,16/12/21,2000000,10,29,0.798941799,466
215114,Thomas Foket,Defender,Right-Back,Belgium,25/9/94,18/12/23,7000000,13,29,0.798941799,296
80036,Thomas Fontaine,Defender,Centre-Back,Madagascar,8/5/91,15/10/20,1000000,8,29,0.798941799,547
100986,Thomas Meunier,Defender,Right-Back,Belgium,12/9/91,26/11/20,18000000,14,29,0.798941799,156
84085,Timothée Kolodziejczak,Defender,Centre-Back,France,1/10/91,15/10/20,4500000,8,29,0.798941799,354
207742,Tom Lockyer,Defender,Centre-Back,Wales,3/12/94,19/12/23,3500000,10,29,0.798941799,386
192616,Ulisses Garcia,Defender,Left-Back,Switzerland,11/1/96,3/6/25,5000000,15,29,0.798941799,340
155423,Varazdat Haroyan,Defender,Centre-Back,Armenia,24/8/92,13/10/21,1200000,9,29,0.798941799,528
139208,Virgil van Dijk,Defender,Centre-Back,Netherlands,8/7/91,13/10/20,80000000,12,29,0.798941799,7
169841,Vladimir Golemic,Defender,Centre-Back,Serbia,28/6/91,23/3/21,1100000,9,29,0.798941799,533
142310,Willy Boly,Defender,Centre-Back,Cote d'Ivoire,3/2/91,13/10/20,16000000,12,29,0.798941799,170
351843,Yoann Salmier,Defender,Centre-Back,French Guiana,21/11/92,30/5/22,2000000,9,29,0.798941799,466
92571,Aaron Cresswell,Defender,Left-Back,England,15/12/89,13/10/20,6500000,11,30,0.866402116,306
62351,Abdoulaye Bamba,Defender,Centre-Back,Cote d'Ivoire,25/4/90,15/10/20,2000000,6,30,0.866402116,467
111524,Ahmed Hegazy,Defender,Centre-Back,Egypt,25/1/91,31/1/21,4800000,7,30,0.866402116,346
510396,Álex Suárez,Defender,Centre-Back,Spain,18/3/93,22/12/23,1200000,12,30,0.866402116,529
311044,Alfonso Espino,Defender,Left-Back,Uruguay,5/1/92,3/6/22,6000000,16,30,0.866402116,321
211474,Ali Abdi,Defender,Left-Back,Tunisia,20/12/93,10/12/24,3000000,11,30,0.866402116,408
183647,Álvaro González,Defender,Centre-Back,Spain,8/1/90,15/10/20,7000000,8,30,0.866402116,297
39125,Borna Barisic,Defender,Left-Back,Croatia,10/11/92,14/11/22,6500000,14,30,0.866402116,306
104597,Bram Nuytinck,Defender,Centre-Back,Netherlands,4/5/90,23/3/21,5000000,13,30,0.866402116,341
188838,Bruno González,Defender,Centre-Back,Spain,24/5/90,5/1/21,1000000,9,30,0.866402116,548
148751,Bruno Peres,Defender,Right-Back,Brazil,1/3/90,25/8/20,3000000,10,30,0.866402116,408
103427,Chris Smalling,Defender,Centre-Back,England,22/11/89,25/8/20,20000000,12,30,0.866402116,145
121477,Craig Dawson,Defender,Centre-Back,England,6/5/90,18/3/21,5000000,11,30,0.866402116,341
12282,Daley Blind,Defender,Centre-Back,Netherlands,9/3/90,14/10/20,20000000,14,30,0.866402116,145
134270,Dan Burn,Defender,Centre-Back,England,9/5/92,15/6/22,12000000,12,30,0.866402116,218
154396,Danilo Soares,Defender,Left-Back,Brazil,29/10/91,9/6/22,2200000,9,30,0.866402116,451
50174,Danny Rose,Defender,Left-Back,England,2/7/90,13/10/20,10000000,9,30,0.866402116,240
129444,David López,Defender,Centre-Back,Spain,9/10/89,8/10/20,4000000,11,30,0.866402116,370
209990,Djamel Eddine Benlamri,Defender,Centre-Back,Algeria,25/12/89,11/9/20,1100000,8,30,0.866402116,534
85706,Enda Stevens,Defender,Left-Back,Ireland,9/7/90,13/10/20,5500000,8,30,0.866402116,326
51676,Ermin Bicakcic,Defender,Centre-Back,Bosnia-Herzegovina,24/1/90,16/9/20,2400000,8,30,0.866402116,441
442248,Ethan Pinnock,Defender,Centre-Back,Jamaica,29/5/93,19/12/23,15000000,12,30,0.866402116,184
61891,Fábio,Defender,Right-Back,Brazil,9/7/90,15/10/20,2500000,8,30,0.866402116,434
163639,Federico Ceccherini,Defender,Centre-Back,Italy,11/5/92,7/6/22,4000000,13,30,0.866402116,370
111811,Florent Hanin,Defender,Left-Back,France,4/2/90,17/8/20,1600000,8,30,0.866402116,487
160560,Gaetano Letizia,Defender,Right-Back,Italy,29/6/90,29/12/20,2000000,7,30,0.866402116,467
297070,Hamari Traoré,Defender,Right-Back,Mali,27/1/92,30/5/22,10000000,10,30,0.866402116,240
42234,Havard Nordtveit,Defender,Centre-Back,Norway,21/6/90,10/2/21,1500000,5,30,0.866402116,504
83002,Hiroki Sakai,Defender,Right-Back,Japan,12/4/90,15/10/20,5500000,8,30,0.866402116,326
70245,Ignasi Miquel,Defender,Centre-Back,Spain,28/9/92,14/6/23,1400000,9,30,0.866402116,514
124028,Ismaily,Defender,Left-Back,Brazil,11/1/90,4/9/20,12000000,11,30,0.866402116,218
69646,Jens Stryger,Defender,Right-Back,Denmark,21/2/91,26/5/21,4000000,12,30,0.866402116,370
111195,Joël Veltman,Defender,Right-Back,Netherlands,15/1/92,15/6/22,10000000,12,30,0.866402116,240
92572,Joel Ward,Defender,Right-Back,England,29/10/89,13/10/20,3200000,12,30,0.866402116,394
108537,Jonas Hector,Defender,Left-Back,Germany,27/5/90,16/9/20,6000000,7,30,0.866402116,321
126557,Jonathan Gradit,Defender,Centre-Back,France,24/11/92,27/6/23,5000000,10,30,0.866402116,341
70285,Jonathan Schmid,Defender,Right-Back,France,22/6/90,10/2/21,3500000,7,30,0.866402116,387
125020,José Luis Palomino,Defender,Centre-Back,Argentina,5/1/90,25/8/20,10000000,12,30,0.866402116,240
67089,Juan Cala,Defender,Centre-Back,,26/11/89,8/10/20,1200000,8,30,0.866402116,529
121985,Juan Jesus,Defender,Centre-Back,Brazil,10/6/91,15/3/22,4000000,12,30,0.866402116,370
169249,Juan Sánchez Miño,Defender,Left-Back,Argentina,1/1/90,8/10/20,3000000,8,30,0.866402116,408
139304,Karol Mets,Defender,Centre-Back,Estonia,16/5/93,20/10/23,1000000,9,30,0.866402116,548
111114,Kevin Long,Defender,Centre-Back,Ireland,18/8/90,13/10/20,1600000,7,30,0.866402116,487
95810,Kieran Trippier,Defender,Right-Back,England,19/9/90,8/10/20,28000000,13,30,0.866402116,100
95424,Kyle Walker,Defender,Right-Back,England,28/5/90,13/10/20,40000000,12,30,0.866402116,62
122840,Loïc Nego,Defender,Right-Back,Hungary,15/1/91,24/1/21,2200000,13,30,0.866402116,451
111347,Lorenzo Tonelli,Defender,Centre-Back,Italy,17/1/90,25/8/20,2400000,10,30,0.866402116,441
93604,Lukas Kübler,Defender,Right-Back,Germany,30/8/92,29/3/23,3000000,12,30,0.866402116,408
47713,Mamadou Sakho,Defender,Centre-Back,France,13/2/90,13/10/20,9500000,9,30,0.866402116,246
247366,Marcos Mauro,Defender,Centre-Back,Argentina,9/1/91,10/6/21,1500000,8,30,0.866402116,504
78959,Martin Kelly,Defender,Right-Back,England,27/4/90,13/10/20,2800000,8,30,0.866402116,419
92899,Marvin Zeegelaar,Defender,Left-Back,,12/8/90,25/8/20,1200000,9,30,0.866402116,529
69436,Mateo Pavlovic,Defender,Centre-Back,Croatia,9/6/90,15/10/20,1000000,7,30,0.866402116,548
58884,Nacho Fernández,Defender,Centre-Back,Spain,18/1/90,8/10/20,10000000,12,30,0.866402116,240
60577,Nicolas N'Koulou,Defender,Centre-Back,Cameroon,27/3/90,25/8/20,10000000,12,30,0.866402116,240
205054,Norbert Gyömbér,Defender,Centre-Back,Slovakia,3/7/92,15/6/23,1500000,9,30,0.866402116,504
283127,Oualid El Hajjam,Defender,Right-Back,Morocco,19/2/91,16/12/21,1200000,10,30,0.866402116,529
52119,Patrick van Aanholt,Defender,Left-Back,Netherlands,29/8/90,13/10/20,8000000,15,30,0.866402116,271
203043,Pedro Bigas,Defender,Centre-Back,Spain,15/5/90,8/10/20,2000000,7,30,0.866402116,467
72857,Pedro Mendes,Defender,Centre-Back,Portugal,1/10/90,7/1/21,7000000,10,30,0.866402116,297
84150,Rafael Czichos,Defender,Centre-Back,Germany,14/5/90,10/2/21,1700000,7,30,0.866402116,484
240786,Riccardo Gagliolo,Defender,Centre-Back,Sweden,28/4/90,25/8/20,3000000,9,30,0.866402116,408
204198,Romain Saïss,Defender,Centre-Back,Morocco,26/3/90,13/10/20,10000000,10,30,0.866402116,240
126534,Salif Sané,Defender,Centre-Back,Senegal,25/8/90,10/2/21,6000000,7,30,0.866402116,321
153555,Sebastian Griesbeck,Defender,Centre-Back,Germany,3/10/90,10/2/21,1000000,6,30,0.866402116,548
102744,Sébastien Corchia,Defender,Right-Back,France,1/11/90,9/4/21,2000000,7,30,0.866402116,467
88706,Simone Romagnoli,Defender,Centre-Back,Italy,9/2/90,21/8/20,1200000,9,30,0.866402116,529
82350,Stefan Bell,Defender,Centre-Back,Germany,24/8/91,22/12/21,2500000,10,30,0.866402116,434
143029,Stefan Mitrovic,Defender,Centre-Back,Serbia,22/5/90,15/10/20,2500000,12,30,0.866402116,434
158764,Stuart Dallas,Defender,Right-Back,Northern Ireland,19/4/91,8/6/21,4000000,8,30,0.866402116,370
49723,Timothy Chandler,Defender,Right-Back,United States,29/3/90,16/9/20,2000000,11,30,0.866402116,467
47587,Tony Jantschke,Defender,Right-Back,Germany,7/4/90,10/2/21,2400000,8,30,0.866402116,441
197122,Unai García,Defender,Centre-Back,Spain,3/2/92,7/11/22,2500000,12,30,0.866402116,434
67080,Víctor Laguardia,Defender,Centre-Back,Spain,5/11/89,8/10/20,5000000,8,30,0.866402116,341
184767,Ximo Navarro,Defender,Right-Back,Spain,23/1/90,8/10/20,2000000,8,30,0.866402116,467
61812,Yuri Berchiche,Defender,Left-Back,Spain,10/2/90,8/10/20,16000000,10,30,0.866402116,171
52059,Zanka,Defender,Centre-Back,Denmark,23/4/90,4/8/20,2000000,13,30,0.866402116,467
58995,Anthony Jung,Defender,Centre-Back,Germany,3/11/91,29/3/23,1500000,13,31,0.917328042,505
278296,Antonio Raíllo,Defender,Centre-Back,Spain,8/10/91,13/6/23,4000000,15,31,0.917328042,371
82503,Aridane Hernández,Defender,Centre-Back,Spain,23/3/89,8/10/20,3500000,9,31,0.917328042,388
53437,Bastian Oczipka,Defender,Left-Back,Germany,12/1/89,16/9/20,2800000,8,31,0.917328042,420
74810,Ben Mee,Defender,Centre-Back,England,21/9/89,13/10/20,8000000,9,31,0.917328042,272
52348,Benjamin Hübner,Defender,Centre-Back,Germany,4/7/89,16/9/20,4000000,6,31,0.917328042,371
64598,Bernardo Espinosa,Defender,Centre-Back,Colombia,11/7/89,23/7/20,4000000,12,31,0.917328042,371
57500,César Azpilicueta,Defender,Centre-Back,Spain,28/8/89,13/10/20,20000000,13,31,0.917328042,146
98240,Ciaran Clark,Defender,Centre-Back,Ireland,26/9/89,13/10/20,4800000,8,31,0.917328042,347
87469,Cote,Defender,Left-Back,Spain,5/9/89,8/10/20,3000000,7,31,0.917328042,409
59606,Craig Cathcart,Defender,Centre-Back,Northern Ireland,6/2/89,15/10/20,2500000,7,31,0.917328042,435
55769,Danilo D'Ambrosio,Defender,Centre-Back,Italy,9/9/88,25/8/20,10000000,11,31,0.917328042,241
37838,Dejan Lovren,Defender,Centre-Back,Croatia,5/7/89,30/7/20,12000000,13,31,0.917328042,219
67090,Dídac Vilà,Defender,Left-Back,Spain,9/6/89,8/10/20,2000000,6,31,0.917328042,468
85475,Federico Fernández,Defender,Centre-Back,Argentina,21/2/89,13/10/20,4500000,8,31,0.917328042,355
156501,Felipe,Defender,Centre-Back,Brazil,16/5/89,8/10/20,25000000,12,31,0.917328042,117
85295,Iván Balliu,Defender,Right-Back,Albania,1/1/92,23/3/23,4000000,13,31,0.917328042,371
61592,James Tomkins,Defender,Centre-Back,England,29/3/89,13/10/20,4000000,9,31,0.917328042,371
235412,Jawad El Yamiq,Defender,Centre-Back,Morocco,29/2/92,23/3/23,2000000,9,31,0.917328042,468
57404,Jean-Armel Kana-Biyik,Defender,Centre-Back,Cameroon,3/7/89,23/12/20,1200000,7,31,0.917328042,530
60583,Jérémy Pied,Defender,Right-Back,France,23/2/89,15/10/20,2000000,7,31,0.917328042,468
69751,Jordi Alba,Defender,Left-Back,Spain,21/3/89,8/10/20,30000000,9,31,0.917328042,92
228917,Jorge Miramón,Defender,Right-Back,Spain,2/6/89,8/10/20,2500000,7,31,0.917328042,435
44792,Kieran Gibbs,Defender,Left-Back,England,26/9/89,13/10/20,3200000,8,31,0.917328042,395
57420,Lamine Koné,Defender,Centre-Back,Cote d'Ivoire,1/2/89,15/10/20,2200000,9,31,0.917328042,452
102745,Luca Ceppitelli,Defender,Centre-Back,Italy,11/8/89,25/8/20,2500000,8,31,0.917328042,435
62945,Luis Hernández,Defender,Centre-Back,Spain,14/4/89,23/7/20,1000000,11,31,0.917328042,549
137745,Marçal,Defender,Left-Back,Brazil,19/2/89,13/10/20,2400000,9,31,0.917328042,442
39728,Mats Hummels,Defender,Centre-Back,Germany,16/12/88,16/9/20,20000000,12,31,0.917328042,146
54906,Matteo Darmian,Defender,Right-Back,Italy,2/12/89,29/12/20,7000000,11,31,0.917328042,298
102258,Matthew Lowton,Defender,Right-Back,England,9/6/89,13/10/20,4000000,8,31,0.917328042,371
60558,Maxime Le Marchand,Defender,Centre-Back,France,11/10/89,13/10/20,1600000,6,31,0.917328042,488
127554,Nacho Martínez,Defender,Left-Back,Spain,7/3/89,8/10/20,2500000,8,31,0.917328042,435
67416,Neil Taylor,Defender,Left-Back,Wales,7/2/89,13/10/20,2800000,6,31,0.917328042,420
93081,Nick Viergever,Defender,Centre-Back,Netherlands,3/8/89,14/10/20,3000000,13,31,0.917328042,409
43512,Ömer Toprak,Defender,Centre-Back,Türkiye,21/7/89,16/9/20,3000000,13,31,0.917328042,409
96718,Óscar de Marcos,Defender,Right-Back,Spain,14/4/89,8/10/20,2500000,11,31,0.917328042,435
282900,Pablo Martínez,Defender,Centre-Back,France,21/2/89,15/10/20,2500000,8,31,0.917328042,435
125314,Pontus Jansson,Defender,Centre-Back,Sweden,13/2/91,15/6/22,7000000,8,31,0.917328042,298
40611,Ryan Bertrand,Defender,Left-Back,England,5/8/89,13/10/20,10500000,9,31,0.917328042,226
93935,Sergio Escudero,Defender,Left-Back,Spain,2/9/89,8/10/20,4000000,7,31,0.917328042,371
308989,Sergio González,Defender,Centre-Back,Spain,20/4/92,26/3/24,1800000,13,31,0.917328042,481
158791,Sergio Postigo,Defender,Centre-Back,Spain,4/11/88,8/10/20,1200000,7,31,0.917328042,530
27374,Sidnei,Defender,Centre-Back,Brazil,23/8/89,8/10/20,5000000,8,31,0.917328042,342
48859,Simon Kjær,Defender,Centre-Back,Denmark,26/3/89,29/12/20,10000000,9,31,0.917328042,241
42710,Toby Alderweireld,Defender,Centre-Back,Belgium,2/3/89,13/10/20,20000000,13,31,0.917328042,146
62920,Víctor Ruiz,Defender,Centre-Back,Spain,25/1/89,8/10/20,2500000,8,31,0.917328042,435
120651,Vincent Le Goff,Defender,Left-Back,France,15/10/89,15/10/20,2000000,7,31,0.917328042,468
83132,Vincent Manceau,Defender,Centre-Back,France,10/7/89,15/10/20,1700000,8,31,0.917328042,485
129386,Zouhair Feddal,Defender,Centre-Back,Morocco,23/12/89,21/5/21,6000000,10,31,0.917328042,322
111508,Allan Nyom,Defender,Right-Back,Cameroon,10/5/88,8/10/20,2500000,11,32,0.950396825,436
44327,Andrea Ranocchia,Defender,Centre-Back,Italy,16/2/88,25/8/20,2000000,5,32,0.950396825,469
48002,Angelo Ogbonna,Defender,Centre-Back,Italy,23/5/88,13/10/20,5000000,9,32,0.950396825,343
60990,Bruno Ecuele Manga,Defender,Centre-Back,Gabon,16/7/88,15/10/20,2200000,8,32,0.950396825,453
52495,Chris Basham,Defender,Centre-Back,England,20/7/88,30/7/20,3000000,11,32,0.950396825,410
76746,Damián Suárez,Defender,Right-Back,Uruguay,27/4/88,8/10/20,2500000,11,32,0.950396825,436
57370,Damien Da Silva,Defender,Centre-Back,France,17/5/88,15/10/20,4000000,8,32,0.950396825,372
43984,Daniel Brosinski,Defender,Right-Back,Germany,17/7/88,16/9/20,1300000,7,32,0.950396825,517
59641,Denis Odoi,Defender,Centre-Back,Ghana,27/5/88,13/10/20,1600000,11,32,0.950396825,489
52403,Dimitrios Siovas,Defender,Centre-Back,Greece,16/9/88,8/10/20,3000000,13,32,0.950396825,410
43763,Erik Pieters,Defender,Centre-Back,Netherlands,7/8/88,13/10/20,3000000,8,32,0.950396825,410
131075,Francesco Acerbi,Defender,Centre-Back,Italy,10/2/88,25/8/20,13000000,12,32,0.950396825,205
65318,Jaume Costa,Defender,Left-Back,Spain,18/3/88,8/10/20,2500000,9,32,0.950396825,436
26485,Jérôme Boateng,Defender,Centre-Back,Germany,3/9/88,10/2/21,10000000,10,32,0.950396825,242
42412,Jonny Evans,Defender,Centre-Back,Northern Ireland,3/1/88,13/10/20,10000000,9,32,0.950396825,242
46552,Kamil Glik,Defender,Centre-Back,Poland,3/2/88,3/8/20,3500000,8,32,0.950396825,389
51667,Kiko Olivas,Defender,Centre-Back,Spain,21/8/88,8/10/20,1500000,7,32,0.950396825,506
33571,Lorenzo De Silvestri,Defender,Right-Back,Italy,23/5/88,25/8/20,2500000,10,32,0.950396825,436
44501,Marcelo,Defender,Left-Back,Brazil,12/5/88,8/10/20,12000000,10,32,0.950396825,220
34542,Marek Suchy,Defender,Centre-Back,Czech Republic,29/3/88,16/9/20,1000000,8,32,0.950396825,550
81789,Maya Yoshida,Defender,Centre-Back,Japan,24/8/88,25/8/20,3800000,8,32,0.950396825,376
127610,Mexer,Defender,Centre-Back,Mozambique,8/9/88,15/10/20,2000000,7,32,0.950396825,469
85258,Mikel Balenziaga,Defender,Left-Back,Spain,29/2/88,8/10/20,1500000,9,32,0.950396825,506
43256,Paul Baysse,Defender,Centre-Back,France,18/5/88,15/10/20,1000000,4,32,0.950396825,550
57467,Romain Thomas,Defender,Centre-Back,France,12/6/88,15/10/20,2400000,6,32,0.950396825,443
68390,Séamus Coleman,Defender,Right-Back,Ireland,11/10/88,13/10/20,9500000,12,32,0.950396825,247
34322,Sokratis Papastathopoulos,Defender,Centre-Back,Greece,9/6/88,30/7/20,8000000,11,32,0.950396825,273
58330,Víctor Díaz,Defender,Right-Back,Spain,12/6/88,23/7/20,2000000,10,32,0.950396825,469
71559,Xabi Etxeita,Defender,Centre-Back,Spain,31/10/87,8/10/20,1000000,7,32,0.950396825,550
66333,Ahmed Elmohamady,Defender,Right-Back,Egypt,9/9/87,13/10/20,2000000,3,33,0.96957672,470
71548,Anaitz Arbilla,Defender,Centre-Back,Spain,15/5/87,8/10/20,1500000,8,33,0.96957672,507
32522,Antonio Barragán,Defender,Right-Back,Spain,12/6/87,8/10/20,1000000,5,33,0.96957672,551
75921,Christopher Trimmel,Defender,Right-Back,Austria,24/2/87,26/11/20,1200000,10,33,0.96957672,531
71905,Coke,Defender,Right-Back,Spain,26/4/87,8/10/20,1000000,8,33,0.96957672,551
55854,Cristian Ansaldi,Defender,Left-Back,Argentina,20/9/86,25/8/20,4000000,8,33,0.96957672,373
34344,Cristian Zapata,Defender,Centre-Back,Colombia,30/9/86,25/8/20,1500000,8,33,0.96957672,507
46741,David Luiz,Defender,Centre-Back,Brazil,22/4/87,30/7/20,8000000,10,33,0.96957672,274
44136,Domenico Criscito,Defender,Left-Back,Italy,30/12/86,25/8/20,2200000,9,33,0.96957672,454
61546,Facundo Roncaglia,Defender,Centre-Back,Argentina,10/2/87,8/10/20,1000000,7,33,0.96957672,551
45314,Federico Fazio,Defender,Centre-Back,Argentina,17/3/87,25/8/20,2000000,9,33,0.96957672,470
18944,Gerard Piqué,Defender,Centre-Back,Spain,2/2/87,8/10/20,15000000,8,33,0.96957672,185
85585,John Boye,Defender,Centre-Back,Ghana,23/4/87,7/1/21,1500000,7,33,0.96957672,507
78917,Julien Faussurier,Defender,Right-Back,France,14/1/87,15/10/20,1000000,7,33,0.96957672,551
39983,Leonardo Bonucci,Defender,Centre-Back,Italy,1/5/87,25/8/20,18000000,12,33,0.96957672,157
52920,Marcelo,Defender,Centre-Back,Brazil,20/5/87,15/10/20,3000000,6,33,0.96957672,411
37337,Mario Suárez,Defender,Centre-Back,Spain,24/2/87,8/10/20,1000000,8,33,0.96957672,551
54935,Martín Cáceres,Defender,Centre-Back,Uruguay,7/4/87,25/8/20,1500000,7,33,0.96957672,507
139279,Nicolas Pallois,Defender,Centre-Back,France,19/9/87,15/10/20,2500000,11,33,0.96957672,437
62688,Scott Dann,Defender,Centre-Back,England,14/2/87,13/10/20,2800000,8,33,0.96957672,421
59699,Simone Iacoponi,Defender,Centre-Back,Italy,30/4/87,25/8/20,1600000,8,33,0.96957672,490
44420,Stefan Radu,Defender,Left-Back,Romania,22/10/86,25/8/20,4000000,7,33,0.96957672,373
145466,Tim Ream,Defender,Centre-Back,United States,5/10/87,13/10/20,1200000,10,33,0.96957672,531
154199,Wesley Lautoa,Defender,Centre-Back,Neukaledonien,25/8/87,15/10/20,1200000,3,33,0.96957672,531
199704,Yunis Abdelhamid,Defender,Centre-Back,Morocco,28/9/87,15/10/20,2500000,10,33,0.96957672,437
46156,Aleksandar Kolarov,Defender,Left-Back,Serbia,10/11/85,25/8/20,5000000,5,34,0.986111111,344
34198,Andrea Masiello,Defender,Centre-Back,Italy,5/2/86,25/8/20,1000000,7,34,0.986111111,552
6636,Christian Fuchs,Defender,Left-Back,Austria,7/4/86,13/10/20,1600000,6,34,0.986111111,491
54928,Diego Godín,Defender,Centre-Back,Uruguay,16/2/86,25/8/20,5000000,8,34,0.986111111,344
101922,Fabio Pisacane,Defender,Centre-Back,Italy,28/1/86,25/8/20,1200000,4,34,0.986111111,532
27511,Gary Cahill,Defender,Centre-Back,England,19/12/85,13/10/20,2500000,5,34,0.986111111,438
57216,Ismaël Traoré,Defender,Centre-Back,Cote d'Ivoire,18/8/86,7/1/21,1500000,9,34,0.986111111,508
5017,Niklas Moisander,Defender,Centre-Back,Finland,29/9/85,16/9/20,1000000,8,34,0.986111111,552
26669,Ragnar Klavan,Defender,Centre-Back,Estonia,30/10/85,25/8/20,1000000,7,34,0.986111111,552
25557,Sergio Ramos,Defender,Centre-Back,Spain,30/3/86,8/10/20,14000000,11,34,0.986111111,197
60632,Theodor Gebre Selassie,Defender,Right-Back,Czech Republic,24/12/86,10/2/21,1200000,6,34,0.986111111,532
14086,Ashley Young,Defender,Right-Back,England,9/7/85,25/8/20,3000000,12,35,0.993386243,412
76277,Laurent Koscielny,Defender,Centre-Back,France,10/9/85,15/10/20,4000000,4,35,0.993386243,374
27306,Mathieu Debuchy,Defender,Centre-Back,France,28/7/85,15/10/20,2000000,8,35,0.993386243,471
19305,Oscar Wendt,Defender,Left-Back,Sweden,24/10/85,10/2/21,1000000,6,35,0.993386243,553
36827,Branislav Ivanovic,Defender,Right-Back,Serbia,22/2/84,29/7/20,1000000,4,36,0.996031746,554
16136,Dante,Defender,Centre-Back,Brazil,18/10/83,15/10/20,1000000,10,36,0.996031746,554
29260,Giorgio Chiellini,Defender,Centre-Back,Italy,14/8/84,25/8/20,3000000,7,36,0.996031746,413
33829,José Fonte,Defender,Centre-Back,Portugal,22/12/83,15/10/20,1500000,10,36,0.996031746,509
15452,Raúl Albiol,Defender,Centre-Back,Spain,4/9/85,3/6/22,3000000,12,36,0.996031746,413
29241,Thiago Silva,Defender,Centre-Back,Brazil,22/9/84,13/10/20,4500000,9,36,0.996031746,356
15951,Dani Alves,Defender,Right-Back,Brazil,6/5/83,28/5/21,2000000,7,38,1,472
934159,Tommaso Martinelli,Goalkeeper,Goalkeeper,Italy,6/1/06,18/12/24,1800000,5,18,0,172
576033,Doğan Alemdar,Goalkeeper,Goalkeeper,Türkiye,29/10/02,19/9/22,4000000,16,19,0.003389831,128
465836,Stefan Bajic,Goalkeeper,Goalkeeper,France,23/12/01,16/12/21,2000000,7,19,0.003389831,160
912902,Guillaume Restes,Goalkeeper,Goalkeeper,France,11/3/05,24/3/25,20000000,8,20,0.010169492,32
607720,Jonas Urbig,Goalkeeper,Goalkeeper,Germany,8/8/03,20/10/23,2000000,7,20,0.010169492,161
625014,Julen Agirrezabala,Goalkeeper,Goalkeeper,Spain,26/12/00,13/10/21,5000000,12,20,0.010169492,113
418561,Kristoffer Klaesson,Goalkeeper,Goalkeeper,Norway,27/11/00,26/7/21,2000000,10,20,0.010169492,161
553282,Tjark Ernst,Goalkeeper,Goalkeeper,,15/3/03,20/10/23,1500000,6,20,0.010169492,179
696849,Etienne Green,Goalkeeper,Goalkeeper,England,19/7/00,16/12/21,10000000,11,21,0.027118644,70
585550,Gavin Bazunu,Goalkeeper,Goalkeeper,Ireland,20/2/02,16/3/23,18000000,6,21,0.027118644,38
566799,James Trafford,Goalkeeper,Goalkeeper,England,10/10/02,14/3/24,18000000,6,21,0.027118644,38
329813,João Virgínia,Goalkeeper,Goalkeeper,Portugal,10/10/99,8/6/21,1000000,13,21,0.027118644,201
670840,Joe Whitworth,Goalkeeper,Goalkeeper,England,29/2/04,18/6/25,1700000,6,21,0.027118644,175
997861,Kauã Santos,Goalkeeper,Goalkeeper,Brazil,11/4/03,9/10/24,2500000,7,21,0.027118644,147
309397,Lennart Grill,Goalkeeper,Goalkeeper,Germany,25/1/99,1/7/20,1500000,7,21,0.027118644,180
486046,Maarten Vandevoordt,Goalkeeper,Goalkeeper,Belgium,26/2/02,19/12/23,11000000,12,21,0.027118644,68
667991,Alaa Bellaarouch,Goalkeeper,Goalkeeper,Morocco,1/2/02,3/6/24,2000000,11,22,0.054237288,162
453704,Álvaro Fernández,Goalkeeper,Goalkeeper,Spain,13/4/98,19/3/21,4000000,9,22,0.054237288,129
725912,Antonín Kinský,Goalkeeper,Goalkeeper,Czech Republic,13/3/03,18/3/25,15000000,13,22,0.054237288,47
466783,Arnau Tenas,Goalkeeper,Goalkeeper,Spain,30/5/01,12/7/23,5000000,15,22,0.054237288,114
565093,Bart Verbruggen,Goalkeeper,Goalkeeper,Netherlands,18/8/02,30/5/25,30000000,14,22,0.054237288,19
481675,Christos Mandas,Goalkeeper,Goalkeeper,Greece,17/9/01,5/6/24,3000000,10,22,0.054237288,142
448705,Diant Ramaj,Goalkeeper,Goalkeeper,Germany,19/9/01,31/5/24,18000000,15,22,0.054237288,39
585323,Filip Jørgensen,Goalkeeper,Goalkeeper,Denmark,16/4/02,7/6/24,20000000,15,22,0.054237288,33
315858,Gianluigi Donnarumma,Goalkeeper,Goalkeeper,Italy,25/2/99,15/7/21,65000000,12,22,0.054237288,4
488935,Hákon Valdimarsson,Goalkeeper,Goalkeeper,Iceland,13/10/01,14/3/24,2500000,10,22,0.054237288,148
542586,Illan Meslier,Goalkeeper,Goalkeeper,France,2/3/00,3/11/22,22000000,8,22,0.054237288,28
493513,Karl Hein,Goalkeeper,Goalkeeper,Estonia,13/4/02,11/10/24,3000000,8,22,0.054237288,142
463600,Lucas Chevalier,Goalkeeper,Goalkeeper,France,6/11/01,3/6/24,25000000,14,22,0.054237288,23
453737,Marcel Lotka,Goalkeeper,Goalkeeper,Germany,25/5/01,13/6/23,1500000,12,22,0.054237288,181
568617,Răzvan Sava,Goalkeeper,Goalkeeper,Romania,21/6/02,25/3/25,2500000,14,22,0.054237288,148
543666,Stefano Turati,Goalkeeper,Goalkeeper,Italy,5/9/01,20/12/23,7000000,10,22,0.054237288,96
486604,Vitezslav Jaros,Goalkeeper,Goalkeeper,Czech Republic,23/7/01,21/5/24,5000000,7,22,0.054237288,114
418651,Yahia Fofana,Goalkeeper,Goalkeeper,Cote d'Ivoire,21/8/00,2/11/22,2500000,8,22,0.054237288,148
432298,Zion Suzuki,Goalkeeper,Goalkeeper,Japan,21/8/02,17/6/25,20000000,14,22,0.054237288,33
317057,Adrian Semper,Goalkeeper,Goalkeeper,Croatia,12/1/98,24/6/21,2300000,7,23,0.118644068,157
240414,Alex Meret,Goalkeeper,Goalkeeper,Italy,22/3/97,25/8/20,25000000,14,23,0.118644068,24
336077,Altay Bayındır,Goalkeeper,Goalkeeper,Türkiye,14/4/98,12/10/21,16000000,17,23,0.118644068,46
410436,Bailey Peacock-Farrell,Goalkeeper,Goalkeeper,Northern Ireland,29/10/96,13/10/20,1200000,8,23,0.118644068,195
208166,Bartłomiej Drągowski,Goalkeeper,Goalkeeper,Poland,19/8/97,3/6/21,16000000,15,23,0.118644068,46
333175,Bingourou Kamara,Goalkeeper,Goalkeeper,Senegal,21/10/96,15/10/20,1500000,7,23,0.118644068,182
336307,Christian Früchtl,Goalkeeper,Goalkeeper,Germany,28/1/00,12/6/23,1200000,9,23,0.118644068,195
468539,Daniel Peretz,Goalkeeper,Goalkeeper,Israel,10/7/00,18/10/23,5000000,15,23,0.118644068,115
371816,Dimitry Bertaud,Goalkeeper,Goalkeeper,DR Congo,6/6/98,30/5/22,1500000,10,23,0.118644068,182
421873,Elia Caprile,Goalkeeper,Goalkeeper,Italy,25/8/01,17/6/25,9000000,15,23,0.118644068,78
552223,Filip Stanković,Goalkeeper,Goalkeeper,Serbia,25/2/02,25/3/25,6000000,15,23,0.118644068,106
284769,Florian Müller,Goalkeeper,Goalkeeper,Germany,13/11/97,9/6/21,8000000,14,23,0.118644068,84
357047,Gautier Larsonneur,Goalkeeper,Goalkeeper,France,23/2/97,7/1/21,8000000,14,23,0.118644068,84
502676,Giorgi Mamardashvili,Goalkeeper,Goalkeeper,Georgia,29/9/00,18/7/24,45000000,18,23,0.118644068,6
303657,Ionuț Radu,Goalkeeper,Goalkeeper,Romania,28/5/97,25/8/20,8000000,14,23,0.118644068,84
297194,Iván Villar,Goalkeeper,Goalkeeper,Spain,9/7/97,10/6/21,2500000,12,23,0.118644068,149
371013,Ivor Pandur,Goalkeeper,Goalkeeper,Croatia,25/3/00,23/6/23,2000000,9,23,0.118644068,163
631693,Jesús Owono,Goalkeeper,Goalkeeper,Equatorial Guinea,1/3/01,7/6/24,1000000,7,23,0.118644068,202
251892,Juan Soriano,Goalkeeper,Goalkeeper,Spain,23/8/97,8/10/20,1600000,14,23,0.118644068,177
283489,Luca Zidane,Goalkeeper,Goalkeeper,Algeria,13/5/98,21/3/22,2000000,8,23,0.118644068,163
367464,Luís Maximiano,Goalkeeper,Goalkeeper,Portugal,5/1/99,3/6/22,12000000,12,23,0.118644068,59
712107,Luiz Júnior,Goalkeeper,Goalkeeper,Brazil,14/1/01,6/6/24,6000000,10,23,0.118644068,106
459763,Marco Carnesecchi,Goalkeeper,Goalkeeper,Italy,1/7/00,5/6/24,16000000,11,23,0.118644068,46
186901,Marek Rodák,Goalkeeper,Goalkeeper,Slovakia,13/12/96,13/10/20,6000000,10,23,0.118644068,106
526845,Noah Atubolu,Goalkeeper,Goalkeeper,Germany,25/5/02,5/6/25,18000000,15,23,0.118644068,40
471936,Oliver Christensen,Goalkeeper,Goalkeeper,Denmark,22/3/99,9/11/22,4500000,10,23,0.118644068,123
318507,Paul Bernardoni,Goalkeeper,Goalkeeper,France,18/4/97,7/1/21,10000000,13,23,0.118644068,71
301240,Samuele Perisan,Goalkeeper,Goalkeeper,Italy,21/8/97,24/6/21,1300000,11,23,0.118644068,193
262396,Unai Simón,Goalkeeper,Goalkeeper,Spain,11/6/97,23/7/20,30000000,10,23,0.118644068,20
448632,Yehvann Diouf,Goalkeeper,Goalkeeper,Senegal,16/11/99,16/10/23,10000000,10,23,0.118644068,71
284430,Aarón Escandell,Goalkeeper,Goalkeeper,Spain,27/9/95,23/7/20,1000000,10,24,0.220338983,203
357117,Alban Lafont,Goalkeeper,Goalkeeper,Cote d'Ivoire,23/1/99,27/3/23,20000000,15,24,0.220338983,34
201574,Angus Gunn,Goalkeeper,Goalkeeper,Scotland,22/1/96,30/7/20,5000000,8,24,0.220338983,116
395671,Anthony Racioppi,Goalkeeper,Goalkeeper,Switzerland,31/12/98,19/10/23,2200000,10,24,0.220338983,158
371021,Arijanet Murić,Goalkeeper,Goalkeeper,Kosovo,7/11/98,1/6/23,12000000,17,24,0.220338983,60
258919,Dean Henderson,Goalkeeper,Goalkeeper,England,12/3/97,28/5/21,22000000,13,24,0.220338983,29
465555,Djordje Petrovic,Goalkeeper,Goalkeeper,Serbia,8/10/99,27/5/24,20000000,13,24,0.220338983,34
256339,Emil Audero,Goalkeeper,Goalkeeper,Indonesia,18/1/97,3/6/21,14000000,12,24,0.220338983,53
390304,Federico Ravaglia,Goalkeeper,Goalkeeper,Italy,11/11/99,5/6/24,1000000,8,24,0.220338983,203
226049,Freddie Woodman,Goalkeeper,Goalkeeper,England,4/3/97,8/6/21,10000000,10,24,0.220338983,72
344591,Gaëtan Poussin,Goalkeeper,Goalkeeper,France,13/1/99,16/6/23,1800000,8,24,0.220338983,173
283170,Iñaki Peña,Goalkeeper,Goalkeeper,Spain,2/3/99,22/12/23,8000000,10,24,0.220338983,85
226073,Ivo Grbic,Goalkeeper,Goalkeeper,Croatia,18/1/96,8/10/20,7000000,15,24,0.220338983,97
561613,Joan García,Goalkeeper,Goalkeeper,Spain,4/5/01,9/6/25,25000000,13,24,0.220338983,25
562742,Leo Román,Goalkeeper,Goalkeeper,Spain,6/7/00,9/6/25,5000000,11,24,0.220338983,116
400536,Mads Hermansen,Goalkeeper,Goalkeeper,Denmark,11/7/00,18/3/25,15000000,14,24,0.220338983,48
465955,Marcin Bulka,Goalkeeper,Goalkeeper,Poland,4/10/99,3/6/24,20000000,14,24,0.220338983,34
550829,Matej Kovar,Goalkeeper,Goalkeeper,Czech Republic,17/5/00,29/5/24,7000000,9,24,0.220338983,97
610190,Nediljko Labrovic,Goalkeeper,Goalkeeper,Croatia,10/10/99,4/6/24,4500000,11,24,0.220338983,124
594993,Ouparine Djoco,Goalkeeper,Goalkeeper,France,22/4/98,30/5/22,1800000,8,24,0.220338983,173
403151,Robert Sánchez,Goalkeeper,Goalkeeper,Spain,18/11/97,3/11/22,32000000,17,24,0.220338983,16
373714,Wuilker Fariñez,Goalkeeper,Goalkeeper,Venezuela,15/2/98,30/5/22,4000000,13,24,0.220338983,130
427568,Aaron Ramsdale,Goalkeeper,Goalkeeper,England,14/5/98,20/6/23,40000000,17,25,0.294915254,8
404839,Andriy Lunin,Goalkeeper,Goalkeeper,Ukraine,11/2/99,7/6/24,25000000,11,25,0.294915254,26
236734,Axel Werner,Goalkeeper,Goalkeeper,Argentina,28/2/96,21/4/21,1500000,7,25,0.294915254,183
397676,Dani Cárdenas,Goalkeeper,Goalkeeper,Spain,28/3/97,24/3/23,2000000,12,25,0.294915254,164
438682,Daniel Fuzato,Goalkeeper,Goalkeeper,Brazil,4/7/97,29/12/22,1000000,9,25,0.294915254,204
260841,Daniel Iversen,Goalkeeper,Goalkeeper,Denmark,19/7/97,20/6/23,5000000,12,25,0.294915254,117
415383,Hervé Koffi,Goalkeeper,Goalkeeper,Burkina Faso,16/10/96,6/1/22,2500000,12,25,0.294915254,150
346551,Kamil Grabara,Goalkeeper,Goalkeeper,Poland,8/1/99,9/10/24,14000000,13,25,0.294915254,54
192279,Kepa Arrizabalaga,Goalkeeper,Goalkeeper,Spain,3/10/94,30/7/20,28000000,14,25,0.294915254,21
340353,Maduka Okoye,Goalkeeper,Goalkeeper,Nigeria,28/8/99,18/10/24,7500000,15,25,0.294915254,93
357658,Mark Travers,Goalkeeper,Goalkeeper,Ireland,18/5/99,16/12/24,4000000,13,25,0.294915254,131
318470,Matvey Safonov,Goalkeeper,Goalkeeper,Russia,25/2/99,10/12/24,22000000,12,25,0.294915254,30
338670,Mile Svilar,Goalkeeper,Goalkeeper,Serbia,27/8/99,17/6/25,25000000,14,25,0.294915254,26
286415,Pau López,Goalkeeper,Goalkeeper,Spain,13/12/94,25/8/20,17000000,17,25,0.294915254,44
251322,Philipp Köhn,Goalkeeper,Goalkeeper,Switzerland,2/4/98,18/12/23,8000000,16,25,0.294915254,86
244192,Pierluigi Gollini,Goalkeeper,Goalkeeper,Italy,18/3/95,25/8/20,17000000,15,25,0.294915254,44
346546,Radoslaw Majecki,Goalkeeper,Goalkeeper,Poland,16/11/99,10/12/24,7000000,11,25,0.294915254,98
199321,Rubén Blanco,Goalkeeper,Goalkeeper,Spain,25/7/95,8/10/20,7000000,13,25,0.294915254,98
205657,Rúnar Alex Rúnarsson,Goalkeeper,Goalkeeper,Iceland,18/2/95,13/10/20,2000000,11,25,0.294915254,164
222209,Thomas Strakosha,Goalkeeper,Goalkeeper,Albania,19/3/95,25/8/20,25000000,16,25,0.294915254,26
296428,Timon Weiner,Goalkeeper,Goalkeeper,Germany,18/1/99,6/6/24,1500000,12,25,0.294915254,183
221624,Zack Steffen,Goalkeeper,Goalkeeper,United States,2/4/95,13/10/20,6000000,10,25,0.294915254,107
12907,Alessio Cragno,Goalkeeper,Goalkeeper,Italy,28/6/94,25/8/20,20000000,11,26,0.369491525,35
417913,Álvaro Valles,Goalkeeper,Goalkeeper,Spain,25/7/97,21/3/24,15000000,13,26,0.369491525,49
290559,Anthony Mandréa,Goalkeeper,Goalkeeper,Algeria,25/12/96,27/10/23,2000000,8,26,0.369491525,165
340918,Caoimhín Kelleher,Goalkeeper,Goalkeeper,Ireland,23/11/98,16/12/24,22000000,15,26,0.369491525,31
257814,Gregor Kobel,Goalkeeper,Goalkeeper,Switzerland,6/12/97,14/12/23,40000000,13,26,0.369491525,9
388516,Josep Martínez,Goalkeeper,Goalkeeper,Spain,27/5/98,18/10/24,12000000,13,26,0.369491525,61
242359,Juan Musso,Goalkeeper,Goalkeeper,Argentina,6/5/94,25/8/20,20000000,11,26,0.369491525,35
241923,Lorenzo Montipò,Goalkeeper,Goalkeeper,Italy,20/2/96,7/6/22,4500000,12,26,0.369491525,125
352041,Lucas Perri,Goalkeeper,Goalkeeper,Brazil,10/12/97,11/12/23,8000000,11,26,0.369491525,87
301238,Michele Di Gregorio,Goalkeeper,Goalkeeper,Italy,27/7/97,5/6/24,18000000,14,26,0.369491525,41
124419,Odysseas Vlachodimos,Goalkeeper,Goalkeeper,Greece,26/4/94,28/1/21,18000000,14,26,0.369491525,41
160963,Robin Zentner,Goalkeeper,Goalkeeper,Germany,28/10/94,9/6/21,5000000,12,26,0.369491525,118
274958,Saturnin Allagbé,Goalkeeper,Goalkeeper,Benin,22/11/93,15/10/20,1500000,8,26,0.369491525,184
257474,Vanja Milinković-Savić,Goalkeeper,Goalkeeper,Serbia,20/2/97,11/10/23,6000000,12,26,0.369491525,108
147051,Yvon Mvogo,Goalkeeper,Goalkeeper,Switzerland,6/6/94,25/5/21,4500000,10,26,0.369491525,125
163048,Alberto Paleari,Goalkeeper,Goalkeeper,Italy,29/8/92,21/8/20,1000000,11,27,0.420338983,205
304144,Alen Sherri,Goalkeeper,Goalkeeper,Albania,15/12/97,18/12/24,1000000,13,27,0.420338983,205
212862,Álex Remiro,Goalkeeper,Goalkeeper,Spain,24/3/95,7/11/22,25000000,12,27,0.420338983,27
195778,Alexander Nübel,Goalkeeper,Goalkeeper,Germany,30/9/96,29/5/24,12000000,12,27,0.420338983,62
163568,Alfred Gomis,Goalkeeper,Goalkeeper,Senegal,5/9/93,15/10/20,9000000,11,27,0.420338983,79
234509,André Onana,Goalkeeper,Goalkeeper,Cameroon,2/4/96,9/10/23,40000000,15,27,0.420338983,10
298197,Antonio Sivera,Goalkeeper,Goalkeeper,Spain,11/8/96,7/6/24,6000000,13,27,0.420338983,109
275218,Augusto Batalla,Goalkeeper,Goalkeeper,Argentina,30/4/96,19/12/23,6000000,10,27,0.420338983,109
258482,Boris Radunović,Goalkeeper,Goalkeeper,Serbia,26/5/96,12/6/23,1500000,9,27,0.420338983,185
208379,Christian Walton,Goalkeeper,Goalkeeper,England,9/11/95,9/6/23,1200000,7,27,0.420338983,196
120186,Daniel Bachmann,Goalkeeper,Goalkeeper,Austria,9/7/94,5/10/21,3000000,10,27,0.420338983,143
136401,Daniel Bentley,Goalkeeper,Goalkeeper,England,13/7/93,22/12/20,4000000,12,27,0.420338983,132
226012,David Soria,Goalkeeper,Goalkeeper,Spain,4/4/93,8/10/20,15000000,12,27,0.420338983,50
316884,Dominik Greif,Goalkeeper,Goalkeeper,Slovakia,6/4/97,27/12/24,6000000,14,27,0.420338983,109
238223,Ederson,Goalkeeper,Goalkeeper,Brazil,17/8/93,13/10/20,56000000,12,27,0.420338983,5
251299,Finn Dahmen,Goalkeeper,Goalkeeper,Germany,27/3/98,5/6/25,9000000,16,27,0.420338983,79
286047,Guglielmo Vicario,Goalkeeper,Goalkeeper,Italy,7/10/96,14/3/24,35000000,14,27,0.420338983,12
128899,Jack Butland,Goalkeeper,Goalkeeper,England,10/3/93,15/10/20,3500000,12,27,0.420338983,138
121483,Jan Oblak,Goalkeeper,Goalkeeper,Slovenia,7/1/93,8/10/20,90000000,13,27,0.420338983,1
131758,Jesse Joronen,Goalkeeper,Goalkeeper,Finland,21/3/93,25/8/20,4000000,12,27,0.420338983,132
336367,Joe Lumley,Goalkeeper,Goalkeeper,England,15/2/95,13/5/22,1000000,11,27,0.420338983,205
288415,Léo Jardim,Goalkeeper,Goalkeeper,Brazil,20/3/95,30/5/22,4000000,9,27,0.420338983,132
85864,Loris Karius,Goalkeeper,Goalkeeper,Germany,22/6/93,26/11/20,2000000,9,27,0.420338983,166
205465,Marc-Aurèle Caillard,Goalkeeper,Goalkeeper,France,12/5/94,23/3/22,1200000,13,27,0.420338983,196
118161,Marius Müller,Goalkeeper,Goalkeeper,Germany,12/7/93,31/7/20,2000000,14,27,0.420338983,166
345437,Mateusz Lis,Goalkeeper,Goalkeeper,Poland,27/2/97,23/12/24,1800000,17,27,0.420338983,174
110923,Mattia Perin,Goalkeeper,Goalkeeper,Italy,10/11/92,25/8/20,7500000,12,27,0.420338983,94
182906,Mike Maignan,Goalkeeper,Goalkeeper,France,3/7/95,15/6/23,45000000,10,27,0.420338983,7
284270,Moritz Nicolas,Goalkeeper,Goalkeeper,Germany,21/10/97,27/3/25,5000000,13,27,0.420338983,119
223972,Patrick Pentz,Goalkeeper,Goalkeeper,Austria,2/1/97,10/6/24,3000000,13,27,0.420338983,143
189744,Paul Nardi,Goalkeeper,Goalkeeper,France,18/5/94,8/10/21,3000000,12,27,0.420338983,143
190263,Predrag Rajković,Goalkeeper,Goalkeeper,Serbia,31/10/95,7/11/22,10000000,9,27,0.420338983,73
282028,Rémy Descamps,Goalkeeper,Goalkeeper,France,25/6/96,16/10/23,1500000,12,27,0.420338983,185
246335,Rubén Yáñez,Goalkeeper,Goalkeeper,Spain,12/10/93,5/1/21,2000000,9,27,0.420338983,166
207302,Sergio Rico,Goalkeeper,Goalkeeper,Spain,1/9/93,15/10/20,8000000,10,27,0.420338983,88
77757,Thomas Kaminski,Goalkeeper,Goalkeeper,Belgium,23/10/92,15/10/20,3000000,11,27,0.420338983,143
84938,Timo Horn,Goalkeeper,Goalkeeper,Germany,12/5/93,10/2/21,4000000,13,27,0.420338983,132
238537,Wladimiro Falcone,Goalkeeper,Goalkeeper,Italy,12/4/95,21/3/23,5000000,13,27,0.420338983,119
93763,Alexander Schwolow,Goalkeeper,Goalkeeper,Germany,2/6/92,16/9/20,8000000,13,28,0.549152542,89
105470,Alisson,Goalkeeper,Goalkeeper,Brazil,2/10/92,13/10/20,80000000,12,28,0.549152542,2
120629,Alphonse Areola,Goalkeeper,Goalkeeper,France,27/2/93,8/6/21,17000000,14,28,0.549152542,45
112541,Andrey Lunev,Goalkeeper,Goalkeeper,Russia,13/11/91,29/7/20,6500000,12,28,0.549152542,102
72476,Bernd Leno,Goalkeeper,Goalkeeper,Germany,4/3/92,30/7/20,32000000,15,28,0.549152542,17
188930,Danijel Petkovic,Goalkeeper,Goalkeeper,Montenegro,25/5/93,23/3/22,1500000,8,28,0.549152542,186
111873,Emiliano Martínez,Goalkeeper,Goalkeeper,Argentina,2/9/92,16/7/21,35000000,15,28,0.549152542,13
187624,Fabian Bredlow,Goalkeeper,Goalkeeper,Germany,2/3/95,29/3/23,1500000,11,28,0.549152542,186
172015,Fernando Pacheco,Goalkeeper,Goalkeeper,Spain,18/5/92,8/10/20,14000000,9,28,0.549152542,55
193256,Gauthier Gallon,Goalkeeper,Goalkeeper,France,23/4/93,16/12/21,2500000,10,28,0.549152542,151
290537,Jean Butez,Goalkeeper,Goalkeeper,France,8/6/95,9/6/23,8000000,14,28,0.549152542,89
110867,Jed Steer,Goalkeeper,Goalkeeper,England,23/9/92,13/10/20,1200000,8,28,0.549152542,197
260053,Jiri Pavlenka,Goalkeeper,Goalkeeper,Czech Republic,14/4/92,10/2/21,6500000,12,28,0.549152542,102
130164,Jordan Pickford,Goalkeeper,Goalkeeper,England,7/3/94,15/9/22,28000000,14,28,0.549152542,22
108880,Koen Casteels,Goalkeeper,Goalkeeper,Belgium,25/6/92,9/6/21,14000000,8,28,0.549152542,55
74857,Marc-André ter Stegen,Goalkeeper,Goalkeeper,Germany,30/4/92,8/10/20,75000000,12,28,0.549152542,3
199976,Marco Sportiello,Goalkeeper,Goalkeeper,Italy,10/5/92,25/8/20,2000000,9,28,0.549152542,167
94308,Marko Dmitrovic,Goalkeeper,Goalkeeper,Serbia,24/1/92,8/10/20,10000000,12,28,0.549152542,74
160929,Marvin Schwäbe,Goalkeeper,Goalkeeper,Germany,25/4/95,22/6/23,7000000,11,28,0.549152542,99
128969,Mathew Ryan,Goalkeeper,Goalkeeper,Australia,8/4/92,13/10/20,8000000,12,28,0.549152542,89
190280,Patrik Carlgren,Goalkeeper,Goalkeeper,Sweden,8/1/92,23/12/20,1000000,11,28,0.549152542,206
195488,Paulo Gazzaniga,Goalkeeper,Goalkeeper,Argentina,2/1/92,13/10/20,4000000,10,28,0.549152542,133
234811,Rui Silva,Goalkeeper,Goalkeeper,Portugal,7/2/94,3/6/22,15000000,11,28,0.549152542,51
248738,Sergio Herrera,Goalkeeper,Goalkeeper,Spain,5/6/93,3/6/22,8000000,13,28,0.549152542,89
238993,Simone Scuffet,Goalkeeper,Goalkeeper,Italy,31/5/96,5/6/24,2500000,13,28,0.549152542,151
165467,Stole Dimitrievski,Goalkeeper,Goalkeeper,North Macedonia,25/12/93,23/9/22,4000000,13,28,0.549152542,133
108390,Thibaut Courtois,Goalkeeper,Goalkeeper,Belgium,11/5/92,8/10/20,75000000,11,28,0.549152542,3
146714,Tomas Koubek,Goalkeeper,Goalkeeper,Czech Republic,26/8/92,26/11/20,2500000,9,28,0.549152542,151
118997,Aitor Fernández,Goalkeeper,Goalkeeper,Spain,3/5/91,23/7/20,10000000,15,29,0.644067797,75
379869,Arthur Desmas,Goalkeeper,Goalkeeper,France,7/4/94,19/3/24,2500000,13,29,0.644067797,152
190786,Baptiste Reynet,Goalkeeper,Goalkeeper,France,28/10/90,15/10/20,2500000,8,29,0.644067797,152
127181,Benjamin Lecomte,Goalkeeper,Goalkeeper,France,26/4/91,12/10/20,11000000,9,29,0.644067797,69
191056,Brice Samba,Goalkeeper,Goalkeeper,France,25/4/94,16/10/23,15000000,14,29,0.644067797,52
284342,Conan Ledesma,Goalkeeper,Goalkeeper,Argentina,13/2/93,7/11/22,10000000,12,29,0.644067797,75
203026,Danny Ward,Goalkeeper,Goalkeeper,Wales,22/6/93,15/9/22,8000000,14,29,0.644067797,90
59377,David de Gea,Goalkeeper,Goalkeeper,Spain,7/11/90,13/10/20,35000000,14,29,0.644067797,14
262749,David Raya,Goalkeeper,Goalkeeper,Spain,15/9/95,16/12/24,40000000,15,29,0.644067797,11
170911,Donovan Léon,Goalkeeper,Goalkeeper,French Guiana,3/11/92,2/6/22,1200000,13,29,0.644067797,198
442531,Edouard Mendy,Goalkeeper,Goalkeeper,Senegal,1/3/92,23/12/21,32000000,11,29,0.644067797,18
197929,Ivan Provedel,Goalkeeper,Goalkeeper,Italy,17/3/94,20/12/23,14000000,17,29,0.644067797,56
227805,Jaume Doménech,Goalkeeper,Goalkeeper,Spain,5/11/90,8/10/20,6000000,14,29,0.644067797,110
79045,Jeroen Zoet,Goalkeeper,Goalkeeper,Netherlands,6/1/91,29/10/20,5000000,8,29,0.644067797,120
247915,Jonas Omlin,Goalkeeper,Goalkeeper,Switzerland,10/1/94,22/6/23,9000000,14,29,0.644067797,80
249994,José Sá,Goalkeeper,Goalkeeper,Portugal,17/1/93,15/6/22,18000000,12,29,0.644067797,42
99254,Luigi Sepe,Goalkeeper,Goalkeeper,Italy,8/5/91,25/8/20,6000000,11,29,0.644067797,110
80894,Lukasz Skorupski,Goalkeeper,Goalkeeper,Poland,5/5/91,25/8/20,5500000,11,29,0.644067797,111
124884,Marco Bizot,Goalkeeper,Goalkeeper,Netherlands,10/3/91,14/10/20,5500000,9,29,0.644067797,111
85528,Marco Silvestri,Goalkeeper,Goalkeeper,Italy,2/3/91,29/12/20,10000000,14,29,0.644067797,75
425306,Matt Turner,Goalkeeper,Goalkeeper,United States,24/6/94,9/10/23,10000000,11,29,0.644067797,75
196813,Michael Zetterer,Goalkeeper,Goalkeeper,Germany,12/7/95,20/12/24,4500000,13,29,0.644067797,126
248454,Nikola Vasilj,Goalkeeper,Goalkeeper,Bosnia-Herzegovina,2/12/95,5/6/25,3500000,15,29,0.644067797,139
110864,Sam Johnstone,Goalkeeper,Goalkeeper,England,25/3/93,13/5/22,12000000,14,29,0.644067797,63
296802,Walter Benítez,Goalkeeper,Goalkeeper,Argentina,19/1/93,30/5/22,14000000,12,29,0.644067797,56
207834,Yassine Bounou,Goalkeeper,Goalkeeper,Morocco,5/4/91,19/3/21,18000000,14,29,0.644067797,42
95976,Alex McCarthy,Goalkeeper,Goalkeeper,England,3/12/89,30/7/20,6500000,14,30,0.73220339,103
60561,Anthony Lopes,Goalkeeper,Goalkeeper,Portugal,1/10/90,15/10/20,19000000,10,30,0.73220339,37
102146,Édgar Badía,Goalkeeper,Goalkeeper,Spain,12/2/92,7/11/22,4000000,11,30,0.73220339,134
107775,Frederik Rönnow,Goalkeeper,Goalkeeper,Denmark,4/8/92,22/6/23,5500000,13,30,0.73220339,112
229604,Gerónimo Rulli,Goalkeeper,Goalkeeper,Argentina,20/5/92,7/11/22,10000000,13,30,0.73220339,76
101118,Joel Robles,Goalkeeper,Goalkeeper,Spain,17/6/90,8/10/20,5000000,12,30,0.73220339,121
99397,Karl Darlow,Goalkeeper,Goalkeeper,Wales,8/10/90,17/12/20,3000000,9,30,0.73220339,144
112822,Karl-Johan Johnsson,Goalkeeper,Goalkeeper,Sweden,28/1/90,31/7/20,1000000,12,30,0.73220339,207
95736,Leandro Chichizola,Goalkeeper,Goalkeeper,Argentina,27/3/90,8/10/20,1000000,7,30,0.73220339,207
93651,Marcel Schuhen,Goalkeeper,Goalkeeper,Germany,13/1/93,18/10/23,1500000,11,30,0.73220339,187
125714,Mark Flekken,Goalkeeper,Goalkeeper,Netherlands,13/6/93,9/10/23,12000000,13,30,0.73220339,64
127202,Matz Sels,Goalkeeper,Goalkeeper,Belgium,26/2/92,30/5/22,8000000,10,30,0.73220339,91
127188,Maxime Dupé,Goalkeeper,Goalkeeper,France,4/3/93,27/6/23,2500000,11,30,0.73220339,153
164904,Mory Diaw,Goalkeeper,Goalkeeper,Senegal,22/6/93,27/6/23,2000000,10,30,0.73220339,168
55089,Oliver Baumann,Goalkeeper,Goalkeeper,Germany,2/6/90,10/2/21,5500000,10,30,0.73220339,112
75458,Robin Olsen,Goalkeeper,Goalkeeper,Sweden,8/1/90,25/8/20,5000000,12,30,0.73220339,121
59027,Roman Bürki,Goalkeeper,Goalkeeper,Switzerland,14/11/90,10/2/21,7000000,8,30,0.73220339,100
85941,Stefan Ortega,Goalkeeper,Goalkeeper,Germany,6/11/92,20/6/23,9000000,12,30,0.73220339,81
44058,Wojciech Szczesny,Goalkeeper,Goalkeeper,Poland,18/4/90,25/8/20,35000000,10,30,0.73220339,15
76158,Alexander Meyer,Goalkeeper,Goalkeeper,Germany,13/4/91,21/9/22,1000000,12,31,0.796610169,208
61814,David Button,Goalkeeper,Goalkeeper,England,27/2/89,13/10/20,1200000,7,31,0.796610169,199
77825,Etrit Berisha,Goalkeeper,Goalkeeper,Albania,10/3/89,25/8/20,2400000,10,31,0.796610169,156
146227,Jasper Cillessen,Goalkeeper,Goalkeeper,Netherlands,22/4/89,23/7/20,12000000,11,31,0.796610169,65
48870,Jonas Lössl,Goalkeeper,Goalkeeper,Denmark,1/2/89,13/10/20,3000000,11,31,0.796610169,145
65263,Jordi Masip,Goalkeeper,Goalkeeper,Spain,3/1/89,8/10/20,3500000,8,31,0.796610169,140
48015,Lukas Hradecky,Goalkeeper,Goalkeeper,Finland,24/11/89,10/2/21,6500000,11,31,0.796610169,104
74960,Martin Dúbravka,Goalkeeper,Goalkeeper,Slovakia,15/1/89,30/7/20,7500000,13,31,0.796610169,95
111819,Neto,Goalkeeper,Goalkeeper,Brazil,19/7/89,8/10/20,10000000,12,31,0.796610169,77
192080,Nick Pope,Goalkeeper,Goalkeeper,England,19/4/92,20/6/23,20000000,14,31,0.796610169,36
8176,Oier Olazábal,Goalkeeper,Goalkeeper,Spain,14/9/89,8/10/20,1000000,8,31,0.796610169,208
94192,Patrick Drewes,Goalkeeper,Goalkeeper,Germany,4/2/93,9/10/24,1000000,13,31,0.796610169,208
57071,Péter Gulácsi,Goalkeeper,Goalkeeper,Hungary,6/5/90,1/6/21,13000000,12,31,0.796610169,58
21327,Ron-Robert Zieler,Goalkeeper,Goalkeeper,Germany,12/2/89,16/9/20,1500000,8,31,0.796610169,188
51710,Sergio Asenjo,Goalkeeper,Goalkeeper,Spain,28/6/89,5/1/21,10000000,9,31,0.796610169,77
64000,Tomáš Vaclík,Goalkeeper,Goalkeeper,Czech Republic,29/3/89,8/10/20,10000000,14,31,0.796610169,77
54534,Agustín Marchesín,Goalkeeper,Goalkeeper,Argentina,16/3/88,28/1/21,9000000,11,32,0.850847458,82
56809,Alexandre Oukidja,Goalkeeper,Goalkeeper,Algeria,19/7/88,3/8/20,3000000,9,32,0.850847458,146
73396,David Ospina,Goalkeeper,Goalkeeper,Colombia,31/8/88,29/12/20,5000000,7,32,0.850847458,122
81997,Fernando Martínez,Goalkeeper,Goalkeeper,Spain,10/6/90,23/3/23,2000000,14,32,0.850847458,169
52570,Fraser Forster,Goalkeeper,Goalkeeper,England,17/3/88,13/10/20,4500000,11,32,0.850847458,127
81173,Janis Blaswich,Goalkeeper,Goalkeeper,Germany,2/5/91,18/10/23,4000000,11,32,0.850847458,135
73564,Jason Steele,Goalkeeper,Goalkeeper,England,18/8/90,20/6/23,4000000,13,32,0.850847458,135
45672,Kevin Trapp,Goalkeeper,Goalkeeper,Germany,8/7/90,9/11/22,8500000,11,32,0.850847458,83
59238,Marwin Hitz,Goalkeeper,Goalkeeper,Switzerland,18/9/87,16/9/20,1700000,9,32,0.850847458,176
136111,Nicola Leali,Goalkeeper,Goalkeeper,Italy,17/2/93,25/3/25,1500000,12,32,0.850847458,189
39015,Ralf Fährmann,Goalkeeper,Goalkeeper,Germany,27/9/88,10/2/21,1600000,7,32,0.850847458,178
45026,Rui Patrício,Goalkeeper,Goalkeeper,Portugal,15/2/88,13/10/20,14000000,12,32,0.850847458,57
40680,Sven Ulreich,Goalkeeper,Goalkeeper,Germany,3/8/88,16/9/20,3000000,10,32,0.850847458,146
33027,Tim Krul,Goalkeeper,Goalkeeper,Netherlands,3/4/88,15/10/20,3000000,9,32,0.850847458,146
33781,Vito Mannone,Goalkeeper,Goalkeeper,Italy,2/3/88,30/7/20,1000000,10,32,0.850847458,209
42205,Yann Sommer,Goalkeeper,Goalkeeper,Switzerland,17/12/88,10/2/21,7000000,10,32,0.850847458,101
71271,Adrián San Miguel,Goalkeeper,Goalkeeper,Spain,3/1/87,13/10/20,4000000,10,33,0.905084746,136
35865,Andrea Consigli,Goalkeeper,Goalkeeper,Italy,27/1/87,29/12/20,4000000,9,33,0.905084746,136
33873,Asmir Begovic,Goalkeeper,Goalkeeper,Bosnia-Herzegovina,20/6/87,25/8/20,2000000,13,33,0.905084746,170
22628,Benoît Costil,Goalkeeper,Goalkeeper,France,3/7/87,3/8/20,3500000,9,33,0.905084746,141
51321,Darren Randolph,Goalkeeper,Goalkeeper,Ireland,12/5/87,13/10/20,2200000,9,33,0.905084746,159
17965,Hugo Lloris,Goalkeeper,Goalkeeper,France,26/12/86,13/10/20,12000000,11,33,0.905084746,66
29712,John Ruddy,Goalkeeper,Goalkeeper,England,24/10/86,13/10/20,1500000,11,33,0.905084746,190
16911,Kasper Schmeichel,Goalkeeper,Goalkeeper,Denmark,5/11/86,13/10/20,8000000,12,33,0.905084746,92
43824,Kevin Müller,Goalkeeper,Goalkeeper,Germany,15/3/91,27/3/24,1200000,13,33,0.905084746,200
40792,Manuel Riemann,Goalkeeper,Goalkeeper,Germany,9/9/88,9/6/22,1200000,10,33,0.905084746,200
144128,Matías Dituro,Goalkeeper,Goalkeeper,Argentina,8/5/87,11/3/21,1000000,12,33,0.905084746,210
73517,Ørjan Nyland,Goalkeeper,Goalkeeper,Norway,10/9/90,21/3/24,1500000,13,33,0.905084746,190
96254,Pietro Terracciano,Goalkeeper,Goalkeeper,Italy,8/3/90,20/12/23,2500000,12,33,0.905084746,154
78339,Rafał Gikiewicz,Goalkeeper,Goalkeeper,Poland,26/10/87,26/11/20,1500000,10,33,0.905084746,190
25508,Salvatore Sirigu,Goalkeeper,Goalkeeper,Italy,12/1/87,25/8/20,6500000,11,33,0.905084746,105
30690,Sergio Romero,Goalkeeper,Goalkeeper,Argentina,22/2/87,13/10/20,2000000,7,33,0.905084746,170
64399,Vicente Guaita,Goalkeeper,Goalkeeper,Spain,10/1/87,13/10/20,4000000,12,33,0.905084746,136
45494,Wayne Hennessey,Goalkeeper,Goalkeeper,Wales,24/1/87,13/10/20,2000000,11,33,0.905084746,170
27490,Jean-Louis Leca,Goalkeeper,Goalkeeper,France,21/9/85,14/8/20,1300000,9,34,0.966101695,194
33925,Jessy Moulin,Goalkeeper,Goalkeeper,France,13/1/86,15/10/20,1000000,8,34,0.966101695,211
79422,Keylor Navas,Goalkeeper,Goalkeeper,Costa Rica,15/12/86,4/6/21,12000000,10,34,0.966101695,67
27486,Kiko Casilla,Goalkeeper,Goalkeeper,Spain,2/10/86,13/10/20,1500000,7,34,0.966101695,191
17259,Manuel Neuer,Goalkeeper,Goalkeeper,Germany,27/3/86,16/9/20,18000000,13,34,0.966101695,43
29559,Guillermo Ochoa,Goalkeeper,Goalkeeper,Mexico,13/7/85,18/12/20,2000000,8,35,0.983050847,171
29692,Lukasz Fabianski,Goalkeeper,Goalkeeper,Poland,18/4/85,13/10/20,2500000,11,35,0.983050847,155
23951,Steve Mandanda,Goalkeeper,Goalkeeper,France,28/3/85,15/10/20,2500000,11,35,0.983050847,155
28021,Samir Handanovic,Goalkeeper,Goalkeeper,,14/7/84,25/8/20,4000000,7,36,0.993220339,137
22141,Antonio Mirante,Goalkeeper,Goalkeeper,Italy,8/7/83,29/10/20,1500000,11,37,0.996610169,192
40423,Claudio Bravo,Goalkeeper,Goalkeeper,Chile,13/4/83,8/10/20,1000000,10,37,0.996610169,212
788445,Zidan Sertdemir,Midfield,Attacking Midfield,Denmark,4/2/05,7/8/21,2000000,7,16,0,465
964087,Alphadjo Cissè,Midfield,Attacking Midfield,Italy,22/10/06,25/6/24,1400000,3,17,0.000774593,521
882772,Álvaro Bastida,Midfield,Central Midfield,Spain,12/5/04,30/12/21,1000000,9,17,0.000774593,540
1097139,Ayyoub Bouaddi,Midfield,Central Midfield,Morocco,2/10/07,24/3/25,30000000,6,17,0.000774593,101
1075589,Enzo Sternal,Midfield,Attacking Midfield,France,28/5/07,7/10/24,1500000,3,17,0.000774593,506
890719,Ethan Nwaneri,Midfield,Attacking Midfield,England,21/3/07,18/3/25,55000000,6,17,0.000774593,40
922769,Lewis Miley,Midfield,Central Midfield,England,1/5/06,14/3/24,22000000,6,17,0.000774593,141
620313,Lucas Gourna-Douath,Midfield,Defensive Midfield,France,5/8/03,9/4/21,12000000,13,17,0.000774593,233
743395,Noah Mbamba,Midfield,Central Midfield,Belgium,5/1/05,6/1/22,5000000,13,17,0.000774593,347
588020,Ömer Beyaz,Midfield,Attacking Midfield,Türkiye,29/8/03,23/12/20,1000000,17,17,0.000774593,540
810092,Warren Zaïre-Emery,Midfield,Central Midfield,France,8/3/06,18/12/23,60000000,9,17,0.000774593,33
569385,Adil Aouchiche,Midfield,Attacking Midfield,Algeria,15/7/02,15/10/20,10000000,7,18,0.008520527,253
579294,Aimar Sher,Midfield,Central Midfield,Iraq,20/12/02,9/6/21,1200000,7,18,0.008520527,527
744728,Arijon Ibrahimovic,Midfield,Attacking Midfield,Germany,11/12/05,20/12/23,4000000,6,18,0.008520527,379
926694,Arthur Vermeeren,Midfield,Defensive Midfield,Belgium,7/2/05,19/12/23,30000000,11,18,0.008520527,102
663264,Darko Gyabi,Midfield,Central Midfield,England,18/2/04,15/9/22,3000000,3,18,0.008520527,421
745178,Edan Diop,Midfield,Central Midfield,France,28/8/04,27/6/23,2000000,6,18,0.008520527,466
743091,Emirhan İlkhan,Midfield,Central Midfield,Türkiye,1/6/04,27/9/22,4500000,10,18,0.008520527,365
646698,Gabriel Misehouy,Midfield,Attacking Midfield,Netherlands,18/7/05,8/1/24,1000000,6,18,0.008520527,541
1086636,Gabriel Moscardo,Midfield,Defensive Midfield,Brazil,28/9/05,11/12/23,15000000,7,18,0.008520527,198
646740,Gavi,Midfield,Central Midfield,Spain,5/8/04,7/11/22,90000000,12,18,0.008520527,15
504215,Giovanni Reyna,Midfield,Attacking Midfield,United States,13/11/02,7/10/21,42000000,17,18,0.008520527,67
617074,Ilaix Moriba,Midfield,Central Midfield,Guinea,19/1/03,10/6/21,25000000,14,18,0.008520527,123
856274,Jonathan Asp Jensen,Midfield,Attacking Midfield,Denmark,14/1/06,30/12/24,1500000,4,18,0.008520527,507
748807,Joseph Nonge,Midfield,Central Midfield,Belgium,15/5/05,12/3/24,3000000,4,18,0.008520527,421
1011131,Josh King,Midfield,Attacking Midfield,England,3/1/07,18/3/25,1000000,4,18,0.008520527,541
538045,Kays Ruiz-Atil,Midfield,Central Midfield,,26/8/02,7/1/21,3000000,9,18,0.008520527,421
472243,Lilian Egloff,Midfield,Attacking Midfield,Germany,20/8/02,16/9/20,1500000,10,18,0.008520527,507
724106,Luca Lipani,Midfield,Defensive Midfield,Italy,18/5/05,11/10/23,4000000,5,18,0.008520527,379
662752,Luis Rojas,Midfield,Attacking Midfield,Chile,6/3/02,29/10/20,1800000,7,18,0.008520527,485
817612,Luke Harris,Midfield,Attacking Midfield,Wales,4/3/05,9/10/23,1000000,3,18,0.008520527,541
1053147,Mahamadou Diawara,Midfield,Central Midfield,France,17/2/05,18/12/23,3000000,5,18,0.008520527,421
476915,Melayro Bogarde,Midfield,Defensive Midfield,Suriname,28/5/02,10/2/21,3000000,8,18,0.008520527,421
936842,Michael Golding,Midfield,Central Midfield,England,23/5/06,1/10/24,2000000,4,18,0.008520527,466
743533,Mohamed El Arouch,Midfield,Central Midfield,France,6/4/04,27/3/23,2000000,6,18,0.008520527,466
789898,Muhammed Damar,Midfield,Attacking Midfield,Germany,9/4/04,9/11/22,1000000,3,18,0.008520527,541
587002,Myles Peart-Harris,Midfield,Attacking Midfield,Jamaica,18/9/02,13/8/21,1000000,5,18,0.008520527,541
720038,Pablo Torre,Midfield,Attacking Midfield,Spain,3/4/03,21/3/22,3000000,13,18,0.008520527,421
900909,Paul Wanner,Midfield,Central Midfield,Austria,23/12/05,20/12/24,18000000,11,18,0.008520527,168
876400,Simone Pafundi,Midfield,Attacking Midfield,Italy,14/3/06,28/3/24,10000000,9,18,0.008520527,253
864799,Stefan Bajcetic,Midfield,Defensive Midfield,Spain,22/10/04,16/3/23,13000000,7,18,0.008520527,223
923759,Valentin Atangana,Midfield,Central Midfield,France,25/8/05,3/6/24,1000000,5,18,0.008520527,541
1141628,Yunus Konak,Midfield,Defensive Midfield,Türkiye,10/1/06,14/3/24,3500000,5,18,0.008520527,399
484992,Aïmen Moueffek,Midfield,Central Midfield,Morocco,9/4/01,7/1/21,2000000,7,19,0.033307514,467
654415,Alan Virginius,Midfield,Left Midfield,France,3/1/03,19/9/22,4000000,13,19,0.033307514,380
936755,Alberto Manzoni,Midfield,Central Midfield,Italy,25/6/05,18/10/24,1000000,4,19,0.033307514,542
670850,Alex Matos,Midfield,Central Midfield,England,3/10/04,24/5/24,1200000,4,19,0.033307514,528
855256,Alex Scott,Midfield,Central Midfield,England,21/8/03,1/6/23,20000000,11,19,0.033307514,153
654234,Anton Kade,Midfield,Attacking Midfield,Germany,17/1/04,28/3/23,1000000,6,19,0.033307514,542
861410,Arda Güler,Midfield,Attacking Midfield,Türkiye,25/2/05,18/7/24,45000000,12,19,0.033307514,59
651269,Armin Gigovic,Midfield,Central Midfield,Bosnia-Herzegovina,6/4/02,13/4/21,2000000,11,19,0.033307514,467
977877,Ayanda Sishuba,Midfield,Attacking Midfield,Belgium,2/2/05,18/10/24,2000000,7,19,0.033307514,467
810093,Ayman Kari,Midfield,Central Midfield,France,19/11/04,3/6/24,4000000,6,19,0.033307514,380
789252,Bence Dárdai,Midfield,Attacking Midfield,Hungary,24/1/06,5/6/25,12000000,7,19,0.033307514,234
609692,Bilal Benkhedim,Midfield,Attacking Midfield,Algeria,20/4/01,3/8/20,1200000,7,19,0.033307514,528
712117,Bobby Clark,Midfield,Central Midfield,England,7/2/05,14/3/24,1000000,4,19,0.033307514,542
816585,Can Uzun,Midfield,Attacking Midfield,Türkiye,11/11/05,27/3/25,18000000,8,19,0.033307514,169
746891,Cristian Volpato,Midfield,Attacking Midfield,Australia,15/11/03,11/10/23,5000000,6,19,0.033307514,348
857830,Daniel Luna,Midfield,Attacking Midfield,Colombia,7/5/03,17/2/23,1000000,11,19,0.033307514,542
670717,Dário Essugo,Midfield,Defensive Midfield,Portugal,14/3/05,6/6/24,3500000,6,19,0.033307514,400
969192,Ebenezer Akinsanmiro,Midfield,Central Midfield,Nigeria,25/11/04,12/3/24,2000000,3,19,0.033307514,467
659521,Edouard Michut,Midfield,Central Midfield,France,4/3/03,30/5/22,3000000,11,19,0.033307514,422
535834,Eliot Matazo,Midfield,Central Midfield,Belgium,15/2/02,8/10/21,8000000,14,19,0.033307514,283
581781,Enzo Loiodice,Midfield,Central Midfield,France,27/11/00,8/10/20,4000000,15,19,0.033307514,380
571607,Fabio Miretti,Midfield,Central Midfield,Italy,3/8/03,27/9/22,15000000,10,19,0.033307514,199
983989,Facundo Buonanotte,Midfield,Attacking Midfield,Argentina,23/12/04,14/3/24,18000000,8,19,0.033307514,169
504209,Gianluca Busio,Midfield,Central Midfield,United States,28/5/02,28/12/21,10000000,14,19,0.033307514,254
831162,Gino Infantino,Midfield,Central Midfield,Argentina,19/5/03,26/10/22,3000000,10,19,0.033307514,422
669000,Habib Keïta,Midfield,Central Midfield,Mali,5/2/02,16/12/21,1000000,9,19,0.033307514,542
536508,Han-Noah Massengo,Midfield,Central Midfield,France,7/7/01,15/10/20,5500000,10,19,0.033307514,338
565822,Harvey Elliott,Midfield,Attacking Midfield,England,4/4/03,15/9/22,35000000,14,19,0.033307514,83
670116,Isak Hansen-Aarøen,Midfield,Attacking Midfield,Norway,22/8/04,2/2/24,1500000,4,19,0.033307514,508
867688,Jack Hinshelwood,Midfield,Defensive Midfield,England,11/4/05,16/12/24,24000000,7,19,0.033307514,134
515017,Jacob Christensen,Midfield,Defensive Midfield,Denmark,25/6/01,4/6/21,2500000,10,19,0.033307514,441
837329,Jean N'Guessan,Midfield,Central Midfield,Cote d'Ivoire,17/4/03,6/4/23,1200000,9,19,0.033307514,528
927353,Johan Manzambi,Midfield,Central Midfield,Switzerland,14/10/05,5/6/25,8000000,6,19,0.033307514,283
660867,Julio Enciso,Midfield,Attacking Midfield,Paraguay,23/1/04,20/6/23,22000000,11,19,0.033307514,142
699442,Kacper Urbański,Midfield,Attacking Midfield,Poland,7/9/04,5/6/24,7000000,10,19,0.033307514,305
782630,Khalil Fayad,Midfield,Central Midfield,Morocco,9/6/04,18/12/23,5000000,6,19,0.033307514,348
884810,Kjell Wätjen,Midfield,Central Midfield,Germany,16/2/06,11/6/25,2500000,3,19,0.033307514,441
820374,Kobbie Mainoo,Midfield,Central Midfield,England,19/4/05,18/7/24,55000000,9,19,0.033307514,41
711999,Lesley Ugochukwu,Midfield,Defensive Midfield,France,26/3/04,9/10/23,25000000,13,19,0.033307514,124
1083164,Lior Kassa,Midfield,Central Midfield,Israel,27/9/05,25/3/25,1500000,6,19,0.033307514,508
707450,Lorenzo Amatucci,Midfield,Defensive Midfield,Italy,5/2/04,11/10/23,1000000,4,19,0.033307514,542
892973,Lovro Zvonarek,Midfield,Attacking Midfield,Croatia,8/5/05,29/5/24,3000000,7,19,0.033307514,422
866246,Lucas Bergvall,Midfield,Central Midfield,Sweden,2/2/06,30/5/25,38000000,9,19,0.033307514,80
502722,Luka Sucic,Midfield,Central Midfield,Croatia,8/9/02,27/5/22,20000000,13,19,0.033307514,153
991744,Luka Topalović,Midfield,Central Midfield,Slovenia,23/2/06,25/3/25,1500000,5,19,0.033307514,508
743597,Matheus França,Midfield,Attacking Midfield,Brazil,1/4/04,9/10/23,15000000,10,19,0.033307514,199
777005,Mert Kömür,Midfield,Attacking Midfield,Germany,17/7/05,27/3/25,5000000,7,19,0.033307514,348
926135,Omari Kellyman,Midfield,Attacking Midfield,England,15/9/05,16/12/24,1500000,4,19,0.033307514,508
537765,Pablo Rodríguez,Midfield,Attacking Midfield,Spain,4/8/01,24/6/21,2000000,7,19,0.033307514,467
683840,Pedri,Midfield,Central Midfield,Spain,25/11/02,7/11/22,100000000,14,19,0.033307514,11
1068110,Rabby Nzingoula,Midfield,Defensive Midfield,France,25/11/05,10/12/24,2500000,5,19,0.033307514,441
627226,Reinier,Midfield,Attacking Midfield,Brazil,19/1/02,10/2/21,18000000,9,19,0.033307514,169
659415,Riccardo Pagano,Midfield,Central Midfield,Italy,28/11/04,25/6/24,2500000,4,19,0.033307514,441
690429,Robert Wagner,Midfield,Central Midfield,Germany,14/7/03,13/6/23,1400000,8,19,0.033307514,522
628451,Roméo Lavia,Midfield,Defensive Midfield,Belgium,6/1/04,9/10/23,50000000,11,19,0.033307514,49
650966,Samuele Vignato,Midfield,Attacking Midfield,Italy,24/2/04,20/12/23,4000000,8,19,0.033307514,380
903693,Senny Mayulu,Midfield,Central Midfield,France,17/5/06,3/6/25,15000000,5,19,0.033307514,199
507486,Simon Sohm,Midfield,Central Midfield,Switzerland,11/4/01,29/10/20,5000000,9,19,0.033307514,348
743387,Stanis Idumbo,Midfield,Attacking Midfield,Belgium,29/6/05,27/12/24,2500000,4,19,0.033307514,441
429987,Tiago Dantas,Midfield,Central Midfield,Portugal,24/12/00,11/11/20,4000000,9,19,0.033307514,380
822959,Tom Bischof,Midfield,Central Midfield,Germany,28/6/05,5/6/25,30000000,11,19,0.033307514,103
538569,Tommaso Milanese,Midfield,Central Midfield,Italy,31/7/02,6/6/22,2000000,6,19,0.033307514,467
569031,Umut Tohumcu,Midfield,Central Midfield,Germany,11/8/04,29/5/24,7000000,9,19,0.033307514,305
849410,Valentín Barco,Midfield,Central Midfield,Argentina,23/7/04,19/12/23,13000000,7,19,0.033307514,224
787618,Valentín Carboni,Midfield,Attacking Midfield,Argentina,5/3/05,12/3/24,15000000,9,19,0.033307514,199
944570,Vasilije Adžić,Midfield,Attacking Midfield,Montenegro,12/5/06,17/6/25,4000000,6,19,0.033307514,380
503991,Yunus Musah,Midfield,Central Midfield,United States,29/11/02,23/9/22,25000000,13,19,0.033307514,124
646658,Aaron Ramsey,Midfield,Attacking Midfield,England,21/1/03,9/10/23,15000000,8,20,0.085205267,200
421768,Alessandro Cortinovis,Midfield,Attacking Midfield,Italy,25/1/01,29/12/21,1000000,7,20,0.085205267,543
507472,Alexandre Jankewitz,Midfield,Central Midfield,Switzerland,25/12/01,8/6/22,1000000,6,20,0.085205267,543
482769,Alexis Trouillet,Midfield,Central Midfield,France,23/12/00,9/4/21,2000000,11,20,0.085205267,468
692737,Aljoscha Kemlein,Midfield,Defensive Midfield,Germany,2/8/04,20/12/24,7000000,8,20,0.085205267,306
724537,Andrew Moran,Midfield,Attacking Midfield,Ireland,15/10/03,21/12/23,3000000,5,20,0.085205267,423
711976,Andy Diouf,Midfield,Central Midfield,France,17/5/03,16/10/23,13000000,9,20,0.085205267,225
371003,Ante Palaversa,Midfield,Defensive Midfield,Croatia,6/4/00,8/10/20,3500000,13,20,0.085205267,401
590914,Bandiougou Fadiga,Midfield,Attacking Midfield,France,15/1/01,9/4/21,1200000,11,20,0.085205267,529
787907,Benjamin Tahirović,Midfield,Central Midfield,Bosnia-Herzegovina,3/3/03,15/12/23,6000000,9,20,0.085205267,324
654982,Bilal El Khannouss,Midfield,Attacking Midfield,Morocco,10/5/04,4/6/24,30000000,9,20,0.085205267,104
700106,Brajan Gruda,Midfield,Attacking Midfield,Germany,31/5/04,1/10/24,25000000,8,20,0.085205267,125
546880,Brandon Soppy,Midfield,Right Midfield,France,21/2/02,11/11/22,10000000,13,20,0.085205267,255
748319,Carlos Alcaraz,Midfield,Central Midfield,Argentina,30/11/02,20/6/23,15000000,11,20,0.085205267,200
614603,Chem Campbell,Midfield,Attacking Midfield,Wales,30/12/02,5/4/23,1000000,5,20,0.085205267,543
651005,Cher Ndour,Midfield,Central Midfield,Italy,27/7/04,25/3/25,5000000,12,20,0.085205267,349
655006,Diego Moreira,Midfield,Left Midfield,Belgium,6/8/04,3/6/25,18000000,11,20,0.085205267,170
647484,Ebrima Darboe,Midfield,Defensive Midfield,The Gambia,6/6/01,30/6/21,2000000,5,20,0.085205267,468
392771,Ethan Ampadu,Midfield,Defensive Midfield,Wales,14/9/00,25/5/21,15000000,9,20,0.085205267,200
559263,Fábio Carvalho,Midfield,Attacking Midfield,Portugal,30/8/02,3/11/22,20000000,8,20,0.085205267,154
343337,Fiete Arp,Midfield,Attacking Midfield,Germany,6/1/00,8/7/20,2000000,8,20,0.085205267,468
699704,Gabri Veiga,Midfield,Attacking Midfield,Spain,27/5/02,23/3/23,30000000,14,20,0.085205267,104
936981,Gustavo Puerta,Midfield,Central Midfield,Colombia,23/7/03,29/5/24,3000000,6,20,0.085205267,423
876631,Habib Diarra,Midfield,Central Midfield,Senegal,3/1/04,7/10/24,20000000,14,20,0.085205267,154
607224,Hannibal,Midfield,Attacking Midfield,Tunisia,21/1/03,9/10/23,12000000,9,20,0.085205267,235
931838,Hugo Larsson,Midfield,Central Midfield,Sweden,27/6/04,27/3/25,40000000,10,20,0.085205267,70
836518,Ignacio Miramón,Midfield,Defensive Midfield,Argentina,12/6/03,4/7/23,4000000,6,20,0.085205267,381
612749,Isaac Price,Midfield,Central Midfield,Northern Ireland,26/9/03,22/3/24,2000000,5,20,0.085205267,468
691482,Jacopo Fazzini,Midfield,Central Midfield,Italy,16/3/03,20/12/23,6000000,7,20,0.085205267,324
845289,James McConnell,Midfield,Defensive Midfield,England,13/9/04,18/3/25,2000000,5,20,0.085205267,468
834764,Javi Guerra,Midfield,Central Midfield,Spain,13/5/03,13/10/23,20000000,6,20,0.085205267,154
335003,Jean Manuel Mbom,Midfield,Central Midfield,Germany,24/2/00,10/2/21,3000000,14,20,0.085205267,423
742521,Jhon Solís,Midfield,Central Midfield,Colombia,3/10/04,11/10/24,4000000,9,20,0.085205267,381
670681,João Neves,Midfield,Central Midfield,Portugal,27/9/04,3/6/25,80000000,11,20,0.085205267,21
503975,Joe Hodge,Midfield,Defensive Midfield,Ireland,14/9/02,20/6/23,2000000,7,20,0.085205267,468
700078,Joel Mvuka,Midfield,Right Midfield,Norway,12/11/02,29/6/23,4500000,8,20,0.085205267,366
585973,Johann Lepenant,Midfield,Defensive Midfield,France,22/10/02,2/11/22,10000000,17,20,0.085205267,255
667517,Jordan James,Midfield,Central Midfield,Wales,2/7/04,24/3/25,8000000,9,20,0.085205267,284
624037,Joris Chotard,Midfield,Defensive Midfield,France,24/9/01,23/3/22,10000000,11,20,0.085205267,255
581678,Jude Bellingham,Midfield,Attacking Midfield,England,29/6/03,22/12/23,180000000,16,20,0.085205267,1
1011200,Junior Mwanga,Midfield,Defensive Midfield,France,11/5/03,19/3/24,7000000,10,20,0.085205267,306
574495,Kristoffer Askildsen,Midfield,Central Midfield,Norway,9/1/01,28/12/21,2000000,7,20,0.085205267,468
569384,Lucien Agoumé,Midfield,Defensive Midfield,France,9/2/02,30/5/22,7000000,9,20,0.085205267,306
766723,Manu Bueno,Midfield,Central Midfield,Spain,27/7/04,27/12/24,1500000,6,20,0.085205267,509
636695,Marc Casadó,Midfield,Defensive Midfield,Spain,14/9/03,24/6/24,2500000,6,20,0.085205267,442
468301,Marcos Antônio,Midfield,Central Midfield,Brazil,13/6/00,14/1/21,8000000,10,20,0.085205267,284
814976,Martin Adeline,Midfield,Attacking Midfield,France,2/12/03,11/6/24,1000000,9,20,0.085205267,543
540302,Mateo Klimowicz,Midfield,Attacking Midfield,Germany,6/7/00,10/2/21,5000000,10,20,0.085205267,349
880245,Mateus Fernandes,Midfield,Central Midfield,Portugal,10/7/04,16/12/24,15000000,9,20,0.085205267,200
570466,Mateusz Legowski,Midfield,Defensive Midfield,Poland,29/1/03,20/12/23,3000000,11,20,0.085205267,423
796221,Mats Pannewig,Midfield,Central Midfield,Germany,28/10/04,5/6/25,1000000,5,20,0.085205267,543
876298,Matteo Prati,Midfield,Defensive Midfield,Italy,28/12/03,5/6/24,10000000,10,20,0.085205267,255
488052,Matthias Braunöder,Midfield,Central Midfield,Austria,27/3/02,10/11/22,3500000,14,20,0.085205267,401
484387,Matty Longstaff,Midfield,Central Midfield,England,21/3/00,30/7/20,5000000,9,20,0.085205267,349
344600,Michaël Cuisance,Midfield,Central Midfield,France,16/8/99,8/7/20,10000000,9,20,0.085205267,255
523977,Miguel Baeza,Midfield,Attacking Midfield,Spain,27/3/00,8/10/20,2500000,9,20,0.085205267,442
538971,Naouirou Ahamada,Midfield,Central Midfield,France,29/3/02,16/3/23,10000000,13,20,0.085205267,255
1016015,Ngal'ayel Mukau,Midfield,Defensive Midfield,DR Congo,3/11/04,24/3/25,15000000,10,20,0.085205267,200
813137,Niccolò Pisilli,Midfield,Central Midfield,Italy,23/9/04,17/6/25,13000000,7,20,0.085205267,225
948294,Nico Paz,Midfield,Attacking Midfield,Argentina,8/9/04,25/3/25,35000000,9,20,0.085205267,84
679754,Niklas Pyyhtiä,Midfield,Central Midfield,Finland,25/9/03,25/3/24,1200000,9,20,0.085205267,529
846310,Oscar Højlund,Midfield,Central Midfield,Denmark,4/1/05,27/3/25,7500000,10,20,0.085205267,295
511815,Owen Otasowie,Midfield,Defensive Midfield,United States,6/1/01,6/10/21,2000000,10,20,0.085205267,468
907813,Pablo Marín,Midfield,Attacking Midfield,Spain,3/7/03,13/10/23,1500000,9,20,0.085205267,509
812654,Rareș Ilie,Midfield,Attacking Midfield,Romania,19/4/03,28/3/24,3300000,16,20,0.085205267,411
982855,Reda Belahyane,Midfield,Defensive Midfield,Morocco,1/6/04,18/12/24,10000000,9,20,0.085205267,255
331511,Riqui Puig,Midfield,Central Midfield,Spain,13/8/99,23/7/20,25000000,12,20,0.085205267,125
569866,Roberto López,Midfield,Attacking Midfield,Spain,24/4/00,5/1/21,8000000,14,20,0.085205267,284
667121,Rodrigo Gomes,Midfield,Left Midfield,Portugal,7/7/03,6/6/24,12000000,8,20,0.085205267,235
581672,Samuel Iling-Junior,Midfield,Left Midfield,England,4/10/03,5/6/24,13000000,8,20,0.085205267,225
747951,Shea Charles,Midfield,Defensive Midfield,Northern Ireland,5/11/03,21/12/23,11000000,7,20,0.085205267,246
766412,Théo Le Bris,Midfield,Right Midfield,France,1/10/02,27/6/23,3000000,7,20,0.085205267,423
569457,Tim Breithaupt,Midfield,Defensive Midfield,Germany,7/2/02,30/11/22,3500000,13,20,0.085205267,401
433181,Tino Anjorin,Midfield,Central Midfield,England,23/11/01,29/12/21,3000000,6,20,0.085205267,423
641537,Tommaso Baldanzi,Midfield,Attacking Midfield,Italy,23/3/03,15/6/23,15000000,11,20,0.085205267,200
818880,Tommaso Corazza,Midfield,Left Midfield,Italy,29/6/04,2/6/25,1500000,6,20,0.085205267,509
659516,Warren Bondo,Midfield,Central Midfield,France,15/9/03,5/6/24,6000000,10,20,0.085205267,324
566931,Xavi Simons,Midfield,Attacking Midfield,Netherlands,21/4/03,27/3/24,80000000,13,20,0.085205267,21
801754,Yanis Cimignani,Midfield,Left Midfield,France,22/1/02,2/6/22,2000000,10,20,0.085205267,468
941869,Yellu Santiago,Midfield,Central Midfield,Spain,25/5/04,7/6/24,1000000,8,20,0.085205267,543
744149,Adam Wharton,Midfield,Defensive Midfield,England,6/2/04,30/5/25,45000000,8,21,0.147172734,60
634131,Aimar Oroz,Midfield,Attacking Midfield,Spain,27/11/01,13/6/23,15000000,13,21,0.147172734,201
381967,Albert Sambi Lokonga,Midfield,Central Midfield,Belgium,22/10/99,5/10/21,16000000,11,21,0.147172734,190
792380,Aleksandar Pavlovic,Midfield,Defensive Midfield,Germany,3/5/04,5/6/25,55000000,7,21,0.147172734,42
602124,Alessandro Bianco,Midfield,Central Midfield,Italy,1/10/02,11/10/23,1200000,6,21,0.147172734,530
282722,Álex Collado,Midfield,Attacking Midfield,Spain,22/4/99,8/10/20,5000000,10,21,0.147172734,350
539065,Alexis Beka Beka,Midfield,Defensive Midfield,France,29/3/01,19/9/22,7000000,13,21,0.147172734,307
743600,Andrey Santos,Midfield,Central Midfield,Brazil,3/5/04,3/6/25,35000000,10,21,0.147172734,85
546712,Anis Ben Slimane,Midfield,Attacking Midfield,Tunisia,16/3/01,20/6/22,3500000,10,21,0.147172734,402
536030,Arnau Puigmal,Midfield,Central Midfield,Spain,10/1/01,7/11/22,2000000,8,21,0.147172734,469
565435,Arne Engels,Midfield,Central Midfield,Belgium,8/9/03,12/3/25,12000000,11,21,0.147172734,236
296397,Arne Maier,Midfield,Central Midfield,Germany,8/1/99,16/9/20,13500000,14,21,0.147172734,222
555143,Arsen Zakharyan,Midfield,Attacking Midfield,Russia,26/5/03,7/6/24,18000000,11,21,0.147172734,171
503881,Aster Vranckx,Midfield,Central Midfield,Belgium,4/10/02,14/12/23,12000000,14,21,0.147172734,236
659520,Bilal Nadir,Midfield,Central Midfield,Morocco,28/11/03,24/3/25,5000000,10,21,0.147172734,350
631996,Brandon Aguilera,Midfield,Central Midfield,Costa Rica,28/6/03,30/5/25,1500000,12,21,0.147172734,510
393323,Brenden Aaronson,Midfield,Attacking Midfield,United States,22/10/00,15/9/22,30000000,13,21,0.147172734,105
409344,Calvin Stengs,Midfield,Attacking Midfield,Netherlands,18/12/98,14/10/20,18000000,11,21,0.147172734,171
973085,Carlos Baleba,Midfield,Defensive Midfield,Cameroon,3/1/04,30/5/25,40000000,10,21,0.147172734,71
659459,Carney Chukwuemeka,Midfield,Central Midfield,Austria,20/10/03,5/6/25,18000000,11,21,0.147172734,171
503162,Christopher Scott,Midfield,Left Midfield,Germany,7/6/02,9/6/23,1500000,12,21,0.147172734,510
926763,Chuki,Midfield,Attacking Midfield,Spain,29/4/04,9/6/25,1500000,11,21,0.147172734,510
719442,David Da Costa,Midfield,Attacking Midfield,Portugal,5/1/01,2/11/22,10000000,17,21,0.147172734,256
678479,Denis Huseinbasic,Midfield,Central Midfield,Bosnia-Herzegovina,3/7/01,29/3/23,5000000,11,21,0.147172734,350
931160,Djaoui Cissé,Midfield,Central Midfield,France,31/1/04,3/6/25,8000000,5,21,0.147172734,285
391719,Domingos Quina,Midfield,Central Midfield,Portugal,18/11/99,10/6/21,3000000,8,21,0.147172734,424
614742,Drissa Camara,Midfield,Central Midfield,Cote d'Ivoire,18/2/02,12/6/23,1200000,5,21,0.147172734,530
640428,Eduardo Camavinga,Midfield,Central Midfield,France,10/11/02,7/6/24,100000000,14,21,0.147172734,12
392765,Emile Smith Rowe,Midfield,Attacking Midfield,England,28/7/00,29/3/22,40000000,15,21,0.147172734,71
597000,Eric Martel,Midfield,Defensive Midfield,Germany,29/4/02,22/6/23,9000000,11,21,0.147172734,270
507341,Fabian Rieder,Midfield,Attacking Midfield,Switzerland,16/2/02,7/6/23,15000000,14,21,0.147172734,201
855015,Farès Chaïbi,Midfield,Attacking Midfield,Algeria,28/11/02,27/3/24,18000000,11,21,0.147172734,171
659518,Félix Lemaréchal,Midfield,Attacking Midfield,France,7/8/03,3/6/25,10000000,12,21,0.147172734,256
636703,Fermín López,Midfield,Attacking Midfield,Spain,11/5/03,7/6/24,30000000,6,21,0.147172734,105
622801,Flavio Paoletti,Midfield,Central Midfield,Italy,16/1/03,15/3/24,1000000,7,21,0.147172734,544
598577,Florian Wirtz,Midfield,Attacking Midfield,Germany,3/5/03,20/12/24,140000000,15,21,0.147172734,3
613393,Gaetano Oristanio,Midfield,Attacking Midfield,Italy,28/9/02,5/6/24,4000000,9,21,0.147172734,382
633668,Giovanni Fabbian,Midfield,Attacking Midfield,Italy,14/1/03,5/6/24,14000000,10,21,0.147172734,213
798929,Gvidas Gineitis,Midfield,Central Midfield,Lithuania,15/4/04,17/6/25,6000000,8,21,0.147172734,325
718312,Hamzat Ojediran,Midfield,Defensive Midfield,Nigeria,14/11/03,10/12/24,2000000,8,21,0.147172734,469
684062,Hianga'a Mbock,Midfield,Central Midfield,France,28/12/99,16/12/21,2200000,11,21,0.147172734,457
892221,Hugo Sotelo,Midfield,Central Midfield,Spain,19/12/03,27/12/24,5000000,8,21,0.147172734,350
413032,Ibrahima Diallo,Midfield,Defensive Midfield,France,8/3/99,3/8/20,15000000,9,21,0.147172734,201
729872,Igor Miladinovic,Midfield,Attacking Midfield,Serbia,8/6/03,10/6/24,3200000,12,21,0.147172734,412
710677,Iker Muñoz,Midfield,Defensive Midfield,Spain,5/9/02,13/10/23,5000000,11,21,0.147172734,350
635336,Imrân Louza,Midfield,Central Midfield,Morocco,1/5/99,15/10/20,12000000,9,21,0.147172734,236
693352,Iron Gomis,Midfield,Attacking Midfield,France,9/11/99,25/6/21,1500000,11,21,0.147172734,510
580195,Jamal Musiala,Midfield,Attacking Midfield,Germany,26/2/03,20/12/24,140000000,16,21,0.147172734,3
393321,James Sands,Midfield,Defensive Midfield,United States,6/7/00,9/7/21,4000000,8,21,0.147172734,382
471474,Javi Martínez,Midfield,Attacking Midfield,Spain,22/12/99,13/10/21,2500000,16,21,0.147172734,443
692209,Joan González,Midfield,Central Midfield,Spain,1/2/02,21/3/23,6000000,11,21,0.147172734,325
841121,John Patrick,Midfield,Central Midfield,Ireland,24/9/03,3/6/25,1200000,11,21,0.147172734,530
557147,José Gragera,Midfield,Central Midfield,Spain,14/5/00,13/10/21,3000000,12,21,0.147172734,424
747009,Justin Devenny,Midfield,Attacking Midfield,Northern Ireland,11/10/03,30/5/25,6000000,6,21,0.147172734,325
671594,Kamory Doumbia,Midfield,Attacking Midfield,Mali,18/2/03,3/6/24,5000000,8,21,0.147172734,350
644401,Keane Lewis-Potter,Midfield,Left Midfield,England,22/2/01,15/9/22,17000000,9,21,0.147172734,184
711517,Kevin Paredes,Midfield,Left Midfield,United States,7/5/03,29/5/24,7500000,12,21,0.147172734,296
490426,Krépin Diatta,Midfield,Right Midfield,Senegal,25/2/99,6/8/20,20000000,15,21,0.147172734,155
645686,Lamare Bogarde,Midfield,Defensive Midfield,Netherlands,5/1/04,30/5/25,6000000,7,21,0.147172734,325
918969,Lamine Camara,Midfield,Central Midfield,Senegal,1/1/04,3/6/25,22000000,8,21,0.147172734,143
528833,Lazar Samardžić,Midfield,Attacking Midfield,Serbia,24/2/02,11/10/23,20000000,14,21,0.147172734,155
309393,Lennart Czyborra,Midfield,Left Midfield,Germany,3/5/99,25/8/20,3500000,10,21,0.147172734,402
650350,Léo Leroy,Midfield,Central Midfield,France,14/2/00,16/12/21,1800000,10,21,0.147172734,486
488784,Magnus Kofod Andersen,Midfield,Central Midfield,Denmark,10/5/99,31/7/20,3500000,12,21,0.147172734,402
394304,Manolo Portanova,Midfield,Central Midfield,Italy,2/6/00,15/3/22,2500000,8,21,0.147172734,443
374418,Mateusz Praszelik,Midfield,Attacking Midfield,Poland,26/9/00,31/12/21,1500000,7,21,0.147172734,510
509234,Mattéo Ahlinvi,Midfield,Central Midfield,Benin,2/7/99,9/4/21,1000000,8,21,0.147172734,544
465830,Mattéo Guendouzi,Midfield,Central Midfield,France,14/4/99,30/7/20,32000000,13,21,0.147172734,94
475410,Matteo Tramoni,Midfield,Attacking Midfield,France,20/1/00,29/12/21,2200000,8,21,0.147172734,457
583046,Medon Berisha,Midfield,Central Midfield,Albania,21/10/03,17/6/25,1500000,8,21,0.147172734,510
608832,Merlin Röhl,Midfield,Attacking Midfield,Germany,5/7/02,29/5/24,12000000,15,21,0.147172734,236
405689,Merveille Papela,Midfield,Central Midfield,Germany,18/1/01,30/11/22,1000000,8,21,0.147172734,544
540941,Mikkel Damsgaard,Midfield,Attacking Midfield,Denmark,3/7/00,15/7/21,20000000,12,21,0.147172734,155
361065,Mitchel Bakker,Midfield,Left Midfield,Netherlands,20/6/00,24/3/22,14000000,16,21,0.147172734,213
911328,Mohamed Kaba,Midfield,Central Midfield,Guinea,27/10/01,11/10/23,3500000,11,21,0.147172734,402
687626,Moisés Caicedo,Midfield,Defensive Midfield,Ecuador,2/11/01,9/10/23,90000000,16,21,0.147172734,16
346332,Nassim Boujellab,Midfield,Central Midfield,Morocco,20/6/99,10/2/21,1200000,9,21,0.147172734,530
550108,Nicola Zalewski,Midfield,Left Midfield,Poland,23/1/02,15/6/23,20000000,11,21,0.147172734,155
404950,Nicolas Seiwald,Midfield,Defensive Midfield,Austria,4/5/01,27/5/22,20000000,11,21,0.147172734,155
470815,Niklas Tauer,Midfield,Defensive Midfield,Germany,17/2/01,9/6/22,1500000,8,21,0.147172734,510
400546,Nikolas Nartey,Midfield,Central Midfield,Denmark,22/2/00,22/12/21,1800000,13,21,0.147172734,486
376588,Njegos Petrovic,Midfield,Defensive Midfield,Serbia,18/7/99,22/12/20,2500000,8,21,0.147172734,443
406638,Oliver Skipp,Midfield,Defensive Midfield,England,16/9/00,23/12/21,20000000,15,21,0.147172734,155
741238,Omari Hutchinson,Midfield,Attacking Midfield,England,30/10/03,16/12/24,22000000,8,21,0.147172734,143
610428,Oscar Fraulo,Midfield,Central Midfield,Denmark,6/12/03,17/12/24,3500000,12,21,0.147172734,402
775605,Pablo Barrios,Midfield,Central Midfield,Spain,15/6/03,9/6/25,55000000,10,21,0.147172734,42
568693,Pape Matar Sarr,Midfield,Central Midfield,Senegal,14/9/02,27/5/24,45000000,14,21,0.147172734,60
795738,Paxten Aaronson,Midfield,Attacking Midfield,United States,26/8/03,28/5/25,8000000,13,21,0.147172734,285
447052,Peru Nolaskoain,Midfield,Defensive Midfield,Spain,25/10/98,8/10/20,3500000,9,21,0.147172734,402
662242,Rassoul Ndiaye,Midfield,Central Midfield,Senegal,11/12/01,16/6/23,4000000,14,21,0.147172734,382
607223,Rayan Cherki,Midfield,Attacking Midfield,France,17/8/03,3/6/25,45000000,14,21,0.147172734,60
456877,Rekeem Harper,Midfield,Central Midfield,England,8/3/00,10/3/21,2500000,6,21,0.147172734,443
357158,Rúben Vinagre,Midfield,Left Midfield,Portugal,9/4/99,12/10/20,9000000,11,21,0.147172734,270
390160,Salvatore Esposito,Midfield,Defensive Midfield,Italy,7/10/00,27/9/22,3500000,8,21,0.147172734,402
532178,Sam Greenwood,Midfield,Attacking Midfield,England,26/1/02,20/6/23,5000000,6,21,0.147172734,350
855134,Skelly Alvero,Midfield,Defensive Midfield,France,4/5/02,16/10/23,4000000,9,21,0.147172734,382
745181,Soungoutou Magassa,Midfield,Defensive Midfield,France,8/10/03,10/12/24,12000000,8,21,0.147172734,236
464530,Theocharis Tsingaras,Midfield,Central Midfield,Greece,20/8/00,9/6/22,1800000,12,21,0.147172734,486
696589,Tim Iroegbunam,Midfield,Central Midfield,England,30/6/03,1/10/24,10000000,9,21,0.147172734,256
654253,Toby Collyer,Midfield,Defensive Midfield,England,3/1/04,18/3/25,5000000,5,21,0.147172734,350
847759,Tom Lacoux,Midfield,Defensive Midfield,France,25/1/02,16/6/23,1800000,9,21,0.147172734,486
750904,Tom Louchet,Midfield,Right Midfield,France,4/5/03,3/6/24,3000000,6,21,0.147172734,424
540333,Tomas Suslov,Midfield,Attacking Midfield,Slovakia,7/6/02,5/6/24,7000000,14,21,0.147172734,307
332705,Tyler Adams,Midfield,Defensive Midfield,United States,14/2/99,10/2/21,20000000,16,21,0.147172734,155
834752,Unai Gómez,Midfield,Attacking Midfield,Spain,25/5/03,7/6/24,6000000,6,21,0.147172734,325
610083,Unai Vencedor,Midfield,Central Midfield,Spain,15/11/00,3/6/22,20000000,10,21,0.147172734,155
282721,Uri Busquets,Midfield,Defensive Midfield,Spain,20/1/99,8/10/20,2500000,13,21,0.147172734,443
599263,Vicente Esquerdo,Midfield,Attacking Midfield,Spain,2/1/99,8/12/20,1000000,10,21,0.147172734,544
667287,Yasin Ayari,Midfield,Central Midfield,Sweden,6/10/03,30/5/25,22000000,12,21,0.147172734,143
344599,Yassine Benrahou,Midfield,Attacking Midfield,Morocco,24/1/99,3/8/20,4000000,9,21,0.147172734,382
717411,Yegor Yarmolyuk,Midfield,Central Midfield,Ukraine,1/3/04,30/5/25,15000000,12,21,0.147172734,201
471582,Zaydou Youssouf,Midfield,Central Midfield,Comoros,11/7/99,15/10/20,8000000,13,21,0.147172734,285
416386,Abdou Harroui,Midfield,Central Midfield,Morocco,13/1/98,6/1/21,3500000,12,22,0.233927188,403
732507,Agustín Martegani,Midfield,Attacking Midfield,Argentina,20/5/00,6/9/22,2200000,7,22,0.233927188,458
635347,Alberto del Moral,Midfield,Central Midfield,Spain,20/7/00,14/6/23,1000000,8,22,0.233927188,545
434116,Alexander Prass,Midfield,Left Midfield,Austria,26/5/01,21/5/24,12000000,15,22,0.233927188,237
384593,Alexis Claude-Maurice,Midfield,Attacking Midfield,France,6/6/98,4/6/21,12000000,15,22,0.233927188,237
381950,Alexis Saelemaekers,Midfield,Right Midfield,Belgium,27/6/99,28/12/21,20000000,11,22,0.233927188,156
893675,Amir Richardson,Midfield,Central Midfield,Morocco,24/1/02,18/10/24,9000000,13,22,0.233927188,271
438315,Andreas Müller,Midfield,Defensive Midfield,Germany,20/7/00,30/11/22,1000000,13,22,0.233927188,545
464446,Andri Fannar Baldursson,Midfield,Defensive Midfield,Iceland,10/1/02,13/6/24,1800000,13,22,0.233927188,487
395512,Antoine Bernede,Midfield,Central Midfield,France,26/5/99,2/6/21,6000000,15,22,0.233927188,326
855308,Arthur Atta,Midfield,Central Midfield,France,14/1/03,17/6/25,8000000,7,22,0.233927188,286
315332,Aymen Barkok,Midfield,Attacking Midfield,Morocco,21/5/98,10/2/21,3500000,13,22,0.233927188,403
593482,Azzedine Ounahi,Midfield,Central Midfield,Morocco,19/4/00,23/12/22,15000000,13,22,0.233927188,202
634431,Beñat Turrientes,Midfield,Central Midfield,Spain,31/1/02,7/6/24,20000000,15,22,0.233927188,156
649020,Boubacar Traoré,Midfield,Defensive Midfield,Mali,20/8/01,19/12/23,6000000,12,22,0.233927188,326
344605,Boubakary Soumaré,Midfield,Defensive Midfield,France,27/2/99,4/6/21,28000000,11,22,0.233927188,113
406609,Can Bozdogan,Midfield,Central Midfield,Germany,5/4/01,15/12/23,5000000,15,22,0.233927188,351
284854,Carles Aleñá,Midfield,Central Midfield,Spain,5/1/98,8/10/20,18000000,10,22,0.233927188,172
623524,Carlos Dotor,Midfield,Central Midfield,Spain,15/3/01,13/10/23,3000000,10,22,0.233927188,425
505308,César Gelabert,Midfield,Attacking Midfield,Spain,31/10/00,16/10/23,1500000,11,22,0.233927188,511
622380,Cesare Casadei,Midfield,Central Midfield,Italy,10/1/03,25/3/25,15000000,8,22,0.233927188,202
568177,Cole Palmer,Midfield,Attacking Midfield,England,6/5/02,16/12/24,130000000,14,22,0.233927188,4
539134,Daniel Maldini,Midfield,Attacking Midfield,Italy,11/10/01,5/6/24,4500000,10,22,0.233927188,367
808509,Danilo,Midfield,Central Midfield,Brazil,29/4/01,20/6/23,28000000,12,22,0.233927188,113
251309,Dennis Geiger,Midfield,Central Midfield,Germany,10/6/98,26/11/20,13000000,12,22,0.233927188,226
996897,Diego Gómez,Midfield,Central Midfield,Paraguay,27/3/03,30/5/25,14000000,10,22,0.233927188,214
649033,Dion Lopy,Midfield,Defensive Midfield,Senegal,2/2/02,7/6/24,10000000,10,22,0.233927188,257
562049,Edoardo Bove,Midfield,Central Midfield,Italy,16/5/02,5/6/24,18000000,12,22,0.233927188,172
395695,Elisha Owusu,Midfield,Defensive Midfield,Ghana,7/11/97,6/8/20,7500000,10,22,0.233927188,297
567576,Elliot Anderson,Midfield,Central Midfield,England,6/11/02,30/5/25,32000000,11,22,0.233927188,95
648195,Enzo Fernández,Midfield,Central Midfield,Argentina,17/1/01,16/3/23,85000000,14,22,0.233927188,19
569366,Enzo Millot,Midfield,Attacking Midfield,France,17/7/02,9/10/24,42000000,16,22,0.233927188,68
537598,Fábio Vieira,Midfield,Attacking Midfield,Portugal,30/5/00,15/9/22,30000000,13,22,0.233927188,106
386574,Fabrizio Caligara,Midfield,Central Midfield,Italy,12/4/00,22/12/22,1800000,8,22,0.233927188,487
555106,Filip Marchwinski,Midfield,Attacking Midfield,Poland,10/1/02,7/6/24,6000000,15,22,0.233927188,326
489611,Filippo Ranocchia,Midfield,Central Midfield,Italy,14/5/01,25/3/24,4000000,9,22,0.233927188,383
530742,Fisayo Dele-Bashiru,Midfield,Central Midfield,Nigeria,6/2/01,21/12/23,2000000,11,22,0.233927188,470
596881,Florian Flick,Midfield,Defensive Midfield,Germany,1/5/00,21/9/22,2000000,8,22,0.233927188,470
652275,Hákon Arnar Haraldsson,Midfield,Attacking Midfield,Iceland,10/4/03,3/6/25,18000000,12,22,0.233927188,172
395693,Houssem Aouar,Midfield,Attacking Midfield,Algeria,30/6/98,15/10/20,50000000,12,22,0.233927188,50
495629,Hugo Guillamón,Midfield,Defensive Midfield,Spain,31/1/00,23/9/22,25000000,18,22,0.233927188,126
982267,Ibrahim Sulemana,Midfield,Defensive Midfield,Ghana,22/5/03,17/6/25,7000000,10,22,0.233927188,308
430579,Idrissa Doumbia,Midfield,Defensive Midfield,Cote d'Ivoire,14/4/98,17/8/20,4000000,11,22,0.233927188,383
921655,Ismaël Koné,Midfield,Central Midfield,Canada,16/6/02,7/10/24,12000000,11,22,0.233927188,237
470794,Ivan Ilić,Midfield,Central Midfield,Serbia,17/3/01,15/6/23,19000000,10,22,0.233927188,165
390664,Jacob Lungi Sørensen,Midfield,Defensive Midfield,Denmark,3/3/98,22/12/20,2500000,9,22,0.233927188,444
503749,Jacob Ramsey,Midfield,Central Midfield,England,28/5/01,20/6/23,42000000,15,22,0.233927188,68
384461,Jakub Moder,Midfield,Central Midfield,Poland,7/4/99,29/3/22,12000000,13,22,0.233927188,237
583199,James McAtee,Midfield,Attacking Midfield,England,18/10/02,30/5/25,20000000,11,22,0.233927188,156
534700,Jamie Shackleton,Midfield,Central Midfield,,8/10/99,23/12/21,3000000,7,22,0.233927188,425
326300,Jeff Reine-Adélaïde,Midfield,Attacking Midfield,France,17/1/98,15/10/20,25000000,14,22,0.233927188,126
689505,Johnny Cardoso,Midfield,Central Midfield,United States,20/9/01,7/6/24,25000000,12,22,0.233927188,126
625655,Jon Magunazelaia,Midfield,Attacking Midfield,Spain,13/7/01,21/3/24,1000000,11,22,0.233927188,545
530173,Julian Niehues,Midfield,Defensive Midfield,Germany,17/4/01,28/6/23,1500000,13,22,0.233927188,511
321096,Keanan Bennetts,Midfield,Left Midfield,Germany,9/3/99,22/12/21,1300000,5,22,0.233927188,524
463618,Khéphren Thuram,Midfield,Central Midfield,France,26/3/01,27/6/23,40000000,16,22,0.233927188,72
569375,Koba Koindredi,Midfield,Central Midfield,France,27/10/01,8/3/24,3000000,12,22,0.233927188,425
375857,Kristijan Bistrovic,Midfield,Central Midfield,Croatia,9/4/98,29/7/20,3000000,13,22,0.233927188,425
543771,Kristjan Asllani,Midfield,Defensive Midfield,Albania,9/3/02,5/6/24,18000000,14,22,0.233927188,172
314366,Kyle Edwards,Midfield,Left Midfield,England,17/2/98,13/10/20,1300000,6,22,0.233927188,524
649024,Lamine Diack,Midfield,Defensive Midfield,Senegal,15/11/00,16/10/23,1800000,11,22,0.233927188,487
391376,Lamine Fomba,Midfield,Defensive Midfield,France,26/1/98,7/1/21,4000000,15,22,0.233927188,383
532169,Lukasz Poreba,Midfield,Defensive Midfield,Poland,13/3/00,19/9/22,2500000,9,22,0.233927188,444
532541,Luke Cundle,Midfield,Central Midfield,England,26/4/02,24/5/24,5000000,11,22,0.233927188,351
462832,Mads Bidstrup,Midfield,Central Midfield,Denmark,25/2/01,11/9/23,7500000,5,22,0.233927188,297
651735,Magnus Knudsen,Midfield,Central Midfield,Norway,15/6/01,10/6/24,2000000,7,22,0.233927188,470
472161,Mamadou Coulibaly,Midfield,Central Midfield,Senegal,3/2/99,14/10/21,3000000,11,22,0.233927188,425
707844,Mandela Keita,Midfield,Defensive Midfield,Belgium,10/5/02,4/6/24,13000000,12,22,0.233927188,226
624690,Manu Koné,Midfield,Central Midfield,France,17/5/01,22/6/23,40000000,15,22,0.233927188,72
335225,Manu Morlanes,Midfield,Central Midfield,Spain,12/1/99,24/6/21,5000000,12,22,0.233927188,351
265088,Manuel Locatelli,Midfield,Defensive Midfield,Italy,8/1/98,29/12/20,35000000,12,22,0.233927188,86
476701,Manuel Ugarte,Midfield,Defensive Midfield,Uruguay,11/4/01,18/12/23,60000000,16,22,0.233927188,34
346483,Mason Mount,Midfield,Attacking Midfield,England,10/1/99,28/5/21,75000000,14,22,0.233927188,26
552549,Matheus Henrique,Midfield,Central Midfield,Brazil,19/12/97,9/9/20,20000000,10,22,0.233927188,156
395237,Maxence Caqueret,Midfield,Central Midfield,France,15/2/00,30/5/22,25000000,12,22,0.233927188,126
668547,Máximo Perrone,Midfield,Defensive Midfield,Argentina,7/1/03,17/6/25,12000000,9,22,0.233927188,237
503743,Morgan Rogers,Midfield,Attacking Midfield,England,26/7/02,30/5/25,55000000,12,22,0.233927188,43
422281,Muhammed Cham,Midfield,Attacking Midfield,Austria,26/9/00,27/6/23,6000000,15,22,0.233927188,326
390177,Nedim Bajrami,Midfield,Attacking Midfield,Albania,28/2/99,14/10/21,10000000,10,22,0.233927188,257
901019,Neil El Aynaoui,Midfield,Central Midfield,Morocco,2/7/01,19/3/24,8000000,9,22,0.233927188,286
343945,Niccolò Zanellato,Midfield,Central Midfield,Italy,24/6/98,3/6/21,1800000,7,22,0.233927188,487
432090,Nicolò Fagioli,Midfield,Central Midfield,Italy,12/2/01,15/6/23,35000000,12,22,0.233927188,86
601143,Nikolas Veratschnig,Midfield,Right Midfield,Austria,24/1/03,5/6/25,1500000,9,22,0.233927188,511
289592,Orel Mangala,Midfield,Defensive Midfield,Belgium,18/3/98,10/2/21,22000000,11,22,0.233927188,144
284884,Óscar Rodríguez,Midfield,Attacking Midfield,Spain,28/6/98,23/7/20,15000000,15,22,0.233927188,202
667965,Oussama Targhalline,Midfield,Defensive Midfield,Morocco,20/5/02,28/3/25,4000000,11,22,0.233927188,383
816308,Panos Katseris,Midfield,Right Midfield,Greece,5/7/01,19/3/24,2500000,10,22,0.233927188,444
503160,Paul Nebel,Midfield,Attacking Midfield,Germany,10/10/02,5/6/25,24000000,16,22,0.233927188,135
783396,Ramón Terrats,Midfield,Central Midfield,Spain,18/10/00,13/6/23,4000000,10,22,0.233927188,383
405686,Reda Khadra,Midfield,Attacking Midfield,Germany,4/7/01,19/3/24,3000000,9,22,0.233927188,425
467434,Rocco Reitz,Midfield,Central Midfield,Germany,29/5/02,20/12/24,15000000,13,22,0.233927188,202
434676,Ronaldo Vieira,Midfield,Central Midfield,Guinea-Bissau,19/7/98,25/8/20,6500000,8,22,0.233927188,318
467992,Samuele Ricci,Midfield,Defensive Midfield,Italy,21/8/01,5/6/24,22000000,10,22,0.233927188,144
466801,Sergi Altimira,Midfield,Central Midfield,Spain,25/8/01,21/3/24,3000000,9,22,0.233927188,425
537762,Sergio Arribas,Midfield,Attacking Midfield,Spain,30/9/01,7/6/24,10000000,11,22,0.233927188,257
393804,Sofian Kiyine,Midfield,Left Midfield,Morocco,2/10/97,21/8/20,2600000,10,22,0.233927188,440
476237,Steven Alzate,Midfield,Central Midfield,Colombia,8/9/98,13/10/20,7000000,10,22,0.233927188,308
670096,Tanner Tessmann,Midfield,Defensive Midfield,United States,24/9/01,3/6/24,7000000,13,22,0.233927188,308
858719,Telasco Segovia,Midfield,Central Midfield,Venezuela,2/4/03,17/4/25,2500000,12,22,0.233927188,444
314210,Tom Davies,Midfield,Central Midfield,England,30/6/98,8/6/21,18000000,9,22,0.233927188,172
405687,Tom Krauß,Midfield,Defensive Midfield,Germany,22/6/01,22/6/23,7000000,13,22,0.233927188,308
454238,Tomás Alarcón,Midfield,Defensive Midfield,Chile,19/1/99,13/10/21,3000000,10,22,0.233927188,425
433183,Tommy Doyle,Midfield,Central Midfield,England,17/10/01,27/5/24,10000000,11,22,0.233927188,257
417575,Uros Racic,Midfield,Defensive Midfield,Serbia,17/3/98,5/1/21,10000000,14,22,0.233927188,257
591914,Warren Tchimbembé,Midfield,Defensive Midfield,Congo,21/4/98,7/1/21,1500000,11,22,0.233927188,511
297583,Woo-yeong Jeong,Midfield,Attacking Midfield,"Korea, South",20/9/99,22/12/21,5500000,13,22,0.233927188,339
297784,Yan Eteki,Midfield,Defensive Midfield,Cameroon,26/8/97,23/7/20,2000000,8,22,0.233927188,470
667967,Yassine Kechta,Midfield,Central Midfield,Morocco,25/2/02,3/6/24,5000000,9,22,0.233927188,351
466802,Adrián Bernabé,Midfield,Central Midfield,Spain,26/5/01,18/10/24,15000000,10,23,0.317583269,203
503866,Albert Grønbaek,Midfield,Attacking Midfield,Denmark,23/5/01,7/10/24,15000000,14,23,0.317583269,203
433584,Alessio Zerbin,Midfield,Right Midfield,Italy,3/3/99,27/9/22,4000000,13,23,0.317583269,384
337333,Alex Král,Midfield,Central Midfield,Czech Republic,19/5/98,28/5/21,10000000,14,23,0.317583269,258
395242,Alexis Flips,Midfield,Attacking Midfield,France,18/1/00,27/6/23,6000000,15,23,0.317583269,327
355501,Amadou Diawara,Midfield,Defensive Midfield,Guinea,17/7/97,25/8/20,20000000,12,23,0.317583269,157
402008,Amadou Haidara,Midfield,Central Midfield,Mali,31/1/98,9/6/21,24000000,10,23,0.317583269,136
485706,Amadou Onana,Midfield,Defensive Midfield,Belgium,16/8/01,1/10/24,55000000,18,23,0.317583269,44
293210,Amer Gojak,Midfield,Attacking Midfield,Bosnia-Herzegovina,13/2/97,27/7/20,5000000,8,23,0.317583269,352
465967,Ander Guevara,Midfield,Central Midfield,Spain,7/7/97,10/6/21,7500000,9,23,0.317583269,298
454863,András Schäfer,Midfield,Central Midfield,Hungary,13/4/99,9/11/22,5000000,14,23,0.317583269,352
800176,André,Midfield,Defensive Midfield,Brazil,16/7/01,30/5/25,28000000,14,23,0.317583269,114
375382,André Almeida,Midfield,Attacking Midfield,Portugal,30/5/00,13/6/23,20000000,15,23,0.317583269,157
331389,Andrés Tello,Midfield,Central Midfield,Colombia,6/9/96,21/8/20,1000000,7,23,0.317583269,546
638589,Ángel Algobia,Midfield,Defensive Midfield,Spain,23/6/99,7/11/22,1500000,6,23,0.317583269,512
344069,Anton Stach,Midfield,Defensive Midfield,Germany,15/11/98,9/11/22,15000000,15,23,0.317583269,203
287635,Assane Dioussé,Midfield,Defensive Midfield,Senegal,20/9/97,23/12/20,2000000,8,23,0.317583269,471
625047,Beñat Prados,Midfield,Central Midfield,Spain,8/2/01,7/6/24,15000000,12,23,0.317583269,203
469787,Berkan Kutlu,Midfield,Central Midfield,Türkiye,25/1/98,4/1/22,5500000,14,23,0.317583269,340
435772,Charles De Ketelaere,Midfield,Attacking Midfield,Belgium,10/3/01,5/6/24,34000000,14,23,0.317583269,93
543387,Cheick Doucouré,Midfield,Defensive Midfield,Mali,8/1/00,20/6/23,35000000,14,23,0.317583269,87
644032,Cheikh Niasse,Midfield,Defensive Midfield,Senegal,19/1/00,7/6/23,2800000,8,23,0.317583269,437
324278,Christoph Baumgartner,Midfield,Attacking Midfield,Austria,1/8/99,22/6/23,24000000,11,23,0.317583269,136
419025,Conor Coventry,Midfield,Defensive Midfield,Ireland,25/3/00,1/6/23,1800000,9,23,0.317583269,488
628834,Danley Jean Jacques,Midfield,Defensive Midfield,Haiti,20/5/00,16/10/23,2000000,8,23,0.317583269,471
334526,Denis Zakaria,Midfield,Defensive Midfield,Switzerland,20/11/96,8/7/20,40000000,16,23,0.317583269,73
288255,Donny van de Beek,Midfield,Central Midfield,Netherlands,18/4/97,13/10/20,44000000,17,23,0.317583269,66
400489,Eljif Elmas,Midfield,Attacking Midfield,North Macedonia,24/9/99,21/3/23,26000000,10,23,0.317583269,122
280575,Elvis Rexhbecaj,Midfield,Central Midfield,Kosovo,1/11/97,10/2/21,4000000,11,23,0.317583269,384
406806,Emil Bohinen,Midfield,Defensive Midfield,Norway,12/3/99,7/6/22,4000000,13,23,0.317583269,384
490307,Enock Mwepu,Midfield,Central Midfield,Zambia,1/1/98,5/10/21,20000000,6,23,0.317583269,157
633992,Enzo Le Fée,Midfield,Central Midfield,France,3/2/00,27/6/23,20000000,15,23,0.317583269,157
307519,Fede San Emeterio,Midfield,Central Midfield,Spain,16/3/97,8/10/20,3500000,10,23,0.317583269,404
242813,Filip Jagiełło,Midfield,Attacking Midfield,Poland,8/8/97,24/6/21,2300000,9,23,0.317583269,456
315862,Filippo Melegoni,Midfield,Central Midfield,Italy,18/2/99,7/6/22,2000000,10,23,0.317583269,471
334999,Finn Becker,Midfield,Central Midfield,Germany,8/6/00,14/12/23,3000000,12,23,0.317583269,426
278332,Florian Neuhaus,Midfield,Central Midfield,Germany,16/3/97,10/2/21,38000000,15,23,0.317583269,81
423444,Fran Beltrán,Midfield,Central Midfield,Spain,3/2/99,3/6/22,15000000,11,23,0.317583269,203
301236,Francesco Cassata,Midfield,Central Midfield,Italy,16/7/97,25/8/20,2500000,7,23,0.317583269,445
421637,Frank Onyeka,Midfield,Central Midfield,Nigeria,1/1/98,23/12/21,10000000,13,23,0.317583269,258
303116,Gaetano Castrovilli,Midfield,Central Midfield,Italy,17/2/97,29/10/20,25000000,15,23,0.317583269,127
291400,Giovanni Crociata,Midfield,Central Midfield,Italy,11/8/97,21/8/20,1100000,9,23,0.317583269,539
398163,Gonzalo Villar,Midfield,Central Midfield,Spain,23/3/98,23/3/21,15000000,12,23,0.317583269,203
341501,Hamza Choudhury,Midfield,Defensive Midfield,Bangladesh,1/10/97,13/10/20,8000000,12,23,0.317583269,287
430280,Hans Nicolussi Caviglia,Midfield,Defensive Midfield,Italy,18/6/00,20/12/23,3000000,10,23,0.317583269,426
592979,Himad Abdelli,Midfield,Attacking Midfield,Algeria,17/11/99,27/10/23,3000000,10,23,0.317583269,426
282076,Ianis Hagi,Midfield,Attacking Midfield,Romania,22/10/98,31/12/21,7000000,11,23,0.317583269,309
381753,Ilia Gruev,Midfield,Defensive Midfield,Bulgaria,6/5/00,7/3/24,5000000,11,23,0.317583269,352
351816,Ismaël Bennacer,Midfield,Defensive Midfield,Algeria,1/12/97,29/12/20,40000000,15,23,0.317583269,73
610335,Iván Jaime,Midfield,Attacking Midfield,Spain,26/9/00,29/9/23,10000000,13,23,0.317583269,258
505219,James Garner,Midfield,Defensive Midfield,England,13/3/01,14/3/24,22000000,14,23,0.317583269,145
357656,Jayson Molumby,Midfield,Central Midfield,Ireland,6/8/99,1/6/23,3200000,8,23,0.317583269,413
578872,Jean Lucas,Midfield,Central Midfield,Brazil,22/6/98,8/10/21,8000000,7,23,0.317583269,287
656441,Jean Onana,Midfield,Defensive Midfield,Cameroon,8/1/00,27/6/23,6000000,17,23,0.317583269,327
735570,João Gomes,Midfield,Central Midfield,Brazil,12/2/01,27/5/24,35000000,11,23,0.317583269,87
340329,Joe Willock,Midfield,Central Midfield,England,20/8/99,20/6/23,38000000,13,23,0.317583269,81
625660,Jon Ander Olasagasti,Midfield,Central Midfield,Spain,16/8/00,21/3/24,2000000,13,23,0.317583269,471
243589,Josh Onomah,Midfield,Central Midfield,England,27/4/97,13/10/20,6000000,9,23,0.317583269,327
569390,Julien Ponceau,Midfield,Attacking Midfield,France,28/11/00,3/6/24,3500000,9,23,0.317583269,404
536482,Junior Dina Ebimbe,Midfield,Right Midfield,Cameroon,21/11/00,14/12/23,14000000,14,23,0.317583269,215
557149,Kang-in Lee,Midfield,Attacking Midfield,"Korea, South",19/2/01,10/12/24,30000000,14,23,0.317583269,107
383153,Kelechi Nwakali,Midfield,Central Midfield,Nigeria,5/6/98,24/6/21,1000000,12,23,0.317583269,546
448028,Kevin Sessa,Midfield,Central Midfield,Germany,6/7/00,29/5/24,2500000,10,23,0.317583269,445
258916,Kieran Dowell,Midfield,Attacking Midfield,England,10/10/97,30/6/21,3000000,10,23,0.317583269,426
564785,Kristian Thorstvedt,Midfield,Central Midfield,Norway,13/3/99,27/9/22,8500000,10,23,0.317583269,279
243188,László Bénes,Midfield,Central Midfield,Slovakia,9/9/97,26/11/20,6000000,14,23,0.317583269,327
560694,Lewis O'Brien,Midfield,Central Midfield,England,14/10/98,15/9/22,8000000,13,23,0.317583269,287
378883,Lino Tempelmann,Midfield,Central Midfield,Germany,2/2/99,16/6/22,2000000,7,23,0.317583269,471
809498,Luca Kerber,Midfield,Central Midfield,Germany,10/3/02,5/6/25,1500000,14,23,0.317583269,512
353948,Lucas Tousart,Midfield,Central Midfield,France,29/4/97,16/9/20,20000000,14,23,0.317583269,157
691316,Luis Henrique,Midfield,Right Midfield,Brazil,14/12/01,3/6/25,25000000,16,23,0.317583269,127
481173,Mady Camara,Midfield,Central Midfield,Guinea,28/2/97,12/2/21,15000000,13,23,0.317583269,203
467437,Malik Tillman,Midfield,Attacking Midfield,United States,28/5/02,28/5/25,32000000,16,23,0.317583269,96
364237,Mamadou Loum,Midfield,Defensive Midfield,Senegal,30/12/96,17/8/20,4000000,12,23,0.317583269,384
277118,Manu García,Midfield,Attacking Midfield,Spain,2/1/98,24/6/21,4000000,14,23,0.317583269,384
336869,Marc Roca,Midfield,Defensive Midfield,Spain,26/11/96,8/10/20,16000000,12,23,0.317583269,191
398808,Martin Hongla,Midfield,Defensive Midfield,Cameroon,16/3/98,7/6/21,5000000,9,23,0.317583269,352
490581,Mathias Olesen,Midfield,Defensive Midfield,Luxembourg,21/3/01,31/5/24,1500000,12,23,0.317583269,512
332179,Matteo Pessina,Midfield,Central Midfield,Italy,21/4/97,23/3/21,20000000,13,23,0.317583269,157
342702,Michel Vlap,Midfield,Attacking Midfield,Netherlands,2/6/97,16/10/20,5500000,13,23,0.317583269,340
566615,Mikael Egill Ellertsson,Midfield,Central Midfield,Iceland,11/3/02,17/6/25,3400000,10,23,0.317583269,410
543382,Mohamed Camara,Midfield,Defensive Midfield,Mali,6/1/00,27/6/23,30000000,11,23,0.317583269,107
290746,Moreto Cassamá,Midfield,Central Midfield,Guinea-Bissau,16/2/98,8/10/21,3500000,7,23,0.317583269,404
503871,Morten Frendrup,Midfield,Defensive Midfield,Denmark,7/4/01,5/6/24,15000000,10,23,0.317583269,203
567309,Naatan Skyttä,Midfield,Attacking Midfield,Finland,7/5/02,2/6/25,3000000,14,23,0.317583269,426
466805,Nico González,Midfield,Defensive Midfield,Spain,3/1/02,18/3/25,40000000,16,23,0.317583269,73
525704,Nicolò Rovella,Midfield,Defensive Midfield,Italy,4/12/01,17/6/25,30000000,13,23,0.317583269,107
251302,Niklas Dorsch,Midfield,Defensive Midfield,Germany,15/1/98,22/12/21,10000000,14,23,0.317583269,258
316934,Nikola Moro,Midfield,Defensive Midfield,Croatia,12/3/98,29/12/21,9000000,12,23,0.317583269,272
293200,Nikola Vlašić,Midfield,Attacking Midfield,Croatia,4/10/97,29/12/20,30000000,12,23,0.317583269,107
524010,Oier Zarraga,Midfield,Central Midfield,Spain,4/1/99,3/6/22,3500000,13,23,0.317583269,404
405690,Ole Pohlmann,Midfield,Attacking Midfield,Germany,5/4/01,8/10/24,2500000,14,23,0.317583269,445
448344,Óscar Melendo,Midfield,Attacking Midfield,Spain,23/8/97,8/10/20,4500000,11,23,0.317583269,368
531065,Oussama El Azzouzi,Midfield,Defensive Midfield,Morocco,29/5/01,5/6/24,2500000,11,23,0.317583269,445
336828,Pape Cheikh,Midfield,Central Midfield,Senegal,8/8/97,15/10/20,4000000,8,23,0.317583269,384
485963,Pape Gueye,Midfield,Central Midfield,Senegal,24/1/99,30/5/22,12000000,11,23,0.317583269,238
406635,Phil Foden,Midfield,Attacking Midfield,England,28/5/00,27/5/24,150000000,12,23,0.317583269,2
412671,Quentin Boisgard,Midfield,Attacking Midfield,France,17/3/97,15/10/20,2500000,10,23,0.317583269,445
542697,Rasmus Carstensen,Midfield,Right Midfield,Denmark,10/11/00,14/12/23,3000000,11,23,0.317583269,426
330352,Raúl Guti,Midfield,Central Midfield,Spain,30/12/96,8/10/20,5000000,9,23,0.317583269,352
399543,Rémi Oudin,Midfield,Attacking Midfield,France,18/11/96,3/8/20,7000000,9,23,0.317583269,309
258027,Renato Sanches,Midfield,Central Midfield,Portugal,18/8/97,1/6/21,30000000,16,23,0.317583269,107
354362,Rodrigo Bentancur,Midfield,Defensive Midfield,Uruguay,25/6/97,25/8/20,50000000,15,23,0.317583269,51
308279,Rolando Mandragora,Midfield,Defensive Midfield,Italy,29/6/97,3/6/21,14000000,9,23,0.317583269,215
555076,Romain Faivre,Midfield,Attacking Midfield,France,14/7/98,16/12/21,15000000,14,23,0.317583269,203
225161,Rúben Neves,Midfield,Defensive Midfield,Portugal,13/3/97,30/7/20,50000000,9,23,0.317583269,51
478573,Ryan Gravenberch,Midfield,Defensive Midfield,Netherlands,16/5/02,30/5/25,75000000,15,23,0.317583269,27
688707,Salis Abdul Samed,Midfield,Defensive Midfield,Ghana,26/3/00,27/6/23,18000000,14,23,0.317583269,173
397033,Sandro Tonali,Midfield,Defensive Midfield,Italy,8/5/00,9/10/23,60000000,14,23,0.317583269,35
333516,Sebastian Vasiliadis,Midfield,Central Midfield,Greece,4/10/97,18/11/20,2800000,9,23,0.317583269,437
533916,Shandon Baptiste,Midfield,Central Midfield,Grenada,8/4/98,29/3/22,3000000,10,23,0.317583269,426
261905,Suat Serdar,Midfield,Central Midfield,Germany,11/4/97,10/2/21,15000000,13,23,0.317583269,203
488996,Thórir Jóhann Helgason,Midfield,Central Midfield,Iceland,28/9/00,6/6/24,1000000,8,23,0.317583269,546
310662,Timothy Tillman,Midfield,Central Midfield,United States,4/1/99,24/3/22,1800000,8,23,0.317583269,488
384745,Tobias Raschl,Midfield,Central Midfield,Germany,21/2/00,20/10/23,1500000,7,23,0.317583269,512
332341,Todd Cantwell,Midfield,Attacking Midfield,England,27/2/98,30/6/21,22000000,12,23,0.317583269,145
428189,Tomas Ostrák,Midfield,Attacking Midfield,Czech Republic,5/2/00,22/8/23,1800000,7,23,0.317583269,488
392538,Tommaso Pobega,Midfield,Central Midfield,Italy,15/7/99,11/11/22,18000000,13,23,0.317583269,173
295065,Toni Moya,Midfield,Central Midfield,Spain,20/3/98,30/12/21,1500000,7,23,0.317583269,512
395236,Yacine Adli,Midfield,Defensive Midfield,Algeria,29/7/00,12/3/24,15000000,13,23,0.317583269,203
405670,Yannik Engelhardt,Midfield,Defensive Midfield,Germany,7/2/01,18/10/24,7000000,16,23,0.317583269,309
249565,Youri Tielemans,Midfield,Central Midfield,Belgium,7/5/97,18/3/21,55000000,18,23,0.317583269,44
324377,Youssef Maleh,Midfield,Central Midfield,Morocco,22/8/98,15/3/22,5000000,10,23,0.317583269,352
386726,Yusuf Yazıcı,Midfield,Attacking Midfield,Türkiye,29/1/97,7/1/21,20000000,10,23,0.317583269,157
255450,Aleksey Miranchuk,Midfield,Attacking Midfield,Russia,17/10/95,29/7/20,18000000,14,24,0.413632843,174
236041,Alexis Blin,Midfield,Defensive Midfield,France,16/9/96,11/11/20,3200000,8,24,0.413632843,414
608175,Alfie Doughty,Midfield,Left Midfield,England,21/12/99,27/5/24,10000000,10,24,0.413632843,259
430310,Andrew Irving,Midfield,Central Midfield,Scotland,13/5/00,16/12/24,5000000,13,24,0.413632843,353
392770,Angel Gomes,Midfield,Attacking Midfield,England,31/8/00,7/10/24,28000000,17,24,0.413632843,115
250013,Angelo Fulgini,Midfield,Attacking Midfield,New Caledonia,20/8/96,9/4/21,12000000,14,24,0.413632843,239
443710,Angelo Stiller,Midfield,Defensive Midfield,Germany,4/4/01,5/6/25,45000000,18,24,0.413632843,61
495621,Antonio Blanco,Midfield,Defensive Midfield,Spain,23/7/00,9/6/25,10000000,13,24,0.413632843,259
362842,Arthur Melo,Midfield,Central Midfield,Brazil,12/8/96,29/10/20,60000000,15,24,0.413632843,36
413112,Aurélien Tchouaméni,Midfield,Defensive Midfield,France,27/1/00,7/6/24,100000000,13,24,0.413632843,13
395234,Batista Mendy,Midfield,Defensive Midfield,France,12/1/00,4/10/24,10000000,16,24,0.413632843,259
229695,Bersant Celina,Midfield,Attacking Midfield,Kosovo,9/9/96,15/10/20,4000000,5,24,0.413632843,385
423744,Billy Gilmour,Midfield,Defensive Midfield,Scotland,11/6/01,17/6/25,20000000,15,24,0.413632843,158
372246,Carlos Soler,Midfield,Central Midfield,Spain,2/1/97,30/12/21,50000000,14,24,0.413632843,52
698560,Cheick Condé,Midfield,Defensive Midfield,Guinea,26/7/00,27/9/24,4000000,17,24,0.413632843,385
563812,Christian Oliva,Midfield,Defensive Midfield,Uruguay,1/6/96,25/8/20,4000000,10,24,0.413632843,385
488362,Conor Gallagher,Midfield,Central Midfield,England,6/2/00,27/5/24,50000000,16,24,0.413632843,52
433188,Curtis Jones,Midfield,Central Midfield,England,30/1/01,18/3/25,50000000,19,24,0.413632843,52
319745,Dani Ceballos,Midfield,Central Midfield,Spain,7/8/96,13/10/20,32000000,13,24,0.413632843,97
441515,Daniel Boloca,Midfield,Defensive Midfield,Italy,22/12/98,20/12/23,10000000,9,24,0.413632843,259
273438,Danilo Barbosa,Midfield,Defensive Midfield,Brazil,28/2/96,15/10/20,6500000,8,24,0.413632843,319
394300,Davide Frattesi,Midfield,Central Midfield,Italy,22/9/99,5/6/24,35000000,13,24,0.413632843,88
431755,Dejan Kulusevski,Midfield,Attacking Midfield,Sweden,25/4/00,16/12/24,60000000,16,24,0.413632843,36
207929,Dele Alli,Midfield,Attacking Midfield,England,11/4/96,13/10/20,52000000,15,24,0.413632843,48
470618,Denis Genreau,Midfield,Attacking Midfield,Australia,21/5/99,16/10/23,2000000,13,24,0.413632843,472
451276,Dominik Szoboszlai,Midfield,Attacking Midfield,Hungary,25/10/00,18/3/25,80000000,14,24,0.413632843,22
508941,Dylan Chambost,Midfield,Central Midfield,France,19/8/97,8/10/21,1800000,10,24,0.413632843,489
247555,Edimilson Fernandes,Midfield,Defensive Midfield,Switzerland,15/4/96,10/2/21,5500000,12,24,0.413632843,341
486477,Edo Kayembe,Midfield,Central Midfield,DR Congo,3/6/98,27/10/22,5000000,11,24,0.413632843,353
671915,Enzo Barrenechea,Midfield,Defensive Midfield,Argentina,22/5/01,9/6/25,10000000,11,24,0.413632843,259
334186,Fabian Kunze,Midfield,Defensive Midfield,Germany,14/6/98,30/11/22,1500000,7,24,0.413632843,513
349433,Fabian Nürnberger,Midfield,Left Midfield,Bulgaria,28/7/99,14/12/23,2500000,11,24,0.413632843,446
406640,Felix Nmecha,Midfield,Central Midfield,Germany,10/10/00,20/12/24,28000000,11,24,0.413632843,115
294808,Franck Kessié,Midfield,Central Midfield,Cote d'Ivoire,19/12/96,3/6/21,55000000,12,24,0.413632843,45
326330,Frenkie de Jong,Midfield,Central Midfield,Netherlands,12/5/97,27/5/21,90000000,13,24,0.413632843,17
358008,Gianluca Gaetano,Midfield,Defensive Midfield,Italy,5/5/00,5/6/24,6000000,13,24,0.413632843,328
348795,Giovani Lo Celso,Midfield,Attacking Midfield,Argentina,9/4/96,13/10/20,35000000,11,24,0.413632843,88
353796,Giulio Maggiore,Midfield,Central Midfield,Italy,12/3/98,7/6/22,8500000,11,24,0.413632843,280
249126,Harry Winks,Midfield,Defensive Midfield,England,2/2/96,30/7/20,28000000,15,24,0.413632843,115
562948,Hyun-seok Hong,Midfield,Attacking Midfield,"Korea, South",16/6/99,4/6/24,9000000,16,24,0.413632843,273
375885,Ibrahim Sangaré,Midfield,Defensive Midfield,Cote d'Ivoire,2/12/97,11/11/22,35000000,14,24,0.413632843,88
372712,Ibrahima Sissoko,Midfield,Defensive Midfield,Mali,27/10/97,23/3/22,8000000,12,24,0.413632843,288
226097,Ivan Šunjić,Midfield,Defensive Midfield,Bosnia-Herzegovina,9/10/96,15/10/20,5500000,8,24,0.413632843,341
366948,Jailson,Midfield,Defensive Midfield,Brazil,7/9/95,4/8/20,3000000,11,24,0.413632843,427
241481,Jaïro Riedewald,Midfield,Defensive Midfield,Netherlands,9/9/96,8/6/21,8000000,11,24,0.413632843,288
346291,James Léa Siliki,Midfield,Central Midfield,Cameroon,12/6/96,7/1/21,6500000,9,24,0.413632843,319
322305,Jean-Victor Makengo,Midfield,Attacking Midfield,France,12/6/98,27/3/23,10000000,10,24,0.413632843,259
539232,Jessy Deminguet,Midfield,Central Midfield,France,7/1/98,2/6/22,3000000,11,24,0.413632843,427
552425,Jon Moncayola,Midfield,Central Midfield,Spain,13/5/98,3/6/22,12000000,13,24,0.413632843,239
195605,José Pozo,Midfield,Attacking Midfield,Spain,15/3/96,23/7/20,2000000,10,24,0.413632843,472
340321,Josh Dasilva,Midfield,Central Midfield,England,23/10/98,20/6/23,16000000,9,24,0.413632843,192
361068,Jurgen Ekkelenkamp,Midfield,Central Midfield,Netherlands,5/4/00,25/3/25,7500000,15,24,0.413632843,299
643574,Kaishu Sano,Midfield,Defensive Midfield,Japan,30/12/00,5/6/25,20000000,12,24,0.413632843,158
295622,Keidi Bare,Midfield,Central Midfield,Albania,28/8/97,21/3/22,4000000,10,24,0.413632843,385
587458,Kevin Agudelo,Midfield,Attacking Midfield,Colombia,14/11/98,12/10/23,4000000,8,24,0.413632843,385
342209,Kévin N'Doram,Midfield,Defensive Midfield,France,22/1/96,15/10/20,3000000,9,24,0.413632843,427
295060,Koji Miyoshi,Midfield,Right Midfield,Japan,26/3/97,6/10/21,3000000,12,24,0.413632843,427
357233,Leandro Barreiro,Midfield,Central Midfield,Luxembourg,3/1/00,29/5/24,17000000,13,24,0.413632843,185
392710,Lennard Maloney,Midfield,Defensive Midfield,United States,8/10/99,27/3/24,5000000,16,24,0.413632843,353
168543,Levin Öztunali,Midfield,Central Midfield,Germany,15/3/96,10/2/21,2800000,7,24,0.413632843,438
287875,Luca Fiordilino,Midfield,Defensive Midfield,Italy,25/7/96,24/6/21,1500000,7,24,0.413632843,513
495667,Lucas Da Cunha,Midfield,Central Midfield,France,9/6/01,17/6/25,10000000,12,24,0.413632843,259
318077,Lucas Torreira,Midfield,Defensive Midfield,Uruguay,11/2/96,30/7/20,30000000,16,24,0.413632843,108
334213,Lukas Daschner,Midfield,Attacking Midfield,Germany,1/10/98,28/6/23,1500000,13,24,0.413632843,513
296622,Marco Asensio,Midfield,Attacking Midfield,Spain,21/1/96,23/7/20,40000000,13,24,0.413632843,74
459128,Marco Brescianini,Midfield,Central Midfield,Italy,20/1/00,18/10/24,8000000,12,24,0.413632843,288
279009,Marco Richter,Midfield,Attacking Midfield,Germany,24/11/97,22/12/21,7000000,13,24,0.413632843,310
399434,Marcus Tavernier,Midfield,Attacking Midfield,England,22/3/99,14/3/24,20000000,13,24,0.413632843,158
423440,Martín Zubimendi,Midfield,Defensive Midfield,Spain,2/2/99,22/12/23,50000000,10,24,0.413632843,52
257805,Mathias Normann,Midfield,Defensive Midfield,Norway,28/5/96,29/12/20,13000000,12,24,0.413632843,227
406634,Matt O'Riley,Midfield,Central Midfield,Denmark,21/11/00,16/12/24,22000000,9,24,0.413632843,146
342405,Mattias Svanberg,Midfield,Central Midfield,Sweden,5/1/99,22/6/23,18000000,13,24,0.413632843,174
290862,Maxime Lopez,Midfield,Defensive Midfield,France,4/12/97,7/6/22,15000000,12,24,0.413632843,204
190284,Maximilian Eggestein,Midfield,Central Midfield,Germany,8/12/96,10/2/21,11000000,10,24,0.413632843,247
564305,Michel Adopo,Midfield,Central Midfield,France,19/7/00,17/6/25,4000000,12,24,0.413632843,385
381963,Mike Tresor,Midfield,Attacking Midfield,Belgium,28/5/99,9/6/23,15000000,14,24,0.413632843,204
270901,Milos Vulic,Midfield,Central Midfield,Serbia,19/8/96,29/12/20,1600000,6,24,0.413632843,501
717585,Mory Gbane,Midfield,Defensive Midfield,Cote d'Ivoire,25/12/00,24/3/25,4000000,12,24,0.413632843,385
344607,Nabil Alioui,Midfield,Attacking Midfield,Morocco,18/2/99,16/10/23,4000000,14,24,0.413632843,385
232454,Nadiem Amiri,Midfield,Central Midfield,Germany,27/10/96,10/2/21,22000000,16,24,0.413632843,146
592534,Nicolai Remberg,Midfield,Defensive Midfield,Germany,19/6/00,5/6/25,3000000,16,24,0.413632843,427
571020,Oihan Sancet,Midfield,Attacking Midfield,Spain,25/4/00,21/3/25,60000000,16,24,0.413632843,36
224088,Olivier Ntcham,Midfield,Central Midfield,Cameroon,9/2/96,21/7/20,4000000,15,24,0.413632843,385
313830,Pablo Galdames,Midfield,Central Midfield,Chile,30/12/96,11/6/21,3100000,9,24,0.413632843,420
308439,Patrick Berg,Midfield,Defensive Midfield,Norway,24/11/97,3/1/22,4500000,7,24,0.413632843,369
429901,Paul Akouokou,Midfield,Defensive Midfield,Cote d'Ivoire,20/12/97,21/3/22,5000000,11,24,0.413632843,353
412045,Pol Lozano,Midfield,Central Midfield,Spain,6/10/99,13/10/23,2000000,10,24,0.413632843,472
560483,Randy Nteka,Midfield,Attacking Midfield,Angola,6/12/97,30/12/21,4000000,14,24,0.413632843,385
357992,Raoul Bellanova,Midfield,Right Midfield,Italy,17/5/00,5/6/24,15000000,13,24,0.413632843,204
344576,Rayan Raveloson,Midfield,Defensive Midfield,Madagascar,16/1/97,9/11/21,2000000,5,24,0.413632843,472
270393,Robert Skov,Midfield,Left Midfield,Denmark,20/5/96,8/7/20,14000000,14,24,0.413632843,216
244940,Salih Özcan,Midfield,Defensive Midfield,Türkiye,11/1/98,9/11/22,17000000,12,24,0.413632843,185
657430,Samú Costa,Midfield,Defensive Midfield,Portugal,27/11/00,27/12/24,15000000,14,24,0.413632843,204
423436,Santiago Ascacíbar,Midfield,Defensive Midfield,Argentina,25/2/97,22/12/21,7500000,6,24,0.413632843,299
377219,Selim Amallah,Midfield,Attacking Midfield,Morocco,15/11/96,7/6/21,7000000,15,24,0.413632843,310
364233,Sidy Sarr,Midfield,Defensive Midfield,Senegal,5/6/96,15/10/20,2000000,7,24,0.413632843,472
387234,Szymon Żurkowski,Midfield,Central Midfield,Poland,25/9/97,7/6/22,7000000,13,24,0.413632843,310
344830,Tahith Chong,Midfield,Attacking Midfield,Curacao,4/12/99,27/5/24,6000000,11,24,0.413632843,328
450936,Tanguy Ndombélé,Midfield,Central Midfield,France,28/12/96,18/3/21,50000000,18,24,0.413632843,52
370846,Timothy Weah,Midfield,Right Midfield,United States,22/2/00,18/12/24,17000000,12,24,0.413632843,185
334835,Toma Bašić,Midfield,Central Midfield,Croatia,25/11/96,7/1/21,10000000,13,24,0.413632843,259
625651,Urko González de Zárate,Midfield,Defensive Midfield,Spain,20/3/01,9/6/25,5000000,14,24,0.413632843,353
186368,Valentino Lazaro,Midfield,Right Midfield,Austria,24/3/96,10/2/21,15000000,9,24,0.413632843,204
178314,Victorien Angban,Midfield,Central Midfield,Cote d'Ivoire,29/9/96,7/1/21,4000000,12,24,0.413632843,385
203842,Viktor Kovalenko,Midfield,Central Midfield,Ukraine,14/2/96,14/1/21,6000000,11,24,0.413632843,328
663581,Vini Souza,Midfield,Defensive Midfield,Brazil,17/6/99,9/10/23,12000000,11,24,0.413632843,239
274839,Wilfred Ndidi,Midfield,Defensive Midfield,Nigeria,16/12/96,8/6/21,60000000,16,24,0.413632843,36
444211,Will Smallbone,Midfield,Central Midfield,Ireland,21/2/00,16/12/24,7000000,13,24,0.413632843,310
342039,Yannik Keitel,Midfield,Defensive Midfield,Germany,15/2/00,29/5/24,5000000,12,24,0.413632843,353
564451,Youba Diarra,Midfield,Central Midfield,Mali,24/3/98,20/9/22,1000000,11,24,0.413632843,547
469669,Yvan Neyou,Midfield,Defensive Midfield,Cameroon,3/1/97,4/6/21,5000000,15,24,0.413632843,353
366045,Ablie Jallow,Midfield,Right Midfield,The Gambia,14/11/98,18/12/23,2000000,8,25,0.499612703,473
265625,Ajdin Hrustic,Midfield,Central Midfield,Australia,5/7/96,7/10/21,3000000,11,25,0.499612703,428
197473,Alberto Grassi,Midfield,Defensive Midfield,Italy,7/3/95,25/8/20,5500000,13,25,0.499612703,342
506009,Amine Bassi,Midfield,Attacking Midfield,Morocco,27/11/97,22/8/23,2500000,8,25,0.499612703,447
392959,Andrea Colpani,Midfield,Attacking Midfield,Italy,11/5/99,5/6/24,18000000,15,25,0.499612703,175
460651,Antoine Makoumbou,Midfield,Defensive Midfield,Congo,18/7/98,20/12/23,4500000,9,25,0.499612703,370
344575,Antonin Bobichon,Midfield,Central Midfield,France,14/9/95,15/10/20,3500000,10,25,0.499612703,405
268178,Arkadiusz Reca,Midfield,Left Midfield,Poland,17/6/95,3/6/21,4000000,9,25,0.499612703,386
476836,Aron Dønnum,Midfield,Right Midfield,Norway,20/4/98,16/10/23,4000000,11,25,0.499612703,386
315145,Azor Matusiwa,Midfield,Defensive Midfield,Netherlands,28/4/98,19/3/24,13000000,16,25,0.499612703,228
394327,Boubacar Kamara,Midfield,Defensive Midfield,France,23/11/99,30/5/25,40000000,12,25,0.499612703,75
520624,Bruno Guimarães,Midfield,Central Midfield,Brazil,16/11/97,9/10/23,85000000,12,25,0.499612703,20
189475,Carlos Gruezo,Midfield,Defensive Midfield,Ecuador,19/4/95,10/2/21,6000000,10,25,0.499612703,329
243879,Charles Pickel,Midfield,Defensive Midfield,DR Congo,15/5/97,27/9/22,3800000,8,25,0.499612703,396
337787,Connor Ronan,Midfield,Central Midfield,Ireland,6/3/98,22/8/23,1000000,6,25,0.499612703,548
467632,Cristian Cásseres Jr.,Midfield,Central Midfield,Venezuela,20/1/00,3/6/25,6000000,12,25,0.499612703,329
446491,Daan Heymans,Midfield,Attacking Midfield,Belgium,15/6/99,11/12/24,3000000,11,25,0.499612703,428
346499,Danel Sinani,Midfield,Attacking Midfield,Luxembourg,5/4/97,13/5/22,1500000,7,25,0.499612703,514
340459,Dani de Wit,Midfield,Attacking Midfield,Netherlands,28/1/98,17/10/23,5000000,14,25,0.499612703,354
372445,Dani Silva,Midfield,Central Midfield,Portugal,11/4/00,16/6/25,2500000,8,25,0.499612703,447
376082,Danylo Ignatenko,Midfield,Central Midfield,Ukraine,13/3/97,28/10/22,1800000,9,25,0.499612703,490
357662,Declan Rice,Midfield,Central Midfield,England,14/1/99,27/5/24,120000000,13,25,0.499612703,8
287188,Dejan Ljubicic,Midfield,Defensive Midfield,Austria,8/10/97,9/11/22,10000000,12,25,0.499612703,260
212723,Djibril Sow,Midfield,Central Midfield,Switzerland,6/2/97,9/6/22,22000000,11,25,0.499612703,147
447661,Douglas Luiz,Midfield,Central Midfield,Brazil,9/5/98,14/3/24,70000000,17,25,0.499612703,28
607854,Éderson,Midfield,Central Midfield,Brazil,7/7/99,18/12/24,50000000,13,25,0.499612703,53
401356,Edson Álvarez,Midfield,Defensive Midfield,Mexico,24/10/97,11/11/22,35000000,13,25,0.499612703,89
216118,Eduardo Henrique,Midfield,Defensive Midfield,Brazil,17/5/95,17/8/20,2400000,7,25,0.499612703,453
232964,Emiliano Marcondes,Midfield,Attacking Midfield,Denmark,9/3/95,15/10/20,2800000,9,25,0.499612703,439
245014,Enis Bardhi,Midfield,Attacking Midfield,North Macedonia,2/7/95,23/7/20,20000000,20,25,0.499612703,159
156779,Erik Thommy,Midfield,Attacking Midfield,Germany,20/8/94,8/7/20,6000000,9,25,0.499612703,329
401578,Exequiel Palacios,Midfield,Central Midfield,Argentina,5/10/98,29/5/24,45000000,14,25,0.499612703,62
350219,Fabián Ruiz,Midfield,Central Midfield,Spain,3/4/96,28/12/21,55000000,16,25,0.499612703,46
261988,Filip Krovinovic,Midfield,Defensive Midfield,Croatia,29/8/95,13/10/20,6500000,7,25,0.499612703,320
357162,Florentino,Midfield,Defensive Midfield,Portugal,19/8/99,31/3/25,22000000,17,25,0.499612703,147
195736,Florian Grillitsch,Midfield,Defensive Midfield,Austria,7/8/95,10/2/21,20000000,13,25,0.499612703,159
506189,Flynn Downes,Midfield,Defensive Midfield,England,20/1/99,16/12/24,15000000,11,25,0.499612703,205
412669,Francisco Trincão,Midfield,Attacking Midfield,Portugal,29/12/99,30/5/25,35000000,17,25,0.499612703,89
264116,Gastón Pereiro,Midfield,Attacking Midfield,Uruguay,11/6/95,25/8/20,6500000,13,25,0.499612703,320
298635,Grigoris Kastanos,Midfield,Central Midfield,Cyprus,30/1/98,15/6/23,1800000,9,25,0.499612703,490
293944,Habib Maïga,Midfield,Defensive Midfield,Cote d'Ivoire,1/1/96,7/1/21,5500000,10,25,0.499612703,342
418571,Hamza Rafia,Midfield,Central Midfield,Tunisia,2/4/99,5/6/24,1700000,10,25,0.499612703,497
263951,Hamza Sakhi,Midfield,Attacking Midfield,Morocco,7/6/96,2/6/22,2000000,8,25,0.499612703,473
560593,Hicham Boudaoui,Midfield,Central Midfield,Algeria,23/9/99,3/6/25,15000000,15,25,0.499612703,205
206225,Isaac Hayden,Midfield,Defensive Midfield,Jamaica,22/3/95,13/10/20,10000000,15,25,0.499612703,260
341278,Iván Martín,Midfield,Central Midfield,Spain,14/2/99,21/3/24,15000000,14,25,0.499612703,205
218067,Jacopo Petriccione,Midfield,Defensive Midfield,Italy,22/2/95,25/8/20,3000000,7,25,0.499612703,428
340867,Jaime Seoane,Midfield,Central Midfield,Spain,22/1/97,29/6/22,4000000,10,25,0.499612703,386
319160,Jakub Jankto,Midfield,Left Midfield,Czech Republic,19/1/96,28/5/21,11000000,13,25,0.499612703,248
581357,Jan Schöppner,Midfield,Central Midfield,Germany,12/6/99,20/12/24,4500000,15,25,0.499612703,370
450050,Jean-Ricner Bellegarde,Midfield,Central Midfield,Haiti,27/6/98,9/10/23,15000000,12,25,0.499612703,205
468066,Jens Cajuste,Midfield,Defensive Midfield,Sweden,10/8/99,16/12/24,12000000,13,25,0.499612703,240
345590,Jens Odgaard,Midfield,Attacking Midfield,Denmark,31/3/99,25/3/25,12000000,16,25,0.499612703,240
429309,Jordan Holsgrove,Midfield,Defensive Midfield,Scotland,10/9/99,30/5/25,3500000,13,25,0.499612703,405
330659,Justin Kluivert,Midfield,Attacking Midfield,Netherlands,5/5/99,18/3/25,35000000,15,25,0.499612703,89
119031,Kaan Ayhan,Midfield,Defensive Midfield,Türkiye,10/11/94,29/10/20,7000000,12,25,0.499612703,311
225873,Karol Linetty,Midfield,Central Midfield,Poland,2/2/95,25/8/20,10000000,13,25,0.499612703,260
475188,Kiernan Dewsbury-Hall,Midfield,Central Midfield,England,6/9/98,27/10/23,30000000,15,25,0.499612703,109
374954,Kristijan Jakic,Midfield,Defensive Midfield,Croatia,14/5/97,9/6/22,9000000,11,25,0.499612703,274
168157,Leander Dendoncker,Midfield,Defensive Midfield,Belgium,15/4/95,17/12/20,32000000,16,25,0.499612703,98
435213,Léo Sena,Midfield,Defensive Midfield,Brazil,31/12/95,3/6/21,2000000,7,25,0.499612703,473
428563,Lewis Ferguson,Midfield,Central Midfield,Scotland,24/8/99,17/6/25,28000000,15,25,0.499612703,116
193867,Liam Henderson,Midfield,Central Midfield,Scotland,25/4/96,28/12/21,3000000,10,25,0.499612703,428
286297,Lorenzo Pellegrini,Midfield,Attacking Midfield,Italy,19/6/96,14/10/21,45000000,15,25,0.499612703,62
147485,Louis Schaub,Midfield,Right Midfield,Austria,29/12/94,15/7/20,2000000,9,25,0.499612703,473
387106,Lovro Majer,Midfield,Attacking Midfield,Croatia,17/1/98,18/10/23,27000000,14,25,0.499612703,121
315762,Luca de la Torre,Midfield,Central Midfield,United States,23/5/98,21/3/24,3500000,13,25,0.499612703,405
288225,Ludovic Blas,Midfield,Right Midfield,France,31/12/97,16/10/23,22000000,17,25,0.499612703,147
587646,Mahamé Siby,Midfield,Defensive Midfield,Mali,7/7/96,2/6/22,1300000,7,25,0.499612703,525
324795,Mahdi Camara,Midfield,Central Midfield,France,30/6/98,3/6/24,10000000,14,25,0.499612703,260
191422,Mahmoud Dahoud,Midfield,Central Midfield,Syria,1/1/96,7/10/21,18000000,15,25,0.499612703,175
189073,Marcel Hartel,Midfield,Central Midfield,Germany,19/1/96,10/2/21,2800000,8,25,0.499612703,439
201040,Marco Benassi,Midfield,Central Midfield,Italy,8/9/94,25/8/20,10000000,8,25,0.499612703,260
317482,Marko Rog,Midfield,Central Midfield,Croatia,19/7/95,25/8/20,13000000,10,25,0.499612703,228
316264,Martin Ødegaard,Midfield,Attacking Midfield,Norway,17/12/98,27/5/24,110000000,16,25,0.499612703,10
225984,Matheus Pereira,Midfield,Attacking Midfield,Brazil,5/5/96,8/6/21,15000000,7,25,0.499612703,205
290249,Mauro Arambarri,Midfield,Central Midfield,Uruguay,30/9/95,8/10/20,20000000,14,25,0.499612703,159
192300,Max Christiansen,Midfield,Defensive Midfield,Germany,25/9/96,24/3/22,1500000,7,25,0.499612703,514
146164,Max Meyer,Midfield,Attacking Midfield,Germany,18/9/95,13/10/20,7000000,10,25,0.499612703,311
205569,Mickaël Malsa,Midfield,Defensive Midfield,Martinique,12/10/95,19/3/21,5000000,12,25,0.499612703,354
215864,Mijat Gacinovic,Midfield,Attacking Midfield,Serbia,8/2/95,16/9/20,6000000,11,25,0.499612703,329
338424,Mikel Merino,Midfield,Central Midfield,Spain,22/6/96,30/12/21,50000000,13,25,0.499612703,53
232144,Milos Pantovic,Midfield,Attacking Midfield,Serbia,7/7/96,9/6/22,2200000,12,25,0.499612703,459
282727,Monchu,Midfield,Central Midfield,Spain,13/9/99,23/5/25,6000000,11,25,0.499612703,329
429014,Morgan Gibbs-White,Midfield,Attacking Midfield,England,27/1/00,18/3/25,50000000,14,25,0.499612703,53
316575,Moritz-Broni Kwarteng,Midfield,Attacking Midfield,Germany,28/4/98,28/6/23,1500000,12,25,0.499612703,514
461496,Morten Hjulmand,Midfield,Defensive Midfield,Denmark,25/6/99,30/5/25,50000000,15,25,0.499612703,53
226524,Morten Thorsby,Midfield,Central Midfield,Norway,5/5/96,3/6/21,7000000,10,25,0.499612703,311
223725,Munir El Haddadi,Midfield,Attacking Midfield,Morocco,1/9/95,8/10/20,10000000,11,25,0.499612703,260
302215,Naby Keïta,Midfield,Central Midfield,Guinea,10/2/95,30/7/20,40000000,13,25,0.499612703,75
315063,Nahitan Nández,Midfield,Right Midfield,Uruguay,28/12/95,29/12/20,25000000,13,25,0.499612703,128
552472,Nahuel Estévez,Midfield,Defensive Midfield,Argentina,14/11/95,23/3/21,2000000,9,25,0.499612703,473
273152,Nemanja Maksimovic,Midfield,Central Midfield,Serbia,26/1/95,8/10/20,20000000,14,25,0.499612703,159
192638,Nicolas Haas,Midfield,Central Midfield,Switzerland,23/1/96,14/10/21,3500000,13,25,0.499612703,405
275249,Niklas Schmidt,Midfield,Central Midfield,Germany,1/3/98,18/12/23,3000000,14,25,0.499612703,428
325993,Oliver Abildgaard,Midfield,Defensive Midfield,Denmark,10/6/96,29/12/21,7500000,14,25,0.499612703,300
214775,Óliver Torres,Midfield,Central Midfield,Spain,10/11/94,8/10/20,14000000,11,25,0.499612703,217
334042,Orbelín Pineda,Midfield,Central Midfield,Mexico,24/3/96,15/10/21,9000000,13,25,0.499612703,274
293388,Oriol Rey,Midfield,Defensive Midfield,Spain,25/2/98,13/10/23,1200000,10,25,0.499612703,531
785353,Pablo Ibáñez,Midfield,Central Midfield,Spain,20/9/98,13/10/23,2500000,13,25,0.499612703,447
370791,Pablo Rosario,Midfield,Defensive Midfield,Dominican Republic,7/1/97,30/5/22,10000000,13,25,0.499612703,260
443331,Patrick Osterhage,Midfield,Defensive Midfield,Germany,1/2/00,5/6/25,10000000,13,25,0.499612703,260
242273,Pedro Chirivella,Midfield,Defensive Midfield,Spain,23/5/97,30/5/22,7000000,12,25,0.499612703,311
263804,Pep Biel,Midfield,Attacking Midfield,Spain,5/9/96,20/6/22,6000000,11,25,0.499612703,329
328480,Pepelu,Midfield,Defensive Midfield,Spain,11/8/98,7/6/24,22000000,11,25,0.499612703,147
355104,Pepín Machín,Midfield,Attacking Midfield,Equatorial Guinea,14/8/96,6/6/22,1700000,8,25,0.499612703,497
339829,Pierre Kunde,Midfield,Central Midfield,Cameroon,26/7/95,26/11/20,6000000,10,25,0.499612703,329
295183,Răzvan Marin,Midfield,Central Midfield,Romania,23/5/96,3/6/21,15000000,16,25,0.499612703,205
277137,Renato Tapia,Midfield,Defensive Midfield,Peru,28/7/95,19/3/21,20000000,14,25,0.499612703,159
606752,Rodrigo Zalazar,Midfield,Attacking Midfield,Uruguay,12/8/99,30/5/25,18000000,15,25,0.499612703,175
346853,Romano Schmid,Midfield,Attacking Midfield,Austria,27/1/00,5/6/25,17000000,13,25,0.499612703,186
277635,Rominigue Kouamé,Midfield,Central Midfield,Mali,17/12/96,30/5/22,5000000,12,25,0.499612703,354
387331,Sam Field,Midfield,Defensive Midfield,England,8/5/98,1/6/23,3500000,7,25,0.499612703,405
268429,Sandi Lovrić,Midfield,Central Midfield,Slovenia,28/3/98,15/6/23,10000000,15,25,0.499612703,260
245056,Saša Lukić,Midfield,Central Midfield,Serbia,13/8/96,7/6/22,15000000,12,25,0.499612703,205
148928,Saúl Ñíguez,Midfield,Central Midfield,Spain,21/11/94,8/10/20,70000000,18,25,0.499612703,28
346707,Sean Longstaff,Midfield,Central Midfield,England,30/10/97,20/6/23,25000000,13,25,0.499612703,128
338668,Senne Lynen,Midfield,Defensive Midfield,Belgium,19/2/99,20/12/24,9000000,13,25,0.499612703,274
266302,Sergej Milinković-Savić,Midfield,Central Midfield,Serbia,27/2/95,29/12/20,70000000,9,25,0.499612703,28
257751,Simone Bastoni,Midfield,Central Midfield,Italy,5/11/96,7/6/22,7500000,13,25,0.499612703,300
216179,Stefano Sensi,Midfield,Central Midfield,Italy,5/8/95,25/8/20,20000000,13,25,0.499612703,159
633056,Tamás Nikitscher,Midfield,Defensive Midfield,Hungary,3/11/99,21/3/25,1000000,11,25,0.499612703,548
205562,Thomas Lemar,Midfield,Attacking Midfield,France,12/11/95,13/10/21,40000000,18,25,0.499612703,75
182581,Tonny Vilhena,Midfield,Central Midfield,Netherlands,3/1/95,29/7/20,11000000,16,25,0.499612703,248
192009,Unai López,Midfield,Central Midfield,Spain,30/10/95,10/6/21,12000000,14,25,0.499612703,240
658269,Víctor Meseguer,Midfield,Central Midfield,Spain,9/6/99,11/10/24,3000000,13,25,0.499612703,428
374040,Vincent Marchetti,Midfield,Central Midfield,France,4/7/97,2/11/22,3000000,9,25,0.499612703,428
270171,Vitaly Janelt,Midfield,Defensive Midfield,Germany,10/5/98,19/12/23,22000000,14,25,0.499612703,147
487469,Vitinha,Midfield,Defensive Midfield,Portugal,13/2/00,3/6/25,80000000,18,25,0.499612703,23
332697,Weston McKennie,Midfield,Central Midfield,United States,28/8/98,5/6/24,28000000,14,25,0.499612703,116
207014,Will Hughes,Midfield,Central Midfield,England,17/4/95,15/10/20,11000000,12,25,0.499612703,248
182889,Wylan Cyprien,Midfield,Central Midfield,France,28/1/95,29/10/20,12000000,9,25,0.499612703,240
569598,Youssouf Fofana,Midfield,Defensive Midfield,France,10/1/99,3/6/24,30000000,12,25,0.499612703,109
410425,Yves Bissouma,Midfield,Defensive Midfield,Mali,30/8/96,29/3/22,35000000,16,25,0.499612703,89
340394,Abdelhamid Sabiri,Midfield,Attacking Midfield,Morocco,28/11/96,23/12/22,4000000,11,26,0.603408211,387
181382,Abdoulaye Touré,Midfield,Defensive Midfield,Guinea,3/3/94,15/10/20,8000000,13,26,0.603408211,289
233782,Aïssa Laïdouni,Midfield,Central Midfield,Tunisia,13/12/96,18/10/23,10000000,13,26,0.603408211,261
261504,Aleix García,Midfield,Central Midfield,Spain,28/6/97,21/3/24,25000000,14,26,0.603408211,129
235931,Alessandro Deiola,Midfield,Central Midfield,Italy,1/8/95,14/10/21,2000000,12,26,0.603408211,474
118397,Alessandro Schöpf,Midfield,Central Midfield,Austria,7/2/94,16/9/20,3500000,9,26,0.603408211,406
534033,Alexis Mac Allister,Midfield,Central Midfield,Argentina,24/12/98,30/5/25,100000000,15,26,0.603408211,14
449496,Álvaro Aguado,Midfield,Central Midfield,Spain,1/5/96,7/11/22,3000000,10,26,0.603408211,429
146680,Andrea Barberis,Midfield,Defensive Midfield,Italy,11/12/93,21/8/20,1700000,8,26,0.603408211,498
287863,Antonio Palumbo,Midfield,Central Midfield,Italy,6/8/96,22/12/22,2000000,8,26,0.603408211,474
513031,Antonio Sánchez,Midfield,Central Midfield,Spain,22/4/97,13/6/23,2500000,11,26,0.603408211,448
183302,Ben Pearson,Midfield,Central Midfield,,4/1/95,30/6/21,3000000,7,26,0.603408211,429
241641,Bernardo Silva,Midfield,Attacking Midfield,Portugal,10/8/94,13/10/20,80000000,13,26,0.603408211,24
333383,Bonke Innocent,Midfield,Defensive Midfield,Nigeria,20/1/96,30/5/22,2000000,11,26,0.603408211,474
309110,Brais Méndez,Midfield,Attacking Midfield,Spain,7/1/97,22/12/23,40000000,12,26,0.603408211,76
240306,Bruno Fernandes,Midfield,Attacking Midfield,Portugal,8/9/94,17/12/20,90000000,14,26,0.603408211,18
199248,Bryan Cristante,Midfield,Defensive Midfield,Italy,3/3/95,14/10/21,20000000,13,26,0.603408211,160
431190,Carlos Protesoni,Midfield,Defensive Midfield,Uruguay,30/3/98,7/6/24,1500000,13,26,0.603408211,515
190393,Corentin Tolisso,Midfield,Central Midfield,France,3/8/94,10/2/21,25000000,11,26,0.603408211,129
356141,Daichi Kamada,Midfield,Attacking Midfield,Japan,5/8/96,9/11/22,30000000,13,26,0.603408211,110
293385,Dani Olmo,Midfield,Attacking Midfield,Spain,7/5/98,18/7/24,60000000,13,26,0.603408211,37
272587,Daniel-Kofi Kyereh,Midfield,Attacking Midfield,Ghana,8/3/96,9/11/22,8000000,15,26,0.603408211,289
129588,Dennis Praet,Midfield,Central Midfield,Belgium,14/5/94,13/10/20,22000000,16,26,0.603408211,148
315604,Diadié Samassékou,Midfield,Defensive Midfield,Mali,11/1/96,24/3/22,16000000,16,26,0.603408211,193
210081,Didier Ndong,Midfield,Central Midfield,Gabon,17/6/94,15/10/20,3500000,8,26,0.603408211,406
216599,Domen Crnigoj,Midfield,Central Midfield,Slovenia,18/11/95,15/3/22,1500000,12,26,0.603408211,515
204987,Dor Peretz,Midfield,Central Midfield,Israel,17/5/95,29/5/21,1800000,7,26,0.603408211,491
393621,Douglas Augusto,Midfield,Central Midfield,Brazil,13/1/97,18/12/23,6000000,10,26,0.603408211,330
479999,Eberechi Eze,Midfield,Attacking Midfield,England,29/6/98,1/10/24,60000000,14,26,0.603408211,37
506248,Edu Expósito,Midfield,Central Midfield,Spain,1/8/96,7/11/22,6000000,13,26,0.603408211,330
260655,Eduard Löwen,Midfield,Central Midfield,Germany,28/1/97,22/8/23,4500000,6,26,0.603408211,371
290587,Ellyes Skhiri,Midfield,Defensive Midfield,Tunisia,10/5/95,7/10/21,13000000,11,26,0.603408211,229
215616,Erick Pulgar,Midfield,Defensive Midfield,Chile,15/1/94,25/8/20,15000000,11,26,0.603408211,206
223073,Eugeni,Midfield,Attacking Midfield,Spain,19/7/94,8/10/20,1000000,7,26,0.603408211,549
225693,Fabinho,Midfield,Defensive Midfield,Brazil,23/10/93,13/10/20,60000000,9,26,0.603408211,37
369081,Federico Valverde,Midfield,Central Midfield,Uruguay,22/7/98,11/10/24,130000000,13,26,0.603408211,5
249157,Fredrik Jensen,Midfield,Attacking Midfield,Finland,9/9/97,14/12/23,3500000,10,26,0.603408211,406
242632,Glen Kamara,Midfield,Central Midfield,Finland,28/10/95,27/6/22,7500000,13,26,0.603408211,301
322985,Gustavo Hamer,Midfield,Central Midfield,Netherlands,24/6/97,9/10/23,16000000,12,26,0.603408211,193
372267,Guus Til,Midfield,Attacking Midfield,Netherlands,22/12/97,31/5/24,12000000,14,26,0.603408211,241
181768,Hernani,Midfield,Central Midfield,Brazil,27/3/94,29/12/20,6500000,13,26,0.603408211,321
474662,Hugo Magnetti,Midfield,Central Midfield,France,30/5/98,3/6/24,7000000,11,26,0.603408211,312
442805,Iddrisu Baba,Midfield,Central Midfield,Ghana,22/1/96,21/3/22,3500000,12,26,0.603408211,406
458178,Jack Taylor,Midfield,Central Midfield,Ireland,23/6/98,16/12/24,3000000,9,26,0.603408211,429
373899,Jacopo Segre,Midfield,Central Midfield,Italy,17/2/97,12/6/23,1700000,7,26,0.603408211,498
294057,James Maddison,Midfield,Attacking Midfield,England,23/11/96,9/10/23,70000000,15,26,0.603408211,29
177779,Janik Haberer,Midfield,Central Midfield,Germany,2/4/94,10/2/21,8000000,12,26,0.603408211,289
178313,Jean-Eudes Aholou,Midfield,Defensive Midfield,Cote d'Ivoire,20/3/94,15/10/20,4000000,9,26,0.603408211,387
263727,Joan Jordán,Midfield,Central Midfield,Spain,6/7/94,19/3/21,30000000,14,26,0.603408211,110
468198,Joe Aribo,Midfield,Central Midfield,Nigeria,21/7/96,15/9/22,15000000,13,26,0.603408211,206
333241,Joelinton,Midfield,Central Midfield,Brazil,14/8/96,20/6/23,42000000,14,26,0.603408211,69
156941,John Lundstram,Midfield,Defensive Midfield,England,18/2/94,13/10/20,8000000,13,26,0.603408211,289
336747,Jorge Pombo,Midfield,Attacking Midfield,Spain,22/2/94,8/10/20,1200000,8,26,0.603408211,532
161056,Joshua Kimmich,Midfield,Defensive Midfield,Germany,8/2/95,10/2/21,90000000,13,26,0.603408211,18
466268,Juan Brunetta,Midfield,Attacking Midfield,Argentina,12/5/97,3/10/23,7000000,11,26,0.603408211,312
187492,Julian Brandt,Midfield,Attacking Midfield,Germany,2/5/96,29/3/23,40000000,14,26,0.603408211,76
161204,Julian Green,Midfield,Central Midfield,United States,6/6/95,16/6/21,1500000,7,26,0.603408211,515
324861,Julian Justvan,Midfield,Attacking Midfield,Germany,2/4/98,26/3/25,2200000,15,26,0.603408211,460
196792,Julian Weigl,Midfield,Defensive Midfield,Germany,8/9/95,27/12/21,22000000,14,26,0.603408211,148
351749,Kalvin Phillips,Midfield,Defensive Midfield,England,2/12/95,29/3/22,50000000,18,26,0.603408211,54
106872,Kevin Stöger,Midfield,Attacking Midfield,Austria,27/8/93,8/7/20,6000000,14,26,0.603408211,330
527698,Kike Pérez,Midfield,Central Midfield,Spain,14/2/97,23/3/23,4500000,13,26,0.603408211,371
804219,Léo Scienza,Midfield,Attacking Midfield,Brazil,13/9/98,20/12/24,3000000,13,26,0.603408211,429
171159,Leo Stulac,Midfield,Defensive Midfield,Slovenia,26/9/94,24/6/21,3000000,7,26,0.603408211,429
153084,Leon Goretzka,Midfield,Central Midfield,Germany,6/2/95,10/2/21,70000000,14,26,0.603408211,29
93844,Leonardo Bittencourt,Midfield,Central Midfield,Germany,19/12/93,26/11/20,6000000,12,26,0.603408211,330
444523,Lucas Paquetá,Midfield,Attacking Midfield,Brazil,27/8/97,9/10/23,65000000,17,26,0.603408211,32
457221,Lucas Robertone,Midfield,Central Midfield,Argentina,18/3/97,23/3/23,7000000,13,26,0.603408211,312
106987,Marcel Sabitzer,Midfield,Central Midfield,Austria,17/3/94,10/2/21,42000000,15,26,0.603408211,69
170934,Mario Lemina,Midfield,Defensive Midfield,Gabon,1/9/93,4/8/20,10000000,15,26,0.603408211,261
205938,Mario Pašalić,Midfield,Central Midfield,Croatia,9/2/95,28/12/21,28000000,12,26,0.603408211,117
555820,Martín Payero,Midfield,Central Midfield,Argentina,11/9/98,25/3/25,6000000,10,26,0.603408211,330
324882,Marvelous Nakamba,Midfield,Defensive Midfield,Zimbabwe,19/1/94,13/10/20,8000000,10,26,0.603408211,289
237226,Marvin Mehlem,Midfield,Attacking Midfield,Germany,11/9/97,18/10/23,3000000,9,26,0.603408211,429
168678,Marvin Schulz,Midfield,Right Midfield,Germany,15/1/95,23/6/21,1500000,8,26,0.603408211,515
51471,Mateo Kovacic,Midfield,Central Midfield,Croatia,6/5/94,13/10/20,45000000,14,26,0.603408211,63
198087,Matteo Ricci,Midfield,Defensive Midfield,Italy,27/5/94,29/12/20,3500000,9,26,0.603408211,406
200188,Mattia Aramu,Midfield,Attacking Midfield,Italy,14/5/95,28/12/21,5000000,11,26,0.603408211,355
117674,Maximilian Arnold,Midfield,Central Midfield,Germany,27/5/94,10/2/21,19000000,11,26,0.603408211,166
377042,Michael Folorunsho,Midfield,Central Midfield,Italy,7/2/98,5/6/24,8500000,13,26,0.603408211,281
498529,Miguel Crespo,Midfield,Central Midfield,Portugal,11/9/96,27/10/22,10000000,14,26,0.603408211,261
377641,Moatasem Al-Musrati,Midfield,Defensive Midfield,Libya,6/4/96,2/3/23,16000000,16,26,0.603408211,193
174094,Morgan Sanson,Midfield,Central Midfield,France,18/8/94,15/10/20,22500000,15,26,0.603408211,140
128900,Nathaniel Chalobah,Midfield,Defensive Midfield,England,12/12/94,30/6/21,5000000,7,26,0.603408211,355
497291,Nicolás Domínguez,Midfield,Central Midfield,Argentina,28/6/98,30/5/25,18000000,12,26,0.603408211,176
232418,Ondrej Duda,Midfield,Central Midfield,Slovakia,5/12/94,31/5/21,8000000,13,26,0.603408211,289
312314,Otávio,Midfield,Defensive Midfield,Brazil,4/5/94,15/10/20,7000000,8,26,0.603408211,312
236471,Ozan Tufan,Midfield,Central Midfield,Türkiye,23/3/95,25/5/21,11000000,16,26,0.603408211,249
357885,Pablo Fornals,Midfield,Central Midfield,Spain,22/2/96,15/9/22,25000000,11,26,0.603408211,129
183841,Petar Stojanović,Midfield,Right Midfield,Slovenia,7/10/95,7/6/22,3000000,13,26,0.603408211,429
179635,Philipp Förster,Midfield,Attacking Midfield,Germany,4/2/95,9/6/21,3500000,12,26,0.603408211,406
388409,Philipp Sander,Midfield,Defensive Midfield,Germany,21/2/98,9/10/24,4000000,17,26,0.603408211,387
290552,Qazim Laci,Midfield,Central Midfield,Albania,19/1/96,2/6/22,3000000,10,26,0.603408211,429
197471,Roberto Gagliardini,Midfield,Central Midfield,Italy,7/4/94,29/12/20,15000000,12,26,0.603408211,206
131978,Ross Barkley,Midfield,Central Midfield,England,5/12/93,13/10/20,21500000,15,26,0.603408211,152
202886,Ruben Loftus-Cheek,Midfield,Central Midfield,England,23/1/96,3/11/22,25000000,10,26,0.603408211,129
353403,Samuel Moutoussamy,Midfield,Central Midfield,DR Congo,12/8/96,27/6/23,5000000,18,26,0.603408211,355
380598,Santi Comesaña,Midfield,Central Midfield,Spain,5/10/96,13/6/23,7500000,14,26,0.603408211,301
287579,Sofyan Amrabat,Midfield,Defensive Midfield,Morocco,21/8/96,15/6/23,30000000,12,26,0.603408211,110
164913,Soualiho Meïté,Midfield,Defensive Midfield,France,17/3/94,25/8/20,6000000,12,26,0.603408211,330
111961,Suso,Midfield,Attacking Midfield,Spain,19/11/93,8/10/20,20000000,10,26,0.603408211,160
360518,Teun Koopmeiners,Midfield,Defensive Midfield,Netherlands,28/2/98,18/10/24,55000000,16,26,0.603408211,47
182618,Tiemoué Bakayoko,Midfield,Defensive Midfield,France,17/8/94,29/12/20,30000000,15,26,0.603408211,110
460939,Tijjani Reijnders,Midfield,Central Midfield,Netherlands,29/7/98,17/6/25,60000000,14,26,0.603408211,37
283628,Tomáš Souček,Midfield,Defensive Midfield,Czech Republic,27/2/95,23/12/21,45000000,16,26,0.603408211,63
162961,Valerio Verre,Midfield,Attacking Midfield,Italy,11/1/94,29/12/20,3500000,8,26,0.603408211,406
263856,Víctor Camarasa,Midfield,Central Midfield,Spain,28/5/94,8/10/20,3000000,8,26,0.603408211,429
223979,Xaver Schlager,Midfield,Central Midfield,Austria,28/9/97,18/10/23,28000000,11,26,0.603408211,117
378293,Yangel Herrera,Midfield,Central Midfield,Venezuela,7/1/98,7/6/24,25000000,13,26,0.603408211,129
594997,Yohann Magnin,Midfield,Defensive Midfield,France,21/6/97,27/6/23,2500000,9,26,0.603408211,448
481116,Youssef Maziz,Midfield,Attacking Midfield,France,24/6/98,2/10/24,2500000,14,26,0.603408211,448
127187,Abdoulaye Doucouré,Midfield,Attacking Midfield,Mali,1/1/93,13/10/20,25000000,12,27,0.689388071,130
273669,Adrian Beck,Midfield,Attacking Midfield,Germany,9/6/97,20/12/24,2000000,13,27,0.689388071,475
263918,Aleksandr Golovin,Midfield,Attacking Midfield,Russia,30/5/96,16/10/23,30000000,15,27,0.689388071,111
89733,Álex Fernández,Midfield,Central Midfield,Spain,15/10/92,8/10/20,7500000,13,27,0.689388071,302
143424,Alex Oxlade-Chamberlain,Midfield,Central Midfield,England,15/8/93,13/10/20,24000000,16,27,0.689388071,137
184894,Alfred Duncan,Midfield,Central Midfield,Ghana,10/3/93,25/8/20,15000000,11,27,0.689388071,207
221025,André Gomes,Midfield,Central Midfield,Portugal,30/7/93,13/10/20,24000000,13,27,0.689388071,137
203394,Andreas Pereira,Midfield,Central Midfield,Brazil,1/1/96,19/12/23,20000000,15,27,0.689388071,161
323872,Andrés Cubas,Midfield,Defensive Midfield,Paraguay,22/5/96,22/8/23,4500000,7,27,0.689388071,372
272261,Antonín Barák,Midfield,Attacking Midfield,Czech Republic,3/12/94,15/3/22,20000000,13,27,0.689388071,161
232320,Atakan Karazor,Midfield,Defensive Midfield,Türkiye,13/10/96,29/5/24,12000000,14,27,0.689388071,242
285323,Baptiste Santamaria,Midfield,Defensive Midfield,France,9/3/95,19/9/22,16000000,14,27,0.689388071,194
218087,Ben Osborn,Midfield,Central Midfield,England,5/8/94,24/11/21,2500000,10,27,0.689388071,449
203938,Branco van den Boomen,Midfield,Central Midfield,Netherlands,21/7/95,27/6/23,12000000,18,27,0.689388071,242
203655,Cafú,Midfield,Central Midfield,Portugal,26/2/93,4/8/20,1200000,8,27,0.689388071,533
165007,Denis Suárez,Midfield,Attacking Midfield,Spain,6/1/94,10/6/21,12000000,11,27,0.689388071,242
241076,Emmanuel Gyasi,Midfield,Right Midfield,Ghana,11/1/94,23/3/21,2500000,12,27,0.689388071,449
162079,Fede Vico,Midfield,Attacking Midfield,Spain,4/7/94,13/10/21,2000000,12,27,0.689388071,475
240934,Filippo Bandinelli,Midfield,Central Midfield,Italy,29/3/95,11/11/22,3500000,9,27,0.689388071,407
337811,Francesco Gelli,Midfield,Attacking Midfield,Italy,15/10/96,12/3/24,1000000,11,27,0.689388071,550
354361,Frank Anguissa,Midfield,Central Midfield,Cameroon,16/11/95,21/3/23,40000000,13,27,0.689388071,77
131109,Gastón Brugman,Midfield,Defensive Midfield,Uruguay,7/9/92,25/8/20,2500000,8,27,0.689388071,449
341705,Gerson,Midfield,Central Midfield,Brazil,20/5/97,28/3/25,25000000,14,27,0.689388071,130
266795,Gonzalo Escalante,Midfield,Central Midfield,Argentina,27/3/93,29/10/20,3200000,9,27,0.689388071,415
162056,Gonzalo Melero,Midfield,Central Midfield,Spain,2/1/94,5/1/21,5000000,11,27,0.689388071,356
234029,Grischa Prömel,Midfield,Central Midfield,Germany,9/1/95,9/6/22,7500000,12,27,0.689388071,302
205503,Ibrahim Amadou,Midfield,Defensive Midfield,France,6/4/93,15/10/20,5500000,7,27,0.689388071,343
199297,Jacek Goralski,Midfield,Defensive Midfield,Poland,21/9/92,15/9/20,2500000,7,27,0.689388071,449
192557,Jackson Irvine,Midfield,Central Midfield,Australia,7/3/93,10/11/20,2500000,7,27,0.689388071,449
182574,Jean-Paul Boëtius,Midfield,Attacking Midfield,Netherlands,22/3/94,9/6/21,5000000,10,27,0.689388071,356
157506,Jeffrey Schlupp,Midfield,Left Midfield,Ghana,23/12/92,13/10/20,10000000,12,27,0.689388071,262
347900,Jerdy Schouten,Midfield,Defensive Midfield,Netherlands,12/1/97,14/10/24,35000000,15,27,0.689388071,90
193116,John McGinn,Midfield,Central Midfield,Scotland,18/10/94,15/6/22,32000000,14,27,0.689388071,99
120095,José Campaña,Midfield,Central Midfield,Spain,31/5/93,8/10/20,25000000,18,27,0.689388071,130
293569,Josh Brownhill,Midfield,Central Midfield,England,19/12/95,1/6/23,18000000,10,27,0.689388071,177
242606,Josh Cullen,Midfield,Central Midfield,Ireland,7/4/96,1/6/23,13000000,10,27,0.689388071,230
125858,Kerem Demirbay,Midfield,Central Midfield,Germany,3/7/93,26/11/20,18000000,16,27,0.689388071,177
94137,Kevin Möhwald,Midfield,Central Midfield,Germany,3/7/93,31/3/21,4000000,13,27,0.689388071,388
386552,Lassana Coulibaly,Midfield,Central Midfield,Mali,10/4/96,15/6/23,5000000,9,27,0.689388071,356
166237,Leandro Paredes,Midfield,Defensive Midfield,Argentina,29/6/94,16/7/21,22000000,13,27,0.689388071,149
205677,Luca Garritano,Midfield,Attacking Midfield,Italy,11/2/94,24/6/21,1800000,9,27,0.689388071,492
128220,Luis Alberto,Midfield,Attacking Midfield,Spain,28/9/92,25/8/20,50000000,12,27,0.689388071,55
281989,Luis Milla,Midfield,Central Midfield,Spain,7/10/94,21/3/22,6000000,16,27,0.689388071,331
167105,Lukas Lerager,Midfield,Defensive Midfield,Denmark,12/7/93,25/8/20,4000000,9,27,0.689388071,388
135853,Manuel Lanzini,Midfield,Attacking Midfield,Argentina,15/2/93,13/10/20,14000000,9,27,0.689388071,218
156617,Marcelo Brozović,Midfield,Defensive Midfield,Croatia,16/11/92,25/8/20,50000000,11,27,0.689388071,55
102558,Marco Verratti,Midfield,Central Midfield,Italy,5/11/92,15/10/20,60000000,7,27,0.689388071,38
414908,Marshall Munetsi,Midfield,Central Midfield,Zimbabwe,22/6/96,18/12/23,12000000,12,27,0.689388071,242
319859,Mathias Jensen,Midfield,Central Midfield,Denmark,1/1/96,19/12/23,30000000,12,27,0.689388071,111
167741,Mattia Valoti,Midfield,Central Midfield,Italy,6/9/93,24/6/21,2500000,11,27,0.689388071,449
237658,Michel Aebischer,Midfield,Central Midfield,Switzerland,6/1/97,18/7/24,11000000,12,27,0.689388071,250
149829,Miha Zajc,Midfield,Central Midfield,Slovenia,1/7/94,1/6/22,6000000,18,27,0.689388071,331
168959,Nemanja Radoja,Midfield,Defensive Midfield,Serbia,6/2/93,8/10/20,3500000,8,27,0.689388071,407
255942,Nicolò Barella,Midfield,Central Midfield,Italy,7/2/97,5/6/24,80000000,12,27,0.689388071,25
137616,Okay Yokuşlu,Midfield,Defensive Midfield,Türkiye,9/3/94,25/5/21,7500000,16,27,0.689388071,302
142031,Omar Mascarell,Midfield,Defensive Midfield,Equatorial Guinea,2/2/93,16/9/20,10000000,14,27,0.689388071,262
167796,Paolo Faragò,Midfield,Central Midfield,Italy,12/2/93,25/8/20,3800000,7,27,0.689388071,397
122153,Paul Pogba,Midfield,Central Midfield,France,15/3/93,13/10/20,80000000,9,27,0.689388071,25
363057,Pedro Díaz,Midfield,Central Midfield,Spain,5/6/98,9/6/25,3000000,14,27,0.689388071,430
242497,Pere Pons,Midfield,Defensive Midfield,Spain,20/2/93,8/10/20,3500000,8,27,0.689388071,407
320411,Philip Billing,Midfield,Central Midfield,Denmark,11/6/96,19/12/23,22000000,14,27,0.689388071,149
167799,Pierre-Emile Højbjerg,Midfield,Defensive Midfield,Denmark,5/8/95,3/11/22,45000000,18,27,0.689388071,64
181136,Piotr Zielinski,Midfield,Central Midfield,Poland,20/5/94,31/5/21,50000000,14,27,0.689388071,55
129473,Rafinha,Midfield,Attacking Midfield,Brazil,12/2/93,7/1/21,15000000,10,27,0.689388071,207
131667,Ramon Azeez,Midfield,Central Midfield,Nigeria,12/12/92,23/7/20,2500000,7,27,0.689388071,449
255901,Rodrigo De Paul,Midfield,Central Midfield,Argentina,24/5/94,16/7/21,40000000,15,27,0.689388071,77
99352,Rubén Pardo,Midfield,Central Midfield,Spain,22/10/92,8/10/20,2400000,13,27,0.689388071,454
425902,Ryan Yates,Midfield,Central Midfield,England,21/11/97,16/12/24,13000000,12,27,0.689388071,230
204294,Saman Ghoddos,Midfield,Attacking Midfield,Iran,6/9/93,10/3/21,3000000,9,27,0.689388071,430
333014,Sander Berge,Midfield,Defensive Midfield,Norway,14/2/98,18/3/25,25000000,13,27,0.689388071,130
388125,Stanko Juric,Midfield,Defensive Midfield,Croatia,16/8/96,24/6/24,2200000,12,27,0.689388071,461
167859,Stefano Sturaro,Midfield,Central Midfield,Italy,9/3/93,25/8/20,6000000,10,27,0.689388071,331
241501,Stijn Spierings,Midfield,Central Midfield,Netherlands,12/3/96,27/6/23,6000000,14,27,0.689388071,331
230784,Thomas Partey,Midfield,Defensive Midfield,Ghana,13/6/93,13/10/20,50000000,12,27,0.689388071,55
102226,Thorgan Hazard,Midfield,Attacking Midfield,Belgium,29/3/93,10/2/21,32000000,13,27,0.689388071,99
153661,Tobias Mohr,Midfield,Left Midfield,Germany,24/8/95,21/9/22,1800000,9,27,0.689388071,492
145115,Valon Berisha,Midfield,Central Midfield,Kosovo,7/2/93,15/10/20,4000000,7,27,0.689388071,388
323954,Walace,Midfield,Defensive Midfield,Brazil,4/4/95,11/11/22,7000000,9,27,0.689388071,313
290256,Xeka,Midfield,Central Midfield,Portugal,10/11/94,16/12/21,9000000,11,27,0.689388071,275
119277,Yannick Gerhardt,Midfield,Central Midfield,Germany,13/3/94,9/6/21,10000000,14,27,0.689388071,262
187847,Yassine Benzia,Midfield,Attacking Midfield,Algeria,8/9/94,31/3/22,1900000,7,27,0.689388071,483
182913,Adrien Rabiot,Midfield,Central Midfield,France,3/4/95,15/6/23,40000000,15,28,0.752130132,78
157507,Adrien Tamèze,Midfield,Defensive Midfield,France,4/2/94,7/6/22,10000000,11,28,0.752130132,263
215977,Adrien Thomasson,Midfield,Central Midfield,France,10/12/93,30/5/22,9000000,12,28,0.752130132,276
121402,Ahmad Benali,Midfield,Central Midfield,Libya,7/2/92,21/8/20,2500000,8,28,0.752130132,450
266359,Benjamin Bourigeaud,Midfield,Central Midfield,France,14/1/94,30/5/22,18000000,10,28,0.752130132,178
186186,Bobby De Cordova-Reid,Midfield,Attacking Midfield,Jamaica,2/2/93,18/3/21,10000000,9,28,0.752130132,263
149446,Bryan Dabo,Midfield,Central Midfield,Burkina Faso,18/2/92,25/8/20,2000000,11,28,0.752130132,476
16306,Casemiro,Midfield,Defensive Midfield,Brazil,23/2/92,5/1/21,70000000,14,28,0.752130132,30
69633,Christian Eriksen,Midfield,Attacking Midfield,Denmark,14/2/92,25/8/20,60000000,15,28,0.752130132,39
129868,Cristian Battocchio,Midfield,Central Midfield,Italy,10/2/92,15/10/20,2000000,6,28,0.752130132,476
199299,Damian Kądzior,Midfield,Attacking Midfield,Poland,16/6/92,27/7/20,3500000,12,28,0.752130132,408
134883,Daniele Baselli,Midfield,Central Midfield,Italy,12/3/92,25/8/20,7000000,12,28,0.752130132,314
199733,Danilo Cataldi,Midfield,Defensive Midfield,Italy,6/8/94,15/6/23,10000000,12,28,0.752130132,263
95641,Darko Brasanac,Midfield,Central Midfield,Serbia,12/2/92,8/10/20,2000000,12,28,0.752130132,476
173859,Davide Zappacosta,Midfield,Right Midfield,Italy,11/6/92,25/8/20,10000000,13,28,0.752130132,263
182932,Davy Klaassen,Midfield,Central Midfield,Netherlands,21/2/93,27/5/21,17000000,12,28,0.752130132,187
265127,Éder Balanta,Midfield,Defensive Midfield,Colombia,28/2/93,6/1/22,6500000,10,28,0.752130132,322
202318,Farid Boulaya,Midfield,Attacking Midfield,Algeria,25/2/93,9/4/21,5500000,10,28,0.752130132,344
94307,Filip Djuricic,Midfield,Attacking Midfield,Serbia,30/1/92,29/12/20,10000000,12,28,0.752130132,263
161011,Filip Kostić,Midfield,Left Midfield,Serbia,1/11/92,9/6/21,35000000,11,28,0.752130132,91
222859,Florent Mollet,Midfield,Attacking Midfield,France,19/11/91,15/10/20,7000000,12,28,0.752130132,314
191614,Fred,Midfield,Central Midfield,Brazil,5/3/93,18/3/21,22000000,16,28,0.752130132,150
230826,Gennaro Acampora,Midfield,Central Midfield,Italy,29/3/94,6/6/22,1000000,7,28,0.752130132,551
268670,Gerard Gumbau,Midfield,Defensive Midfield,Spain,18/12/94,13/6/23,3500000,12,28,0.752130132,408
111455,Granit Xhaka,Midfield,Defensive Midfield,Switzerland,27/9/92,13/10/20,28000000,13,28,0.752130132,118
342385,Guido Rodríguez,Midfield,Defensive Midfield,Argentina,12/4/94,7/11/22,28000000,14,28,0.752130132,118
330085,Gustavo Scarpa,Midfield,Attacking Midfield,Brazil,5/1/94,14/11/22,12000000,13,28,0.752130132,243
138055,Haris Belkebla,Midfield,Central Midfield,Algeria,28/1/94,30/5/22,4000000,9,28,0.752130132,389
226973,Harrison Reed,Midfield,Central Midfield,England,27/1/95,20/6/23,18000000,13,28,0.752130132,178
85288,Isco,Midfield,Attacking Midfield,Spain,21/4/92,8/10/20,30000000,13,28,0.752130132,112
96806,Jacopo Sala,Midfield,Central Midfield,Italy,5/12/91,25/8/20,1000000,8,28,0.752130132,551
181579,James Ward-Prowse,Midfield,Central Midfield,England,1/11/94,16/3/23,38000000,18,28,0.752130132,82
170481,Jean-Daniel Akpa Akpro,Midfield,Central Midfield,Cote d'Ivoire,11/10/92,29/12/20,3500000,13,28,0.752130132,408
148262,Jeff Hendrick,Midfield,Central Midfield,Ireland,31/1/92,13/10/20,9000000,12,28,0.752130132,276
262980,Jefferson Lerma,Midfield,Defensive Midfield,Colombia,25/10/94,20/6/23,20000000,14,28,0.752130132,162
148355,Jens Jønsson,Midfield,Defensive Midfield,Denmark,10/1/93,10/6/21,4000000,12,28,0.752130132,389
289835,Jens Stage,Midfield,Central Midfield,Denmark,8/11/96,5/6/25,14000000,15,28,0.752130132,219
141660,Jesse Lingard,Midfield,Attacking Midfield,England,15/12/92,28/5/21,22000000,10,28,0.752130132,150
206912,Jimmy Cabot,Midfield,Right Midfield,France,18/4/94,30/5/22,5000000,12,28,0.752130132,357
257455,João Palhinha,Midfield,Defensive Midfield,Portugal,9/7/95,19/12/23,60000000,18,28,0.752130132,39
183293,Joe Rothwell,Midfield,Central Midfield,England,11/1/95,20/6/23,4000000,10,28,0.752130132,389
54383,John Fleck,Midfield,Central Midfield,Scotland,24/8/91,30/7/20,8000000,10,28,0.752130132,290
289257,Jon Guridi,Midfield,Central Midfield,Spain,28/2/95,22/12/23,4000000,11,28,0.752130132,389
7161,Jonas Hofmann,Midfield,Attacking Midfield,Germany,14/7/92,10/2/21,16000000,14,28,0.752130132,195
71292,Jonjo Shelvey,Midfield,Central Midfield,England,27/2/92,13/10/20,14500000,15,28,0.752130132,212
164771,Jordan Veretout,Midfield,Central Midfield,France,1/3/93,23/3/21,35000000,16,28,0.752130132,91
102017,Jorginho,Midfield,Defensive Midfield,Italy,20/12/91,13/10/20,50000000,14,28,0.752130132,56
126600,Kenny McLean,Midfield,Central Midfield,Scotland,8/1/92,15/10/20,3200000,7,28,0.752130132,416
82009,Kevin Volland,Midfield,Attacking Midfield,Germany,30/7/92,1/6/21,30000000,13,28,0.752130132,112
566574,Kirian Rodríguez,Midfield,Attacking Midfield,Spain,5/3/96,21/3/24,12000000,13,28,0.752130132,243
74229,Koke,Midfield,Central Midfield,Spain,8/1/92,8/10/20,60000000,15,28,0.752130132,39
249089,Lewis Cook,Midfield,Central Midfield,England,3/2/97,18/3/25,15000000,13,28,0.752130132,208
226025,Luca Mazzitelli,Midfield,Central Midfield,Italy,15/11/95,20/12/23,4000000,12,28,0.752130132,389
213670,Lucas Torró,Midfield,Defensive Midfield,Spain,19/7/94,13/6/23,8000000,13,28,0.752130132,290
181687,Massimo Luongo,Midfield,Central Midfield,Australia,25/9/92,15/10/20,2000000,12,28,0.752130132,476
204047,Matus Bero,Midfield,Central Midfield,Slovakia,6/9/95,18/10/23,3500000,13,28,0.752130132,408
111036,Mehdi Abeid,Midfield,Central Midfield,Algeria,6/8/92,15/10/20,2500000,10,28,0.752130132,450
175449,Moi Gómez,Midfield,Attacking Midfield,Spain,23/6/94,23/3/23,10000000,14,28,0.752130132,263
203496,Nabil Fekir,Midfield,Attacking Midfield,France,18/7/93,3/6/22,40000000,12,28,0.752130132,78
111051,Nampalys Mendy,Midfield,Defensive Midfield,Senegal,23/6/92,13/10/20,8000000,10,28,0.752130132,290
74294,Nemanja Gudelj,Midfield,Defensive Midfield,Serbia,16/11/91,8/10/20,6000000,11,28,0.752130132,332
68290,Neymar,Midfield,Attacking Midfield,Brazil,5/2/92,15/10/20,128000000,9,28,0.752130132,7
251813,Niclas Eliasson,Midfield,Right Midfield,Sweden,7/12/95,30/5/24,4500000,12,28,0.752130132,373
151470,Nikola Vukcevic,Midfield,Defensive Midfield,Montenegro,13/12/91,8/10/20,3000000,8,28,0.752130132,431
517753,Óscar Valentín,Midfield,Central Midfield,Spain,20/8/94,13/6/23,5000000,10,28,0.752130132,357
74230,Pablo Sarabia,Midfield,Attacking Midfield,Spain,11/5/92,15/10/20,25000000,14,28,0.752130132,131
525578,Pathé Ciss,Midfield,Central Midfield,Senegal,16/3/94,23/9/22,4000000,14,28,0.752130132,389
255838,Patrick Ciurria,Midfield,Right Midfield,Italy,9/2/95,15/6/23,5000000,12,28,0.752130132,357
183780,Paul Seguin,Midfield,Central Midfield,Germany,29/3/95,29/3/23,3000000,9,28,0.752130132,431
310527,Paulo Azzi,Midfield,Left Midfield,Brazil,15/7/94,12/6/23,1600000,10,28,0.752130132,502
143798,Pavel Kaderabek,Midfield,Right Midfield,Czech Republic,25/4/92,16/9/20,10000000,11,28,0.752130132,263
101213,Pedro Obiang,Midfield,Central Midfield,Equatorial Guinea,27/3/92,25/8/20,5500000,10,28,0.752130132,344
244338,Pelly Ruddock Mpanzu,Midfield,Defensive Midfield,DR Congo,22/3/94,13/5/22,1800000,10,28,0.752130132,493
60394,Philipp Klement,Midfield,Attacking Midfield,Germany,9/9/92,10/2/21,1500000,8,28,0.752130132,516
80444,Philippe Coutinho,Midfield,Attacking Midfield,Brazil,12/6/92,8/10/20,60000000,13,28,0.752130132,39
128229,Robbie Brady,Midfield,Left Midfield,Ireland,14/1/92,13/10/20,4800000,8,28,0.752130132,363
357565,Rodri,Midfield,Defensive Midfield,Spain,22/6/96,18/7/24,130000000,13,28,0.752130132,6
113036,Romaine Sawyers,Midfield,Attacking Midfield,St. Kitts & Nevis,2/11/91,13/10/20,3200000,7,28,0.752130132,416
207877,Ruslan Malinovskyi,Midfield,Central Midfield,Ukraine,4/5/93,27/5/21,30000000,10,28,0.752130132,112
188077,Ryan Christie,Midfield,Central Midfield,Scotland,22/2/95,19/12/23,12000000,11,28,0.752130132,243
270411,Saîf-Eddine Khaoui,Midfield,Attacking Midfield,Tunisia,27/4/95,27/6/23,2000000,7,28,0.752130132,476
163582,Salvatore Molina,Midfield,Right Midfield,Italy,1/1/92,29/12/20,1300000,8,28,0.752130132,526
125783,Sanjin Prcic,Midfield,Central Midfield,Bosnia-Herzegovina,20/11/93,30/5/22,4000000,9,28,0.752130132,389
315969,Scott McTominay,Midfield,Central Midfield,Scotland,8/12/96,17/6/25,50000000,14,28,0.752130132,56
182893,Seko Fofana,Midfield,Central Midfield,Cote d'Ivoire,7/5/95,27/6/23,32000000,14,28,0.752130132,100
85370,Sergi Roberto,Midfield,Central Midfield,Spain,7/2/92,23/11/20,25000000,15,28,0.752130132,131
138935,Sergio Álvarez,Midfield,Central Midfield,Spain,23/1/92,8/10/20,1600000,7,28,0.752130132,502
112465,Sérgio Oliveira,Midfield,Central Midfield,Portugal,2/6/92,1/6/21,19000000,16,28,0.752130132,167
130360,Simone Verdi,Midfield,Attacking Midfield,Italy,12/7/92,25/8/20,13000000,14,28,0.752130132,231
192735,Stanislav Lobotka,Midfield,Defensive Midfield,Slovakia,25/11/94,15/6/23,40000000,16,28,0.752130132,78
127156,Téji Savanier,Midfield,Attacking Midfield,France,22/12/91,15/10/20,12000000,8,28,0.752130132,243
135617,Thiago Mendes,Midfield,Defensive Midfield,Brazil,15/3/92,7/1/21,18000000,10,28,0.752130132,178
332889,Valentin Rongier,Midfield,Central Midfield,France,7/12/94,27/6/23,22000000,17,28,0.752130132,150
280387,Vincent Sierro,Midfield,Central Midfield,Switzerland,8/10/95,3/6/24,4000000,11,28,0.752130132,389
255731,Wes Burns,Midfield,Right Midfield,Wales,23/11/94,9/6/23,1200000,3,28,0.752130132,534
100131,William Carvalho,Midfield,Defensive Midfield,Portugal,7/4/92,8/10/20,20000000,12,28,0.752130132,162
290533,Yann Bodiger,Midfield,Central Midfield,France,9/2/95,14/6/23,1600000,9,28,0.752130132,502
442703,Ylber Ramadani,Midfield,Defensive Midfield,Albania,12/4/96,5/6/24,4000000,13,28,0.752130132,389
50057,Aaron Ramsey,Midfield,Central Midfield,Wales,26/12/90,25/8/20,22000000,8,29,0.828040279,151
121257,Adam Forshaw,Midfield,Central Midfield,England,8/10/91,13/10/20,3200000,7,29,0.828040279,417
126422,Allan,Midfield,Defensive Midfield,Brazil,8/1/91,25/8/20,28000000,10,29,0.828040279,119
282694,Augusto Solari,Midfield,Right Midfield,Argentina,3/1/92,19/3/21,4000000,6,29,0.828040279,390
67808,Borja García,Midfield,Attacking Midfield,Spain,2/11/90,8/10/20,2000000,9,29,0.828040279,477
148367,Christian Nørgaard,Midfield,Defensive Midfield,Denmark,10/3/94,19/12/23,20000000,11,29,0.828040279,163
82097,Christoph Kramer,Midfield,Defensive Midfield,Germany,19/2/91,10/2/21,8000000,9,29,0.828040279,291
72479,Clément Grenier,Midfield,Central Midfield,,7/1/91,15/10/20,4200000,7,29,0.828040279,378
61653,Conor Hourihane,Midfield,Central Midfield,Ireland,2/2/91,13/10/20,6000000,7,29,0.828040279,333
279570,Daler Kuzyaev,Midfield,Central Midfield,Russia,15/1/93,21/11/22,10000000,10,29,0.828040279,264
140757,Daniel Bessa,Midfield,Central Midfield,Italy,14/1/93,15/12/22,3000000,7,29,0.828040279,432
70411,Darko Lazović,Midfield,Left Midfield,Serbia,15/9/90,25/8/20,5000000,9,29,0.828040279,358
79027,Davy Pröpper,Midfield,Central Midfield,Netherlands,2/9/91,13/10/20,10000000,8,29,0.828040279,264
82070,Diego Demme,Midfield,Defensive Midfield,Germany,21/11/91,3/6/21,16000000,12,29,0.828040279,196
94148,Fabian Schnellhardt,Midfield,Central Midfield,Germany,12/1/94,28/6/23,1000000,10,29,0.828040279,552
202278,Flavien Tait,Midfield,Central Midfield,France,2/2/93,2/11/22,9000000,17,29,0.828040279,277
74869,Francis Coquelin,Midfield,Defensive Midfield,France,13/5/91,23/7/20,14000000,13,29,0.828040279,220
74297,Gaël Kakuta,Midfield,Attacking Midfield,DR Congo,21/6/91,7/1/21,8000000,9,29,0.828040279,291
123742,Gastón Ramírez,Midfield,Attacking Midfield,Uruguay,2/12/90,25/8/20,6000000,9,29,0.828040279,333
127189,Geoffrey Kondogbia,Midfield,Defensive Midfield,Central African Republic,15/2/93,3/6/22,20000000,13,29,0.828040279,163
49499,Georginio Wijnaldum,Midfield,Central Midfield,Netherlands,11/11/90,13/10/20,40000000,10,29,0.828040279,79
53622,İlkay Gündoğan,Midfield,Central Midfield,Germany,24/10/90,13/10/20,40000000,14,29,0.828040279,79
45333,James McCarthy,Midfield,Central Midfield,Ireland,12/11/90,13/10/20,4500000,11,29,0.828040279,374
88103,James Rodríguez,Midfield,Attacking Midfield,Colombia,12/7/91,13/10/20,35000000,8,29,0.828040279,92
282421,Javi Muñoz,Midfield,Central Midfield,Spain,28/2/95,7/6/24,3000000,13,29,0.828040279,432
178614,Jean Michaël Seri,Midfield,Defensive Midfield,Cote d'Ivoire,19/7/91,4/8/20,9000000,9,29,0.828040279,277
222855,Jesper Karlström,Midfield,Defensive Midfield,Sweden,21/6/95,17/6/25,4000000,16,29,0.828040279,390
118284,Jordan Ferri,Midfield,Central Midfield,France,12/3/92,8/10/21,5000000,14,29,0.828040279,358
201861,Juan Carlos Real,Midfield,Attacking Midfield,Spain,15/3/91,8/10/20,1000000,7,29,0.828040279,552
88755,Kevin De Bruyne,Midfield,Attacking Midfield,Belgium,28/6/91,13/10/20,120000000,13,29,0.828040279,9
53418,Kevin Kampl,Midfield,Central Midfield,Slovenia,9/10/90,16/9/20,14000000,9,29,0.828040279,220
238626,Laurent Abergel,Midfield,Defensive Midfield,France,1/2/93,30/5/22,3000000,11,29,0.828040279,432
74300,Luka Milivojevic,Midfield,Defensive Midfield,Serbia,7/4/91,13/10/20,16000000,11,29,0.828040279,196
82863,Lukas Rupp,Midfield,Central Midfield,Germany,8/1/91,15/10/20,2000000,10,29,0.828040279,477
152317,Manuel Prietl,Midfield,Defensive Midfield,Austria,3/8/91,9/6/21,1800000,9,29,0.828040279,494
133179,Marten de Roon,Midfield,Defensive Midfield,Netherlands,29/3/91,25/8/20,23000000,9,29,0.828040279,139
138171,Mathias Autret,Midfield,Attacking Midfield,,1/3/91,11/11/20,1800000,7,29,0.828040279,494
143812,Matías Vecino,Midfield,Central Midfield,Uruguay,24/8/91,25/8/20,16000000,11,29,0.828040279,196
131731,Mehdi Bourabia,Midfield,Central Midfield,Morocco,7/8/91,25/8/20,3000000,11,29,0.828040279,432
160438,Mohamed Elneny,Midfield,Defensive Midfield,Egypt,11/7/92,15/6/22,11000000,10,29,0.828040279,251
225083,N'Golo Kanté,Midfield,Defensive Midfield,France,29/3/91,13/10/20,70000000,10,29,0.828040279,31
245537,Nabil Bentaleb,Midfield,Defensive Midfield,Algeria,24/11/94,3/6/24,10000000,12,29,0.828040279,264
73547,Oliver Norwood,Midfield,Central Midfield,Northern Ireland,12/4/91,30/7/20,9000000,11,29,0.828040279,277
66100,Oriol Romeu,Midfield,Defensive Midfield,Spain,24/9/91,13/10/20,8000000,11,29,0.828040279,291
259953,Rade Krunic,Midfield,Defensive Midfield,Bosnia-Herzegovina,7/10/93,15/6/23,10000000,10,29,0.828040279,264
124410,Rani Khedira,Midfield,Defensive Midfield,Tunisia,27/1/94,22/6/23,10000000,10,29,0.828040279,264
150948,Recio,Midfield,Central Midfield,Spain,11/1/91,8/10/20,2000000,9,29,0.828040279,477
148252,Remo Freuler,Midfield,Central Midfield,Switzerland,15/4/92,25/5/21,25000000,14,29,0.828040279,132
159088,Robert Andrich,Midfield,Defensive Midfield,Germany,22/9/94,29/5/24,17000000,12,29,0.828040279,188
112302,Roberto Pereyra,Midfield,Central Midfield,Argentina,7/1/91,29/12/20,10000000,13,29,0.828040279,264
63186,Roberto Soriano,Midfield,Attacking Midfield,Italy,8/2/91,29/12/20,10000000,8,29,0.828040279,264
89297,Rodrigo Battaglia,Midfield,Defensive Midfield,Argentina,12/7/91,17/8/20,4500000,10,29,0.828040279,374
247250,Rubén Alcaraz,Midfield,Central Midfield,Spain,1/5/91,8/10/20,8000000,10,29,0.828040279,291
123551,Sam Morsy,Midfield,Central Midfield,Egypt,10/9/91,15/10/20,1500000,10,29,0.828040279,517
131506,Samu Saiz,Midfield,Attacking Midfield,Spain,22/1/91,8/10/20,1600000,16,29,0.828040279,503
44466,Sebastian Rode,Midfield,Central Midfield,Germany,11/10/90,8/7/20,5000000,9,29,0.828040279,358
142021,Sergi Darder,Midfield,Central Midfield,Spain,22/12/93,23/3/23,16000000,16,29,0.828040279,196
66106,Sergio Canales,Midfield,Attacking Midfield,Spain,16/2/91,8/10/20,20000000,8,29,0.828040279,163
394694,Sergio Ruiz,Midfield,Central Midfield,Spain,16/12/94,21/3/24,2000000,11,29,0.828040279,477
232271,Sofiane Boufal,Midfield,Attacking Midfield,Morocco,17/9/93,23/12/22,10000000,12,29,0.828040279,264
130765,Stuart Armstrong,Midfield,Central Midfield,Scotland,30/3/92,28/5/21,8000000,8,29,0.828040279,291
60444,Thiago Alcántara,Midfield,Central Midfield,Spain,11/4/91,13/10/20,48000000,11,29,0.828040279,58
91849,Thomas Delaney,Midfield,Central Midfield,Denmark,3/9/91,10/2/21,17500000,11,29,0.828040279,182
127182,Thomas Monconduit,Midfield,Defensive Midfield,France,10/2/91,15/10/20,2000000,7,29,0.828040279,477
123275,Tom Cairney,Midfield,Central Midfield,Scotland,20/1/91,13/10/20,9000000,12,29,0.828040279,277
260166,Ui-jo Hwang,Midfield,Attacking Midfield,"Korea, South",28/8/92,23/3/22,7000000,11,29,0.828040279,315
179643,Vladimír Darida,Midfield,Central Midfield,Czech Republic,8/8/90,8/7/20,5500000,13,29,0.828040279,345
118278,Xavier Chavalerin,Midfield,Central Midfield,France,7/3/91,15/10/20,4500000,8,29,0.828040279,374
86792,Xherdan Shaqiri,Midfield,Attacking Midfield,Switzerland,10/10/91,13/10/20,16000000,9,29,0.828040279,196
85352,Yunus Mallı,Midfield,Attacking Midfield,Türkiye,24/2/92,16/3/21,2200000,13,29,0.828040279,462
66005,Amir Abrashi,Midfield,Defensive Midfield,Albania,27/3/90,16/9/20,1000000,7,30,0.882261813,553
44834,Andrea Poli,Midfield,Central Midfield,Italy,29/9/89,25/8/20,2400000,11,30,0.882261813,455
98888,Artur Ioniță,Midfield,Central Midfield,Moldova,17/8/90,25/8/20,2500000,7,30,0.882261813,451
91317,Ashley Westwood,Midfield,Defensive Midfield,England,1/4/90,13/10/20,5500000,8,30,0.882261813,346
59344,Asier Illarramendi,Midfield,Defensive Midfield,Spain,8/3/90,8/10/20,12000000,9,30,0.882261813,244
84301,Benjamin André,Midfield,Defensive Midfield,France,3/8/90,9/4/21,15000000,12,30,0.882261813,209
127160,Benjamin Stambouli,Midfield,Defensive Midfield,France,13/8/90,16/9/20,8000000,14,30,0.882261813,292
159098,Brecht Dejaegere,Midfield,Central Midfield,Belgium,29/5/91,25/6/21,2200000,7,30,0.882261813,463
226261,César de la Hoz,Midfield,Defensive Midfield,Spain,30/3/92,7/11/22,1200000,13,30,0.882261813,535
66934,Cheikhou Kouyaté,Midfield,Defensive Midfield,Senegal,21/12/89,13/10/20,8000000,9,30,0.882261813,292
59950,Damien Le Tallec,Midfield,Defensive Midfield,France,19/4/90,15/10/20,3200000,8,30,0.882261813,418
44983,Dan Gosling,Midfield,Central Midfield,England,1/2/90,15/10/20,2000000,8,30,0.882261813,478
178425,Dani García,Midfield,Defensive Midfield,Spain,24/5/90,8/10/20,4000000,12,30,0.882261813,391
57995,Daniel Didavi,Midfield,Attacking Midfield,Germany,21/2/90,10/2/21,1800000,7,30,0.882261813,495
39025,Danny Latza,Midfield,Central Midfield,Germany,7/12/89,16/9/20,2000000,9,30,0.882261813,478
158795,David Timor,Midfield,Defensive Midfield,Spain,17/10/89,8/10/20,1500000,8,30,0.882261813,518
53400,Dominick Drexler,Midfield,Attacking Midfield,Germany,26/5/90,16/9/20,2200000,8,30,0.882261813,463
50362,Fabian Delph,Midfield,Central Midfield,England,21/11/89,30/7/20,10000000,7,30,0.882261813,265
106270,Florian Kainz,Midfield,Attacking Midfield,Austria,24/10/92,22/6/23,5000000,11,30,0.882261813,359
212804,Florian Tardieu,Midfield,Central Midfield,France,22/4/92,30/5/22,3000000,13,30,0.882261813,433
42920,Fran Mérida,Midfield,Central Midfield,Spain,4/3/90,8/10/20,1000000,7,30,0.882261813,553
111828,Fransérgio,Midfield,Central Midfield,Brazil,18/10/90,28/1/21,5000000,9,30,0.882261813,359
79377,Genki Haraguchi,Midfield,Attacking Midfield,Japan,9/5/91,22/12/21,3000000,9,30,0.882261813,433
90466,Gylfi Sigurdsson,Midfield,Attacking Midfield,Iceland,8/9/89,30/7/20,18000000,8,30,0.882261813,179
126414,Hakan Çalhanoğlu,Midfield,Defensive Midfield,Türkiye,8/2/94,5/6/24,45000000,14,30,0.882261813,65
122043,Héctor Herrera,Midfield,Central Midfield,Mexico,19/4/90,8/10/20,10000000,8,30,0.882261813,265
89731,Iñigo Eguaras,Midfield,Defensive Midfield,Spain,7/3/92,7/11/22,1200000,9,30,0.882261813,535
126751,Iñigo Ruiz de Galarreta,Midfield,Central Midfield,Spain,6/8/93,22/12/23,5000000,12,30,0.882261813,359
90451,Iván Marcone,Midfield,Defensive Midfield,Argentina,3/6/90,8/10/20,4000000,7,30,0.882261813,391
61644,Jack Colback,Midfield,Defensive Midfield,England,24/10/89,15/10/20,1800000,8,30,0.882261813,495
314398,Jae-sung Lee,Midfield,Attacking Midfield,"Korea, South",10/8/92,29/3/23,4000000,13,30,0.882261813,391
61832,Jake Livermore,Midfield,Defensive Midfield,England,14/11/89,13/10/20,5500000,8,30,0.882261813,346
127142,Jonas Martin,Midfield,Defensive Midfield,France,9/4/90,15/10/20,3000000,11,30,0.882261813,433
184129,Jordan Clark,Midfield,Central Midfield,England,22/9/93,19/12/23,1000000,9,30,0.882261813,553
61651,Jordan Henderson,Midfield,Defensive Midfield,England,17/6/90,13/10/20,28000000,14,30,0.882261813,120
93704,Josuha Guilavogui,Midfield,Defensive Midfield,France,19/9/90,10/2/21,7000000,8,30,0.882261813,316
68864,Kevin Strootman,Midfield,Central Midfield,Netherlands,13/2/90,15/10/20,6000000,9,30,0.882261813,334
188854,Manu Trigueros,Midfield,Central Midfield,Spain,17/10/91,3/6/22,14000000,12,30,0.882261813,221
61560,Marc Albrighton,Midfield,Right Midfield,,18/11/89,13/10/20,5000000,7,30,0.882261813,359
74842,Mario Götze,Midfield,Attacking Midfield,Germany,3/6/92,9/11/22,13000000,12,30,0.882261813,232
92738,Mateusz Klich,Midfield,Defensive Midfield,Poland,13/6/90,31/5/21,4000000,8,30,0.882261813,391
149518,Michaël Barreto,Midfield,Attacking Midfield,France,18/1/91,25/6/21,1000000,7,30,0.882261813,553
300168,Mikel Vesga,Midfield,Defensive Midfield,Spain,8/4/93,13/6/23,6000000,9,30,0.882261813,334
44162,Miralem Pjanić,Midfield,Central Midfield,Bosnia-Herzegovina,2/4/90,8/10/20,50000000,16,30,0.882261813,57
56818,Morgan Schneiderlin,Midfield,Defensive Midfield,France,8/11/89,15/10/20,10000000,10,30,0.882261813,265
55099,Nicolas Höfler,Midfield,Defensive Midfield,Germany,9/3/90,10/2/21,3000000,11,30,0.882261813,433
85393,Nicolas Viola,Midfield,Attacking Midfield,Italy,12/10/89,21/8/20,2100000,13,30,0.882261813,464
377393,Pierre Lees-Melou,Midfield,Defensive Midfield,France,25/5/93,19/3/24,10000000,13,30,0.882261813,265
113707,Rémy Cabella,Midfield,Attacking Midfield,France,8/3/90,29/12/20,11000000,12,30,0.882261813,252
88909,Riccardo Saponara,Midfield,Attacking Midfield,Italy,21/12/91,28/12/21,3000000,10,30,0.882261813,433
77826,Ryad Boudebouz,Midfield,Attacking Midfield,Algeria,19/2/90,15/10/20,2500000,7,30,0.882261813,451
57051,Sebastian Rudy,Midfield,Defensive Midfield,Germany,28/2/90,16/9/20,4500000,7,30,0.882261813,375
409153,Teddy Teuma,Midfield,Central Midfield,Malta,30/9/93,18/12/23,7000000,15,30,0.882261813,316
57845,Tobias Strobl,Midfield,Defensive Midfield,Germany,12/5/90,10/2/21,3000000,6,30,0.882261813,433
53536,Tolgay Arslan,Midfield,Attacking Midfield,Germany,16/8/90,23/3/21,3000000,8,30,0.882261813,433
31909,Toni Kroos,Midfield,Central Midfield,Germany,4/1/90,8/10/20,50000000,12,30,0.882261813,57
126683,Tristan Dingomé,Midfield,Central Midfield,Cameroon,17/2/91,16/12/21,1800000,8,30,0.882261813,495
126687,Valentin Eysseric,Midfield,Attacking Midfield,France,25/3/92,1/6/22,1700000,15,30,0.882261813,499
126699,Vincent Pajot,Midfield,Defensive Midfield,France,19/8/90,15/10/20,1500000,6,30,0.882261813,518
123261,Vlad Chiricheș,Midfield,Defensive Midfield,Romania,14/11/89,25/8/20,5000000,7,30,0.882261813,359
146310,Wataru Endo,Midfield,Defensive Midfield,Japan,9/2/93,9/10/23,13000000,14,30,0.882261813,232
60573,Yann M'Vila,Midfield,Defensive Midfield,France,29/6/90,12/10/20,5000000,7,30,0.882261813,359
56810,Adrien Silva,Midfield,Central Midfield,Portugal,15/3/89,13/10/20,6000000,10,31,0.9302866,335
49275,Albin Ekdal,Midfield,Defensive Midfield,Sweden,28/7/89,25/8/20,3200000,7,31,0.9302866,419
99343,Ander Herrera,Midfield,Central Midfield,Spain,14/8/89,15/10/20,15000000,10,31,0.9302866,210
35047,Axel Witsel,Midfield,Defensive Midfield,Belgium,12/1/89,16/9/20,17000000,14,31,0.9302866,189
229853,Birama Touré,Midfield,Defensive Midfield,Mali,6/6/92,27/6/23,1800000,12,31,0.9302866,496
89701,Charles Aránguiz,Midfield,Central Midfield,Chile,17/4/89,10/2/21,9000000,6,31,0.9302866,278
49755,Dale Stephens,Midfield,Central Midfield,England,12/6/89,13/10/20,4800000,6,31,0.9302866,364
59561,Dani Parejo,Midfield,Central Midfield,Spain,16/4/89,23/7/20,20000000,13,31,0.9302866,164
63463,Daniel Wass,Midfield,Central Midfield,Denmark,31/5/89,8/10/20,7500000,12,31,0.9302866,303
76163,Franco Vázquez,Midfield,Attacking Midfield,Argentina,22/2/89,8/10/20,6000000,8,31,0.9302866,335
57280,Giacomo Bonaventura,Midfield,Attacking Midfield,Italy,22/8/89,25/8/20,7000000,9,31,0.9302866,317
55735,Henrikh Mkhitaryan,Midfield,Central Midfield,Armenia,21/1/89,25/8/20,20000000,12,31,0.9302866,164
126665,Idrissa Gueye,Midfield,Defensive Midfield,Senegal,26/9/89,15/10/20,24000000,13,31,0.9302866,138
46105,Ivan Radovanovic,Midfield,Defensive Midfield,Serbia,29/8/88,25/8/20,1900000,8,31,0.9302866,484
40613,Jack Cork,Midfield,Defensive Midfield,England,25/6/89,13/10/20,8000000,9,31,0.9302866,293
85825,Jasmin Kurtic,Midfield,Central Midfield,Slovenia,10/1/89,25/8/20,3500000,8,31,0.9302866,409
306191,Jason Berthomier,Midfield,Attacking Midfield,France,6/1/90,16/12/21,1200000,9,31,0.9302866,536
55215,Javier Pastore,Midfield,Attacking Midfield,Argentina,20/6/89,25/8/20,5000000,10,31,0.9302866,360
153238,Jonathan Viera,Midfield,Attacking Midfield,Spain,21/10/89,26/12/20,3800000,10,31,0.9302866,398
63531,Kwadwo Asamoah,Midfield,Left Midfield,Ghana,9/12/88,25/8/20,4000000,5,31,0.9302866,392
57372,Lucas Deaux,Midfield,Defensive Midfield,France,26/12/88,15/10/20,2000000,8,31,0.9302866,479
55510,Marco Höger,Midfield,Defensive Midfield,Germany,16/9/89,16/9/20,1000000,9,31,0.9302866,554
35207,Marco Reus,Midfield,Attacking Midfield,Germany,31/5/89,8/7/20,25000000,9,31,0.9302866,133
92469,Matt Ritchie,Midfield,Right Midfield,Scotland,10/9/89,13/10/20,9500000,9,31,0.9302866,269
60542,Maxime Gonalons,Midfield,Defensive Midfield,France,10/3/89,8/10/20,4000000,10,31,0.9302866,392
40633,Milan Badelj,Midfield,Defensive Midfield,Croatia,25/2/89,25/8/20,2000000,11,31,0.9302866,479
46001,Moussa Sissoko,Midfield,Central Midfield,France,16/8/89,13/10/20,18000000,11,31,0.9302866,180
82873,Pascal Groß,Midfield,Central Midfield,Germany,15/6/91,15/9/22,8000000,12,31,0.9302866,293
93726,Paul Lasne,Midfield,Defensive Midfield,France,16/1/89,15/10/20,1700000,8,31,0.9302866,500
63056,Roberto Torres,Midfield,Attacking Midfield,Spain,7/3/89,23/7/20,8000000,9,31,0.9302866,293
137841,Romain Amalfitano,Midfield,Central Midfield,France,27/8/89,15/10/20,1500000,7,31,0.9302866,519
202984,Roque Mesa,Midfield,Central Midfield,Spain,7/6/89,8/10/20,4000000,8,31,0.9302866,392
40074,Stefan Ilsanker,Midfield,Defensive Midfield,Austria,18/5/89,16/9/20,2000000,8,31,0.9302866,479
73734,Steven Nzonzi,Midfield,Defensive Midfield,France,15/12/88,12/10/20,12000000,11,31,0.9302866,245
94199,Tolga Cigerci,Midfield,Defensive Midfield,Türkiye,23/3/92,29/3/23,1500000,19,31,0.9302866,519
73484,Tom Cleverley,Midfield,Central Midfield,England,12/8/89,15/10/20,3800000,8,31,0.9302866,398
167472,Youssouf M'Changama,Midfield,Central Midfield,Comoros,29/8/90,2/6/22,1500000,7,31,0.9302866,519
43530,Adam Lallana,Midfield,Attacking Midfield,England,10/5/88,13/10/20,8000000,11,32,0.958946553,294
59551,Ángel Montoro,Midfield,Central Midfield,Spain,25/6/88,8/10/20,1200000,8,32,0.958946553,537
139435,Dani Rodríguez,Midfield,Attacking Midfield,Spain,6/6/88,8/10/20,1200000,11,32,0.958946553,537
314940,Dimitri Liénard,Midfield,Left Midfield,France,13/2/88,15/10/20,1500000,7,32,0.958946553,520
63494,Étienne Capoue,Midfield,Defensive Midfield,France,11/7/88,15/10/20,4000000,11,32,0.958946553,393
32467,Ivan Rakitic,Midfield,Central Midfield,Croatia,10/3/88,8/10/20,10000000,9,32,0.958946553,266
44017,Javi Martínez,Midfield,Defensive Midfield,Spain,2/9/88,16/9/20,10000000,9,32,0.958946553,266
80351,Josip Ilicic,Midfield,Attacking Midfield,Slovenia,29/1/88,25/8/20,17500000,10,32,0.958946553,183
91970,Juan Cuadrado,Midfield,Right Midfield,Colombia,26/5/88,29/12/20,18000000,12,32,0.958946553,181
44068,Juan Mata,Midfield,Attacking Midfield,Spain,28/4/88,13/10/20,7500000,8,32,0.958946553,304
34787,Julian Baumgartlinger,Midfield,Defensive Midfield,,2/1/88,16/9/20,2000000,8,32,0.958946553,480
48298,Lars Stindl,Midfield,Attacking Midfield,Germany,26/8/88,10/2/21,6000000,7,32,0.958946553,336
51736,Marco Mancosu,Midfield,Attacking Midfield,Italy,22/8/88,25/8/20,3000000,9,32,0.958946553,434
65331,Míchel Herrero,Midfield,Central Midfield,Spain,29/7/88,8/10/20,1500000,9,32,0.958946553,520
74683,Nemanja Matić,Midfield,Defensive Midfield,Serbia,1/8/88,13/10/20,16000000,10,32,0.958946553,197
41982,Radja Nainggolan,Midfield,Central Midfield,,4/5/88,25/8/20,15000000,10,32,0.958946553,211
255220,Romain Philippoteaux,Midfield,Right Midfield,France,2/3/88,15/10/20,1000000,6,32,0.958946553,555
65230,Sergio Busquets,Midfield,Defensive Midfield,Spain,16/7/88,8/10/20,15000000,8,32,0.958946553,211
139895,Tomás Pina,Midfield,Central Midfield,Spain,14/10/87,8/10/20,1500000,7,32,0.958946553,520
75942,Tomás Rincón,Midfield,Defensive Midfield,Venezuela,13/1/88,25/8/20,4500000,7,32,0.958946553,376
65467,Vicente Iborra,Midfield,Defensive Midfield,Spain,16/1/88,8/10/20,4000000,11,32,0.958946553,393
25488,Antonio Candreva,Midfield,Right Midfield,Italy,28/2/87,25/8/20,5000000,9,33,0.975213013,361
37666,Arturo Vidal,Midfield,Central Midfield,Chile,22/5/87,29/10/20,10000000,10,33,0.975213013,267
8806,Cesc Fàbregas,Midfield,Central Midfield,Spain,4/5/87,12/10/20,6500000,7,33,0.975213013,323
37647,Dimitri Payet,Midfield,Attacking Midfield,France,29/3/87,15/10/20,8500000,9,33,0.975213013,282
56794,Fabien Lemoine,Midfield,Defensive Midfield,France,16/3/87,15/10/20,1000000,6,33,0.975213013,556
51174,Fernando,Midfield,Defensive Midfield,Brazil,25/7/87,8/10/20,4000000,11,33,0.975213013,394
60889,Gary Medel,Midfield,Defensive Midfield,Chile,3/8/87,25/8/20,2000000,7,33,0.975213013,481
28947,Gonzalo Castro,Midfield,Central Midfield,Germany,11/6/87,10/2/21,1400000,4,33,0.975213013,523
18900,Hatem Ben Arfa,Midfield,Attacking Midfield,France,7/3/87,7/1/21,5000000,8,33,0.975213013,361
41416,James McArthur,Midfield,Central Midfield,Scotland,7/10/87,13/10/20,5000000,9,33,0.975213013,361
74943,Juraj Kucka,Midfield,Central Midfield,Slovakia,26/2/87,25/8/20,4000000,7,33,0.975213013,394
16922,Kevin-Prince Boateng,Midfield,Attacking Midfield,Ghana,6/3/87,4/8/20,3000000,8,33,0.975213013,435
41414,Lucas Leiva,Midfield,Defensive Midfield,Brazil,9/1/87,25/8/20,6000000,7,33,0.975213013,337
31835,Mark Noble,Midfield,Central Midfield,England,8/5/87,13/10/20,4500000,5,33,0.975213013,377
30321,Óscar Trejo,Midfield,Attacking Midfield,Argentina,26/4/88,30/12/21,3000000,12,33,0.975213013,435
56762,Pasquale Schiattarella,Midfield,Defensive Midfield,Italy,30/5/87,29/12/20,1000000,7,33,0.975213013,556
214532,Pierrick Capelle,Midfield,Central Midfield,France,15/4/87,15/10/20,1600000,6,33,0.975213013,504
29401,Sami Khedira,Midfield,Central Midfield,Germany,4/4/87,25/8/20,4000000,3,33,0.975213013,394
18934,Thomas Mangani,Midfield,Central Midfield,France,29/4/87,15/10/20,1600000,7,33,0.975213013,504
20506,Andrés Guardado,Midfield,Central Midfield,Mexico,28/9/86,8/10/20,2000000,10,34,0.989930287,482
35518,David Silva,Midfield,Attacking Midfield,Spain,8/1/86,8/10/20,5000000,7,34,0.989930287,362
3333,James Milner,Midfield,Central Midfield,England,4/1/86,13/10/20,5000000,11,34,0.989930287,362
15956,Jesús Navas,Midfield,Right Midfield,Spain,21/11/85,8/10/20,3000000,10,34,0.989930287,436
29364,João Moutinho,Midfield,Central Midfield,Portugal,8/9/86,13/10/20,5000000,11,34,0.989930287,362
43848,Miguel Veloso,Midfield,Defensive Midfield,Portugal,11/5/86,25/8/20,1000000,7,34,0.989930287,557
39907,Pape Diop,Midfield,Defensive Midfield,Senegal,19/3/86,8/10/20,1000000,9,34,0.989930287,557
61449,Senad Lulic,Midfield,Left Midfield,Bosnia-Herzegovina,18/1/86,25/8/20,2500000,3,34,0.989930287,452
40372,Borja Valero,Midfield,Central Midfield,Spain,12/1/85,25/8/20,1200000,3,35,0.996127033,538
26267,Fernandinho,Midfield,Defensive Midfield,Brazil,4/5/85,13/10/20,4000000,9,35,0.996127033,395
27992,Luka Modrić,Midfield,Central Midfield,Croatia,9/9/85,8/10/20,10000000,12,35,0.996127033,268
84545,Marco Parolo,Midfield,Central Midfield,Italy,25/1/85,25/8/20,1600000,3,35,0.996127033,505
46220,Pablo Hernández,Midfield,Attacking Midfield,Spain,11/4/85,13/10/20,1200000,8,35,0.996127033,538
58799,Salva Sevilla,Midfield,Central Midfield,Spain,18/3/84,23/7/20,1000000,10,36,1,558