player_id,player_name,position,sub_position,country_of_citizenship,age_at_season_end,previous_season_label,current_season_label,previous_clubs,current_clubs,previous_minutes_played,current_minutes_played,minutes_change,previous_goal_contributions_per_90,current_goal_contributions_per_90,goal_contributions_per_90_change,previous_ending_market_value_eur,current_ending_market_value_eur,market_value_change_eur,market_value_percentage_change,value_and_performance_growth_rank
487969,Randal Kolo Muani,Attack,Centre-Forward,France,24,2021-22,2022-23,FC Nantes,Eintracht Frankfurt,2958,2647,-311,0.517,0.986,0.469,16000000,80000000,64000000,400,1
581678,Jude Bellingham,Midfield,Attacking Midfield,England,21,2022-23,2023-24,Borussia Dortmund,Real Madrid,2692,2324,-368,0.435,0.968,0.533,120000000,180000000,60000000,50,2
914562,Désiré Doué,Attack,Right Winger,France,20,2023-24,2024-25,Stade Rennais FC,Paris Saint-Germain,1624,1732,108,0.499,0.727,0.228,30000000,90000000,60000000,200,3
401923,Victor Osimhen,Attack,Centre-Forward,Nigeria,24,2021-22,2022-23,SSC Napoli,SSC Napoli,1993,2581,588,0.858,1.081,0.223,65000000,120000000,55000000,84.62,4
433177,Bukayo Saka,Attack,Right Winger,England,21,2021-22,2022-23,Arsenal FC,Arsenal FC,2994,3194,200,0.541,0.704,0.163,65000000,120000000,55000000,84.62,5
445939,Omar Marmoush,Attack,Centre-Forward,Egypt,26,2023-24,2024-25,Eintracht Frankfurt,"Eintracht Frankfurt, Manchester City",2313,2639,326,0.7,1.16,0.46,22000000,75000000,53000000,240.91,6
534033,Alexis Mac Allister,Midfield,Central Midfield,Argentina,24,2021-22,2022-23,Brighton & Hove Albion,Brighton & Hove Albion,2115,2886,771,0.298,0.374,0.076,16000000,65000000,49000000,306.25,7
580195,Jamal Musiala,Midfield,Attacking Midfield,Germany,20,2021-22,2022-23,Bayern Munich,Bayern Munich,1456,2211,755,0.618,1.018,0.4,65000000,110000000,45000000,69.23,8
316264,Martin Ødegaard,Midfield,Attacking Midfield,Norway,24,2021-22,2022-23,Arsenal FC,Arsenal FC,2793,3150,357,0.354,0.657,0.303,45000000,90000000,45000000,100,9
598577,Florian Wirtz,Midfield,Attacking Midfield,Germany,21,2022-23,2023-24,Bayer 04 Leverkusen,Bayer 04 Leverkusen,1091,2384,1293,0.577,0.868,0.291,85000000,130000000,45000000,52.94,10
357498,Dušan Vlahović,Attack,Centre-Forward,Serbia,22,2020-21,2021-22,ACF Fiorentina,"ACF Fiorentina, Juventus FC",2932,2940,8,0.706,0.888,0.182,40000000,85000000,45000000,112.5,11
357164,Rafael Leão,Attack,Left Winger,Portugal,23,2020-21,2021-22,AC Milan,AC Milan,1932,2621,689,0.559,0.721,0.162,25000000,70000000,45000000,180,12
349066,Alexander Isak,Attack,Centre-Forward,Sweden,25,2023-24,2024-25,Newcastle United,Newcastle United,2266,2774,508,0.914,0.941,0.027,75000000,120000000,45000000,60,13
566723,Michael Olise,Attack,Right Winger,France,23,2023-24,2024-25,Crystal Palace,Bayern Munich,1278,2347,1069,1.127,1.15,0.023,55000000,100000000,45000000,81.82,14
349066,Alexander Isak,Attack,Centre-Forward,Sweden,23,2021-22,2022-23,Real Sociedad,"Newcastle United, Real Sociedad",2157,1680,-477,0.334,0.696,0.362,30000000,70000000,40000000,133.33,15
412363,Rodrygo,Attack,Right Winger,Brazil,22,2021-22,2022-23,Real Madrid,Real Madrid,1552,2381,829,0.522,0.68,0.158,60000000,100000000,40000000,66.67,16
581678,Jude Bellingham,Midfield,Attacking Midfield,England,20,2021-22,2022-23,Borussia Dortmund,Borussia Dortmund,2795,2692,-103,0.354,0.435,0.081,80000000,120000000,40000000,50,17
655488,Gabriel Martinelli,Attack,Left Winger,Brazil,22,2021-22,2022-23,Arsenal FC,Arsenal FC,1867,2805,938,0.578,0.642,0.064,40000000,80000000,40000000,100,18
406635,Phil Foden,Midfield,Attacking Midfield,England,24,2022-23,2023-24,Manchester City,Manchester City,1842,2871,1029,0.782,0.846,0.064,110000000,150000000,40000000,36.36,18
478573,Ryan Gravenberch,Midfield,Defensive Midfield,Netherlands,23,2023-24,2024-25,"Bayern Munich, Liverpool FC",Liverpool FC,1130,3169,2039,0.08,0.114,0.034,35000000,75000000,40000000,114.29,19
810092,Warren Zaïre-Emery,Midfield,Central Midfield,France,18,2022-23,2023-24,Paris Saint-Germain,Paris Saint-Germain,917,1962,1045,0.196,0.229,0.033,20000000,60000000,40000000,200,20
344381,Christopher Nkunku,Attack,Centre-Forward,France,24,2020-21,2021-22,RB Leipzig,RB Leipzig,1894,2733,839,0.618,1.153,0.535,43000000,80000000,37000000,86.05,21
486049,Jérémy Doku,Attack,Left Winger,Belgium,22,2022-23,2023-24,Stade Rennais FC,"Manchester City, Stade Rennais FC",1285,1705,420,0.56,0.739,0.179,28000000,65000000,37000000,132.14,22
495666,William Saliba,Defender,Centre-Back,France,22,2021-22,2022-23,Olympique Marseille,Arsenal FC,3240,2416,-824,0,0.112,0.112,30000000,65000000,35000000,116.67,23
485706,Amadou Onana,Midfield,Defensive Midfield,Belgium,21,2021-22,2022-23,LOSC Lille,Everton FC,1347,2496,1149,0.067,0.108,0.041,10000000,45000000,35000000,350,24
318528,Marcus Thuram,Attack,Centre-Forward,France,26,2022-23,2023-24,Borussia Mönchengladbach,Inter Milan,2518,2707,189,0.679,0.864,0.185,32000000,65000000,33000000,103.13,25
288230,Ousmane Dembélé,Attack,Centre-Forward,France,28,2023-24,2024-25,Paris Saint-Germain,Paris Saint-Germain,1509,1736,227,0.716,1.503,0.787,60000000,90000000,30000000,50,26
709187,Nico Williams,Attack,Left Winger,Spain,21,2022-23,2023-24,Athletic Bilbao,Athletic Bilbao,2676,2282,-394,0.37,0.749,0.379,30000000,60000000,30000000,100,27
371998,Vinicius Junior,Attack,Left Winger,Brazil,23,2022-23,2023-24,Real Madrid,Real Madrid,2833,1875,-958,0.635,1.008,0.373,150000000,180000000,30000000,20,28
369081,Federico Valverde,Midfield,Central Midfield,Uruguay,24,2021-22,2022-23,Real Madrid,Real Madrid,1833,2510,677,0.049,0.394,0.345,70000000,100000000,30000000,42.86,29
357662,Declan Rice,Midfield,Central Midfield,England,25,2022-23,2023-24,West Ham United,Arsenal FC,3272,3231,-41,0.165,0.446,0.281,90000000,120000000,30000000,33.33,30
357565,Rodri,Midfield,Defensive Midfield,Spain,28,2022-23,2023-24,Manchester City,Manchester City,2921,2938,17,0.246,0.521,0.275,90000000,120000000,30000000,33.33,31
937958,Lamine Yamal,Attack,Right Winger,Spain,17,2023-24,2024-25,FC Barcelona,FC Barcelona,2196,2864,668,0.492,0.754,0.262,90000000,120000000,30000000,33.33,32
460939,Tijjani Reijnders,Midfield,Central Midfield,Netherlands,26,2023-24,2024-25,AC Milan,AC Milan,2829,3132,303,0.223,0.431,0.208,30000000,60000000,30000000,100,33
775605,Pablo Barrios,Midfield,Central Midfield,Spain,22,2023-24,2024-25,Atlético de Madrid,Atlético de Madrid,1555,2337,782,0.058,0.193,0.135,25000000,55000000,30000000,120,34
576024,Julián Alvarez,Attack,Centre-Forward,Argentina,24,2022-23,2023-24,Manchester City,Manchester City,1454,2659,1205,0.619,0.677,0.058,60000000,90000000,30000000,50,35
447661,Douglas Luiz,Midfield,Central Midfield,Brazil,26,2022-23,2023-24,Aston Villa,Aston Villa,2932,3002,70,0.368,0.42,0.052,40000000,70000000,30000000,75,36
583255,Antoine Semenyo,Attack,Right Winger,Ghana,25,2023-24,2024-25,AFC Bournemouth,AFC Bournemouth,2113,3210,1097,0.426,0.477,0.051,10000000,40000000,30000000,300,37
418560,Erling Haaland,Attack,Centre-Forward,Norway,22,2021-22,2022-23,Borussia Dortmund,Manchester City,1915,2777,862,1.41,1.426,0.016,150000000,180000000,30000000,20,38
554903,Mateo Retegui,Attack,Centre-Forward,Italy,26,2023-24,2024-25,Genoa CFC,Atalanta BC,2224,2404,180,0.364,1.235,0.871,16000000,45000000,29000000,181.25,39
242086,Patrik Schick,Attack,Centre-Forward,Czech Republic,26,2020-21,2021-22,Bayer 04 Leverkusen,Bayer 04 Leverkusen,1865,2096,231,0.531,1.245,0.714,23000000,50000000,27000000,117.39,40
487465,Pedro Neto,Attack,Right Winger,Portugal,24,2022-23,2023-24,Wolverhampton Wanderers,Wolverhampton Wanderers,970,1519,549,0.093,0.652,0.559,28000000,55000000,27000000,96.43,41
270541,Serhou Guirassy,Attack,Centre-Forward,Guinea,28,2022-23,2023-24,"Stade Rennais FC, VfB Stuttgart",VfB Stuttgart,1675,2214,539,0.591,1.22,0.629,14000000,40000000,26000000,185.71,42
455661,Nick Woltemade,Attack,Centre-Forward,Germany,23,2023-24,2024-25,SV Werder Bremen,VfB Stuttgart,1184,1620,436,0.152,0.778,0.626,4000000,30000000,26000000,650,43
388198,Nico Schlotterbeck,Defender,Centre-Back,Germany,22,2020-21,2021-22,1.FC Union Berlin,SC Freiburg,1288,2788,1500,0.07,0.161,0.091,7500000,33000000,25500000,340,44
571020,Oihan Sancet,Midfield,Attacking Midfield,Spain,25,2023-24,2024-25,Athletic Bilbao,Athletic Bilbao,1993,1626,-367,0.406,0.886,0.48,35000000,60000000,25000000,71.43,45
503733,Anthony Gordon,Attack,Left Winger,England,23,2022-23,2023-24,"Everton FC, Newcastle United",Newcastle United,1578,2906,1328,0.228,0.65,0.422,35000000,60000000,25000000,71.43,46
598577,Florian Wirtz,Midfield,Attacking Midfield,Germany,19,2020-21,2021-22,Bayer 04 Leverkusen,Bayer 04 Leverkusen,2229,1863,-366,0.444,0.821,0.377,45000000,70000000,25000000,55.56,47
616341,Nuno Mendes,Defender,Left-Back,Portugal,21,2021-22,2022-23,Paris Saint-Germain,Paris Saint-Germain,1654,1554,-100,0.054,0.405,0.351,40000000,65000000,25000000,62.5,48
324358,Ollie Watkins,Attack,Centre-Forward,England,28,2022-23,2023-24,Aston Villa,Aston Villa,3136,3226,90,0.603,0.893,0.29,40000000,65000000,25000000,62.5,49
730861,Milos Kerkez,Defender,Left-Back,Hungary,21,2023-24,2024-25,AFC Bournemouth,AFC Bournemouth,1976,3342,1366,0.046,0.215,0.169,20000000,45000000,25000000,125,50
581678,Jude Bellingham,Midfield,Attacking Midfield,England,19,2020-21,2021-22,Borussia Dortmund,Borussia Dortmund,1702,2795,1093,0.212,0.354,0.142,55000000,80000000,25000000,45.45,51
368887,Loïs Openda,Attack,Centre-Forward,Belgium,24,2022-23,2023-24,RC Lens,RB Leipzig,2532,2716,184,0.889,1.027,0.138,35000000,60000000,25000000,71.43,52
443710,Angelo Stiller,Midfield,Defensive Midfield,Germany,24,2023-24,2024-25,"TSG 1899 Hoffenheim, VfB Stuttgart",VfB Stuttgart,2781,2743,-38,0.194,0.295,0.101,20000000,45000000,25000000,125,53
386446,Alessandro Buongiorno,Defender,Centre-Back,Italy,25,2022-23,2023-24,Torino FC,Torino FC,2725,2530,-195,0.099,0.142,0.043,10000000,35000000,25000000,250,54
406625,Lautaro Martínez,Attack,Centre-Forward,Argentina,26,2022-23,2023-24,Inter Milan,Inter Milan,2574,2667,93,0.979,1.012,0.033,85000000,110000000,25000000,29.41,55
557459,Micky van de Ven,Defender,Centre-Back,Netherlands,23,2022-23,2023-24,VfL Wolfsburg,Tottenham Hotspur,2970,2343,-627,0.091,0.115,0.024,30000000,55000000,25000000,83.33,56
413112,Aurélien Tchouaméni,Midfield,Defensive Midfield,France,23,2021-22,2022-23,AS Monaco,Real Madrid,2931,2120,-811,0.154,0.17,0.016,60000000,85000000,25000000,41.67,57
272278,Chris Führich,Attack,Left Winger,Germany,26,2022-23,2023-24,VfB Stuttgart,VfB Stuttgart,1891,2595,704,0.333,0.52,0.187,4000000,28000000,24000000,600,58
182913,Adrien Rabiot,Midfield,Central Midfield,France,28,2021-22,2022-23,Juventus FC,Juventus FC,2292,2751,459,0.079,0.393,0.314,17000000,40000000,23000000,135.29,59
333647,Jonathan Burkardt,Attack,Centre-Forward,Germany,24,2023-24,2024-25,1.FSV Mainz 05,1.FSV Mainz 05,1543,2125,582,0.583,0.889,0.306,12000000,35000000,23000000,191.67,60
659542,Elye Wahi,Attack,Centre-Forward,Cote d'Ivoire,20,2021-22,2022-23,Montpellier HSC,Montpellier HSC,1766,2531,765,0.612,0.889,0.277,12000000,35000000,23000000,191.67,61
397033,Sandro Tonali,Midfield,Defensive Midfield,Italy,22,2020-21,2021-22,AC Milan,AC Milan,1336,2607,1271,0,0.276,0.276,27000000,50000000,23000000,85.19,62
401578,Exequiel Palacios,Midfield,Central Midfield,Argentina,25,2022-23,2023-24,Bayer 04 Leverkusen,Bayer 04 Leverkusen,1657,1840,183,0.326,0.391,0.065,22000000,45000000,23000000,104.55,63
395516,Moussa Diaby,Attack,Right Winger,France,22,2020-21,2021-22,Bayer 04 Leverkusen,Bayer 04 Leverkusen,2393,2775,382,0.602,0.811,0.209,38000000,60000000,22000000,57.89,64
392765,Emile Smith Rowe,Midfield,Attacking Midfield,England,21,2020-21,2021-22,Arsenal FC,Arsenal FC,1449,1920,471,0.373,0.563,0.19,18000000,40000000,22000000,122.22,65
333241,Joelinton,Midfield,Central Midfield,Brazil,26,2021-22,2022-23,Newcastle United,Newcastle United,2559,2663,104,0.176,0.27,0.094,20000000,42000000,22000000,110,66
425918,Jakub Kiwior,Defender,Centre-Back,Poland,23,2021-22,2022-23,Spezia Calcio,"Arsenal FC, Spezia Calcio",1963,1874,-89,0,0.048,0.048,3000000,25000000,22000000,733.33,67
670882,Jamie Gittens,Attack,Left Winger,England,20,2023-24,2024-25,Borussia Dortmund,Borussia Dortmund,1059,1784,725,0.595,0.605,0.01,28000000,50000000,22000000,78.57,68
365108,Dan Ndoye,Attack,Right Winger,Switzerland,24,2023-24,2024-25,Bologna Football Club 1909,Bologna Football Club 1909,1776,2151,375,0.152,0.502,0.35,14000000,35000000,21000000,150,69
330659,Justin Kluivert,Midfield,Attacking Midfield,Netherlands,26,2023-24,2024-25,AFC Bournemouth,AFC Bournemouth,1935,2356,421,0.372,0.688,0.316,14000000,35000000,21000000,150,70
627228,Yan Couto,Defender,Right-Back,Brazil,22,2022-23,2023-24,Girona FC,Girona FC,1151,2244,1093,0.235,0.441,0.206,4000000,25000000,21000000,525,71
406040,Ademola Lookman,Attack,Left Winger,Nigeria,25,2021-22,2022-23,Leicester City,Atalanta BC,1457,1732,275,0.371,1.091,0.72,10000000,30000000,20000000,200,72
472423,Reece James,Defender,Right-Back,England,22,2020-21,2021-22,Chelsea FC,Chelsea FC,2367,1865,-502,0.114,0.676,0.562,40000000,60000000,20000000,50,73
607223,Rayan Cherki,Midfield,Attacking Midfield,France,21,2023-24,2024-25,Olympique Lyon,Olympique Lyon,1718,2048,330,0.367,0.835,0.468,25000000,45000000,20000000,80,74
517894,Matheus Cunha,Attack,Centre-Forward,Brazil,25,2022-23,2023-24,"Atlético de Madrid, Wolverhampton Wanderers",Wolverhampton Wanderers,1342,2454,1112,0.268,0.697,0.429,25000000,45000000,20000000,80,75
708265,Bradley Barcola,Attack,Left Winger,France,22,2023-24,2024-25,"Olympique Lyon, Paris Saint-Germain",Paris Saint-Germain,1647,2193,546,0.601,1.026,0.425,50000000,70000000,20000000,40,76
314678,Brahim Díaz,Attack,Right Winger,Morocco,24,2022-23,2023-24,AC Milan,Real Madrid,1946,1551,-395,0.601,0.87,0.269,20000000,40000000,20000000,100,77
258923,Marcus Rashford,Attack,Left Winger,England,25,2021-22,2022-23,Manchester United,Manchester United,1233,2891,1658,0.438,0.685,0.247,60000000,80000000,20000000,33.33,78
357164,Rafael Leão,Attack,Left Winger,Portugal,24,2021-22,2022-23,AC Milan,AC Milan,2621,2430,-191,0.721,0.926,0.205,70000000,90000000,20000000,28.57,79
406635,Phil Foden,Midfield,Attacking Midfield,England,23,2021-22,2022-23,Manchester City,Manchester City,2134,1842,-292,0.59,0.782,0.192,90000000,110000000,20000000,22.22,80
484547,Jeremie Frimpong,Defender,Right-Back,Netherlands,22,2021-22,2022-23,Bayer 04 Leverkusen,Bayer 04 Leverkusen,2062,2722,660,0.306,0.496,0.19,20000000,40000000,20000000,100,81
413507,Nikola Milenković,Defender,Centre-Back,Serbia,27,2023-24,2024-25,ACF Fiorentina,Nottingham Forest,2505,3330,825,0,0.189,0.189,15000000,35000000,20000000,133.33,82
258889,Dominic Solanke,Attack,Centre-Forward,England,26,2022-23,2023-24,AFC Bournemouth,AFC Bournemouth,2873,3333,460,0.407,0.594,0.187,20000000,40000000,20000000,100,83
845654,Kenan Yıldız,Attack,Left Winger,Türkiye,20,2023-24,2024-25,Juventus FC,Juventus FC,945,2409,1464,0.286,0.448,0.162,30000000,50000000,20000000,66.67,84
360518,Teun Koopmeiners,Midfield,Defensive Midfield,Netherlands,26,2022-23,2023-24,Atalanta BC,Atalanta BC,2861,2633,-228,0.44,0.581,0.141,30000000,50000000,20000000,66.67,85
607854,Éderson,Midfield,Central Midfield,Brazil,24,2022-23,2023-24,Atalanta BC,Atalanta BC,2221,2874,653,0.081,0.219,0.138,20000000,40000000,20000000,100,86
548111,Álex Baena,Attack,Left Winger,Spain,22,2022-23,2023-24,Villarreal CF,Villarreal CF,1943,2601,658,0.417,0.554,0.137,20000000,40000000,20000000,100,87
357147,Diogo Dalot,Defender,Right-Back,Portugal,24,2021-22,2022-23,Manchester United,Manchester United,1797,2155,358,0,0.125,0.125,20000000,40000000,20000000,100,88
418560,Erling Haaland,Attack,Centre-Forward,Norway,21,2020-21,2021-22,Borussia Dortmund,Borussia Dortmund,2410,1915,-495,1.307,1.41,0.103,130000000,150000000,20000000,15.38,89
398073,Achraf Hakimi,Defender,Right-Back,Morocco,26,2023-24,2024-25,Paris Saint-Germain,Paris Saint-Germain,1930,2068,138,0.42,0.522,0.102,60000000,80000000,20000000,33.33,90
636688,Alejandro Balde,Defender,Left-Back,Spain,21,2023-24,2024-25,FC Barcelona,FC Barcelona,1378,2293,915,0.065,0.157,0.092,40000000,60000000,20000000,50,91
583189,Anthony Elanga,Attack,Right Winger,Sweden,23,2023-24,2024-25,Nottingham Forest,Nottingham Forest,2434,2510,76,0.518,0.61,0.092,22000000,42000000,20000000,90.91,91
444523,Lucas Paquetá,Midfield,Attacking Midfield,Brazil,26,2022-23,2023-24,"Olympique Lyon, West Ham United",West Ham United,2333,2639,306,0.27,0.341,0.071,45000000,65000000,20000000,44.44,92
433177,Bukayo Saka,Attack,Right Winger,England,22,2022-23,2023-24,Arsenal FC,Arsenal FC,3194,2936,-258,0.704,0.766,0.062,120000000,140000000,20000000,16.67,93
401530,Éder Militão,Defender,Centre-Back,Brazil,24,2020-21,2021-22,Real Madrid,Real Madrid,1134,3033,1899,0.079,0.119,0.04,40000000,60000000,20000000,50,94
353892,Hiroki Ito,Defender,Centre-Back,Japan,25,2022-23,2023-24,VfB Stuttgart,VfB Stuttgart,2561,2232,-329,0.07,0.081,0.011,10000000,30000000,20000000,200,95
192735,Stanislav Lobotka,Midfield,Defensive Midfield,Slovakia,28,2021-22,2022-23,SSC Napoli,SSC Napoli,1688,3114,1426,0.053,0.058,0.005,20000000,40000000,20000000,100,96
709187,Nico Williams,Attack,Left Winger,Spain,20,2021-22,2022-23,Athletic Bilbao,Athletic Bilbao,1324,2676,1352,0,0.37,0.37,12000000,30000000,18000000,150,97
315969,Scott McTominay,Midfield,Central Midfield,Scotland,28,2023-24,2024-25,Manchester United,"Manchester United, SSC Napoli",1892,2958,1066,0.381,0.548,0.167,32000000,50000000,18000000,56.25,98
973085,Carlos Baleba,Midfield,Defensive Midfield,Cameroon,21,2023-24,2024-25,"Brighton & Hove Albion, LOSC Lille",Brighton & Hove Albion,1382,2673,1291,0,0.135,0.135,22000000,40000000,18000000,81.82,99
251106,Enes Ünal,Attack,Centre-Forward,Türkiye,25,2020-21,2021-22,Getafe CF,Getafe CF,1320,2813,1493,0.409,0.544,0.135,7000000,25000000,18000000,257.14,99
488362,Conor Gallagher,Midfield,Central Midfield,England,24,2022-23,2023-24,Chelsea FC,Chelsea FC,1616,3136,1520,0.223,0.344,0.121,32000000,50000000,18000000,56.25,100
405398,Takefusa Kubo,Attack,Right Winger,Japan,22,2021-22,2022-23,RCD Mallorca,Real Sociedad,1608,2454,846,0.112,0.587,0.475,7500000,25000000,17500000,233.33,101
566723,Michael Olise,Attack,Right Winger,France,22,2022-23,2023-24,Crystal Palace,Crystal Palace,2756,1278,-1478,0.425,1.127,0.702,38000000,55000000,17000000,44.74,102
496094,Karim Adeyemi,Attack,Right Winger,Germany,23,2023-24,2024-25,Borussia Dortmund,Borussia Dortmund,911,1441,530,0.395,0.812,0.417,28000000,45000000,17000000,60.71,103
500689,Evann Guessand,Attack,Right Winger,Cote d'Ivoire,23,2023-24,2024-25,OGC Nice,OGC Nice,1540,2575,1035,0.468,0.734,0.266,8000000,25000000,17000000,212.5,104
503749,Jacob Ramsey,Midfield,Central Midfield,England,22,2021-22,2022-23,Aston Villa,Aston Villa,2479,2646,167,0.254,0.442,0.188,25000000,42000000,17000000,68,105
567576,Elliot Anderson,Midfield,Central Midfield,England,22,2023-24,2024-25,Newcastle United,Nottingham Forest,1024,2743,1719,0.176,0.262,0.086,15000000,32000000,17000000,113.33,106
459658,Andrea Cambiaso,Defender,Left-Back,Italy,24,2022-23,2023-24,Bologna Football Club 1909,Juventus FC,2170,2389,219,0.124,0.188,0.064,8000000,25000000,17000000,212.5,107
618341,Mario Gila,Defender,Centre-Back,Spain,24,2023-24,2024-25,Società Sportiva Lazio S.p.A.,Società Sportiva Lazio S.p.A.,1813,2743,930,0,0.033,0.033,13000000,30000000,17000000,130.77,108
475188,Kiernan Dewsbury-Hall,Midfield,Central Midfield,England,24,2021-22,2022-23,Leicester City,Leicester City,2105,2316,211,0.128,0.155,0.027,8000000,25000000,17000000,212.5,109
198116,Federico Dimarco,Defender,Left-Back,Italy,25,2021-22,2022-23,Inter Milan,Inter Milan,1422,2085,663,0.38,0.388,0.008,18000000,35000000,17000000,94.44,110
346314,Trevoh Chalobah,Defender,Centre-Back,England,22,2020-21,2021-22,FC Lorient,Chelsea FC,2239,1448,-791,0.161,0.249,0.088,3500000,20000000,16500000,471.43,111
272999,Miguel Almirón,Attack,Right Winger,Paraguay,29,2021-22,2022-23,Newcastle United,Newcastle United,1720,2508,788,0.052,0.467,0.415,16000000,32000000,16000000,100,112
445939,Omar Marmoush,Attack,Centre-Forward,Egypt,25,2022-23,2023-24,VfL Wolfsburg,Eintracht Frankfurt,1478,2313,835,0.365,0.7,0.335,6000000,22000000,16000000,266.67,113
340205,Gorka Guruzeta,Attack,Centre-Forward,Spain,27,2022-23,2023-24,Athletic Bilbao,Athletic Bilbao,1421,2241,820,0.443,0.763,0.32,2000000,18000000,16000000,800,114
335457,Ermedin Demirovic,Attack,Centre-Forward,Bosnia-Herzegovina,26,2022-23,2023-24,FC Augsburg,FC Augsburg,2381,2884,503,0.529,0.78,0.251,12000000,28000000,16000000,133.33,115
340329,Joe Willock,Midfield,Central Midfield,England,23,2021-22,2022-23,Newcastle United,Newcastle United,2045,2578,533,0.088,0.314,0.226,22000000,38000000,16000000,72.73,116
557149,Kang-in Lee,Midfield,Attacking Midfield,"Korea, South",22,2021-22,2022-23,RCD Mallorca,RCD Mallorca,1409,2843,1434,0.192,0.412,0.22,6000000,22000000,16000000,266.67,117
193004,Waldemar Anton,Defender,Centre-Back,Germany,27,2022-23,2023-24,VfB Stuttgart,VfB Stuttgart,2941,2888,-53,0.092,0.093,0.001,4500000,20000000,15500000,344.44,118
144028,Leandro Trossard,Attack,Left Winger,Belgium,28,2021-22,2022-23,Brighton & Hove Albion,"Arsenal FC, Brighton & Hove Albion",2809,2257,-552,0.352,0.837,0.485,20000000,35000000,15000000,75,119
309400,Kai Havertz,Attack,Centre-Forward,Germany,25,2022-23,2023-24,Chelsea FC,Arsenal FC,2579,2640,61,0.279,0.682,0.403,55000000,70000000,15000000,27.27,120
532826,Mason Greenwood,Attack,Right Winger,England,23,2023-24,2024-25,Getafe CF,Olympique Marseille,2668,2818,150,0.472,0.862,0.39,25000000,40000000,15000000,60,121
533738,Jonathan David,Attack,Centre-Forward,Canada,23,2021-22,2022-23,LOSC Lille,LOSC Lille,2812,3179,367,0.48,0.793,0.313,45000000,60000000,15000000,33.33,122
205562,Thomas Lemar,Midfield,Attacking Midfield,France,26,2020-21,2021-22,Atlético de Madrid,Atlético de Madrid,1373,1446,73,0.328,0.56,0.232,25000000,40000000,15000000,60,123
335721,Ben White,Defender,Right-Back,England,25,2021-22,2022-23,Arsenal FC,Arsenal FC,2880,3067,187,0,0.205,0.205,40000000,55000000,15000000,37.5,124
479999,Eberechi Eze,Midfield,Attacking Midfield,England,26,2022-23,2023-24,Crystal Palace,Crystal Palace,2645,2066,-579,0.476,0.653,0.177,40000000,55000000,15000000,37.5,125
914562,Désiré Doué,Attack,Right Winger,France,19,2022-23,2023-24,Stade Rennais FC,Stade Rennais FC,1113,1624,511,0.323,0.499,0.176,15000000,30000000,15000000,100,126
411295,Raphinha,Attack,Left Winger,Brazil,26,2021-22,2022-23,Leeds United,FC Barcelona,2923,2084,-839,0.431,0.605,0.174,45000000,60000000,15000000,33.33,127
295313,Taiwo Awoniyi,Attack,Centre-Forward,Nigeria,24,2020-21,2021-22,1.FC Union Berlin,1.FC Union Berlin,1366,2202,836,0.527,0.695,0.168,5000000,20000000,15000000,300,128
540664,Dilane Bakwa,Attack,Right Winger,France,22,2023-24,2024-25,RC Strasbourg Alsace,RC Strasbourg Alsace,2187,2513,326,0.37,0.537,0.167,10000000,25000000,15000000,150,129
225122,Gonçalo Guedes,Attack,Left Winger,Portugal,25,2020-21,2021-22,Valencia CF,Valencia CF,2296,2601,305,0.431,0.588,0.157,25000000,40000000,15000000,60,130
520624,Bruno Guimarães,Midfield,Central Midfield,Brazil,26,2022-23,2023-24,Newcastle United,Newcastle United,2734,3269,535,0.296,0.413,0.117,70000000,85000000,15000000,21.43,131
401923,Victor Osimhen,Attack,Centre-Forward,Nigeria,23,2020-21,2021-22,SSC Napoli,SSC Napoli,1573,1993,420,0.744,0.858,0.114,50000000,65000000,15000000,30,132
198116,Federico Dimarco,Defender,Left-Back,Italy,26,2022-23,2023-24,Inter Milan,Inter Milan,2085,2104,19,0.388,0.471,0.083,35000000,50000000,15000000,42.86,133
257455,João Palhinha,Midfield,Defensive Midfield,Portugal,28,2022-23,2023-24,Fulham FC,Fulham FC,3113,2709,-404,0.087,0.166,0.079,40000000,55000000,15000000,37.5,134
203496,Nabil Fekir,Midfield,Attacking Midfield,France,28,2020-21,2021-22,Real Betis Balompié,Real Betis Balompié,2636,2810,174,0.376,0.448,0.072,25000000,40000000,15000000,60,135
340950,Diogo Jota,Attack,Left Winger,Portugal,25,2020-21,2021-22,Liverpool FC,Liverpool FC,1113,2374,1261,0.728,0.796,0.068,45000000,60000000,15000000,33.33,136
640428,Eduardo Camavinga,Midfield,Central Midfield,France,21,2022-23,2023-24,Real Madrid,Real Madrid,2002,1823,-179,0.045,0.099,0.054,85000000,100000000,15000000,17.65,137
357662,Declan Rice,Midfield,Central Midfield,England,23,2020-21,2021-22,West Ham United,West Ham United,2880,3178,298,0.094,0.142,0.048,65000000,80000000,15000000,23.08,138
525299,Miguel Gutiérrez,Defender,Left-Back,Spain,22,2022-23,2023-24,Girona FC,Girona FC,2397,3037,640,0.225,0.267,0.042,10000000,25000000,15000000,150,139
435338,Gabriel,Defender,Centre-Back,Brazil,26,2022-23,2023-24,Arsenal FC,Arsenal FC,3411,3044,-367,0.079,0.118,0.039,55000000,70000000,15000000,27.27,140
610083,Unai Vencedor,Midfield,Central Midfield,Spain,21,2020-21,2021-22,Athletic Bilbao,Athletic Bilbao,1704,2396,692,0,0.038,0.038,5000000,20000000,15000000,300,141
688707,Salis Abdul Samed,Midfield,Defensive Midfield,Ghana,23,2021-22,2022-23,Clermont Foot 63,RC Lens,2469,2897,428,0.036,0.062,0.026,3000000,18000000,15000000,500,142
413112,Aurélien Tchouaméni,Midfield,Defensive Midfield,France,24,2022-23,2023-24,Real Madrid,Real Madrid,2120,1986,-134,0.17,0.181,0.011,85000000,100000000,15000000,17.65,143
595809,Beto,Attack,Centre-Forward,Guinea-Bissau,25,2021-22,2022-23,Udinese Calcio,Udinese Calcio,2177,2131,-46,0.455,0.465,0.01,10000000,25000000,15000000,150,144
687626,Moisés Caicedo,Midfield,Defensive Midfield,Ecuador,23,2023-24,2024-25,Chelsea FC,Chelsea FC,2874,3356,482,0.125,0.134,0.009,75000000,90000000,15000000,20,145
315867,Gianluca Scamacca,Attack,Centre-Forward,Italy,23,2020-21,2021-22,Genoa CFC,US Sassuolo,1351,2152,801,0.666,0.669,0.003,15000000,30000000,15000000,100,146
389837,Nicolò Casale,Defender,Centre-Back,Italy,25,2021-22,2022-23,Hellas Verona,Società Sportiva Lazio S.p.A.,2593,2436,-157,0.069,0.074,0.005,7500000,22000000,14500000,193.33,147
387626,Leon Bailey,Attack,Right Winger,Jamaica,26,2022-23,2023-24,Aston Villa,Aston Villa,1984,2076,92,0.363,0.824,0.461,28000000,42000000,14000000,50,148
694928,Samuel Lino,Attack,Left Winger,Brazil,24,2022-23,2023-24,Valencia CF,Atlético de Madrid,2899,2087,-812,0.248,0.388,0.14,16000000,30000000,14000000,87.5,149
633992,Enzo Le Fée,Midfield,Central Midfield,France,23,2021-22,2022-23,FC Lorient,FC Lorient,2200,3043,843,0.205,0.296,0.091,6000000,20000000,14000000,233.33,150
429983,Jørgen Strand Larsen,Attack,Centre-Forward,Norway,24,2022-23,2023-24,Celta de Vigo,Celta de Vigo,1709,2888,1179,0.421,0.499,0.078,11000000,25000000,14000000,127.27,151
576314,Jan Paul van Hecke,Defender,Centre-Back,Netherlands,25,2023-24,2024-25,Brighton & Hove Albion,Brighton & Hove Albion,2368,2961,593,0,0.061,0.061,18000000,32000000,14000000,77.78,152
503075,Isak Hien,Defender,Centre-Back,Sweden,25,2022-23,2023-24,Hellas Verona,"Atalanta BC, Hellas Verona",2607,1794,-813,0,0.05,0.05,6000000,20000000,14000000,233.33,153
606718,Toti,Defender,Centre-Back,Portugal,25,2022-23,2023-24,Wolverhampton Wanderers,Wolverhampton Wanderers,981,2776,1795,0.092,0.13,0.038,6000000,20000000,14000000,233.33,154
315867,Gianluca Scamacca,Attack,Centre-Forward,Italy,25,2022-23,2023-24,West Ham United,Atalanta BC,928,1459,531,0.291,1.11,0.819,22000000,35000000,13000000,59.09,155
238407,Alexander Sørloth,Attack,Centre-Forward,Norway,28,2022-23,2023-24,"RB Leipzig, Real Sociedad",Villarreal CF,2403,2491,88,0.562,1.048,0.486,12000000,25000000,13000000,108.33,156
209212,Solly March,Attack,Right Winger,England,28,2021-22,2022-23,Brighton & Hove Albion,Brighton & Hove Albion,1740,2728,988,0.103,0.462,0.359,9000000,22000000,13000000,144.44,157
292246,Hee-chan Hwang,Attack,Centre-Forward,"Korea, South",28,2022-23,2023-24,Wolverhampton Wanderers,Wolverhampton Wanderers,1127,2124,997,0.319,0.636,0.317,12000000,25000000,13000000,108.33,158
559328,Emmanuel Emegha,Attack,Centre-Forward,Netherlands,22,2023-24,2024-25,RC Strasbourg Alsace,RC Strasbourg Alsace,2089,2307,218,0.431,0.663,0.232,12000000,25000000,13000000,108.33,159
413039,Bryan Mbeumo,Attack,Right Winger,Cameroon,23,2021-22,2022-23,Brentford FC,Brentford FC,2916,2928,12,0.34,0.523,0.183,22000000,35000000,13000000,59.09,160
461617,Rodrigo Riquelme,Attack,Left Winger,Spain,24,2022-23,2023-24,Girona FC,Atlético de Madrid,2188,1521,-667,0.329,0.473,0.144,12000000,25000000,13000000,108.33,161
386047,Axel Disasi,Defender,Centre-Back,France,25,2021-22,2022-23,AS Monaco,AS Monaco,2724,3330,606,0.033,0.162,0.129,17000000,30000000,13000000,76.47,162
232454,Nadiem Amiri,Midfield,Central Midfield,Germany,28,2023-24,2024-25,"1.FSV Mainz 05, Bayer 04 Leverkusen",1.FSV Mainz 05,1401,2484,1083,0.321,0.435,0.114,7000000,20000000,13000000,185.71,163
480763,Juan Foyth,Defender,Centre-Back,Argentina,24,2020-21,2021-22,Villarreal CF,Villarreal CF,1168,1932,764,0,0.093,0.093,12000000,25000000,13000000,108.33,164
626913,Boulaye Dia,Attack,Centre-Forward,Senegal,26,2021-22,2022-23,Villarreal CF,US Salernitana 1919,1268,2526,1258,0.71,0.784,0.074,12000000,25000000,13000000,108.33,165
424042,Nahuel Molina,Defender,Right-Back,Argentina,24,2020-21,2021-22,Udinese Calcio,Udinese Calcio,1823,2650,827,0.346,0.408,0.062,7000000,20000000,13000000,185.71,166
435338,Gabriel,Defender,Centre-Back,Brazil,24,2020-21,2021-22,Arsenal FC,Arsenal FC,1997,3067,1070,0.09,0.147,0.057,25000000,38000000,13000000,52,167
240692,Reinildo Mandava,Defender,Left-Back,Mozambique,28,2020-21,2021-22,LOSC Lille,"Atlético de Madrid, LOSC Lille",2182,2828,646,0,0.032,0.032,9000000,22000000,13000000,144.44,168
578391,Rayan Aït-Nouri,Defender,Left-Back,Algeria,23,2022-23,2023-24,Wolverhampton Wanderers,Wolverhampton Wanderers,1070,2343,1273,0.084,0.115,0.031,22000000,35000000,13000000,59.09,169
926952,Patrick Dorgu,Attack,Left Winger,Denmark,20,2023-24,2024-25,US Lecce,"Manchester United, US Lecce",1563,2685,1122,0.115,0.134,0.019,12000000,25000000,13000000,108.33,170
182893,Seko Fofana,Midfield,Central Midfield,Cote d'Ivoire,27,2020-21,2021-22,RC Lens,RC Lens,2312,3364,1052,0.234,0.241,0.007,12000000,25000000,13000000,108.33,171
333647,Jonathan Burkardt,Attack,Centre-Forward,Germany,21,2020-21,2021-22,1.FSV Mainz 05,1.FSV Mainz 05,1375,2632,1257,0.262,0.479,0.217,4500000,17000000,12500000,277.78,172
298589,David García,Defender,Centre-Back,Spain,28,2020-21,2021-22,CA Osasuna,CA Osasuna,3150,3105,-45,0.029,0.116,0.087,7500000,20000000,12500000,166.67,173
435772,Charles De Ketelaere,Midfield,Attacking Midfield,Belgium,23,2022-23,2023-24,AC Milan,Atalanta BC,1101,2042,941,0.082,0.793,0.711,22000000,34000000,12000000,54.55,174
573775,Hugo Duro,Attack,Centre-Forward,Spain,24,2022-23,2023-24,Valencia CF,Valencia CF,1376,2996,1620,0.131,0.511,0.38,4000000,16000000,12000000,300,175
314875,Jarrod Bowen,Attack,Right Winger,England,27,2022-23,2023-24,West Ham United,West Ham United,3237,3022,-215,0.334,0.655,0.321,38000000,50000000,12000000,31.58,176
318528,Marcus Thuram,Attack,Centre-Forward,France,25,2021-22,2022-23,Borussia Mönchengladbach,Borussia Mönchengladbach,953,2518,1565,0.378,0.679,0.301,20000000,32000000,12000000,60,177
319859,Mathias Jensen,Midfield,Central Midfield,Denmark,27,2021-22,2022-23,Brentford FC,Brentford FC,1600,2831,1231,0.056,0.35,0.294,10000000,22000000,12000000,120,178
314875,Jarrod Bowen,Attack,Right Winger,England,25,2020-21,2021-22,West Ham United,West Ham United,2577,2993,416,0.454,0.722,0.268,30000000,42000000,12000000,40,179
193098,Álex Moreno,Defender,Left-Back,Spain,29,2020-21,2021-22,Real Betis Balompié,Real Betis Balompié,1786,2408,622,0.101,0.336,0.235,6000000,18000000,12000000,200,180
442891,Martin Terrier,Attack,Left Winger,France,25,2020-21,2021-22,Stade Rennais FC,Stade Rennais FC,2456,2807,351,0.586,0.802,0.216,13000000,25000000,12000000,92.31,181
354362,Rodrigo Bentancur,Midfield,Defensive Midfield,Uruguay,26,2021-22,2022-23,"Juventus FC, Tottenham Hotspur",Tottenham Hotspur,2521,1506,-1015,0.214,0.418,0.204,28000000,40000000,12000000,42.86,182
918969,Lamine Camara,Midfield,Central Midfield,Senegal,21,2023-24,2024-25,FC Metz,AS Monaco,2266,2065,-201,0.199,0.392,0.193,10000000,22000000,12000000,120,183
349599,Pervis Estupiñán,Defender,Left-Back,Ecuador,25,2021-22,2022-23,Villarreal CF,Brighton & Hove Albion,1575,2684,1109,0.057,0.235,0.178,20000000,32000000,12000000,60,184
186590,John Stones,Defender,Centre-Back,England,29,2021-22,2022-23,Manchester City,Manchester City,1118,1848,730,0.081,0.195,0.114,28000000,40000000,12000000,42.86,185
86202,Antonio Rüdiger,Defender,Centre-Back,Germany,29,2020-21,2021-22,Chelsea FC,Chelsea FC,1710,3036,1326,0.053,0.148,0.095,28000000,40000000,12000000,42.86,186
346314,Trevoh Chalobah,Defender,Centre-Back,England,25,2023-24,2024-25,Chelsea FC,"Chelsea FC, Crystal Palace",950,1974,1024,0.095,0.182,0.087,13000000,25000000,12000000,92.31,187
428563,Lewis Ferguson,Midfield,Central Midfield,Scotland,24,2022-23,2023-24,Bologna Football Club 1909,Bologna Football Club 1909,2321,2718,397,0.271,0.331,0.06,12000000,24000000,12000000,100,188
346707,Sean Longstaff,Midfield,Central Midfield,England,25,2021-22,2022-23,Newcastle United,Newcastle United,1460,2516,1056,0.123,0.179,0.056,13000000,25000000,12000000,92.31,189
277179,Angeliño,Defender,Left-Back,Spain,28,2023-24,2024-25,Associazione Sportiva Roma,Associazione Sportiva Roma,1148,3179,2031,0.078,0.113,0.035,8000000,20000000,12000000,150,190
283735,Mattia Zaccagni,Attack,Left Winger,Italy,28,2021-22,2022-23,"Hellas Verona, Società Sportiva Lazio S.p.A.",Società Sportiva Lazio S.p.A.,2058,2783,725,0.525,0.55,0.025,18000000,30000000,12000000,66.67,191
931838,Hugo Larsson,Midfield,Central Midfield,Sweden,21,2023-24,2024-25,Eintracht Frankfurt,Eintracht Frankfurt,1887,2403,516,0.143,0.15,0.007,28000000,40000000,12000000,42.86,192
571020,Oihan Sancet,Midfield,Attacking Midfield,Spain,22,2020-21,2021-22,Athletic Bilbao,Athletic Bilbao,1032,1427,395,0.349,0.631,0.282,3500000,15000000,11500000,328.57,193
334222,Lucas Boyé,Attack,Centre-Forward,Argentina,26,2020-21,2021-22,Elche CF,Elche CF,2709,1724,-985,0.299,0.522,0.223,3500000,15000000,11500000,328.57,194
538874,Terem Moffi,Attack,Centre-Forward,Nigeria,24,2021-22,2022-23,FC Lorient,"FC Lorient, OGC Nice",2735,2730,-5,0.395,0.692,0.297,9000000,20000000,11000000,122.22,195
193033,Tim Kleindienst,Attack,Centre-Forward,Germany,29,2023-24,2024-25,1. Fußballclub Heidenheim 1846,Borussia Mönchengladbach,2878,2745,-133,0.532,0.82,0.288,6000000,17000000,11000000,183.33,196
579930,Armand Laurienté,Attack,Left Winger,France,24,2021-22,2022-23,FC Lorient,"FC Lorient, US Sassuolo",2493,2459,-34,0.289,0.549,0.26,7000000,18000000,11000000,157.14,197
474800,Facundo Medina,Defender,Centre-Back,Argentina,24,2021-22,2022-23,RC Lens,RC Lens,2596,2785,189,0.035,0.194,0.159,11000000,22000000,11000000,100,198
513245,Jesper Lindstrøm,Attack,Right Winger,Denmark,23,2021-22,2022-23,Eintracht Frankfurt,Eintracht Frankfurt,1992,1694,-298,0.452,0.584,0.132,17000000,28000000,11000000,64.71,199
730581,Loïc Badé,Defender,Centre-Back,France,25,2023-24,2024-25,Sevilla FC,Sevilla FC,2283,2687,404,0.039,0.067,0.028,14000000,25000000,11000000,78.57,200
394300,Davide Frattesi,Midfield,Central Midfield,Italy,24,2022-23,2023-24,US Sassuolo,Inter Milan,2891,935,-1956,0.218,0.963,0.745,25000000,35000000,10000000,40,201
132098,Harry Kane,Attack,Centre-Forward,England,30,2022-23,2023-24,Tottenham Hotspur,Bayern Munich,3408,2843,-565,0.871,1.393,0.522,90000000,100000000,10000000,11.11,202
293385,Dani Olmo,Midfield,Attacking Midfield,Spain,27,2023-24,2024-25,RB Leipzig,FC Barcelona,1456,1216,-240,0.556,1.036,0.48,50000000,60000000,10000000,20,203
602105,Antony,Attack,Right Winger,Brazil,25,2023-24,2024-25,Manchester United,"Manchester United, Real Betis Balompié",1323,1500,177,0.136,0.42,0.284,25000000,35000000,10000000,40,204
350219,Fabián Ruiz,Midfield,Central Midfield,Spain,26,2020-21,2021-22,SSC Napoli,SSC Napoli,2577,2397,-180,0.14,0.413,0.273,45000000,55000000,10000000,22.22,205
620322,Malo Gusto,Defender,Right-Back,France,21,2022-23,2023-24,Olympique Lyon,Chelsea FC,1600,1756,156,0.056,0.308,0.252,25000000,35000000,10000000,40,206
199527,Jacob Murphy,Attack,Right Winger,England,28,2021-22,2022-23,Newcastle United,Newcastle United,1460,1243,-217,0.185,0.434,0.249,5000000,15000000,10000000,200,207
470607,Brennan Johnson,Attack,Right Winger,Wales,23,2022-23,2023-24,Nottingham Forest,"Nottingham Forest, Tottenham Hotspur",2941,2333,-608,0.337,0.579,0.242,38000000,48000000,10000000,26.32,208
484547,Jeremie Frimpong,Defender,Right-Back,Netherlands,23,2022-23,2023-24,Bayer 04 Leverkusen,Bayer 04 Leverkusen,2722,2266,-456,0.496,0.715,0.219,40000000,50000000,10000000,25,209
433188,Curtis Jones,Midfield,Central Midfield,England,24,2023-24,2024-25,Liverpool FC,Liverpool FC,1166,1711,545,0.154,0.368,0.214,35000000,45000000,10000000,28.57,210
522784,Taty Castellanos,Attack,Centre-Forward,Argentina,26,2023-24,2024-25,Società Sportiva Lazio S.p.A.,Società Sportiva Lazio S.p.A.,1677,2395,718,0.376,0.564,0.188,15000000,25000000,10000000,66.67,211
533295,Patrick Wimmer,Attack,Right Winger,Austria,22,2021-22,2022-23,Arminia Bielefeld,VfL Wolfsburg,2066,1665,-401,0.479,0.649,0.17,8000000,18000000,10000000,125,212
357565,Rodri,Midfield,Defensive Midfield,Spain,26,2020-21,2021-22,Manchester City,Manchester City,2748,2888,140,0.131,0.28,0.149,70000000,80000000,10000000,14.29,213
353366,Benjamin Pavard,Defender,Centre-Back,France,27,2021-22,2022-23,Bayern Munich,Bayern Munich,2081,2431,350,0.043,0.185,0.142,30000000,40000000,10000000,33.33,214
354361,Frank Anguissa,Midfield,Central Midfield,Cameroon,27,2021-22,2022-23,SSC Napoli,SSC Napoli,1925,3062,1137,0.094,0.235,0.141,30000000,40000000,10000000,33.33,215
349701,Antonee Robinson,Defender,Left-Back,United States,26,2022-23,2023-24,Fulham FC,Fulham FC,3089,3270,181,0.029,0.165,0.136,15000000,25000000,10000000,66.67,216
196357,Jonathan Tah,Defender,Centre-Back,Germany,28,2022-23,2023-24,Bayer 04 Leverkusen,Bayer 04 Leverkusen,2485,2632,147,0.036,0.171,0.135,20000000,30000000,10000000,50,217
332697,Weston McKennie,Midfield,Central Midfield,United States,25,2022-23,2023-24,"Juventus FC, Leeds United",Juventus FC,2498,2602,104,0.108,0.242,0.134,18000000,28000000,10000000,55.56,218
520624,Bruno Guimarães,Midfield,Central Midfield,Brazil,24,2020-21,2021-22,Olympique Lyon,"Newcastle United, Olympique Lyon",1759,2674,915,0.205,0.337,0.132,30000000,40000000,10000000,33.33,219
666234,Mohamed Simakan,Defender,Centre-Back,France,24,2022-23,2023-24,RB Leipzig,RB Leipzig,1457,2140,683,0.124,0.252,0.128,25000000,35000000,10000000,40,220
350219,Fabián Ruiz,Midfield,Central Midfield,Spain,29,2023-24,2024-25,Paris Saint-Germain,Paris Saint-Germain,1196,1922,726,0.301,0.421,0.12,30000000,40000000,10000000,33.33,221
349701,Antonee Robinson,Defender,Left-Back,United States,27,2023-24,2024-25,Fulham FC,Fulham FC,3270,3167,-103,0.165,0.284,0.119,25000000,35000000,10000000,40,222
188888,Sheraldo Becker,Attack,Left Winger,Suriname,28,2021-22,2022-23,1.FC Union Berlin,1.FC Union Berlin,1770,2582,812,0.508,0.627,0.119,7000000,17000000,10000000,142.86,222
572265,Lorenzo Lucca,Attack,Centre-Forward,Italy,24,2023-24,2024-25,Udinese Calcio,Udinese Calcio,2601,2363,-238,0.415,0.533,0.118,12000000,22000000,10000000,83.33,223
433177,Bukayo Saka,Attack,Right Winger,England,23,2023-24,2024-25,Arsenal FC,Arsenal FC,2936,1736,-1200,0.766,0.881,0.115,140000000,150000000,10000000,7.14,224
429014,Morgan Gibbs-White,Midfield,Attacking Midfield,England,25,2023-24,2024-25,Nottingham Forest,Nottingham Forest,3162,2824,-338,0.427,0.542,0.115,40000000,50000000,10000000,25,224
315853,Alessandro Bastoni,Defender,Centre-Back,Italy,25,2022-23,2023-24,Inter Milan,Inter Milan,2165,2282,117,0.083,0.197,0.114,60000000,70000000,10000000,16.67,225
284857,Marc Cucurella,Defender,Left-Back,Spain,26,2023-24,2024-25,Chelsea FC,Chelsea FC,1785,2992,1207,0.101,0.211,0.11,25000000,35000000,10000000,40,226
463603,Benoît Badiashile,Defender,Centre-Back,France,22,2021-22,2022-23,AS Monaco,"AS Monaco, Chelsea FC",1838,1743,-95,0.049,0.155,0.106,30000000,40000000,10000000,33.33,227
423440,Martín Zubimendi,Midfield,Defensive Midfield,Spain,23,2020-21,2021-22,Real Sociedad,Real Sociedad,1876,2584,708,0,0.104,0.104,20000000,30000000,10000000,50,228
466794,Eric García,Defender,Centre-Back,Spain,23,2022-23,2023-24,FC Barcelona,"FC Barcelona, Girona FC",1415,2697,1282,0.064,0.167,0.103,10000000,20000000,10000000,100,229
245056,Saša Lukić,Midfield,Central Midfield,Serbia,25,2020-21,2021-22,Torino FC,Torino FC,2110,2985,875,0.171,0.271,0.1,5000000,15000000,10000000,200,230
410425,Yves Bissouma,Midfield,Defensive Midfield,Mali,25,2020-21,2021-22,Brighton & Hove Albion,Brighton & Hove Albion,3114,2116,-998,0.029,0.128,0.099,25000000,35000000,10000000,40,231
467563,Armel Bella-Kotchap,Defender,Centre-Back,Germany,21,2021-22,2022-23,VfL Bochum,Southampton FC,1748,1885,137,0,0.095,0.095,10000000,20000000,10000000,100,232
242631,Alex Iwobi,Attack,Left Winger,Nigeria,27,2021-22,2022-23,Everton FC,Everton FC,2035,3382,1347,0.177,0.266,0.089,18000000,28000000,10000000,55.56,233
575998,Leonardo Balerdi,Defender,Centre-Back,Argentina,25,2022-23,2023-24,Olympique Marseille,Olympique Marseille,2642,2275,-367,0.034,0.119,0.085,10000000,20000000,10000000,100,234
401530,Éder Militão,Defender,Centre-Back,Brazil,25,2021-22,2022-23,Real Madrid,Real Madrid,3033,2704,-329,0.119,0.2,0.081,60000000,70000000,10000000,16.67,235
315779,Christian Pulisic,Attack,Right Winger,United States,26,2023-24,2024-25,AC Milan,AC Milan,2621,2492,-129,0.721,0.795,0.074,40000000,50000000,10000000,25,236
576024,Julián Alvarez,Attack,Centre-Forward,Argentina,25,2023-24,2024-25,Manchester City,Atlético de Madrid,2659,2519,-140,0.677,0.75,0.073,90000000,100000000,10000000,11.11,237
293385,Dani Olmo,Midfield,Attacking Midfield,Spain,26,2022-23,2023-24,RB Leipzig,RB Leipzig,1284,1456,172,0.491,0.556,0.065,40000000,50000000,10000000,25,238
459658,Andrea Cambiaso,Defender,Left-Back,Italy,25,2023-24,2024-25,Juventus FC,Juventus FC,2389,2223,-166,0.188,0.243,0.055,25000000,35000000,10000000,40,239
423440,Martín Zubimendi,Midfield,Defensive Midfield,Spain,25,2022-23,2023-24,Real Sociedad,Real Sociedad,3102,2655,-447,0.116,0.169,0.053,40000000,50000000,10000000,25,240
332889,Valentin Rongier,Midfield,Central Midfield,France,28,2021-22,2022-23,Olympique Marseille,Olympique Marseille,2196,3036,840,0.041,0.089,0.048,12000000,22000000,10000000,83.33,241
406625,Lautaro Martínez,Attack,Centre-Forward,Argentina,25,2021-22,2022-23,Inter Milan,Inter Milan,2298,2574,276,0.94,0.979,0.039,75000000,85000000,10000000,13.33,242
241641,Bernardo Silva,Midfield,Attacking Midfield,Portugal,27,2020-21,2021-22,Manchester City,Manchester City,2070,2860,790,0.348,0.378,0.03,70000000,80000000,10000000,14.29,243
413403,Ezri Konsa,Defender,Centre-Back,England,26,2022-23,2023-24,Aston Villa,Aston Villa,3323,3074,-249,0,0.029,0.029,25000000,35000000,10000000,40,244
315853,Alessandro Bastoni,Defender,Centre-Back,Italy,26,2023-24,2024-25,Inter Milan,Inter Milan,2282,2421,139,0.197,0.223,0.026,70000000,80000000,10000000,14.29,245
357662,Declan Rice,Midfield,Central Midfield,England,24,2021-22,2022-23,West Ham United,West Ham United,3178,3272,94,0.142,0.165,0.023,80000000,90000000,10000000,12.5,246
502670,Khvicha Kvaratskhelia,Attack,Left Winger,Georgia,24,2023-24,2024-25,SSC Napoli,"Paris Saint-Germain, SSC Napoli",2753,2107,-646,0.621,0.641,0.02,80000000,90000000,10000000,12.5,247
369081,Federico Valverde,Midfield,Central Midfield,Uruguay,26,2023-24,2024-25,Real Madrid,Real Madrid,2911,3034,123,0.278,0.297,0.019,120000000,130000000,10000000,8.33,248
228948,Thilo Kehrer,Defender,Centre-Back,Germany,28,2023-24,2024-25,"AS Monaco, West Ham United",AS Monaco,1343,2384,1041,0.134,0.151,0.017,10000000,20000000,10000000,100,249
659813,Piero Hincapié,Defender,Centre-Back,Ecuador,23,2023-24,2024-25,Bayer 04 Leverkusen,Bayer 04 Leverkusen,1483,2670,1187,0.121,0.135,0.014,40000000,50000000,10000000,25,250
423440,Martín Zubimendi,Midfield,Defensive Midfield,Spain,24,2021-22,2022-23,Real Sociedad,Real Sociedad,2584,3102,518,0.104,0.116,0.012,30000000,40000000,10000000,33.33,251
598577,Florian Wirtz,Midfield,Attacking Midfield,Germany,22,2023-24,2024-25,Bayer 04 Leverkusen,Bayer 04 Leverkusen,2384,2356,-28,0.868,0.879,0.011,130000000,140000000,10000000,7.69,252
659089,Ilya Zabarnyi,Defender,Centre-Back,Ukraine,22,2023-24,2024-25,AFC Bournemouth,AFC Bournemouth,3330,3114,-216,0.027,0.029,0.002,32000000,42000000,10000000,31.25,253
805908,Bradley Locko,Defender,Left-Back,France,22,2022-23,2023-24,"Stade Brestois 29, Stade Reims",Stade Brestois 29,1327,2961,1634,0,0.091,0.091,2500000,12000000,9500000,380,254
244940,Salih Özcan,Midfield,Defensive Midfield,Türkiye,24,2020-21,2021-22,1.FC Köln,1.FC Köln,1368,2309,941,0.066,0.117,0.051,3500000,13000000,9500000,271.43,255
368482,Riccardo Orsolini,Attack,Right Winger,Italy,28,2023-24,2024-25,Bologna Football Club 1909,Bologna Football Club 1909,1791,1886,95,0.603,0.954,0.351,16000000,25000000,9000000,56.25,256
652275,Hákon Arnar Haraldsson,Midfield,Attacking Midfield,Iceland,22,2023-24,2024-25,LOSC Lille,LOSC Lille,1289,1766,477,0.14,0.408,0.268,9000000,18000000,9000000,100,257
362086,Isi Palazón,Attack,Second Striker,Spain,28,2021-22,2022-23,Rayo Vallecano,Rayo Vallecano,2297,2991,694,0.235,0.421,0.186,3000000,12000000,9000000,300,258
415912,Konstantinos Mavropanos,Defender,Centre-Back,Greece,24,2020-21,2021-22,VfB Stuttgart,VfB Stuttgart,1472,2710,1238,0,0.166,0.166,6000000,15000000,9000000,150,259
314295,Reece Oxford,Defender,Centre-Back,England,23,2020-21,2021-22,FC Augsburg,FC Augsburg,1352,2694,1342,0,0.1,0.1,3000000,12000000,9000000,300,260
392770,Angel Gomes,Midfield,Attacking Midfield,England,22,2021-22,2022-23,LOSC Lille,LOSC Lille,953,2837,1884,0.189,0.254,0.065,7000000,16000000,9000000,128.57,261
543387,Cheick Doucouré,Midfield,Defensive Midfield,Mali,22,2020-21,2021-22,RC Lens,RC Lens,2633,2948,315,0.103,0.153,0.05,6000000,15000000,9000000,150,262
580560,Jon Pacheco,Defender,Centre-Back,Spain,23,2022-23,2023-24,Real Sociedad,Real Sociedad,1189,1521,332,0.076,0.118,0.042,6000000,15000000,9000000,150,263
392770,Angel Gomes,Midfield,Attacking Midfield,England,23,2022-23,2023-24,LOSC Lille,LOSC Lille,2837,2585,-252,0.254,0.279,0.025,16000000,25000000,9000000,56.25,264
487469,Vitinha,Midfield,Defensive Midfield,Portugal,24,2022-23,2023-24,Paris Saint-Germain,Paris Saint-Germain,2460,2129,-331,0.183,0.465,0.282,42000000,50000000,8000000,19.05,265
823231,Dango Ouattara,Attack,Right Winger,Burkina Faso,23,2023-24,2024-25,AFC Bournemouth,AFC Bournemouth,1220,2011,791,0.221,0.492,0.271,20000000,28000000,8000000,40,266
463605,Bafodé Diakité,Defender,Centre-Back,France,23,2022-23,2023-24,LOSC Lille,LOSC Lille,2655,1696,-959,0.102,0.371,0.269,10000000,18000000,8000000,80,267
532776,Amine Adli,Attack,Left Winger,Morocco,23,2021-22,2022-23,Bayer 04 Leverkusen,Bayer 04 Leverkusen,1255,1440,185,0.359,0.625,0.266,12000000,20000000,8000000,66.67,268
463618,Khéphren Thuram,Midfield,Central Midfield,France,21,2020-21,2021-22,OGC Nice,OGC Nice,1491,1897,406,0.121,0.332,0.211,9000000,17000000,8000000,88.89,269
420064,Caio Henrique,Defender,Left-Back,Brazil,24,2020-21,2021-22,AS Monaco,AS Monaco,2375,2670,295,0.189,0.371,0.182,12000000,20000000,8000000,66.67,270
264372,Viktor Tsygankov,Attack,Right Winger,Ukraine,26,2022-23,2023-24,Girona FC,Girona FC,1494,2067,573,0.542,0.653,0.111,22000000,30000000,8000000,36.36,271
453870,Benedict Hollerbach,Attack,Centre-Forward,Germany,24,2023-24,2024-25,1.FC Union Berlin,1.FC Union Berlin,1283,2555,1272,0.351,0.458,0.107,4000000,12000000,8000000,200,272
406640,Felix Nmecha,Midfield,Central Midfield,Germany,24,2023-24,2024-25,Borussia Dortmund,Borussia Dortmund,1017,1512,495,0.265,0.357,0.092,20000000,28000000,8000000,40,273
232320,Atakan Karazor,Midfield,Defensive Midfield,Türkiye,27,2022-23,2023-24,VfB Stuttgart,VfB Stuttgart,1962,2630,668,0.046,0.137,0.091,4000000,12000000,8000000,200,274
371851,Jaka Bijol,Defender,Centre-Back,Slovenia,26,2023-24,2024-25,Udinese Calcio,Udinese Calcio,2083,2964,881,0,0.091,0.091,10000000,18000000,8000000,80,274
786436,Ismaël Doukouré,Defender,Centre-Back,France,21,2023-24,2024-25,RC Strasbourg Alsace,RC Strasbourg Alsace,1660,2647,987,0,0.068,0.068,10000000,18000000,8000000,80,275
256267,Vedat Muriqi,Attack,Centre-Forward,Kosovo,29,2021-22,2022-23,"RCD Mallorca, Società Sportiva Lazio S.p.A.",RCD Mallorca,1646,2953,1307,0.492,0.549,0.057,7000000,15000000,8000000,114.29,276
432092,Roberto Piccoli,Attack,Centre-Forward,Italy,24,2023-24,2024-25,"FC Empoli, US Lecce",Cagliari Calcio,1399,3145,1746,0.322,0.372,0.05,4000000,12000000,8000000,200,277
467992,Samuele Ricci,Midfield,Defensive Midfield,Italy,21,2021-22,2022-23,"FC Empoli, Torino FC",Torino FC,2257,2073,-184,0.08,0.13,0.05,12000000,20000000,8000000,66.67,277
648779,Wilfried Singo,Defender,Right-Back,Cote d'Ivoire,21,2020-21,2021-22,Torino FC,Torino FC,1851,2621,770,0.194,0.24,0.046,7000000,15000000,8000000,114.29,278
490384,Koni De Winter,Defender,Centre-Back,Belgium,22,2022-23,2023-24,FC Empoli,Genoa CFC,1024,2380,1356,0,0.038,0.038,4000000,12000000,8000000,200,279
198116,Federico Dimarco,Defender,Left-Back,Italy,24,2020-21,2021-22,Hellas Verona,Inter Milan,2615,1422,-1193,0.344,0.38,0.036,10000000,18000000,8000000,80,280
855015,Farès Chaïbi,Midfield,Attacking Midfield,Algeria,21,2022-23,2023-24,FC Toulouse,"Eintracht Frankfurt, FC Toulouse",2345,1979,-366,0.384,0.409,0.025,10000000,18000000,8000000,80,281
562049,Edoardo Bove,Midfield,Central Midfield,Italy,22,2022-23,2023-24,Associazione Sportiva Roma,Associazione Sportiva Roma,987,1777,790,0.091,0.101,0.01,10000000,18000000,8000000,80,282
394327,Boubacar Kamara,Midfield,Defensive Midfield,France,24,2022-23,2023-24,Aston Villa,Aston Villa,1781,1661,-120,0.051,0.054,0.003,30000000,38000000,8000000,26.67,283
344598,Dan-Axel Zagadou,Defender,Centre-Back,France,25,2022-23,2023-24,VfB Stuttgart,VfB Stuttgart,1272,1452,180,0,0.062,0.062,2500000,10000000,7500000,300,284
324795,Mahdi Camara,Midfield,Central Midfield,France,26,2022-23,2023-24,Stade Brestois 29,Stade Brestois 29,1826,2038,212,0.148,0.486,0.338,3000000,10000000,7000000,233.33,285
315969,Scott McTominay,Midfield,Central Midfield,Scotland,27,2022-23,2023-24,Manchester United,Manchester United,1151,1892,741,0.078,0.381,0.303,25000000,32000000,7000000,28,286
388198,Nico Schlotterbeck,Defender,Centre-Back,Germany,23,2021-22,2022-23,SC Freiburg,Borussia Dortmund,2788,2256,-532,0.161,0.359,0.198,33000000,40000000,7000000,21.21,287
729814,Georges Mikautadze,Attack,Centre-Forward,Georgia,24,2023-24,2024-25,FC Metz,Olympique Lyon,1755,1434,-321,0.872,1.067,0.195,15000000,22000000,7000000,46.67,288
496745,Emil Holm,Defender,Right-Back,Sweden,24,2022-23,2023-24,Spezia Calcio,Atalanta BC,1399,949,-450,0.193,0.379,0.186,5000000,12000000,7000000,140,289
370789,Julian Ryerson,Defender,Right-Back,Norway,26,2022-23,2023-24,"1.FC Union Berlin, Borussia Dortmund",Borussia Dortmund,2457,1773,-684,0.073,0.254,0.181,13000000,20000000,7000000,53.85,290
309110,Brais Méndez,Midfield,Attacking Midfield,Spain,26,2021-22,2022-23,Celta de Vigo,Real Sociedad,3037,2416,-621,0.267,0.447,0.18,18000000,25000000,7000000,38.89,291
175639,Jonathan Clauss,Defender,Right-Back,France,29,2020-21,2021-22,RC Lens,RC Lens,2537,3061,524,0.319,0.47,0.151,8000000,15000000,7000000,87.5,292
182893,Seko Fofana,Midfield,Central Midfield,Cote d'Ivoire,28,2021-22,2022-23,RC Lens,RC Lens,3364,3079,-285,0.241,0.351,0.11,25000000,32000000,7000000,28,293
212723,Djibril Sow,Midfield,Central Midfield,Switzerland,25,2020-21,2021-22,Eintracht Frankfurt,Eintracht Frankfurt,2180,2422,242,0.083,0.186,0.103,15000000,22000000,7000000,46.67,294
392757,Marc Guéhi,Defender,Centre-Back,England,24,2023-24,2024-25,Crystal Palace,Crystal Palace,2023,3060,1037,0.044,0.147,0.103,38000000,45000000,7000000,18.42,294
485960,Lilian Brassier,Defender,Centre-Back,France,24,2022-23,2023-24,Stade Brestois 29,Stade Brestois 29,3093,2679,-414,0,0.101,0.101,5000000,12000000,7000000,140,295
256448,Gianluca Mancini,Defender,Centre-Back,Italy,28,2022-23,2023-24,Associazione Sportiva Roma,Associazione Sportiva Roma,2864,2874,10,0.094,0.157,0.063,18000000,25000000,7000000,38.89,296
410225,Ismaïla Sarr,Attack,Right Winger,Senegal,27,2023-24,2024-25,Olympique Marseille,Crystal Palace,1447,2721,1274,0.435,0.496,0.061,18000000,25000000,7000000,38.89,297
284857,Marc Cucurella,Defender,Left-Back,Spain,24,2021-22,2022-23,"Brighton & Hove Albion, Getafe CF",Chelsea FC,3114,1678,-1436,0.058,0.107,0.049,28000000,35000000,7000000,25,298
284730,Manuel Akanji,Defender,Centre-Back,Switzerland,28,2022-23,2023-24,Manchester City,Manchester City,2286,2514,228,0.039,0.072,0.033,38000000,45000000,7000000,18.42,299
134270,Dan Burn,Defender,Centre-Back,England,30,2020-21,2021-22,Brighton & Hove Albion,"Brighton & Hove Albion, Newcastle United",2059,2462,403,0.044,0.073,0.029,5000000,12000000,7000000,140,300
493003,Daniel Muñoz,Defender,Right-Back,Colombia,29,2023-24,2024-25,Crystal Palace,Crystal Palace,1440,3232,1792,0.25,0.278,0.028,18000000,25000000,7000000,38.89,301
487969,Randal Kolo Muani,Attack,Centre-Forward,France,23,2020-21,2021-22,FC Nantes,FC Nantes,3042,2958,-84,0.503,0.517,0.014,9000000,16000000,7000000,77.78,302
368891,Arthur Theate,Defender,Centre-Back,Belgium,23,2021-22,2022-23,Bologna Football Club 1909,Stade Rennais FC,2427,3129,702,0.111,0.115,0.004,15000000,22000000,7000000,46.67,303
524481,Roger Ibañez,Defender,Centre-Back,Brazil,24,2021-22,2022-23,Associazione Sportiva Roma,Associazione Sportiva Roma,2888,2796,-92,0.093,0.097,0.004,23000000,30000000,7000000,30.43,303
351816,Ismaël Bennacer,Midfield,Defensive Midfield,Algeria,25,2021-22,2022-23,AC Milan,AC Milan,1520,2012,492,0.178,0.179,0.001,33000000,40000000,7000000,21.21,304
289835,Jens Stage,Midfield,Central Midfield,Denmark,28,2023-24,2024-25,SV Werder Bremen,SV Werder Bremen,2336,2210,-126,0.231,0.611,0.38,7500000,14000000,6500000,86.67,305
532937,Johan Vásquez,Defender,Centre-Back,Mexico,25,2022-23,2023-24,US Cremonese,Genoa CFC,1809,2853,1044,0.05,0.063,0.013,3600000,10000000,6400000,177.78,306
282388,Giovanni Simeone,Attack,Centre-Forward,Argentina,26,2020-21,2021-22,Cagliari Calcio,"Cagliari Calcio, Hellas Verona",1742,2672,930,0.413,0.775,0.362,11000000,17000000,6000000,54.55,307
298976,Borja Mayoral,Attack,Centre-Forward,Spain,27,2022-23,2023-24,Getafe CF,Getafe CF,2776,2165,-611,0.324,0.665,0.341,9000000,15000000,6000000,66.67,308
318204,David Raum,Defender,Left-Back,Germany,26,2022-23,2023-24,RB Leipzig,RB Leipzig,1688,2745,1057,0.107,0.393,0.286,14000000,20000000,6000000,42.86,309
354814,M'Bala Nzola,Attack,Centre-Forward,Angola,26,2021-22,2022-23,Spezia Calcio,Spezia Calcio,1061,2653,1592,0.254,0.509,0.255,2000000,8000000,6000000,300,310
272261,Antonín Barák,Midfield,Attacking Midfield,Czech Republic,27,2020-21,2021-22,Hellas Verona,Hellas Verona,2772,2345,-427,0.325,0.576,0.251,14000000,20000000,6000000,42.86,311
616344,Tiago Tomás,Attack,Right Winger,Portugal,23,2023-24,2024-25,VfL Wolfsburg,VfL Wolfsburg,1028,1893,865,0.175,0.38,0.205,6000000,12000000,6000000,100,312
391004,Jonas Wind,Attack,Centre-Forward,Denmark,25,2022-23,2023-24,VfL Wolfsburg,VfL Wolfsburg,1296,2663,1367,0.417,0.608,0.191,14000000,20000000,6000000,42.86,313
159088,Robert Andrich,Midfield,Defensive Midfield,Germany,29,2022-23,2023-24,Bayer 04 Leverkusen,Bayer 04 Leverkusen,2410,1682,-728,0.149,0.321,0.172,11000000,17000000,6000000,54.55,314
341227,Juan Miranda,Defender,Left-Back,Spain,25,2023-24,2024-25,Real Betis Balompié,Bologna Football Club 1909,1860,2277,417,0.097,0.237,0.14,9000000,15000000,6000000,66.67,315
534033,Alexis Mac Allister,Midfield,Central Midfield,Argentina,23,2020-21,2021-22,Brighton & Hove Albion,Brighton & Hove Albion,1115,2115,1000,0.161,0.298,0.137,10000000,16000000,6000000,60,316
509022,Federico Gatti,Defender,Centre-Back,Italy,26,2022-23,2023-24,Juventus FC,Juventus FC,1446,2640,1194,0,0.136,0.136,12000000,18000000,6000000,50,317
357233,Leandro Barreiro,Midfield,Central Midfield,Luxembourg,23,2021-22,2022-23,1.FSV Mainz 05,1.FSV Mainz 05,1790,2144,354,0.201,0.336,0.135,8000000,14000000,6000000,75,318
538964,Thijs Dallinga,Attack,Centre-Forward,Netherlands,23,2022-23,2023-24,FC Toulouse,FC Toulouse,2368,2514,146,0.494,0.609,0.115,12000000,18000000,6000000,50,319
560593,Hicham Boudaoui,Midfield,Central Midfield,Algeria,25,2023-24,2024-25,OGC Nice,OGC Nice,1609,2440,831,0.112,0.221,0.109,9000000,15000000,6000000,66.67,320
159088,Robert Andrich,Midfield,Defensive Midfield,Germany,27,2020-21,2021-22,1.FC Union Berlin,Bayer 04 Leverkusen,2529,1820,-709,0.249,0.346,0.097,7000000,13000000,6000000,85.71,321
470794,Ivan Ilić,Midfield,Central Midfield,Serbia,21,2020-21,2021-22,Hellas Verona,Hellas Verona,1833,2537,704,0.098,0.177,0.079,8000000,14000000,6000000,75,322
223979,Xaver Schlager,Midfield,Central Midfield,Austria,26,2022-23,2023-24,RB Leipzig,RB Leipzig,1503,2484,981,0.12,0.181,0.061,22000000,28000000,6000000,27.27,323
256178,Joe Gomez,Defender,Centre-Back,England,27,2022-23,2023-24,Liverpool FC,Liverpool FC,1461,1776,315,0,0.051,0.051,22000000,28000000,6000000,27.27,324
484988,Logan Costa,Defender,Centre-Back,Cape Verde,24,2023-24,2024-25,FC Toulouse,"FC Toulouse, Villarreal CF",2645,2676,31,0.068,0.101,0.033,12000000,18000000,6000000,50,325
270171,Vitaly Janelt,Midfield,Defensive Midfield,Germany,25,2021-22,2022-23,Brentford FC,Brentford FC,2308,2210,-98,0.156,0.163,0.007,14000000,20000000,6000000,42.86,326
410708,Pascal Struijk,Defender,Centre-Back,Netherlands,22,2020-21,2021-22,Leeds United,Leeds United,2076,2051,-25,0.043,0.044,0.001,9000000,15000000,6000000,66.67,327
343959,Erhan Masovic,Defender,Centre-Back,Serbia,24,2021-22,2022-23,VfL Bochum,VfL Bochum,1530,2174,644,0,0.166,0.166,2500000,8000000,5500000,220,328
649016,El Bilal Touré,Attack,Left Winger,Mali,21,2021-22,2022-23,Stade Reims,"Stade Reims, UD Almería",1200,1364,164,0.45,0.594,0.144,6500000,12000000,5500000,84.62,329
346853,Romano Schmid,Midfield,Attacking Midfield,Austria,24,2022-23,2023-24,SV Werder Bremen,SV Werder Bremen,1520,2615,1095,0.237,0.379,0.142,4500000,10000000,5500000,122.22,330
331505,Óscar Mingueza,Defender,Right-Back,Spain,25,2022-23,2023-24,Celta de Vigo,Celta de Vigo,1284,3002,1718,0,0.12,0.12,2500000,8000000,5500000,220,331
353032,Omar Alderete,Defender,Centre-Back,Paraguay,25,2020-21,2021-22,Hertha BSC,Valencia CF,1299,2410,1111,0,0.075,0.075,4500000,10000000,5500000,122.22,332
547985,Fabiano Parisi,Defender,Left-Back,Italy,22,2021-22,2022-23,FC Empoli,FC Empoli,1475,2834,1359,0.061,0.127,0.066,4500000,10000000,5500000,122.22,333
187492,Julian Brandt,Midfield,Attacking Midfield,Germany,26,2020-21,2021-22,Borussia Dortmund,Borussia Dortmund,1490,2082,592,0.302,0.735,0.433,20000000,25000000,5000000,25,334
242086,Patrik Schick,Attack,Centre-Forward,Czech Republic,29,2023-24,2024-25,Bayer 04 Leverkusen,Bayer 04 Leverkusen,1065,1686,621,0.761,1.174,0.413,22000000,27000000,5000000,22.73,335
370846,Timothy Weah,Midfield,Right Midfield,United States,25,2023-24,2024-25,Juventus FC,Juventus FC,1248,1638,390,0.072,0.44,0.368,12000000,17000000,5000000,41.67,336
418659,Amine Gouiri,Attack,Centre-Forward,Algeria,25,2023-24,2024-25,Stade Rennais FC,"Olympique Marseille, Stade Rennais FC",2077,2089,12,0.433,0.775,0.342,25000000,30000000,5000000,20,337
356141,Daichi Kamada,Midfield,Attacking Midfield,Japan,26,2021-22,2022-23,Eintracht Frankfurt,Eintracht Frankfurt,2145,2271,126,0.294,0.634,0.34,22000000,27000000,5000000,22.73,338
425918,Jakub Kiwior,Defender,Centre-Back,Poland,24,2022-23,2023-24,"Arsenal FC, Spezia Calcio",Arsenal FC,1874,945,-929,0.048,0.381,0.333,25000000,30000000,5000000,20,339
463618,Khéphren Thuram,Midfield,Central Midfield,France,24,2023-24,2024-25,OGC Nice,Juventus FC,2114,2329,215,0.085,0.386,0.301,35000000,40000000,5000000,14.29,340
243714,Kingsley Coman,Attack,Left Winger,France,27,2021-22,2022-23,Bayern Munich,Bayern Munich,1369,1419,50,0.592,0.888,0.296,60000000,65000000,5000000,8.33,341
451276,Dominik Szoboszlai,Midfield,Attacking Midfield,Hungary,24,2023-24,2024-25,Liverpool FC,Liverpool FC,2111,2497,386,0.213,0.469,0.256,75000000,80000000,5000000,6.67,342
334526,Denis Zakaria,Midfield,Defensive Midfield,Switzerland,28,2023-24,2024-25,AS Monaco,AS Monaco,2142,2148,6,0.168,0.419,0.251,25000000,30000000,5000000,20,343
205938,Mario Pašalić,Midfield,Central Midfield,Croatia,27,2020-21,2021-22,Atalanta BC,Atalanta BC,1113,2008,895,0.647,0.896,0.249,23000000,28000000,5000000,21.74,344
203460,Jack Grealish,Attack,Left Winger,England,27,2021-22,2022-23,Manchester City,Manchester City,1916,2063,147,0.282,0.524,0.242,70000000,75000000,5000000,7.14,345
360518,Teun Koopmeiners,Midfield,Defensive Midfield,Netherlands,25,2021-22,2022-23,Atalanta BC,Atalanta BC,2128,2861,733,0.211,0.44,0.229,25000000,30000000,5000000,20,346
349066,Alexander Isak,Attack,Centre-Forward,Sweden,24,2022-23,2023-24,"Newcastle United, Real Sociedad",Newcastle United,1680,2266,586,0.696,0.914,0.218,70000000,75000000,5000000,7.14,347
126414,Hakan Çalhanoğlu,Midfield,Defensive Midfield,Türkiye,30,2022-23,2023-24,Inter Milan,Inter Milan,2374,2576,202,0.341,0.559,0.218,40000000,45000000,5000000,12.5,347
626724,João Pedro,Attack,Centre-Forward,Brazil,23,2023-24,2024-25,Brighton & Hove Albion,Brighton & Hove Albion,2047,1953,-94,0.528,0.737,0.209,45000000,50000000,5000000,11.11,348
324358,Ollie Watkins,Attack,Centre-Forward,England,27,2021-22,2022-23,Aston Villa,Aston Villa,2955,3136,181,0.396,0.603,0.207,35000000,40000000,5000000,14.29,349
546543,Darwin Núñez,Attack,Centre-Forward,Uruguay,25,2022-23,2023-24,Liverpool FC,Liverpool FC,1698,2045,347,0.636,0.836,0.2,65000000,70000000,5000000,7.69,350
486031,Nico González,Attack,Left Winger,Argentina,26,2022-23,2023-24,ACF Fiorentina,ACF Fiorentina,1354,1913,559,0.465,0.659,0.194,30000000,35000000,5000000,16.67,351
296622,Marco Asensio,Midfield,Attacking Midfield,Spain,26,2020-21,2021-22,Real Madrid,Real Madrid,1876,1704,-172,0.336,0.528,0.192,35000000,40000000,5000000,14.29,352
266807,Ángel Correa,Attack,Second Striker,Argentina,27,2020-21,2021-22,Atlético de Madrid,Atlético de Madrid,2410,1857,-553,0.635,0.824,0.189,40000000,45000000,5000000,12.5,353
314353,Trent Alexander-Arnold,Defender,Right-Back,England,23,2020-21,2021-22,Liverpool FC,Liverpool FC,3033,2854,-179,0.267,0.441,0.174,75000000,80000000,5000000,6.67,354
229804,Aritz Elustondo,Defender,Centre-Back,Spain,28,2020-21,2021-22,Real Sociedad,Real Sociedad,1886,2103,217,0.048,0.214,0.166,15000000,20000000,5000000,33.33,355
413039,Bryan Mbeumo,Attack,Right Winger,Cameroon,24,2022-23,2023-24,Brentford FC,Brentford FC,2928,1961,-967,0.523,0.688,0.165,35000000,40000000,5000000,14.29,356
373373,Lucas Martínez Quarta,Defender,Centre-Back,Argentina,28,2022-23,2023-24,ACF Fiorentina,ACF Fiorentina,2172,2292,120,0.083,0.236,0.153,10000000,15000000,5000000,50,357
569598,Youssouf Fofana,Midfield,Defensive Midfield,France,25,2022-23,2023-24,AS Monaco,AS Monaco,3089,2703,-386,0.117,0.266,0.149,25000000,30000000,5000000,20,358
167799,Pierre-Emile Højbjerg,Midfield,Defensive Midfield,Denmark,27,2021-22,2022-23,Tottenham Hotspur,Tottenham Hotspur,3199,3133,-66,0.113,0.259,0.146,40000000,45000000,5000000,12.5,359
127189,Geoffrey Kondogbia,Midfield,Defensive Midfield,Central African Republic,29,2020-21,2021-22,"Atlético de Madrid, Valencia CF",Atlético de Madrid,1034,1884,850,0,0.143,0.143,15000000,20000000,5000000,33.33,360
429874,Ansgar Knauff,Attack,Right Winger,Germany,23,2023-24,2024-25,Eintracht Frankfurt,Eintracht Frankfurt,2119,1605,-514,0.425,0.561,0.136,10000000,15000000,5000000,50,361
237662,Breel Embolo,Attack,Centre-Forward,Switzerland,26,2021-22,2022-23,Borussia Mönchengladbach,AS Monaco,2145,1854,-291,0.545,0.68,0.135,15000000,20000000,5000000,33.33,362
557613,Quentin Merlin,Defender,Left-Back,France,23,2023-24,2024-25,"FC Nantes, Olympique Marseille",Olympique Marseille,1995,1598,-397,0.09,0.225,0.135,10000000,15000000,5000000,50,362
351478,Mikel Oyarzabal,Attack,Centre-Forward,Spain,27,2022-23,2023-24,Real Sociedad,Real Sociedad,1215,2160,945,0.37,0.5,0.13,40000000,45000000,5000000,12.5,363
192565,Leroy Sané,Attack,Right Winger,Germany,28,2022-23,2023-24,Bayern Munich,Bayern Munich,2010,2137,127,0.672,0.8,0.128,65000000,70000000,5000000,7.69,364
429983,Jørgen Strand Larsen,Attack,Centre-Forward,Norway,25,2023-24,2024-25,Celta de Vigo,Wolverhampton Wanderers,2888,2603,-285,0.499,0.622,0.123,25000000,30000000,5000000,20,365
255942,Nicolò Barella,Midfield,Central Midfield,Italy,25,2020-21,2021-22,Inter Milan,Inter Milan,2901,2933,32,0.372,0.491,0.119,65000000,70000000,5000000,7.69,366
435338,Gabriel,Defender,Centre-Back,Brazil,27,2023-24,2024-25,Arsenal FC,Arsenal FC,3044,2365,-679,0.118,0.228,0.11,70000000,75000000,5000000,7.14,367
316264,Martin Ødegaard,Midfield,Attacking Midfield,Norway,23,2020-21,2021-22,"Arsenal FC, Real Madrid",Arsenal FC,1098,2793,1695,0.246,0.354,0.108,40000000,45000000,5000000,12.5,368
278359,Borja Iglesias,Attack,Centre-Forward,Spain,30,2021-22,2022-23,Real Betis Balompié,Real Betis Balompié,1571,2381,810,0.573,0.68,0.107,15000000,20000000,5000000,33.33,369
450050,Jean-Ricner Bellegarde,Midfield,Central Midfield,Haiti,26,2022-23,2023-24,RC Strasbourg Alsace,"RC Strasbourg Alsace, Wolverhampton Wanderers",2429,1227,-1202,0.408,0.513,0.105,10000000,15000000,5000000,50,370
196948,Andreas Christensen,Defender,Centre-Back,Denmark,27,2021-22,2022-23,Chelsea FC,FC Barcelona,1494,1764,270,0,0.102,0.102,35000000,40000000,5000000,14.29,371
532775,Melvin Bard,Defender,Left-Back,France,23,2022-23,2023-24,OGC Nice,OGC Nice,2458,2661,203,0,0.101,0.101,7000000,12000000,5000000,71.43,372
260827,Joachim Andersen,Defender,Centre-Back,Denmark,28,2022-23,2023-24,Crystal Palace,Crystal Palace,2783,3417,634,0.032,0.132,0.1,30000000,35000000,5000000,16.67,373
286297,Lorenzo Pellegrini,Midfield,Attacking Midfield,Italy,26,2020-21,2021-22,Associazione Sportiva Roma,Associazione Sportiva Roma,2607,2300,-307,0.449,0.548,0.099,40000000,45000000,5000000,12.5,374
465830,Mattéo Guendouzi,Midfield,Central Midfield,France,23,2020-21,2021-22,Hertha BSC,Olympique Marseille,1818,3154,1336,0.248,0.342,0.094,20000000,25000000,5000000,25,375
470794,Ivan Ilić,Midfield,Central Midfield,Serbia,22,2021-22,2022-23,Hellas Verona,"Hellas Verona, Torino FC",2537,2033,-504,0.177,0.266,0.089,14000000,19000000,5000000,35.71,376
314353,Trent Alexander-Arnold,Defender,Right-Back,England,26,2023-24,2024-25,Liverpool FC,Liverpool FC,2163,2377,214,0.291,0.379,0.088,70000000,75000000,5000000,7.14,377
552425,Jon Moncayola,Midfield,Central Midfield,Spain,24,2020-21,2021-22,CA Osasuna,CA Osasuna,2664,2924,260,0.068,0.154,0.086,7000000,12000000,5000000,71.43,378
453016,Anthony Caci,Defender,Right-Back,France,27,2023-24,2024-25,1.FSV Mainz 05,1.FSV Mainz 05,2493,2705,212,0.181,0.266,0.085,7000000,12000000,5000000,71.43,379
340324,Eddie Nketiah,Attack,Centre-Forward,England,25,2022-23,2023-24,Arsenal FC,Arsenal FC,1071,1072,1,0.504,0.588,0.084,25000000,30000000,5000000,20,380
158863,Iñigo Martínez,Defender,Centre-Back,Spain,31,2020-21,2021-22,Athletic Bilbao,Athletic Bilbao,2520,2344,-176,0.036,0.115,0.079,20000000,25000000,5000000,25,381
442891,Martin Terrier,Attack,Left Winger,France,26,2021-22,2022-23,Stade Rennais FC,Stade Rennais FC,2807,1329,-1478,0.802,0.88,0.078,25000000,30000000,5000000,20,382
351809,Robin Le Normand,Defender,Centre-Back,Spain,27,2022-23,2023-24,Real Sociedad,Real Sociedad,2795,2472,-323,0,0.073,0.073,35000000,40000000,5000000,14.29,383
605184,Jean-Clair Todibo,Defender,Centre-Back,France,24,2022-23,2023-24,OGC Nice,OGC Nice,2872,2654,-218,0,0.068,0.068,30000000,35000000,5000000,16.67,384
476352,Renan Lodi,Defender,Left-Back,Brazil,24,2020-21,2021-22,Atlético de Madrid,Atlético de Madrid,1122,1175,53,0.241,0.306,0.065,25000000,30000000,5000000,20,385
670847,Mohamed-Ali Cho,Attack,Right Winger,France,21,2023-24,2024-25,"OGC Nice, Real Sociedad",OGC Nice,1104,1636,532,0.326,0.385,0.059,10000000,15000000,5000000,50,386
521964,Malick Thiaw,Defender,Centre-Back,Germany,22,2022-23,2023-24,"AC Milan, FC Schalke 04",AC Milan,1633,1620,-13,0,0.056,0.056,20000000,25000000,5000000,25,387
344695,Dayot Upamecano,Defender,Centre-Back,France,26,2023-24,2024-25,Bayern Munich,Bayern Munich,1770,1763,-7,0.051,0.102,0.051,45000000,50000000,5000000,11.11,388
659813,Piero Hincapié,Defender,Centre-Back,Ecuador,22,2022-23,2023-24,Bayer 04 Leverkusen,Bayer 04 Leverkusen,2468,1483,-985,0.073,0.121,0.048,35000000,40000000,5000000,14.29,389
516716,Bremer,Defender,Centre-Back,Brazil,26,2021-22,2022-23,Torino FC,Juventus FC,2893,2640,-253,0.124,0.17,0.046,35000000,40000000,5000000,14.29,390
192565,Leroy Sané,Attack,Right Winger,Germany,27,2021-22,2022-23,Bayern Munich,Bayern Munich,1980,2010,30,0.636,0.672,0.036,60000000,65000000,5000000,8.33,391
290862,Maxime Lopez,Midfield,Defensive Midfield,France,24,2020-21,2021-22,"Olympique Marseille, US Sassuolo",US Sassuolo,2002,2939,937,0.09,0.122,0.032,10000000,15000000,5000000,50,392
525704,Nicolò Rovella,Midfield,Defensive Midfield,Italy,20,2020-21,2021-22,Genoa CFC,Genoa CFC,1187,1467,280,0.152,0.184,0.032,5000000,10000000,5000000,100,392
571604,Giorgio Scalvini,Defender,Centre-Back,Italy,20,2022-23,2023-24,Atalanta BC,Atalanta BC,2343,2553,210,0.115,0.141,0.026,40000000,45000000,5000000,12.5,393
106987,Marcel Sabitzer,Midfield,Central Midfield,Austria,29,2021-22,2022-23,"Bayern Munich, RB Leipzig","Bayern Munich, Manchester United",945,1252,307,0.19,0.216,0.026,15000000,20000000,5000000,33.33,393
569366,Enzo Millot,Midfield,Attacking Midfield,France,22,2023-24,2024-25,VfB Stuttgart,VfB Stuttgart,2255,1851,-404,0.519,0.535,0.016,30000000,35000000,5000000,16.67,394
401922,Samuel Chukwueze,Attack,Right Winger,Nigeria,24,2021-22,2022-23,Villarreal CF,Villarreal CF,1329,2348,1019,0.406,0.422,0.016,20000000,25000000,5000000,25,394
326031,Matthijs de Ligt,Defender,Centre-Back,Netherlands,23,2021-22,2022-23,Juventus FC,Bayern Munich,2674,2403,-271,0.135,0.15,0.015,70000000,75000000,5000000,7.14,395
202591,Benjamin Henrichs,Defender,Right-Back,Germany,27,2022-23,2023-24,RB Leipzig,RB Leipzig,2188,2531,343,0.206,0.213,0.007,15000000,20000000,5000000,33.33,396
295313,Taiwo Awoniyi,Attack,Centre-Forward,Nigeria,25,2021-22,2022-23,1.FC Union Berlin,Nottingham Forest,2202,1411,-791,0.695,0.702,0.007,20000000,25000000,5000000,25,396
502821,Riccardo Calafiori,Defender,Left-Back,Italy,23,2023-24,2024-25,Bologna Football Club 1909,Arsenal FC,2338,985,-1353,0.269,0.274,0.005,30000000,35000000,5000000,16.67,397
459128,Marco Brescianini,Midfield,Central Midfield,Italy,25,2023-24,2024-25,Frosinone Calcio,Atalanta BC,2322,983,-1339,0.233,0.549,0.316,3500000,8000000,4500000,128.57,398
303259,Dodi Lukébakio,Attack,Right Winger,Belgium,25,2021-22,2022-23,"Hertha BSC, VfL Wolfsburg",Hertha BSC,1049,2407,1358,0.429,0.561,0.132,7500000,12000000,4500000,60,399
341264,Fran García,Defender,Left-Back,Spain,23,2021-22,2022-23,Rayo Vallecano,Rayo Vallecano,3026,3399,373,0.03,0.132,0.102,7500000,12000000,4500000,60,400
315145,Azor Matusiwa,Midfield,Defensive Midfield,Netherlands,26,2022-23,2023-24,Stade Reims,"Stade Reims, Stade Rennais FC",2493,2183,-310,0,0.082,0.082,7500000,12000000,4500000,60,401
585982,Carlos Augusto,Defender,Left-Back,Brazil,26,2023-24,2024-25,Inter Milan,Inter Milan,1704,1681,-23,0.158,0.375,0.217,22000000,26000000,4000000,18.18,402
223974,Stefan Posch,Defender,Centre-Back,Austria,26,2021-22,2022-23,TSG 1899 Hoffenheim,"Bologna Football Club 1909, TSG 1899 Hoffenheim",2202,2559,357,0.082,0.281,0.199,10000000,14000000,4000000,40,403
157507,Adrien Tamèze,Midfield,Defensive Midfield,France,28,2020-21,2021-22,Hellas Verona,Hellas Verona,2311,2573,262,0.039,0.21,0.171,6000000,10000000,4000000,66.67,404
546213,Tuta,Defender,Centre-Back,Brazil,22,2020-21,2021-22,Eintracht Frankfurt,Eintracht Frankfurt,1458,2187,729,0,0.165,0.165,9000000,13000000,4000000,44.44,405
569389,Sofiane Diop,Attack,Left Winger,Morocco,22,2020-21,2021-22,AS Monaco,AS Monaco,2034,1954,-80,0.354,0.507,0.153,16000000,20000000,4000000,25,406
678406,Sergi Cardona,Defender,Left-Back,Spain,25,2023-24,2024-25,UD Las Palmas,Villarreal CF,2816,2955,139,0.096,0.244,0.148,6000000,10000000,4000000,66.67,407
361065,Mitchel Bakker,Midfield,Left Midfield,Netherlands,22,2020-21,2021-22,Paris Saint-Germain,Bayer 04 Leverkusen,1691,1823,132,0.106,0.247,0.141,10000000,14000000,4000000,40,408
318523,Romain Perraud,Defender,Left-Back,France,25,2021-22,2022-23,Southampton FC,Southampton FC,1625,1837,212,0.055,0.196,0.141,8000000,12000000,4000000,50,408
391005,Mads Roerslev,Defender,Right-Back,Denmark,25,2022-23,2023-24,Brentford FC,Brentford FC,1102,1988,886,0,0.136,0.136,6000000,10000000,4000000,66.67,409
369684,Rasmus Nissen Kristensen,Defender,Right-Back,Denmark,27,2023-24,2024-25,Associazione Sportiva Roma,Eintracht Frankfurt,1743,2516,773,0.155,0.286,0.131,10000000,14000000,4000000,40,410
274862,Moses Simon,Attack,Left Winger,Nigeria,28,2022-23,2023-24,FC Nantes,FC Nantes,2358,1793,-565,0.344,0.452,0.108,8000000,12000000,4000000,50,411
477758,Aaron Wan-Bissaka,Defender,Right-Back,DR Congo,27,2023-24,2024-25,Manchester United,West Ham United,1782,3155,1373,0.101,0.2,0.099,20000000,24000000,4000000,20,412
146752,Gianluca Caprari,Attack,Second Striker,Italy,28,2020-21,2021-22,Benevento Calcio,Hellas Verona,1874,2754,880,0.528,0.621,0.093,6000000,10000000,4000000,66.67,413
417346,Jack Harrison,Attack,Left Winger,England,26,2021-22,2022-23,Leeds United,Leeds United,2647,2727,80,0.306,0.396,0.09,18000000,22000000,4000000,22.22,414
745181,Soungoutou Magassa,Midfield,Defensive Midfield,France,21,2023-24,2024-25,AS Monaco,AS Monaco,1343,1022,-321,0,0.088,0.088,8000000,12000000,4000000,50,415
585959,Arnaud Kalimuendo,Attack,Centre-Forward,France,21,2021-22,2022-23,"Paris Saint-Germain, RC Lens",Stade Rennais FC,2174,1863,-311,0.497,0.58,0.083,18000000,22000000,4000000,22.22,416
371149,Evan Ndicka,Defender,Centre-Back,Cote d'Ivoire,22,2020-21,2021-22,Eintracht Frankfurt,Eintracht Frankfurt,2045,2858,813,0.176,0.252,0.076,28000000,32000000,4000000,14.29,417
54235,Iker Muniain,Attack,Left Winger,Spain,29,2020-21,2021-22,Athletic Bilbao,Athletic Bilbao,1957,2803,846,0.414,0.482,0.068,12000000,16000000,4000000,33.33,418
258878,Tosin Adarabioyo,Defender,Centre-Back,England,26,2022-23,2023-24,Fulham FC,Fulham FC,2084,1617,-467,0.043,0.111,0.068,16000000,20000000,4000000,25,418
497291,Nicolás Domínguez,Midfield,Central Midfield,Argentina,25,2021-22,2022-23,Bologna Football Club 1909,Bologna Football Club 1909,2025,2308,283,0.133,0.195,0.062,13000000,17000000,4000000,30.77,419
361254,Rafa Mir,Attack,Centre-Forward,Spain,25,2020-21,2021-22,SD Huesca,Sevilla FC,2879,1801,-1078,0.438,0.5,0.062,12000000,16000000,4000000,33.33,419
420465,Tiago Djaló,Defender,Centre-Back,Portugal,23,2021-22,2022-23,LOSC Lille,LOSC Lille,2328,2021,-307,0.077,0.134,0.057,12000000,16000000,4000000,33.33,420
283994,Ludovic Ajorque,Attack,Centre-Forward,France,28,2020-21,2021-22,RC Strasbourg Alsace,RC Strasbourg Alsace,2972,2744,-228,0.606,0.656,0.05,12000000,16000000,4000000,33.33,421
361914,Nayef Aguerd,Defender,Centre-Back,Morocco,26,2020-21,2021-22,Stade Rennais FC,Stade Rennais FC,3148,2738,-410,0.114,0.164,0.05,8000000,12000000,4000000,50,421
393512,Felix Agu,Defender,Left-Back,Nigeria,25,2023-24,2024-25,SV Werder Bremen,SV Werder Bremen,1624,1761,137,0.166,0.204,0.038,4000000,8000000,4000000,100,422
225657,Philipp Lienhart,Defender,Centre-Back,Austria,25,2020-21,2021-22,SC Freiburg,SC Freiburg,2993,2871,-122,0.12,0.157,0.037,14000000,18000000,4000000,28.57,423
503991,Yunus Musah,Midfield,Central Midfield,United States,21,2022-23,2023-24,Valencia CF,AC Milan,2121,1470,-651,0.085,0.122,0.037,18000000,22000000,4000000,22.22,423
414908,Marshall Munetsi,Midfield,Central Midfield,Zimbabwe,27,2021-22,2022-23,Stade Reims,Stade Reims,1885,2707,822,0.334,0.366,0.032,5000000,9000000,4000000,80,424
124410,Rani Khedira,Midfield,Defensive Midfield,Tunisia,29,2021-22,2022-23,1.FC Union Berlin,1.FC Union Berlin,2765,2888,123,0.033,0.062,0.029,6000000,10000000,4000000,66.67,425
188888,Sheraldo Becker,Attack,Left Winger,Suriname,27,2020-21,2021-22,1.FC Union Berlin,1.FC Union Berlin,1115,1770,655,0.484,0.508,0.024,3000000,7000000,4000000,133.33,426
410158,Rodrigo Becão,Defender,Centre-Back,Brazil,27,2021-22,2022-23,Udinese Calcio,Udinese Calcio,3132,2487,-645,0.086,0.109,0.023,6000000,10000000,4000000,66.67,427
289592,Orel Mangala,Midfield,Defensive Midfield,Belgium,26,2022-23,2023-24,Nottingham Forest,"Nottingham Forest, Olympique Lyon",1555,1967,412,0.116,0.137,0.021,16000000,20000000,4000000,25,428
491693,Nehuén Pérez,Defender,Centre-Back,Argentina,23,2021-22,2022-23,Udinese Calcio,Udinese Calcio,1695,2826,1131,0.053,0.064,0.011,6000000,10000000,4000000,66.67,429
357885,Pablo Fornals,Midfield,Central Midfield,Spain,26,2020-21,2021-22,West Ham United,West Ham United,2584,2802,218,0.313,0.321,0.008,18000000,22000000,4000000,22.22,430
341051,Kyle Walker-Peters,Defender,Right-Back,England,25,2020-21,2021-22,Southampton FC,Southampton FC,2649,2632,-17,0.102,0.103,0.001,18000000,22000000,4000000,22.22,431
242273,Pedro Chirivella,Midfield,Defensive Midfield,Spain,25,2020-21,2021-22,FC Nantes,FC Nantes,2282,2646,364,0.079,0.136,0.057,3200000,7000000,3800000,118.75,432
245537,Nabil Bentaleb,Midfield,Defensive Midfield,Algeria,28,2021-22,2022-23,Angers SCO,Angers SCO,1523,2493,970,0.059,0.289,0.23,3500000,7000000,3500000,100,433
325223,Mama Baldé,Attack,Centre-Forward,Guinea-Bissau,27,2021-22,2022-23,ESTAC Troyes,ESTAC Troyes,1724,2671,947,0.313,0.539,0.226,4500000,8000000,3500000,77.78,434
166677,Brian Oliván,Defender,Left-Back,Spain,29,2021-22,2022-23,RCD Mallorca,RCD Espanyol Barcelona,2187,2413,226,0.082,0.298,0.216,2500000,6000000,3500000,140,435
234029,Grischa Prömel,Midfield,Central Midfield,Germany,27,2020-21,2021-22,1.FC Union Berlin,1.FC Union Berlin,1827,2428,601,0.197,0.334,0.137,4000000,7500000,3500000,87.5,436
500689,Evann Guessand,Attack,Right Winger,Cote d'Ivoire,22,2022-23,2023-24,FC Nantes,OGC Nice,1257,1540,283,0.358,0.468,0.11,4500000,8000000,3500000,77.78,437
380598,Santi Comesaña,Midfield,Central Midfield,Spain,26,2021-22,2022-23,Rayo Vallecano,Rayo Vallecano,2696,2471,-225,0.1,0.182,0.082,4000000,7500000,3500000,87.5,438
120205,Michael Gregoritsch,Attack,Centre-Forward,Austria,29,2021-22,2022-23,FC Augsburg,SC Freiburg,1390,2175,785,0.583,0.621,0.038,4500000,8000000,3500000,77.78,439
250844,Alexander Djiku,Defender,Centre-Back,Ghana,27,2020-21,2021-22,RC Strasbourg Alsace,RC Strasbourg Alsace,2556,2697,141,0,0.033,0.033,6500000,10000000,3500000,53.85,440
472249,Jan Thielmann,Attack,Right Winger,Germany,20,2020-21,2021-22,1.FC Köln,1.FC Köln,1023,1181,158,0.44,0.457,0.017,4000000,7500000,3500000,87.5,441
282250,Birger Meling,Defender,Left-Back,Norway,27,2020-21,2021-22,Nîmes Olympique,Stade Rennais FC,2329,1826,-503,0.193,0.197,0.004,3500000,7000000,3500000,100,442
250153,Pasquale Mazzocchi,Defender,Right-Back,Italy,27,2021-22,2022-23,"US Salernitana 1919, Venezia FC",US Salernitana 1919,2518,1966,-552,0.071,0.275,0.204,1500000,4800000,3300000,220,443
246968,Ayoze Pérez,Attack,Centre-Forward,Spain,31,2023-24,2024-25,Real Betis Balompié,Villarreal CF,2307,1976,-331,0.39,0.956,0.566,7000000,10000000,3000000,42.86,444
584769,Dwight McNeil,Attack,Left Winger,England,25,2023-24,2024-25,Everton FC,Everton FC,2898,1371,-1527,0.28,0.788,0.508,22000000,25000000,3000000,13.64,445
292818,Jonathan Bamba,Attack,Left Winger,Cote d'Ivoire,27,2021-22,2022-23,LOSC Lille,LOSC Lille,2444,2789,345,0.11,0.42,0.31,17000000,20000000,3000000,17.65,446
288225,Ludovic Blas,Midfield,Right Midfield,France,27,2023-24,2024-25,Stade Rennais FC,Stade Rennais FC,1564,2302,738,0.288,0.586,0.298,15000000,18000000,3000000,20,447
266359,Benjamin Bourigeaud,Midfield,Central Midfield,France,28,2020-21,2021-22,Stade Rennais FC,Stade Rennais FC,2558,3216,658,0.387,0.672,0.285,15000000,18000000,3000000,20,448
342405,Mattias Svanberg,Midfield,Central Midfield,Sweden,24,2021-22,2022-23,Bologna Football Club 1909,VfL Wolfsburg,2574,1834,-740,0.21,0.491,0.281,15000000,18000000,3000000,20,449
341264,Fran García,Defender,Left-Back,Spain,24,2022-23,2023-24,Rayo Vallecano,Real Madrid,3399,1395,-2004,0.132,0.387,0.255,12000000,15000000,3000000,25,450
215977,Adrien Thomasson,Midfield,Central Midfield,France,28,2020-21,2021-22,RC Strasbourg Alsace,RC Strasbourg Alsace,2639,2395,-244,0.205,0.451,0.246,6000000,9000000,3000000,50,451
234781,Maxwel Cornet,Attack,Left Winger,Cote d'Ivoire,25,2020-21,2021-22,Olympique Lyon,"Burnley FC, Olympique Lyon",2456,1841,-615,0.257,0.489,0.232,12000000,15000000,3000000,25,452
262939,Johan Mojica,Defender,Left-Back,Colombia,29,2020-21,2021-22,"Atalanta BC, Elche CF",Elche CF,1498,2858,1360,0,0.22,0.22,2000000,5000000,3000000,150,453
443331,Patrick Osterhage,Midfield,Defensive Midfield,Germany,24,2022-23,2023-24,VfL Bochum,VfL Bochum,1023,1863,840,0,0.193,0.193,4000000,7000000,3000000,75,454
242631,Alex Iwobi,Attack,Left Winger,Nigeria,29,2023-24,2024-25,"Everton FC, Fulham FC",Fulham FC,2346,2998,652,0.269,0.45,0.181,25000000,28000000,3000000,12,455
193116,John McGinn,Midfield,Central Midfield,Scotland,29,2022-23,2023-24,Aston Villa,Aston Villa,2698,3010,312,0.133,0.299,0.166,27000000,30000000,3000000,11.11,456
668547,Máximo Perrone,Midfield,Defensive Midfield,Argentina,22,2023-24,2024-25,UD Las Palmas,Como 1907,1627,1860,233,0,0.145,0.145,9000000,12000000,3000000,33.33,457
434224,Maxence Lacroix,Defender,Centre-Back,France,24,2022-23,2023-24,VfL Wolfsburg,VfL Wolfsburg,1626,2365,739,0.055,0.19,0.135,17000000,20000000,3000000,17.65,458
724520,Abde Ezzalzouli,Attack,Left Winger,Morocco,23,2023-24,2024-25,"FC Barcelona, Real Betis Balompié",Real Betis Balompié,921,1995,1074,0.098,0.226,0.128,9000000,12000000,3000000,33.33,459
376514,Mathías Olivera,Defender,Left-Back,Uruguay,24,2020-21,2021-22,Getafe CF,Getafe CF,2619,2807,188,0,0.128,0.128,12000000,15000000,3000000,25,459
263918,Aleksandr Golovin,Midfield,Attacking Midfield,Russia,27,2021-22,2022-23,AS Monaco,AS Monaco,1507,2483,976,0.418,0.544,0.126,25000000,28000000,3000000,12,460
303219,Jeff Chabot,Defender,Centre-Back,Germany,27,2023-24,2024-25,1.FC Köln,VfB Stuttgart,2707,2274,-433,0.033,0.158,0.125,9000000,12000000,3000000,33.33,461
290532,Saïd Benrahma,Attack,Left Winger,Algeria,26,2020-21,2021-22,West Ham United,West Ham United,1388,2184,796,0.454,0.577,0.123,22000000,25000000,3000000,13.64,462
425334,Matty Cash,Defender,Right-Back,Poland,26,2022-23,2023-24,Aston Villa,Aston Villa,1821,2143,322,0.049,0.168,0.119,25000000,28000000,3000000,12,463
202278,Flavien Tait,Midfield,Central Midfield,France,29,2020-21,2021-22,Stade Rennais FC,Stade Rennais FC,1370,2131,761,0.263,0.38,0.117,5000000,8000000,3000000,60,464
196357,Jonathan Tah,Defender,Centre-Back,Germany,26,2020-21,2021-22,Bayer 04 Leverkusen,Bayer 04 Leverkusen,2219,2882,663,0.041,0.156,0.115,22000000,25000000,3000000,13.64,465
283735,Mattia Zaccagni,Attack,Left Winger,Italy,27,2020-21,2021-22,Hellas Verona,"Hellas Verona, Società Sportiva Lazio S.p.A.",2630,2058,-572,0.411,0.525,0.114,15000000,18000000,3000000,20,466
274862,Moses Simon,Attack,Left Winger,Nigeria,26,2020-21,2021-22,FC Nantes,FC Nantes,2341,2351,10,0.423,0.536,0.113,7000000,10000000,3000000,42.86,467
425334,Matty Cash,Defender,Right-Back,Poland,24,2020-21,2021-22,Aston Villa,Aston Villa,2378,3380,1002,0.076,0.186,0.11,22000000,25000000,3000000,13.64,468
447661,Douglas Luiz,Midfield,Central Midfield,Brazil,24,2020-21,2021-22,Aston Villa,Aston Villa,2791,2722,-69,0.064,0.165,0.101,35000000,38000000,3000000,8.57,469
376514,Mathías Olivera,Defender,Left-Back,Uruguay,25,2021-22,2022-23,Getafe CF,SSC Napoli,2807,1635,-1172,0.128,0.22,0.092,15000000,18000000,3000000,20,470
324811,Arnaud Nordin,Attack,Right Winger,France,25,2021-22,2022-23,AS Saint-Étienne,Montpellier HSC,1876,2420,544,0.432,0.521,0.089,4000000,7000000,3000000,75,471
666234,Mohamed Simakan,Defender,Centre-Back,France,23,2021-22,2022-23,RB Leipzig,RB Leipzig,2009,1457,-552,0.045,0.124,0.079,22000000,25000000,3000000,13.64,472
410708,Pascal Struijk,Defender,Centre-Back,Netherlands,23,2021-22,2022-23,Leeds United,Leeds United,2051,2203,152,0.044,0.123,0.079,15000000,18000000,3000000,20,472
730893,Tyrick Mitchell,Defender,Left-Back,England,24,2022-23,2023-24,Crystal Palace,Crystal Palace,2896,3210,314,0.062,0.14,0.078,22000000,25000000,3000000,13.64,473
206912,Jimmy Cabot,Midfield,Right Midfield,France,28,2020-21,2021-22,Angers SCO,Angers SCO,940,2012,1072,0.191,0.268,0.077,2000000,5000000,3000000,150,474
300168,Mikel Vesga,Midfield,Defensive Midfield,Spain,30,2021-22,2022-23,Athletic Bilbao,Athletic Bilbao,1357,2574,1217,0.133,0.21,0.077,3000000,6000000,3000000,100,474
292808,Wout Faes,Defender,Centre-Back,Belgium,24,2020-21,2021-22,Stade Reims,Stade Reims,2901,3330,429,0.031,0.108,0.077,7000000,10000000,3000000,42.86,474
342385,Guido Rodríguez,Midfield,Defensive Midfield,Argentina,28,2020-21,2021-22,Real Betis Balompié,Real Betis Balompié,2870,2533,-337,0.031,0.107,0.076,22000000,25000000,3000000,13.64,475
535955,Nuno Tavares,Defender,Left-Back,Portugal,23,2021-22,2022-23,Arsenal FC,Olympique Marseille,1171,2350,1179,0.154,0.23,0.076,15000000,18000000,3000000,20,475
404842,Vitaliy Mykolenko,Defender,Left-Back,Ukraine,25,2022-23,2023-24,Everton FC,Everton FC,2655,2471,-184,0,0.073,0.073,25000000,28000000,3000000,12,476
295313,Taiwo Awoniyi,Attack,Centre-Forward,Nigeria,26,2022-23,2023-24,Nottingham Forest,Nottingham Forest,1411,1046,-365,0.702,0.774,0.072,25000000,28000000,3000000,12,477
282660,Maximilian Mittelstädt,Defender,Left-Back,Germany,28,2023-24,2024-25,VfB Stuttgart,VfB Stuttgart,2102,2476,374,0.257,0.327,0.07,17000000,20000000,3000000,17.65,478
469050,Nathan Collins,Defender,Centre-Back,Ireland,23,2022-23,2023-24,Wolverhampton Wanderers,Brentford FC,1812,2650,838,0,0.068,0.068,22000000,25000000,3000000,13.64,479
250779,Brendan Chardonnet,Defender,Centre-Back,France,29,2022-23,2023-24,Stade Brestois 29,Stade Brestois 29,2489,2970,481,0,0.061,0.061,5000000,8000000,3000000,60,480
624037,Joris Chotard,Midfield,Defensive Midfield,France,20,2020-21,2021-22,Montpellier HSC,Montpellier HSC,1155,2944,1789,0,0.061,0.061,7000000,10000000,3000000,42.86,480
497291,Nicolás Domínguez,Midfield,Central Midfield,Argentina,24,2020-21,2021-22,Bologna Football Club 1909,Bologna Football Club 1909,1256,2025,769,0.072,0.133,0.061,10000000,13000000,3000000,30,480
344152,Odsonne Édouard,Attack,Centre-Forward,France,26,2022-23,2023-24,Crystal Palace,Crystal Palace,1806,1555,-251,0.349,0.405,0.056,15000000,18000000,3000000,20,481
229006,Franck Honorat,Attack,Right Winger,France,25,2020-21,2021-22,Stade Brestois 29,Stade Brestois 29,2469,2911,442,0.474,0.526,0.052,7000000,10000000,3000000,42.86,482
60410,Marcos Acuña,Defender,Left-Back,Argentina,30,2020-21,2021-22,Sevilla FC,Sevilla FC,2331,2264,-67,0.116,0.159,0.043,15000000,18000000,3000000,20,483
532775,Melvin Bard,Defender,Left-Back,France,24,2023-24,2024-25,OGC Nice,OGC Nice,2661,1941,-720,0.101,0.139,0.038,12000000,15000000,3000000,25,484
260827,Joachim Andersen,Defender,Centre-Back,Denmark,26,2020-21,2021-22,"Fulham FC, Olympique Lyon",Crystal Palace,2921,2915,-6,0.062,0.093,0.031,22000000,25000000,3000000,13.64,485
216870,Nacho Vidal,Defender,Right-Back,Spain,27,2020-21,2021-22,CA Osasuna,CA Osasuna,2343,2906,563,0,0.031,0.031,2000000,5000000,3000000,150,485
569387,Valentin Gendrey,Defender,Right-Back,France,24,2022-23,2023-24,US Lecce,US Lecce,3104,3051,-53,0.116,0.147,0.031,4000000,7000000,3000000,75,485
249089,Lewis Cook,Midfield,Central Midfield,England,28,2023-24,2024-25,AFC Bournemouth,AFC Bournemouth,2792,2978,186,0.097,0.121,0.024,12000000,15000000,3000000,25,486
392757,Marc Guéhi,Defender,Centre-Back,England,23,2022-23,2023-24,Crystal Palace,Crystal Palace,3330,2023,-1307,0.027,0.044,0.017,35000000,38000000,3000000,8.57,487
649452,Issa Kaboré,Defender,Right-Back,Burkina Faso,23,2022-23,2023-24,Olympique Marseille,Luton Town,1020,1732,712,0.088,0.104,0.016,7000000,10000000,3000000,42.86,488
557149,Kang-in Lee,Midfield,Attacking Midfield,"Korea, South",23,2022-23,2023-24,RCD Mallorca,Paris Saint-Germain,2843,1472,-1371,0.412,0.428,0.016,22000000,25000000,3000000,13.64,488
291200,Moussa Niakhaté,Defender,Centre-Back,Senegal,26,2020-21,2021-22,1.FSV Mainz 05,1.FSV Mainz 05,2867,2567,-300,0.126,0.14,0.014,15000000,18000000,3000000,20,489
503991,Yunus Musah,Midfield,Central Midfield,United States,20,2021-22,2022-23,Valencia CF,Valencia CF,1236,2121,885,0.073,0.085,0.012,15000000,18000000,3000000,20,490
181378,Gaëtan Laborde,Attack,Centre-Forward,France,28,2020-21,2021-22,Montpellier HSC,"Montpellier HSC, Stade Rennais FC",3270,3086,-184,0.661,0.671,0.01,15000000,18000000,3000000,20,491
649452,Issa Kaboré,Defender,Right-Back,Burkina Faso,22,2021-22,2022-23,ESTAC Troyes,Olympique Marseille,2260,1020,-1240,0.08,0.088,0.008,4000000,7000000,3000000,75,492
144028,Leandro Trossard,Attack,Left Winger,Belgium,27,2020-21,2021-22,Brighton & Hove Albion,Brighton & Hove Albion,2618,2809,191,0.344,0.352,0.008,17000000,20000000,3000000,17.65,492
157509,Kurt Zouma,Defender,Centre-Back,France,29,2022-23,2023-24,West Ham United,West Ham United,1990,2839,849,0.09,0.095,0.005,22000000,25000000,3000000,13.64,493
213670,Lucas Torró,Midfield,Defensive Midfield,Spain,28,2021-22,2022-23,CA Osasuna,CA Osasuna,2733,2488,-245,0.033,0.036,0.003,5000000,8000000,3000000,60,494
372712,Ibrahima Sissoko,Midfield,Defensive Midfield,Mali,24,2020-21,2021-22,RC Strasbourg Alsace,RC Strasbourg Alsace,2584,2307,-277,0,0.312,0.312,5500000,8000000,2500000,45.45,495
414908,Marshall Munetsi,Midfield,Central Midfield,Zimbabwe,26,2020-21,2021-22,Stade Reims,Stade Reims,1928,1885,-43,0.047,0.334,0.287,2500000,5000000,2500000,100,496
193900,Marius Wolf,Defender,Right-Back,Germany,27,2020-21,2021-22,1.FC Köln,Borussia Dortmund,2562,1322,-1240,0.176,0.34,0.164,4000000,6500000,2500000,62.5,497
287188,Dejan Ljubicic,Midfield,Defensive Midfield,Austria,25,2021-22,2022-23,1.FC Köln,1.FC Köln,1975,1722,-253,0.182,0.314,0.132,7500000,10000000,2500000,33.33,498
471055,Marvin Pieringer,Attack,Centre-Forward,Germany,25,2023-24,2024-25,1. Fußballclub Heidenheim 1846,1. Fußballclub Heidenheim 1846,1518,2225,707,0.356,0.485,0.129,3000000,5500000,2500000,83.33,499
307052,Masaya Okugawa,Attack,Left Winger,Japan,26,2020-21,2021-22,Arminia Bielefeld,Arminia Bielefeld,920,2544,1624,0.196,0.318,0.122,2500000,5000000,2500000,100,500
450050,Jean-Ricner Bellegarde,Midfield,Central Midfield,Haiti,24,2020-21,2021-22,RC Strasbourg Alsace,RC Strasbourg Alsace,2051,2349,298,0.088,0.192,0.104,5500000,8000000,2500000,45.45,501
671915,Enzo Barrenechea,Midfield,Defensive Midfield,Argentina,24,2023-24,2024-25,Frosinone Calcio,Valencia CF,2817,2206,-611,0.032,0.122,0.09,7500000,10000000,2500000,33.33,502
449151,Junior Messias,Attack,Right Winger,Brazil,31,2020-21,2021-22,FC Crotone,AC Milan,3218,1431,-1787,0.364,0.44,0.076,3500000,6000000,2500000,71.43,503
232320,Atakan Karazor,Midfield,Defensive Midfield,Türkiye,25,2020-21,2021-22,VfB Stuttgart,VfB Stuttgart,1031,1905,874,0,0.047,0.047,2000000,4500000,2500000,125,504
234523,Antonio Sanabria,Attack,Centre-Forward,Paraguay,27,2021-22,2022-23,Torino FC,Torino FC,1812,2443,631,0.546,0.589,0.043,7500000,10000000,2500000,33.33,505
217115,Neal Maupay,Attack,Centre-Forward,France,27,2022-23,2023-24,Everton FC,"Brentford FC, Everton FC",1115,1424,309,0.081,0.569,0.488,10000000,12000000,2000000,20,506
238407,Alexander Sørloth,Attack,Centre-Forward,Norway,27,2021-22,2022-23,Real Sociedad,"RB Leipzig, Real Sociedad",1760,2403,643,0.205,0.562,0.357,10000000,12000000,2000000,20,507
297070,Hamari Traoré,Defender,Right-Back,Mali,30,2020-21,2021-22,Stade Rennais FC,Stade Rennais FC,3003,2898,-105,0.06,0.404,0.344,8000000,10000000,2000000,25,508
584769,Dwight McNeil,Attack,Left Winger,England,23,2021-22,2022-23,Burnley FC,Everton FC,3112,2499,-613,0.029,0.36,0.331,18000000,20000000,2000000,11.11,509
344888,Habib Diallo,Attack,Centre-Forward,Senegal,27,2020-21,2021-22,"FC Metz, RC Strasbourg Alsace",RC Strasbourg Alsace,2474,1536,-938,0.437,0.762,0.325,10000000,12000000,2000000,20,510
251878,Aarón Martín,Defender,Left-Back,Spain,26,2021-22,2022-23,1.FSV Mainz 05,1.FSV Mainz 05,2296,1846,-450,0.078,0.39,0.312,5000000,7000000,2000000,40,511
314678,Brahim Díaz,Attack,Right Winger,Morocco,23,2021-22,2022-23,AC Milan,AC Milan,1871,1946,75,0.289,0.601,0.312,18000000,20000000,2000000,11.11,511
106872,Kevin Stöger,Midfield,Attacking Midfield,Austria,30,2022-23,2023-24,VfL Bochum,VfL Bochum,2608,2678,70,0.276,0.538,0.262,3000000,5000000,2000000,66.67,512
545538,Lameck Banda,Attack,Left Winger,Zambia,23,2022-23,2023-24,US Lecce,US Lecce,1634,1361,-273,0.165,0.397,0.232,4000000,6000000,2000000,50,513
450050,Jean-Ricner Bellegarde,Midfield,Central Midfield,Haiti,25,2021-22,2022-23,RC Strasbourg Alsace,RC Strasbourg Alsace,2349,2429,80,0.192,0.408,0.216,8000000,10000000,2000000,25,514
429874,Ansgar Knauff,Attack,Right Winger,Germany,22,2022-23,2023-24,Eintracht Frankfurt,Eintracht Frankfurt,1287,2119,832,0.21,0.425,0.215,8000000,10000000,2000000,25,515
82873,Pascal Groß,Midfield,Central Midfield,Germany,32,2021-22,2022-23,Brighton & Hove Albion,Brighton & Hove Albion,2043,3246,1203,0.264,0.471,0.207,6000000,8000000,2000000,33.33,516
595809,Beto,Attack,Centre-Forward,Guinea-Bissau,27,2023-24,2024-25,"Everton FC, Udinese Calcio",Everton FC,1016,1528,512,0.266,0.471,0.205,20000000,22000000,2000000,10,517
447661,Douglas Luiz,Midfield,Central Midfield,Brazil,25,2021-22,2022-23,Aston Villa,Aston Villa,2722,2932,210,0.165,0.368,0.203,38000000,40000000,2000000,5.26,518
167799,Pierre-Emile Højbjerg,Midfield,Defensive Midfield,Denmark,29,2023-24,2024-25,Tottenham Hotspur,Olympique Marseille,1293,2666,1373,0,0.203,0.203,18000000,20000000,2000000,11.11,518
876631,Habib Diarra,Midfield,Central Midfield,Senegal,21,2023-24,2024-25,RC Strasbourg Alsace,RC Strasbourg Alsace,2313,2357,44,0.156,0.344,0.188,18000000,20000000,2000000,11.11,519
386552,Lassana Coulibaly,Midfield,Central Midfield,Mali,27,2021-22,2022-23,US Salernitana 1919,US Salernitana 1919,2338,2901,563,0,0.186,0.186,3000000,5000000,2000000,66.67,520
368482,Riccardo Orsolini,Attack,Right Winger,Italy,26,2021-22,2022-23,Bologna Football Club 1909,Bologna Football Club 1909,1793,2126,333,0.452,0.635,0.183,10000000,12000000,2000000,20,521
191422,Mahmoud Dahoud,Midfield,Central Midfield,Syria,26,2020-21,2021-22,Borussia Dortmund,Borussia Dortmund,1261,1665,404,0.143,0.324,0.181,16000000,18000000,2000000,12.5,522
555076,Romain Faivre,Midfield,Attacking Midfield,France,23,2020-21,2021-22,Stade Brestois 29,"Olympique Lyon, Stade Brestois 29",2902,2689,-213,0.341,0.502,0.161,13000000,15000000,2000000,15.38,523
361093,Sven Botman,Defender,Centre-Back,Netherlands,22,2020-21,2021-22,LOSC Lille,LOSC Lille,3311,2250,-1061,0,0.16,0.16,28000000,30000000,2000000,7.14,524
391065,Hamed Traoré,Attack,Left Winger,Cote d'Ivoire,22,2020-21,2021-22,US Sassuolo,US Sassuolo,1790,1781,-9,0.402,0.556,0.154,20000000,22000000,2000000,10,525
202886,Ruben Loftus-Cheek,Midfield,Central Midfield,England,26,2020-21,2021-22,"Chelsea FC, Fulham FC",Chelsea FC,1974,1387,-587,0.046,0.195,0.149,18000000,20000000,2000000,11.11,526
229006,Franck Honorat,Attack,Right Winger,France,27,2022-23,2023-24,Stade Brestois 29,Borussia Mönchengladbach,2544,2358,-186,0.389,0.534,0.145,10000000,12000000,2000000,20,527
585959,Arnaud Kalimuendo,Attack,Centre-Forward,France,23,2023-24,2024-25,Stade Rennais FC,Stade Rennais FC,2155,2591,436,0.585,0.729,0.144,20000000,22000000,2000000,10,528
127108,Florian Lejeune,Defender,Centre-Back,France,32,2021-22,2022-23,Deportivo Alavés,Rayo Vallecano,2700,2569,-131,0,0.14,0.14,2000000,4000000,2000000,100,529
386455,Riccardo Sottil,Attack,Left Winger,Italy,23,2020-21,2021-22,Cagliari Calcio,ACF Fiorentina,1191,1241,50,0.227,0.363,0.136,7000000,9000000,2000000,28.57,530
188854,Manu Trigueros,Midfield,Central Midfield,Spain,30,2020-21,2021-22,Villarreal CF,Villarreal CF,2542,2190,-352,0.283,0.411,0.128,12000000,14000000,2000000,16.67,531
660860,Diego Coppola,Defender,Centre-Back,Italy,20,2022-23,2023-24,Hellas Verona,Hellas Verona,1172,1636,464,0,0.11,0.11,4000000,6000000,2000000,50,532
324278,Christoph Baumgartner,Midfield,Attacking Midfield,Austria,23,2021-22,2022-23,TSG 1899 Hoffenheim,TSG 1899 Hoffenheim,1896,2582,686,0.38,0.488,0.108,22000000,24000000,2000000,9.09,533
357156,Diogo Leite,Defender,Centre-Back,Portugal,26,2023-24,2024-25,1.FC Union Berlin,1.FC Union Berlin,2707,2548,-159,0,0.106,0.106,15000000,17000000,2000000,13.33,534
382478,Cédric Zesiger,Defender,Centre-Back,Switzerland,27,2023-24,2024-25,VfL Wolfsburg,"FC Augsburg, VfL Wolfsburg",1635,1748,113,0,0.103,0.103,5000000,7000000,2000000,40,535
315604,Diadié Samassékou,Midfield,Defensive Midfield,Mali,26,2020-21,2021-22,TSG 1899 Hoffenheim,TSG 1899 Hoffenheim,2575,1667,-908,0.07,0.162,0.092,14000000,16000000,2000000,14.29,536
453016,Anthony Caci,Defender,Right-Back,France,24,2020-21,2021-22,RC Strasbourg Alsace,RC Strasbourg Alsace,2806,2394,-412,0.064,0.15,0.086,5000000,7000000,2000000,40,537
184892,Florian Thauvin,Attack,Right Winger,France,32,2023-24,2024-25,Udinese Calcio,Udinese Calcio,1715,1972,257,0.42,0.502,0.082,3000000,5000000,2000000,66.67,538
255488,Yeray Álvarez,Defender,Centre-Back,Spain,28,2021-22,2022-23,Athletic Bilbao,Athletic Bilbao,1859,2337,478,0,0.077,0.077,13000000,15000000,2000000,15.38,539
578391,Rayan Aït-Nouri,Defender,Left-Back,Algeria,21,2020-21,2021-22,"Angers SCO, Wolverhampton Wanderers",Wolverhampton Wanderers,1592,1828,236,0.17,0.246,0.076,18000000,20000000,2000000,11.11,540
569598,Youssouf Fofana,Midfield,Defensive Midfield,France,23,2020-21,2021-22,AS Monaco,AS Monaco,2883,2185,-698,0.094,0.165,0.071,16000000,18000000,2000000,12.5,541
388165,Yoane Wissa,Attack,Centre-Forward,DR Congo,25,2020-21,2021-22,FC Lorient,Brentford FC,2685,1273,-1412,0.503,0.566,0.063,10000000,12000000,2000000,20,542
448258,Josha Vagnoman,Defender,Right-Back,Germany,23,2022-23,2023-24,VfB Stuttgart,VfB Stuttgart,1477,1182,-295,0.244,0.305,0.061,8000000,10000000,2000000,25,543
467992,Samuele Ricci,Midfield,Defensive Midfield,Italy,22,2022-23,2023-24,Torino FC,Torino FC,2073,2401,328,0.13,0.187,0.057,20000000,22000000,2000000,10,544
188077,Ryan Christie,Midfield,Central Midfield,Scotland,29,2022-23,2023-24,AFC Bournemouth,AFC Bournemouth,1841,2920,1079,0.098,0.154,0.056,10000000,12000000,2000000,20,545
525247,Maximilian Kilman,Defender,Centre-Back,England,27,2022-23,2023-24,Wolverhampton Wanderers,Wolverhampton Wanderers,3308,3420,112,0,0.053,0.053,30000000,32000000,2000000,6.67,546
798404,Alidu Seidu,Defender,Centre-Back,Ghana,24,2022-23,2023-24,Clermont Foot 63,"Clermont Foot 63, Stade Rennais FC",2463,1726,-737,0,0.052,0.052,7000000,9000000,2000000,28.57,547
400489,Eljif Elmas,Midfield,Attacking Midfield,North Macedonia,23,2021-22,2022-23,SSC Napoli,SSC Napoli,1601,1617,16,0.45,0.501,0.051,24000000,26000000,2000000,8.33,548
126751,Iñigo Ruiz de Galarreta,Midfield,Central Midfield,Spain,30,2022-23,2023-24,RCD Mallorca,Athletic Bilbao,2457,2105,-352,0.037,0.086,0.049,3000000,5000000,2000000,66.67,549
148367,Christian Nørgaard,Midfield,Defensive Midfield,Denmark,29,2021-22,2022-23,Brentford FC,Brentford FC,3059,1770,-1289,0.206,0.254,0.048,14000000,16000000,2000000,14.29,550
174094,Morgan Sanson,Midfield,Central Midfield,France,29,2022-23,2023-24,"Aston Villa, RC Strasbourg Alsace",OGC Nice,1441,1980,539,0.187,0.227,0.04,6000000,8000000,2000000,33.33,551
392516,Antonino Gallo,Defender,Left-Back,Italy,24,2022-23,2023-24,US Lecce,US Lecce,2486,2502,16,0.072,0.108,0.036,2500000,4500000,2000000,80,552
442248,Ethan Pinnock,Defender,Centre-Back,Jamaica,30,2021-22,2022-23,Brentford FC,Brentford FC,2697,2700,3,0.067,0.1,0.033,12000000,14000000,2000000,16.67,553
340328,Stephy Mavididi,Attack,Left Winger,England,24,2020-21,2021-22,Montpellier HSC,Montpellier HSC,2038,2315,277,0.397,0.428,0.031,8000000,10000000,2000000,25,554
517842,Aihen Muñoz,Defender,Left-Back,Spain,26,2022-23,2023-24,Real Sociedad,Real Sociedad,1756,1110,-646,0.051,0.081,0.03,6000000,8000000,2000000,33.33,555
362108,Gabriel Gudmundsson,Defender,Left-Back,Sweden,26,2023-24,2024-25,LOSC Lille,LOSC Lille,1263,1787,524,0.071,0.101,0.03,5000000,7000000,2000000,40,555
423744,Billy Gilmour,Midfield,Defensive Midfield,Scotland,24,2023-24,2024-25,Brighton & Hove Albion,"Brighton & Hove Albion, SSC Napoli",2126,1272,-854,0.042,0.071,0.029,18000000,20000000,2000000,11.11,556
145707,Danilo,Defender,Centre-Back,Brazil,31,2021-22,2022-23,Juventus FC,Juventus FC,1895,3182,1287,0.142,0.17,0.028,13000000,15000000,2000000,15.38,557
536482,Junior Dina Ebimbe,Midfield,Right Midfield,Cameroon,23,2022-23,2023-24,Eintracht Frankfurt,Eintracht Frankfurt,1060,1969,909,0.34,0.366,0.026,10000000,12000000,2000000,20,558
181579,James Ward-Prowse,Midfield,Central Midfield,England,27,2020-21,2021-22,Southampton FC,Southampton FC,3420,3217,-203,0.395,0.42,0.025,30000000,32000000,2000000,6.67,559
159372,Felipe Anderson,Attack,Left Winger,Brazil,30,2021-22,2022-23,Società Sportiva Lazio S.p.A.,Società Sportiva Lazio S.p.A.,2902,2966,64,0.434,0.455,0.021,13000000,15000000,2000000,15.38,560
375137,Ismail Jakobs,Defender,Left-Back,Senegal,24,2022-23,2023-24,AS Monaco,AS Monaco,1100,1468,368,0.164,0.184,0.02,6000000,8000000,2000000,33.33,561
278296,Antonio Raíllo,Defender,Centre-Back,Spain,31,2021-22,2022-23,RCD Mallorca,RCD Mallorca,1530,2766,1236,0.176,0.195,0.019,2000000,4000000,2000000,100,562
353403,Samuel Moutoussamy,Midfield,Central Midfield,DR Congo,26,2021-22,2022-23,FC Nantes,FC Nantes,1502,2400,898,0.06,0.075,0.015,3000000,5000000,2000000,66.67,563
203394,Andreas Pereira,Midfield,Central Midfield,Brazil,28,2022-23,2023-24,Fulham FC,Fulham FC,2718,2639,-79,0.331,0.341,0.01,18000000,20000000,2000000,11.11,564
373373,Lucas Martínez Quarta,Defender,Centre-Back,Argentina,26,2020-21,2021-22,ACF Fiorentina,ACF Fiorentina,1483,1431,-52,0.061,0.063,0.002,10000000,12000000,2000000,20,565
388363,Maximilian Bauer,Defender,Centre-Back,Germany,23,2021-22,2022-23,SpVgg Greuther Fürth,FC Augsburg,1686,1845,159,0,0.049,0.049,1600000,3500000,1900000,118.75,566
131275,Choco Lozano,Attack,Centre-Forward,Honduras,29,2020-21,2021-22,Cádiz CF,Cádiz CF,1525,1675,150,0.295,0.591,0.296,2200000,4000000,1800000,81.82,567
442552,Houboulang Mendes,Defender,Right-Back,Guinea-Bissau,24,2020-21,2021-22,FC Lorient,FC Lorient,1302,3223,1921,0,0.056,0.056,1200000,3000000,1800000,150,568
807128,Saïdou Sow,Defender,Centre-Back,Guinea,19,2020-21,2021-22,AS Saint-Étienne,AS Saint-Étienne,997,990,-7,0,0.273,0.273,2500000,4000000,1500000,60,569
565435,Arne Engels,Midfield,Central Midfield,Belgium,20,2022-23,2023-24,FC Augsburg,FC Augsburg,1444,1396,-48,0.249,0.516,0.267,7500000,9000000,1500000,20,570
198516,Harry Toffolo,Defender,Left-Back,England,28,2022-23,2023-24,Nottingham Forest,Nottingham Forest,935,1455,520,0,0.247,0.247,3500000,5000000,1500000,42.86,571
106270,Florian Kainz,Midfield,Attacking Midfield,Austria,30,2021-22,2022-23,1.FC Köln,1.FC Köln,2348,2370,22,0.422,0.608,0.186,3500000,5000000,1500000,42.86,572
354726,Florian Sotoca,Attack,Centre-Forward,France,32,2021-22,2022-23,RC Lens,RC Lens,2490,3065,575,0.325,0.499,0.174,2500000,4000000,1500000,60,573
125103,Marvin Ducksch,Attack,Centre-Forward,Germany,30,2022-23,2023-24,SV Werder Bremen,SV Werder Bremen,2866,2713,-153,0.597,0.73,0.133,7500000,9000000,1500000,20,574
649033,Dion Lopy,Midfield,Defensive Midfield,Senegal,21,2021-22,2022-23,Stade Reims,Stade Reims,1646,1378,-268,0,0.131,0.131,2500000,4000000,1500000,60,575
737781,Jérémy Le Douaron,Attack,Centre-Forward,France,25,2021-22,2022-23,Stade Brestois 29,Stade Brestois 29,1444,2078,634,0.499,0.563,0.064,3000000,4500000,1500000,50,576
277384,Martin Valjent,Defender,Centre-Back,Slovakia,28,2022-23,2023-24,RCD Mallorca,RCD Mallorca,2659,2354,-305,0,0.038,0.038,4500000,6000000,1500000,33.33,577
453016,Anthony Caci,Defender,Right-Back,France,25,2021-22,2022-23,RC Strasbourg Alsace,1.FSV Mainz 05,2394,2035,-359,0.15,0.177,0.027,7000000,8500000,1500000,21.43,578
174196,Kenny Lala,Defender,Right-Back,France,32,2022-23,2023-24,Stade Brestois 29,Stade Brestois 29,1419,2970,1551,0.127,0.152,0.025,1500000,3000000,1500000,100,579
86784,Ricardo Rodríguez,Defender,Left-Back,Switzerland,29,2020-21,2021-22,Torino FC,Torino FC,1246,2472,1226,0,0.036,0.036,2000000,3400000,1400000,70,580
225593,Pere Milla,Attack,Left Winger,Spain,29,2020-21,2021-22,Elche CF,Elche CF,1937,1639,-298,0.325,0.604,0.279,1800000,3000000,1200000,66.67,581
289182,Christopher Antwi-Adjei,Attack,Left Winger,Ghana,29,2021-22,2022-23,VfL Bochum,VfL Bochum,1106,1989,883,0.244,0.498,0.254,1000000,2200000,1200000,120,582
485965,Nicolas Cozza,Defender,Centre-Back,France,23,2020-21,2021-22,Montpellier HSC,Montpellier HSC,1374,2777,1403,0,0.13,0.13,3800000,5000000,1200000,31.58,583
126751,Iñigo Ruiz de Galarreta,Midfield,Central Midfield,Spain,29,2021-22,2022-23,RCD Mallorca,RCD Mallorca,1388,2457,1069,0,0.037,0.037,1800000,3000000,1200000,66.67,584
309944,Tyronne Ebuehi,Defender,Right-Back,Nigeria,27,2021-22,2022-23,Venezia FC,FC Empoli,1142,1928,786,0,0.28,0.28,1400000,2500000,1100000,78.57,585
192616,Ulisses Garcia,Defender,Left-Back,Switzerland,29,2023-24,2024-25,Olympique Marseille,Olympique Marseille,905,930,25,0,0.484,0.484,4000000,5000000,1000000,25,586
422460,Dani Gómez,Attack,Centre-Forward,Spain,23,2020-21,2021-22,Levante UD,Levante UD,1665,1059,-606,0.216,0.595,0.379,1500000,2500000,1000000,66.67,587
285845,Ainsley Maitland-Niles,Defender,Right-Back,England,26,2022-23,2023-24,Southampton FC,Olympique Lyon,1404,1432,28,0.064,0.314,0.25,8000000,9000000,1000000,12.5,588
326029,Donyell Malen,Attack,Centre-Forward,Netherlands,24,2021-22,2022-23,Borussia Dortmund,Borussia Dortmund,1693,1725,32,0.585,0.835,0.25,27000000,28000000,1000000,3.7,588
763182,Josué Casimir,Attack,Right Winger,Haiti,23,2023-24,2024-25,Le Havre AC,Le Havre AC,2028,2006,-22,0.222,0.449,0.227,3000000,4000000,1000000,33.33,589
235931,Alessandro Deiola,Midfield,Central Midfield,Italy,26,2020-21,2021-22,"Cagliari Calcio, Spezia Calcio",Cagliari Calcio,973,2144,1171,0,0.21,0.21,1000000,2000000,1000000,100,590
324811,Arnaud Nordin,Attack,Right Winger,France,26,2022-23,2023-24,Montpellier HSC,Montpellier HSC,2420,1251,-1169,0.521,0.719,0.198,7000000,8000000,1000000,14.29,591
469211,Liberato Cacace,Defender,Left-Back,New Zealand,24,2023-24,2024-25,FC Empoli,FC Empoli,1910,2231,321,0.047,0.242,0.195,2000000,3000000,1000000,50,592
216179,Stefano Sensi,Midfield,Central Midfield,Italy,27,2021-22,2022-23,"Inter Milan, UC Sampdoria",AC Monza,917,1628,711,0.098,0.276,0.178,7000000,8000000,1000000,14.29,593
249157,Fredrik Jensen,Midfield,Attacking Midfield,Finland,26,2022-23,2023-24,FC Augsburg,FC Augsburg,922,1352,430,0.293,0.466,0.173,2500000,3500000,1000000,40,594
785353,Pablo Ibáñez,Midfield,Central Midfield,Spain,25,2022-23,2023-24,CA Osasuna,CA Osasuna,1059,1142,83,0.085,0.236,0.151,1500000,2500000,1000000,66.67,595
127156,Téji Savanier,Midfield,Attacking Midfield,France,30,2020-21,2021-22,Montpellier HSC,Montpellier HSC,2175,2422,247,0.414,0.557,0.143,11000000,12000000,1000000,9.09,596
160241,Kevin Akpoguma,Defender,Centre-Back,Nigeria,27,2020-21,2021-22,TSG 1899 Hoffenheim,TSG 1899 Hoffenheim,1186,1531,345,0.152,0.294,0.142,5000000,6000000,1000000,20,597
167721,Chimy Ávila,Attack,Centre-Forward,Argentina,29,2021-22,2022-23,CA Osasuna,CA Osasuna,1876,1722,-154,0.384,0.523,0.139,8000000,9000000,1000000,12.5,598
334221,Amos Pieper,Defender,Centre-Back,Germany,25,2021-22,2022-23,Arminia Bielefeld,SV Werder Bremen,2382,1956,-426,0,0.138,0.138,5000000,6000000,1000000,20,599
353826,Robert Gumny,Defender,Right-Back,Poland,25,2021-22,2022-23,FC Augsburg,FC Augsburg,2275,2015,-260,0,0.134,0.134,2500000,3500000,1000000,40,600
270051,Andrei Girotto,Defender,Centre-Back,Brazil,30,2020-21,2021-22,FC Nantes,FC Nantes,2664,3150,486,0.068,0.2,0.132,4000000,5000000,1000000,25,601
617081,Diego López,Attack,Right Winger,Spain,23,2023-24,2024-25,Valencia CF,Valencia CF,2672,2760,88,0.303,0.424,0.121,14000000,15000000,1000000,7.14,602
271455,Mihailo Ristic,Defender,Left-Back,Serbia,26,2020-21,2021-22,Montpellier HSC,Montpellier HSC,2239,1799,-440,0.08,0.2,0.12,2500000,3500000,1000000,40,603
100131,William Carvalho,Midfield,Defensive Midfield,Portugal,30,2020-21,2021-22,Real Betis Balompié,Real Betis Balompié,1216,1805,589,0.148,0.249,0.101,15000000,16000000,1000000,6.67,604
358250,Joseph Aidoo,Defender,Centre-Back,Ghana,27,2021-22,2022-23,Celta de Vigo,Celta de Vigo,2640,3121,481,0,0.087,0.087,7000000,8000000,1000000,14.29,605
246968,Ayoze Pérez,Attack,Centre-Forward,Spain,30,2022-23,2023-24,"Leicester City, Real Betis Balompié",Real Betis Balompié,1775,2307,532,0.304,0.39,0.086,6000000,7000000,1000000,16.67,606
314398,Jae-sung Lee,Midfield,Attacking Midfield,"Korea, South",30,2021-22,2022-23,1.FSV Mainz 05,1.FSV Mainz 05,1449,1904,455,0.435,0.52,0.085,3000000,4000000,1000000,33.33,607
300168,Mikel Vesga,Midfield,Defensive Midfield,Spain,29,2020-21,2021-22,Athletic Bilbao,Athletic Bilbao,1720,1357,-363,0.052,0.133,0.081,2000000,3000000,1000000,50,608
238639,Steve Mounié,Attack,Centre-Forward,Benin,29,2022-23,2023-24,Stade Brestois 29,Stade Brestois 29,1662,1772,110,0.325,0.406,0.081,5000000,6000000,1000000,20,608
385105,Gabriel Suazo,Defender,Left-Back,Chile,26,2022-23,2023-24,FC Toulouse,FC Toulouse,1258,2362,1104,0.072,0.152,0.08,2500000,3500000,1000000,40,609
118397,Alessandro Schöpf,Midfield,Central Midfield,Austria,28,2020-21,2021-22,FC Schalke 04,Arminia Bielefeld,941,2405,1464,0,0.075,0.075,1500000,2500000,1000000,66.67,610
313094,Jordan Lotomba,Defender,Right-Back,Switzerland,24,2021-22,2022-23,OGC Nice,OGC Nice,1780,2456,676,0,0.073,0.073,7000000,8000000,1000000,14.29,611
242273,Pedro Chirivella,Midfield,Defensive Midfield,Spain,27,2022-23,2023-24,FC Nantes,FC Nantes,2041,2601,560,0,0.069,0.069,6000000,7000000,1000000,16.67,612
216804,Joakim Nilsson,Defender,Centre-Back,Sweden,28,2020-21,2021-22,Arminia Bielefeld,Arminia Bielefeld,2162,2739,577,0,0.066,0.066,2500000,3500000,1000000,40,613
410158,Rodrigo Becão,Defender,Centre-Back,Brazil,26,2020-21,2021-22,Udinese Calcio,Udinese Calcio,2785,3132,347,0.032,0.086,0.054,5000000,6000000,1000000,20,614
236981,Timo Hübers,Defender,Centre-Back,Germany,26,2021-22,2022-23,1.FC Köln,1.FC Köln,1742,2558,816,0.052,0.106,0.054,7500000,8500000,1000000,13.33,614
451801,Abdul Mumin,Defender,Centre-Back,Ghana,26,2022-23,2023-24,Rayo Vallecano,Rayo Vallecano,917,1695,778,0,0.053,0.053,1500000,2500000,1000000,66.67,615
197122,Unai García,Defender,Centre-Back,Spain,31,2021-22,2022-23,CA Osasuna,CA Osasuna,1407,1718,311,0,0.052,0.052,1500000,2500000,1000000,66.67,616
422850,Ghislain Konan,Defender,Left-Back,Cote d'Ivoire,26,2020-21,2021-22,Stade Reims,Stade Reims,2613,2422,-191,0.103,0.149,0.046,6000000,7000000,1000000,16.67,617
281989,Luis Milla,Midfield,Central Midfield,Spain,27,2020-21,2021-22,Granada CF,Granada CF,1169,2785,1616,0.154,0.194,0.04,4000000,5000000,1000000,25,618
708678,Isaak Touré,Defender,Centre-Back,France,21,2022-23,2023-24,"AJ Auxerre, Olympique Marseille",FC Lorient,1655,2052,397,0.054,0.088,0.034,6000000,7000000,1000000,16.67,619
581357,Jan Schöppner,Midfield,Central Midfield,Germany,26,2023-24,2024-25,1. Fußballclub Heidenheim 1846,1. Fußballclub Heidenheim 1846,2000,2688,688,0.18,0.201,0.021,3000000,4000000,1000000,33.33,620
533568,Nahuel Tenaglia,Defender,Right-Back,Argentina,29,2023-24,2024-25,Deportivo Alavés,Deportivo Alavés,1131,2923,1792,0.08,0.092,0.012,2000000,3000000,1000000,50,621
324795,Mahdi Camara,Midfield,Central Midfield,France,24,2020-21,2021-22,AS Saint-Étienne,AS Saint-Étienne,3295,3076,-219,0.137,0.146,0.009,5000000,6000000,1000000,20,622
173859,Davide Zappacosta,Midfield,Right Midfield,Italy,30,2020-21,2021-22,Genoa CFC,Atalanta BC,2047,2355,308,0.264,0.268,0.004,8000000,9000000,1000000,12.5,623
215114,Thomas Foket,Defender,Right-Back,Belgium,29,2022-23,2023-24,Stade Reims,Stade Reims,1982,1841,-141,0.045,0.049,0.004,5000000,6000000,1000000,20,623
63494,Étienne Capoue,Midfield,Defensive Midfield,France,33,2020-21,2021-22,Villarreal CF,Villarreal CF,1195,2297,1102,0.075,0.078,0.003,2000000,3000000,1000000,50,624
338285,Unai Núñez,Defender,Centre-Back,Spain,27,2022-23,2023-24,Celta de Vigo,Celta de Vigo,3151,2803,-348,0.029,0.032,0.003,6000000,7000000,1000000,16.67,624
199527,Jacob Murphy,Attack,Right Winger,England,30,2023-24,2024-25,Newcastle United,Newcastle United,1193,2382,1189,0.754,0.756,0.002,15000000,16000000,1000000,6.67,625
283497,Mathias Honsak,Attack,Left Winger,Austria,28,2023-24,2024-25,SV Darmstadt 98,1. Fußballclub Heidenheim 1846,1014,1176,162,0.178,0.459,0.281,1200000,2000000,800000,66.67,626
295183,Răzvan Marin,Midfield,Central Midfield,Romania,29,2023-24,2024-25,FC Empoli,Cagliari Calcio,1818,1395,-423,0.149,0.323,0.174,2700000,3500000,800000,29.63,627
278531,Sebastiano Luperto,Defender,Centre-Back,Italy,25,2020-21,2021-22,FC Crotone,FC Empoli,1884,1958,74,0,0.092,0.092,2200000,3000000,800000,36.36,628
178459,Davie Selke,Attack,Centre-Forward,Germany,28,2021-22,2022-23,Hertha BSC,"1.FC Köln, Hertha BSC",996,1151,155,0.361,0.547,0.186,1800000,2500000,700000,38.89,629
232418,Ondrej Duda,Midfield,Central Midfield,Slovakia,29,2022-23,2023-24,"1.FC Köln, Hellas Verona",Hellas Verona,1759,2465,706,0,0.183,0.183,3400000,4000000,600000,17.65,630
67556,Milan Djuric,Attack,Centre-Forward,Bosnia-Herzegovina,34,2022-23,2023-24,Hellas Verona,"AC Monza, Hellas Verona",1362,2464,1102,0.132,0.438,0.306,1000000,1500000,500000,50,631
270411,Saîf-Eddine Khaoui,Midfield,Attacking Midfield,Tunisia,28,2021-22,2022-23,Clermont Foot 63,Clermont Foot 63,923,2034,1111,0.195,0.487,0.292,1500000,2000000,500000,33.33,632
85383,Rubén Sobrino,Attack,Centre-Forward,Spain,30,2020-21,2021-22,"Cádiz CF, Valencia CF","Cádiz CF, Valencia CF",1159,1871,712,0.078,0.241,0.163,1500000,2000000,500000,33.33,633
311178,Georgios Kyriakopoulos,Defender,Left-Back,Greece,26,2020-21,2021-22,US Sassuolo,US Sassuolo,1458,1973,515,0.123,0.274,0.151,4500000,5000000,500000,11.11,634
126557,Jonathan Gradit,Defender,Centre-Back,France,30,2021-22,2022-23,RC Lens,RC Lens,3073,2830,-243,0,0.127,0.127,4500000,5000000,500000,11.11,635
520468,Iago,Defender,Left-Back,Brazil,25,2020-21,2021-22,FC Augsburg,FC Augsburg,1564,2177,613,0.173,0.289,0.116,5000000,5500000,500000,10,636
126281,Alexander Hack,Defender,Centre-Back,Germany,28,2020-21,2021-22,1.FSV Mainz 05,1.FSV Mainz 05,1368,2076,708,0.066,0.173,0.107,2000000,2500000,500000,25,637
385105,Gabriel Suazo,Defender,Left-Back,Chile,27,2023-24,2024-25,FC Toulouse,FC Toulouse,2362,2161,-201,0.152,0.25,0.098,3500000,4000000,500000,14.29,638
273669,Adrian Beck,Midfield,Attacking Midfield,Germany,28,2023-24,2024-25,1. Fußballclub Heidenheim 1846,1. Fußballclub Heidenheim 1846,971,1597,626,0.185,0.282,0.097,1500000,2000000,500000,33.33,639
424072,Mathias Pereira Lage,Attack,Left Winger,Portugal,27,2022-23,2023-24,Stade Brestois 29,Stade Brestois 29,1269,1181,-88,0.284,0.381,0.097,2000000,2500000,500000,25,639
156990,Marco Friedl,Defender,Centre-Back,Austria,26,2022-23,2023-24,SV Werder Bremen,SV Werder Bremen,2597,2198,-399,0,0.082,0.082,7000000,7500000,500000,7.14,640
344864,Jean-Kévin Duverne,Defender,Centre-Back,Haiti,24,2020-21,2021-22,Stade Brestois 29,Stade Brestois 29,2024,3006,982,0.044,0.12,0.076,3500000,4000000,500000,14.29,641
236041,Alexis Blin,Midfield,Defensive Midfield,France,27,2022-23,2023-24,US Lecce,US Lecce,2381,1632,-749,0.038,0.11,0.072,2500000,3000000,500000,20,642
386057,Julien Laporte,Defender,Centre-Back,France,28,2020-21,2021-22,FC Lorient,FC Lorient,2660,2892,232,0,0.062,0.062,2500000,3000000,500000,20,643
278531,Sebastiano Luperto,Defender,Centre-Back,Italy,28,2023-24,2024-25,FC Empoli,Cagliari Calcio,3407,3240,-167,0.053,0.111,0.058,3500000,4000000,500000,14.29,644
57280,Giacomo Bonaventura,Midfield,Attacking Midfield,Italy,34,2022-23,2023-24,ACF Fiorentina,ACF Fiorentina,1916,2287,371,0.376,0.433,0.057,2500000,3000000,500000,20,645
205054,Norbert Gyömbér,Defender,Centre-Back,Slovakia,30,2021-22,2022-23,US Salernitana 1919,US Salernitana 1919,2568,1751,-817,0,0.051,0.051,1000000,1500000,500000,50,646
268429,Sandi Lovrić,Midfield,Central Midfield,Slovenia,27,2023-24,2024-25,Udinese Calcio,Udinese Calcio,1990,2328,338,0.181,0.232,0.051,8000000,8500000,500000,6.25,646
82442,Olivier Giroud,Attack,Centre-Forward,France,36,2021-22,2022-23,AC Milan,AC Milan,1901,2145,244,0.71,0.755,0.045,3500000,4000000,500000,14.29,647
268670,Gerard Gumbau,Midfield,Defensive Midfield,Spain,28,2021-22,2022-23,Elche CF,Elche CF,1888,2744,856,0.191,0.23,0.039,3000000,3500000,500000,16.67,648
118847,Dominik Kohr,Defender,Centre-Back,Germany,31,2023-24,2024-25,1.FSV Mainz 05,1.FSV Mainz 05,2190,2305,115,0.041,0.078,0.037,3000000,3500000,500000,16.67,649
298583,Eray Cömert,Defender,Centre-Back,Switzerland,26,2022-23,2023-24,Valencia CF,FC Nantes,1675,1998,323,0.054,0.09,0.036,3500000,4000000,500000,14.29,650
239802,Adam Marusic,Defender,Right-Back,Montenegro,30,2021-22,2022-23,Società Sportiva Lazio S.p.A.,Società Sportiva Lazio S.p.A.,2722,2766,44,0.033,0.065,0.032,7500000,8000000,500000,6.67,651
564785,Kristian Thorstvedt,Midfield,Central Midfield,Norway,25,2022-23,2023-24,US Sassuolo,US Sassuolo,1128,2412,1284,0.239,0.261,0.022,7500000,8000000,500000,6.67,652
147038,Cédric Brunner,Defender,Right-Back,Switzerland,28,2020-21,2021-22,Arminia Bielefeld,Arminia Bielefeld,2661,2187,-474,0.034,0.041,0.007,2800000,3200000,400000,14.29,653
179635,Philipp Förster,Midfield,Attacking Midfield,Germany,28,2021-22,2022-23,VfB Stuttgart,VfL Bochum,971,1315,344,0.278,0.821,0.543,2500000,2800000,300000,12,654
281755,Iván Alejo,Attack,Right Winger,Spain,29,2022-23,2023-24,Cádiz CF,Cádiz CF,1305,1690,385,0.069,0.107,0.038,1200000,1500000,300000,25,655
298635,Grigoris Kastanos,Midfield,Central Midfield,Cyprus,25,2021-22,2022-23,US Salernitana 1919,US Salernitana 1919,1348,1281,-67,0.2,0.211,0.011,1500000,1800000,300000,20,656
398163,Gonzalo Villar,Midfield,Central Midfield,Spain,26,2022-23,2023-24,"Getafe CF, UC Sampdoria",Granada CF,1140,1785,645,0,0.202,0.202,2800000,3000000,200000,7.14,657
93604,Lukas Kübler,Defender,Right-Back,Germany,30,2021-22,2022-23,SC Freiburg,SC Freiburg,2338,1645,-693,0.077,0.164,0.087,2300000,2500000,200000,8.7,658
357884,Fernando Calero,Defender,Centre-Back,Spain,27,2021-22,2022-23,RCD Espanyol Barcelona,RCD Espanyol Barcelona,1090,1617,527,0,0.056,0.056,1800000,2000000,200000,11.11,659