player_id,player_name,position,sub_position,country_of_citizenship,club_id,club_name,competition_id,competition_name,country_name,season,season_label,age_at_season_end,appearances,minutes_played,goals,assists,goal_contributions,goals_per_90,assists_per_90,goal_contributions_per_90,club_matches,club_points_per_match,availability_percentage,productivity_percentile,availability_percentile,productivity_percentile_score,availability_percentile_score,productivity_availability_score,combined_position_league_season_rank,combined_league_season_rank,combined_overall_rank
198008,André Silva,Attack,Centre-Forward,Portugal,24,Eintracht Frankfurt,L1,bundesliga,Germany,2020,2020-21,25,32,2773,28,8,36,0.909,0.26,1.168,34,1.76,90.62,0.928571429,0.928571429,92.86,92.86,92.86,1,1,42
28003,Lionel Messi,Attack,Right Winger,Argentina,131,FC Barcelona,ES1,laliga,Spain,2020,2020-21,34,35,3023,30,11,41,0.893,0.327,1.221,38,2.08,88.39,1,0.954545455,100,95.45,97.73,1,1,6
255901,Rodrigo De Paul,Midfield,Central Midfield,Argentina,410,Udinese Calcio,IT1,serie-a,Italy,2020,2020-21,27,36,3203,9,10,19,0.253,0.281,0.534,38,1.05,93.65,0.924242424,0.96969697,92.42,96.97,94.7,1,1,25
318523,Romain Perraud,Defender,Left-Back,France,3911,Stade Brestois 29,FR1,ligue-1,France,2020,2020-21,23,36,3140,3,7,10,0.086,0.201,0.287,38,1.08,91.81,0.986842105,0.894736842,98.68,89.47,94.08,1,1,34
158764,Stuart Dallas,Defender,Right-Back,Northern Ireland,399,Leeds United,GB1,premier-league,England,2020,2020-21,30,38,3411,8,2,10,0.211,0.053,0.264,38,1.55,99.74,0.974358974,1,97.44,100,98.72,1,1,3
294808,Franck Kessié,Midfield,Central Midfield,Cote d'Ivoire,5,AC Milan,IT1,serie-a,Italy,2020,2020-21,24,37,3230,13,6,19,0.362,0.167,0.529,38,2.08,94.44,0.909090909,0.984848485,90.91,98.48,94.7,2,2,26
132098,Harry Kane,Attack,Centre-Forward,England,148,Tottenham Hotspur,GB1,premier-league,England,2020,2020-21,27,35,3086,23,14,37,0.671,0.408,1.079,38,1.63,90.23,1,0.953488372,100,95.35,97.67,1,2,7
82009,Kevin Volland,Midfield,Attacking Midfield,Germany,162,AS Monaco,FR1,ligue-1,France,2020,2020-21,28,35,2794,16,8,24,0.515,0.258,0.773,38,2.05,81.7,1,0.824561404,100,82.46,91.23,1,2,72
282411,Marcos Llorente,Defender,Right-Back,Spain,13,Atlético de Madrid,ES1,laliga,Spain,2020,2020-21,26,37,2961,12,11,23,0.365,0.334,0.699,38,2.26,86.58,1,0.873239437,100,87.32,93.66,1,2,37
196231,Marvin Friedrich,Defender,Centre-Back,Germany,89,1.FC Union Berlin,L1,bundesliga,Germany,2020,2020-21,25,34,3060,5,2,7,0.147,0.059,0.206,34,1.47,100,0.862745098,0.960784314,86.27,96.08,91.18,1,2,74
169880,Giovanni Di Lorenzo,Defender,Right-Back,Italy,6195,SSC Napoli,IT1,serie-a,Italy,2020,2020-21,27,36,3240,3,7,10,0.083,0.194,0.278,38,2.03,94.74,0.882352941,1,88.24,100,94.12,1,3,33
91845,Heung-min Son,Attack,Left Winger,"Korea, South",148,Tottenham Hotspur,GB1,premier-league,England,2020,2020-21,28,37,3126,17,10,27,0.489,0.288,0.777,38,1.63,91.4,0.953488372,0.976744186,95.35,97.67,96.51,2,3,14
72047,Iago Aspas,Attack,Centre-Forward,Spain,940,Celta de Vigo,ES1,laliga,Spain,2020,2020-21,33,33,2871,14,13,27,0.439,0.408,0.846,38,1.39,83.95,0.931818182,0.909090909,93.18,90.91,92.05,2,3,53
167850,Memphis Depay,Attack,Centre-Forward,Netherlands,1041,Olympique Lyon,FR1,ligue-1,France,2020,2020-21,27,37,2933,20,12,32,0.614,0.368,0.982,38,2,85.76,0.972222222,0.805555556,97.22,80.56,88.89,1,3,113
228645,Wout Weghorst,Attack,Centre-Forward,Netherlands,82,VfL Wolfsburg,L1,bundesliga,Germany,2020,2020-21,28,34,2950,20,9,29,0.61,0.275,0.885,34,1.79,96.41,0.785714286,1,78.57,100,89.29,2,3,104
16306,Casemiro,Midfield,Defensive Midfield,Brazil,418,Real Madrid,ES1,laliga,Spain,2020,2020-21,29,34,2903,6,4,10,0.186,0.124,0.31,38,2.21,84.88,0.886363636,0.931818182,88.64,93.18,90.91,1,4,79
181378,Gaëtan Laborde,Attack,Centre-Forward,France,969,Montpellier HSC,FR1,ligue-1,France,2020,2020-21,27,38,3270,16,8,24,0.44,0.22,0.661,38,1.42,95.61,0.777777778,1,77.78,100,88.89,2,4,115
148455,Mohamed Salah,Attack,Right Winger,Egypt,31,Liverpool FC,GB1,premier-league,England,2020,2020-21,29,37,3082,22,5,27,0.642,0.146,0.788,38,1.82,90.12,0.976744186,0.930232558,97.67,93.02,95.35,3,4,22
38253,Robert Lewandowski,Attack,Centre-Forward,Poland,27,Bayern Munich,L1,bundesliga,Germany,2020,2020-21,32,29,2463,41,7,48,1.498,0.256,1.754,34,2.29,80.49,1,0.75,100,75,87.5,3,4,141
339808,Theo Hernández,Defender,Left-Back,France,5,AC Milan,IT1,serie-a,Italy,2020,2020-21,23,33,2935,7,6,13,0.215,0.184,0.399,38,2.08,85.82,0.970588235,0.882352941,97.06,88.24,92.65,2,4,45
234803,Andrew Robertson,Defender,Left-Back,Scotland,31,Liverpool FC,GB1,premier-league,England,2020,2020-21,27,38,3386,1,7,8,0.027,0.186,0.213,38,1.82,99.01,0.91025641,0.961538462,91.03,96.15,93.59,2,5,38
177467,Gerard Moreno,Attack,Centre-Forward,Spain,1050,Villarreal CF,ES1,laliga,Spain,2020,2020-21,29,33,2682,23,7,30,0.772,0.235,1.007,38,1.53,78.42,0.977272727,0.818181818,97.73,81.82,89.77,3,5,98
288225,Ludovic Blas,Midfield,Right Midfield,France,995,FC Nantes,FR1,ligue-1,France,2020,2020-21,23,36,2802,10,5,15,0.321,0.161,0.482,38,1.05,81.93,0.912280702,0.842105263,91.23,84.21,87.72,2,5,136
63186,Roberto Soriano,Midfield,Attacking Midfield,Italy,1025,Bologna Football Club 1909,IT1,serie-a,Italy,2020,2020-21,30,37,3255,9,7,16,0.249,0.194,0.442,38,1.08,95.18,0.833333333,1,83.33,100,91.67,3,5,66
58358,Thomas Müller,Attack,Second Striker,Germany,27,Bayern Munich,L1,bundesliga,Germany,2020,2020-21,31,32,2685,11,21,32,0.369,0.704,1.073,34,2.29,87.75,0.892857143,0.857142857,89.29,85.71,87.5,4,5,142
240306,Bruno Fernandes,Midfield,Attacking Midfield,Portugal,985,Manchester United,GB1,premier-league,England,2020,2020-21,26,37,3109,18,11,29,0.521,0.318,0.839,38,1.95,90.91,1,0.857142857,100,85.71,92.86,1,6,43
202318,Farid Boulaya,Midfield,Attacking Midfield,Algeria,347,FC Metz,FR1,ligue-1,France,2020,2020-21,28,33,2823,6,8,14,0.191,0.255,0.446,38,1.24,82.54,0.894736842,0.859649123,89.47,85.96,87.72,3,6,137
161011,Filip Kostić,Midfield,Left Midfield,Serbia,24,Eintracht Frankfurt,L1,bundesliga,Germany,2020,2020-21,28,30,2536,4,17,21,0.142,0.603,0.745,34,1.76,82.88,0.954545455,0.795454545,95.45,79.55,87.5,1,6,143
284857,Marc Cucurella,Defender,Left-Back,Spain,3709,Getafe CF,ES1,laliga,Spain,2020,2020-21,22,37,3249,3,2,5,0.083,0.055,0.139,38,1,95,0.774647887,1,77.46,100,88.73,2,6,117
96341,Romelu Lukaku,Attack,Centre-Forward,Belgium,46,Inter Milan,IT1,serie-a,Italy,2020,2020-21,28,36,2888,24,10,34,0.748,0.312,1.06,38,2.39,84.44,1,0.8,100,80,90,1,6,91
476344,Emerson Royal,Defender,Right-Back,Brazil,150,Real Betis Balompié,ES1,laliga,Spain,2020,2020-21,22,34,2989,1,4,5,0.03,0.12,0.151,38,1.61,87.4,0.845070423,0.915492958,84.51,91.55,88.03,3,7,128
418560,Erling Haaland,Attack,Centre-Forward,Norway,16,Borussia Dortmund,L1,bundesliga,Germany,2020,2020-21,20,28,2410,27,8,35,1.008,0.299,1.307,34,1.88,78.76,0.964285714,0.714285714,96.43,71.43,83.93,5,7,216
55735,Henrikh Mkhitaryan,Midfield,Central Midfield,Armenia,12,Associazione Sportiva Roma,IT1,serie-a,Italy,2020,2020-21,32,34,2747,13,11,24,0.426,0.36,0.786,38,1.63,80.32,0.984848485,0.803030303,98.48,80.3,89.39,4,7,103
57216,Ismaël Traoré,Defender,Centre-Back,Cote d'Ivoire,1420,Angers SCO,FR1,ligue-1,France,2020,2020-21,34,34,2994,3,3,6,0.09,0.09,0.18,38,1.16,87.54,0.855263158,0.842105263,85.53,84.21,84.87,2,7,193
181579,James Ward-Prowse,Midfield,Central Midfield,England,180,Southampton FC,GB1,premier-league,England,2020,2020-21,26,38,3420,8,7,15,0.211,0.184,0.395,38,1.13,100,0.875,0.964285714,87.5,96.43,91.96,2,7,58
92571,Aaron Cresswell,Defender,Left-Back,England,379,West Ham United,GB1,premier-league,England,2020,2020-21,31,36,3172,0,8,8,0,0.227,0.227,38,1.71,92.75,0.935897436,0.884615385,93.59,88.46,91.03,3,8,78
165007,Denis Suárez,Midfield,Attacking Midfield,Spain,940,Celta de Vigo,ES1,laliga,Spain,2020,2020-21,27,35,2862,0,9,9,0,0.283,0.283,38,1.39,83.68,0.818181818,0.863636364,81.82,86.36,84.09,2,8,209
327251,Ridle Baku,Defender,Right-Back,Germany,82,VfL Wolfsburg,L1,bundesliga,Germany,2020,2020-21,23,32,2689,6,8,14,0.201,0.268,0.469,34,1.79,87.88,0.980392157,0.68627451,98.04,68.63,83.33,2,8,238
555076,Romain Faivre,Midfield,Attacking Midfield,France,3911,Stade Brestois 29,FR1,ligue-1,France,2020,2020-21,22,36,2902,6,5,11,0.186,0.155,0.341,38,1.08,84.85,0.789473684,0.894736842,78.95,89.47,84.21,4,8,207
266302,Sergej Milinković-Savić,Midfield,Central Midfield,Serbia,398,Società Sportiva Lazio S.p.A.,IT1,serie-a,Italy,2020,2020-21,26,32,2755,8,10,18,0.261,0.327,0.588,38,1.79,80.56,0.954545455,0.818181818,95.45,81.82,88.64,5,8,119
93707,Christian Günter,Defender,Left-Back,Germany,60,SC Freiburg,L1,bundesliga,Germany,2020,2020-21,28,34,3060,3,3,6,0.088,0.088,0.176,34,1.32,100,0.705882353,0.960784314,70.59,96.08,83.33,3,9,241
59561,Dani Parejo,Midfield,Central Midfield,Spain,1050,Villarreal CF,ES1,laliga,Spain,2020,2020-21,32,36,3120,3,5,8,0.087,0.144,0.231,38,1.53,91.23,0.681818182,1,68.18,100,84.09,3,9,210
73926,Davide Faraoni,Defender,Right-Back,Italy,276,Hellas Verona,IT1,serie-a,Italy,2020,2020-21,29,34,2894,4,6,10,0.124,0.187,0.311,38,1.18,84.62,0.911764706,0.838235294,91.18,83.82,87.5,3,9,145
236400,Léo Dubois,Defender,Right-Back,France,1041,Olympique Lyon,FR1,ligue-1,France,2020,2020-21,26,37,2918,2,4,6,0.062,0.123,0.185,38,2,85.32,0.868421053,0.815789474,86.84,81.58,84.21,3,9,208
314353,Trent Alexander-Arnold,Defender,Right-Back,England,31,Liverpool FC,GB1,premier-league,England,2020,2020-21,22,36,3033,2,7,9,0.059,0.208,0.267,38,1.82,88.68,0.987179487,0.807692308,98.72,80.77,89.74,4,9,100
356141,Daichi Kamada,Midfield,Attacking Midfield,Japan,24,Eintracht Frankfurt,L1,bundesliga,Germany,2020,2020-21,24,32,2375,5,13,18,0.189,0.493,0.682,34,1.76,77.61,0.931818182,0.704545455,93.18,70.45,81.82,2,10,279
149498,Gabriel Paulista,Defender,Centre-Back,Brazil,1049,Valencia CF,ES1,laliga,Spain,2020,2020-21,30,31,2717,4,2,6,0.132,0.066,0.199,38,1.13,79.44,0.929577465,0.746478873,92.96,74.65,83.8,4,10,226
361914,Nayef Aguerd,Defender,Centre-Back,Morocco,273,Stade Rennais FC,FR1,ligue-1,France,2020,2020-21,25,35,3148,3,1,4,0.086,0.029,0.114,38,1.53,92.05,0.684210526,0.907894737,68.42,90.79,79.61,4,10,354
183334,Patrick Bamford,Attack,Centre-Forward,England,399,Leeds United,GB1,premier-league,England,2020,2020-21,27,38,3063,17,8,25,0.5,0.235,0.735,38,1.55,89.56,0.88372093,0.88372093,88.37,88.37,88.37,4,10,122
112302,Roberto Pereyra,Midfield,Central Midfield,Argentina,410,Udinese Calcio,IT1,serie-a,Italy,2020,2020-21,30,34,2935,5,8,13,0.153,0.245,0.399,38,1.05,85.82,0.803030303,0.924242424,80.3,92.42,86.36,6,10,165
398073,Achraf Hakimi,Defender,Right-Back,Morocco,46,Inter Milan,IT1,serie-a,Italy,2020,2020-21,22,37,2670,7,10,17,0.236,0.337,0.573,38,2.39,78.07,0.985294118,0.705882353,98.53,70.59,84.56,4,11,201
33829,José Fonte,Defender,Centre-Back,Portugal,1082,LOSC Lille,FR1,ligue-1,France,2020,2020-21,37,36,3187,3,1,4,0.085,0.028,0.113,38,2.18,93.19,0.671052632,0.921052632,67.11,92.11,79.61,5,11,355
44352,Luis Suárez,Attack,Centre-Forward,Uruguay,13,Atlético de Madrid,ES1,laliga,Spain,2020,2020-21,34,32,2522,21,3,24,0.749,0.107,0.856,38,2.26,73.74,0.954545455,0.681818182,95.45,68.18,81.82,4,11,277
232418,Ondrej Duda,Midfield,Central Midfield,Slovakia,3,1.FC Köln,L1,bundesliga,Germany,2020,2020-21,26,32,2553,7,6,13,0.247,0.212,0.458,34,0.97,83.43,0.795454545,0.818181818,79.55,81.82,80.68,3,11,322
157672,Vladimír Coufal,Defender,Right-Back,Czech Republic,379,West Ham United,GB1,premier-league,England,2020,2020-21,28,34,3055,0,7,7,0,0.206,0.206,38,1.71,89.33,0.897435897,0.833333333,89.74,83.33,86.54,5,11,160
477758,Aaron Wan-Bissaka,Defender,Right-Back,DR Congo,985,Manchester United,GB1,premier-league,England,2020,2020-21,23,34,3060,2,4,6,0.059,0.118,0.176,38,1.95,89.47,0.833333333,0.846153846,83.33,84.62,83.97,6,12,214
125781,Antoine Griezmann,Attack,Second Striker,France,131,FC Barcelona,ES1,laliga,Spain,2020,2020-21,30,36,2620,13,8,21,0.447,0.275,0.721,38,2.08,76.61,0.886363636,0.75,88.64,75,81.82,5,12,278
8198,Cristiano Ronaldo,Attack,Centre-Forward,Portugal,506,Juventus FC,IT1,serie-a,Italy,2020,2020-21,36,33,2803,29,2,31,0.931,0.064,0.995,38,2.05,81.96,0.966666667,0.7,96.67,70,83.33,2,12,231
278332,Florian Neuhaus,Midfield,Central Midfield,Germany,18,Borussia Mönchengladbach,L1,bundesliga,Germany,2020,2020-21,24,33,2630,6,6,12,0.205,0.205,0.411,34,1.44,85.95,0.727272727,0.886363636,72.73,88.64,80.68,4,12,323
315110,Karl Toko Ekambi,Attack,Centre-Forward,Cameroon,1041,Olympique Lyon,FR1,ligue-1,France,2020,2020-21,28,35,2831,14,7,21,0.445,0.223,0.668,38,2,82.78,0.805555556,0.777777778,80.56,77.78,79.17,3,12,371
197838,Jamie Vardy,Attack,Centre-Forward,England,1003,Leicester City,GB1,premier-league,England,2020,2020-21,34,34,2844,15,9,24,0.475,0.285,0.759,38,1.74,83.16,0.930232558,0.744186047,93.02,74.42,83.72,5,13,227
283994,Ludovic Ajorque,Attack,Centre-Forward,France,667,RC Strasbourg Alsace,FR1,ligue-1,France,2020,2020-21,27,35,2972,16,4,20,0.485,0.121,0.606,38,1.11,86.9,0.694444444,0.888888889,69.44,88.89,79.17,4,13,372
35207,Marco Reus,Midfield,Attacking Midfield,Germany,16,Borussia Dortmund,L1,bundesliga,Germany,2020,2020-21,32,32,2293,8,8,16,0.314,0.314,0.628,34,1.88,74.93,0.909090909,0.659090909,90.91,65.91,78.41,5,13,401
203496,Nabil Fekir,Midfield,Attacking Midfield,France,150,Real Betis Balompié,ES1,laliga,Spain,2020,2020-21,27,33,2636,5,6,11,0.171,0.205,0.376,38,1.61,77.08,0.931818182,0.704545455,93.18,70.45,81.82,4,13,281
255942,Nicolò Barella,Midfield,Central Midfield,Italy,46,Inter Milan,IT1,serie-a,Italy,2020,2020-21,24,36,2901,3,9,12,0.093,0.279,0.372,38,2.39,84.82,0.757575758,0.909090909,75.76,90.91,83.33,7,13,239
250013,Angelo Fulgini,Midfield,Attacking Midfield,New Caledonia,1420,Angers SCO,FR1,ligue-1,France,2020,2020-21,24,33,2741,7,3,10,0.23,0.099,0.328,38,1.16,80.15,0.771929825,0.807017544,77.19,80.7,78.95,5,14,380
309110,Brais Méndez,Midfield,Attacking Midfield,Spain,940,Celta de Vigo,ES1,laliga,Spain,2020,2020-21,24,34,2679,9,0,9,0.302,0,0.302,38,1.39,78.33,0.863636364,0.772727273,86.36,77.27,81.82,5,14,282
124555,Cristiano Biraghi,Defender,Left-Back,Italy,430,ACF Fiorentina,IT1,serie-a,Italy,2020,2020-21,28,35,2808,1,7,8,0.032,0.224,0.256,38,1.05,82.11,0.852941176,0.794117647,85.29,79.41,82.35,5,14,265
346483,Mason Mount,Midfield,Attacking Midfield,England,631,Chelsea FC,GB1,premier-league,England,2020,2020-21,22,36,2894,6,6,12,0.187,0.187,0.373,38,1.76,84.62,0.839285714,0.821428571,83.93,82.14,83.04,3,14,245
117674,Maximilian Arnold,Midfield,Central Midfield,Germany,82,VfL Wolfsburg,L1,bundesliga,Germany,2020,2020-21,27,30,2591,3,7,10,0.104,0.243,0.347,34,1.79,84.67,0.681818182,0.863636364,68.18,86.36,77.27,6,14,454
516716,Bremer,Defender,Centre-Back,Brazil,416,Torino FC,IT1,serie-a,Italy,2020,2020-21,24,33,2936,5,1,6,0.153,0.031,0.184,38,0.97,85.85,0.75,0.897058824,75,89.71,82.35,6,15,266
399776,Pau Torres,Defender,Centre-Back,Spain,1050,Villarreal CF,ES1,laliga,Spain,2020,2020-21,24,33,2970,2,2,4,0.061,0.061,0.121,38,1.53,86.84,0.732394366,0.887323944,73.24,88.73,80.99,5,15,306
57467,Romain Thomas,Defender,Centre-Back,France,1420,Angers SCO,FR1,ligue-1,France,2020,2020-21,33,34,3026,4,0,4,0.119,0,0.119,38,1.16,88.48,0.697368421,0.868421053,69.74,86.84,78.29,6,15,405
60632,Theodor Gebre Selassie,Defender,Right-Back,Czech Republic,86,SV Werder Bremen,L1,bundesliga,Germany,2020,2020-21,34,34,3034,3,2,5,0.089,0.059,0.148,34,0.91,99.15,0.607843137,0.921568627,60.78,92.16,76.47,4,15,480
283628,Tomáš Souček,Midfield,Defensive Midfield,Czech Republic,379,West Ham United,GB1,premier-league,England,2020,2020-21,26,38,3420,10,1,11,0.263,0.026,0.289,38,1.71,100,0.696428571,0.964285714,69.64,96.43,83.04,4,15,246
239802,Adam Marusic,Defender,Right-Back,Montenegro,398,Società Sportiva Lazio S.p.A.,IT1,serie-a,Italy,2020,2020-21,28,36,2971,2,4,6,0.061,0.121,0.182,38,1.79,86.87,0.735294118,0.911764706,73.53,91.18,82.35,7,16,267
46580,Andrej Kramaric,Attack,Second Striker,Croatia,533,TSG 1899 Hoffenheim,L1,bundesliga,Germany,2020,2020-21,30,28,2386,20,6,26,0.754,0.226,0.981,34,1.26,77.97,0.857142857,0.642857143,85.71,64.29,75,6,16,535
448628,Javi Galán,Defender,Left-Back,Spain,5358,SD Huesca,ES1,laliga,Spain,2020,2020-21,26,37,3068,1,2,3,0.029,0.059,0.088,38,0.89,89.71,0.647887324,0.943661972,64.79,94.37,79.58,6,16,356
258923,Marcus Rashford,Attack,Left Winger,England,985,Manchester United,GB1,premier-league,England,2020,2020-21,23,37,2924,11,11,22,0.339,0.339,0.677,38,1.95,85.5,0.76744186,0.860465116,76.74,86.05,81.4,6,16,298
146854,Wissam Ben Yedder,Attack,Centre-Forward,France,162,AS Monaco,FR1,ligue-1,France,2020,2020-21,30,37,2626,20,8,28,0.685,0.274,0.96,38,2.05,76.78,0.944444444,0.611111111,94.44,61.11,77.78,5,16,427
183647,Álvaro González,Defender,Centre-Back,Spain,244,Olympique Marseille,FR1,ligue-1,France,2020,2020-21,31,32,2834,2,3,5,0.064,0.095,0.159,38,1.58,82.87,0.815789474,0.736842105,81.58,73.68,77.63,7,17,439
290587,Ellyes Skhiri,Midfield,Defensive Midfield,Tunisia,3,1.FC Köln,L1,bundesliga,Germany,2020,2020-21,26,32,2791,5,3,8,0.161,0.097,0.258,34,0.97,91.21,0.545454545,0.954545455,54.55,95.45,75,7,17,559
411975,Jules Koundé,Defender,Right-Back,France,368,Sevilla FC,ES1,laliga,Spain,2020,2020-21,22,34,2975,2,1,3,0.061,0.03,0.091,38,2.03,86.99,0.661971831,0.901408451,66.2,90.14,78.17,7,17,412
126664,Lucas Digne,Defender,Left-Back,France,29,Everton FC,GB1,premier-league,England,2020,2020-21,27,30,2682,0,7,7,0,0.235,0.235,38,1.55,78.42,0.948717949,0.641025641,94.87,64.1,79.49,7,17,360
194549,Simy,Attack,Centre-Forward,Nigeria,4083,FC Crotone,IT1,serie-a,Italy,2020,2020-21,29,38,2943,20,3,23,0.612,0.092,0.703,38,0.61,86.05,0.7,0.933333333,70,93.33,81.67,3,17,285
59016,David Alaba,Defender,Centre-Back,Austria,27,Bayern Munich,L1,bundesliga,Germany,2020,2020-21,29,32,2676,2,4,6,0.067,0.135,0.202,34,2.29,87.45,0.843137255,0.647058824,84.31,64.71,74.51,5,18,580
37647,Dimitri Payet,Midfield,Attacking Midfield,France,244,Olympique Marseille,FR1,ligue-1,France,2020,2020-21,34,33,2428,7,10,17,0.259,0.371,0.63,38,1.58,70.99,0.98245614,0.543859649,98.25,54.39,76.32,6,18,488
181136,Piotr Zielinski,Midfield,Central Midfield,Poland,6195,SSC Napoli,IT1,serie-a,Italy,2020,2020-21,27,36,2548,8,11,19,0.283,0.389,0.671,38,2.03,74.5,0.96969697,0.651515152,96.97,65.15,81.06,8,18,305
66106,Sergio Canales,Midfield,Attacking Midfield,Spain,150,Real Betis Balompié,ES1,laliga,Spain,2020,2020-21,30,31,2503,8,6,14,0.288,0.216,0.503,38,1.61,73.19,1,0.545454545,100,54.55,77.27,6,18,450
249565,Youri Tielemans,Midfield,Central Midfield,Belgium,1003,Leicester City,GB1,premier-league,England,2020,2020-21,24,38,3358,6,4,10,0.161,0.107,0.268,38,1.74,98.19,0.660714286,0.928571429,66.07,92.86,79.46,5,18,363
256448,Gianluca Mancini,Defender,Centre-Back,Italy,12,Associazione Sportiva Roma,IT1,serie-a,Italy,2020,2020-21,25,33,2854,4,2,6,0.126,0.063,0.189,38,1.63,83.45,0.779411765,0.823529412,77.94,82.35,80.15,8,19,340
119905,Hugo Mallo,Defender,Right-Back,Spain,940,Celta de Vigo,ES1,laliga,Spain,2020,2020-21,30,31,2603,3,2,5,0.104,0.069,0.173,38,1.39,76.11,0.901408451,0.61971831,90.14,61.97,76.06,8,19,504
39728,Mats Hummels,Defender,Centre-Back,Germany,16,Borussia Dortmund,L1,bundesliga,Germany,2020,2020-21,32,33,2816,5,0,5,0.16,0,0.16,34,1.88,92.03,0.666666667,0.823529412,66.67,82.35,74.51,6,19,581
253677,Tyrone Mings,Defender,Centre-Back,England,405,Aston Villa,GB1,premier-league,England,2020,2020-21,28,36,3195,2,2,4,0.056,0.056,0.113,38,1.45,93.42,0.679487179,0.897435897,67.95,89.74,78.85,8,19,387
260166,Ui-jo Hwang,Midfield,Attacking Midfield,"Korea, South",40,FC Girondins Bordeaux,FR1,ligue-1,France,2020,2020-21,28,36,2523,12,3,15,0.428,0.107,0.535,38,1.18,73.77,0.929824561,0.596491228,92.98,59.65,76.32,7,19,489
293385,Dani Olmo,Midfield,Attacking Midfield,Spain,23826,RB Leipzig,L1,bundesliga,Germany,2020,2020-21,23,32,2204,5,10,15,0.204,0.408,0.613,34,1.91,72.03,0.886363636,0.590909091,88.64,59.09,73.86,8,20,597
277167,Gian Marco Ferrari,Defender,Centre-Back,Italy,6574,US Sassuolo,IT1,serie-a,Italy,2020,2020-21,29,34,3015,0,5,5,0,0.149,0.149,38,1.63,88.16,0.676470588,0.926470588,67.65,92.65,80.15,9,20,341
175639,Jonathan Clauss,Defender,Right-Back,France,826,RC Lens,FR1,ligue-1,France,2020,2020-21,28,33,2537,3,6,9,0.106,0.213,0.319,38,1.5,74.18,1,0.526315789,100,52.63,76.32,8,20,491
225984,Matheus Pereira,Midfield,Attacking Midfield,Brazil,984,West Bromwich Albion,GB1,premier-league,England,2020,2020-21,25,33,2583,11,6,17,0.383,0.209,0.592,38,0.68,75.53,0.928571429,0.642857143,92.86,64.29,78.57,6,20,394
351478,Mikel Oyarzabal,Attack,Centre-Forward,Spain,681,Real Sociedad,ES1,laliga,Spain,2020,2020-21,24,33,2429,11,8,19,0.408,0.296,0.704,38,1.63,71.02,0.863636364,0.636363636,86.36,63.64,75,6,20,537
413112,Aurélien Tchouaméni,Midfield,Defensive Midfield,France,162,AS Monaco,FR1,ligue-1,France,2020,2020-21,21,36,3073,2,4,6,0.059,0.117,0.176,38,2.05,89.85,0.543859649,0.98245614,54.39,98.25,76.32,8,21,493
324278,Christoph Baumgartner,Midfield,Attacking Midfield,Austria,533,TSG 1899 Hoffenheim,L1,bundesliga,Germany,2020,2020-21,21,31,2380,6,5,11,0.227,0.189,0.416,34,1.26,77.78,0.75,0.727272727,75,72.73,73.86,9,21,598
357498,Dušan Vlahović,Attack,Centre-Forward,Serbia,430,ACF Fiorentina,IT1,serie-a,Italy,2020,2020-21,21,37,2932,21,2,23,0.645,0.061,0.706,38,1.05,85.73,0.733333333,0.866666667,73.33,86.67,80,4,21,344
193116,John McGinn,Midfield,Central Midfield,Scotland,405,Aston Villa,GB1,premier-league,England,2020,2020-21,26,37,3330,3,6,9,0.081,0.162,0.243,38,1.45,97.37,0.642857143,0.910714286,64.29,91.07,77.68,7,21,432
361254,Rafa Mir,Attack,Centre-Forward,Spain,5358,SD Huesca,ES1,laliga,Spain,2020,2020-21,24,38,2879,13,1,14,0.406,0.031,0.438,38,0.89,84.18,0.568181818,0.931818182,56.82,93.18,75,7,21,551
418659,Amine Gouiri,Attack,Centre-Forward,Algeria,417,OGC Nice,FR1,ligue-1,France,2020,2020-21,21,34,2753,12,7,19,0.392,0.229,0.621,38,1.37,80.5,0.75,0.75,75,75,75,6,22,541
75921,Christopher Trimmel,Defender,Right-Back,Austria,89,1.FC Union Berlin,L1,bundesliga,Germany,2020,2020-21,34,31,2579,1,10,11,0.035,0.349,0.384,34,1.47,84.28,0.921568627,0.549019608,92.16,54.9,73.53,7,22,614
126414,Hakan Çalhanoğlu,Midfield,Defensive Midfield,Türkiye,5,AC Milan,IT1,serie-a,Italy,2020,2020-21,27,33,2628,4,10,14,0.137,0.342,0.479,38,2.08,76.84,0.878787879,0.712121212,87.88,71.21,79.55,9,22,358
81999,Joselu,Attack,Centre-Forward,Spain,1108,Deportivo Alavés,ES1,laliga,Spain,2020,2020-21,31,37,3037,11,3,14,0.326,0.089,0.415,38,1,88.8,0.522727273,0.977272727,52.27,97.73,75,8,22,552
148153,Lewis Dunk,Defender,Centre-Back,England,1237,Brighton & Hove Albion,GB1,premier-league,England,2020,2020-21,29,33,2933,5,0,5,0.153,0,0.153,38,1.08,85.76,0.782051282,0.756410256,78.21,75.64,76.92,9,22,467
292818,Jonathan Bamba,Attack,Left Winger,Cote d'Ivoire,1082,LOSC Lille,FR1,ligue-1,France,2020,2020-21,25,38,2994,6,11,17,0.18,0.331,0.511,38,2.18,87.54,0.583333333,0.916666667,58.33,91.67,75,7,23,548
95810,Kieran Trippier,Defender,Right-Back,England,13,Atlético de Madrid,ES1,laliga,Spain,2020,2020-21,30,28,2477,0,6,6,0,0.218,0.218,38,2.26,72.43,0.957746479,0.535211268,95.77,53.52,74.65,9,23,573
406625,Lautaro Martínez,Attack,Centre-Forward,Argentina,46,Inter Milan,IT1,serie-a,Italy,2020,2020-21,23,38,2576,17,10,27,0.594,0.349,0.943,38,2.39,75.32,0.933333333,0.633333333,93.33,63.33,78.33,5,23,403
324358,Ollie Watkins,Attack,Centre-Forward,England,405,Aston Villa,GB1,premier-league,England,2020,2020-21,25,37,3329,14,5,19,0.378,0.135,0.514,38,1.45,97.34,0.511627907,1,51.16,100,75.58,7,23,523
225657,Philipp Lienhart,Defender,Centre-Back,Austria,60,SC Freiburg,L1,bundesliga,Germany,2020,2020-21,24,34,2993,4,0,4,0.12,0,0.12,34,1.32,97.81,0.568627451,0.901960784,56.86,90.2,73.53,8,23,615
198116,Federico Dimarco,Defender,Left-Back,Italy,276,Hellas Verona,IT1,serie-a,Italy,2020,2020-21,23,35,2615,5,5,10,0.172,0.172,0.344,38,1.18,76.46,0.941176471,0.617647059,94.12,61.76,77.94,10,24,422
74297,Gaël Kakuta,Midfield,Attacking Midfield,DR Congo,826,RC Lens,FR1,ligue-1,France,2020,2020-21,30,35,2413,11,5,16,0.41,0.186,0.597,38,1.5,70.56,0.964912281,0.50877193,96.49,50.88,73.68,9,24,605
93936,Kike García,Attack,Centre-Forward,Spain,1533,SD Eibar,ES1,laliga,Spain,2020,2020-21,31,37,3104,12,2,14,0.348,0.058,0.406,38,0.79,90.76,0.477272727,1,47.73,100,73.86,9,24,599
183288,Luke Shaw,Defender,Left-Back,England,985,Manchester United,GB1,premier-league,England,2020,2020-21,25,32,2655,1,5,6,0.034,0.169,0.203,38,1.95,77.63,0.884615385,0.615384615,88.46,61.54,75,10,24,563
190284,Maximilian Eggestein,Midfield,Central Midfield,Germany,86,SV Werder Bremen,L1,bundesliga,Germany,2020,2020-21,24,33,2943,2,5,7,0.061,0.153,0.214,34,0.91,96.18,0.477272727,0.977272727,47.73,97.73,72.73,10,24,646
266359,Benjamin Bourigeaud,Midfield,Central Midfield,France,273,Stade Rennais FC,FR1,ligue-1,France,2020,2020-21,27,37,2558,6,5,11,0.211,0.176,0.387,38,1.53,74.8,0.842105263,0.631578947,84.21,63.16,73.68,10,25,606
193784,Carlos Clerc,Defender,Left-Back,Spain,3368,Levante UD,ES1,laliga,Spain,2020,2020-21,29,35,2776,0,3,3,0,0.097,0.097,38,1.08,81.17,0.690140845,0.774647887,69.01,77.46,73.24,10,25,625
145707,Danilo,Defender,Centre-Back,Brazil,506,Juventus FC,IT1,serie-a,Italy,2020,2020-21,29,34,2916,1,4,5,0.031,0.123,0.154,38,2.05,85.26,0.705882353,0.852941176,70.59,85.29,77.94,11,25,423
118534,Michael Keane,Defender,Centre-Back,England,29,Everton FC,GB1,premier-league,England,2020,2020-21,28,35,2990,3,1,4,0.09,0.03,0.12,38,1.55,87.43,0.705128205,0.794871795,70.51,79.49,75,11,25,567
146310,Wataru Endo,Midfield,Defensive Midfield,Japan,79,VfB Stuttgart,L1,bundesliga,Germany,2020,2020-21,28,33,2957,3,4,7,0.091,0.122,0.213,34,1.32,96.63,0.454545455,1,45.45,100,72.73,11,25,647
15956,Jesús Navas,Midfield,Right Midfield,Spain,368,Sevilla FC,ES1,laliga,Spain,2020,2020-21,35,34,2833,0,6,6,0,0.191,0.191,38,2.03,82.84,0.613636364,0.840909091,61.36,84.09,72.73,7,26,648
286297,Lorenzo Pellegrini,Midfield,Attacking Midfield,Italy,12,Associazione Sportiva Roma,IT1,serie-a,Italy,2020,2020-21,25,34,2607,7,6,13,0.242,0.207,0.449,38,1.63,76.23,0.848484848,0.696969697,84.85,69.7,77.27,10,26,451
324795,Mahdi Camara,Midfield,Central Midfield,France,618,AS Saint-Étienne,FR1,ligue-1,France,2020,2020-21,23,37,3295,3,2,5,0.082,0.055,0.137,38,1.21,96.35,0.473684211,1,47.37,100,73.68,11,26,609
291200,Moussa Niakhaté,Defender,Centre-Back,Senegal,39,1.FSV Mainz 05,L1,bundesliga,Germany,2020,2020-21,25,32,2867,3,1,4,0.094,0.031,0.126,34,1.15,93.69,0.588235294,0.862745098,58.82,86.27,72.55,9,26,655
167799,Pierre-Emile Højbjerg,Midfield,Defensive Midfield,Denmark,148,Tottenham Hotspur,GB1,premier-league,England,2020,2020-21,25,38,3420,2,4,6,0.053,0.105,0.158,38,1.63,100,0.517857143,0.964285714,51.79,96.43,74.11,8,26,590
349066,Alexander Isak,Attack,Centre-Forward,Sweden,681,Real Sociedad,ES1,laliga,Spain,2020,2020-21,21,34,2356,17,2,19,0.649,0.076,0.726,38,1.63,68.89,0.909090909,0.522727273,90.91,52.27,71.59,10,27,687
122797,Andy Delort,Attack,Centre-Forward,Algeria,969,Montpellier HSC,FR1,ligue-1,France,2020,2020-21,29,30,2492,15,10,25,0.542,0.361,0.903,38,1.42,72.87,0.888888889,0.583333333,88.89,58.33,73.61,8,27,610
105521,Ciro Immobile,Attack,Centre-Forward,Italy,398,Società Sportiva Lazio S.p.A.,IT1,serie-a,Italy,2020,2020-21,31,35,2863,20,7,27,0.629,0.22,0.849,38,1.79,83.71,0.8,0.733333333,80,73.33,76.67,6,27,472
306024,Dominic Calvert-Lewin,Attack,Centre-Forward,England,29,Everton FC,GB1,premier-league,England,2020,2020-21,24,33,2876,16,3,19,0.501,0.094,0.595,38,1.55,84.09,0.627906977,0.837209302,62.79,83.72,73.26,8,27,624
161056,Joshua Kimmich,Midfield,Defensive Midfield,Germany,27,Bayern Munich,L1,bundesliga,Germany,2020,2020-21,26,27,2196,4,10,14,0.164,0.41,0.574,34,2.29,71.76,0.863636364,0.568181818,86.36,56.82,71.59,12,27,688
95963,Germán Sánchez,Defender,Centre-Back,Spain,16795,Granada CF,ES1,laliga,Spain,2020,2020-21,34,34,2639,3,1,4,0.102,0.034,0.136,38,1.21,77.16,0.746478873,0.676056338,74.65,67.61,71.13,11,28,712
133964,Lorenzo Insigne,Attack,Left Winger,Italy,6195,SSC Napoli,IT1,serie-a,Italy,2020,2020-21,30,35,2873,19,7,26,0.595,0.219,0.814,38,2.03,84.01,0.766666667,0.766666667,76.67,76.67,76.67,7,28,473
487969,Randal Kolo Muani,Attack,Centre-Forward,France,995,FC Nantes,FR1,ligue-1,France,2020,2020-21,22,37,3042,9,8,17,0.266,0.237,0.503,38,1.05,88.95,0.527777778,0.944444444,52.78,94.44,73.61,9,28,611
85791,Stefan Lainer,Defender,Right-Back,Austria,18,Borussia Mönchengladbach,L1,bundesliga,Germany,2020,2020-21,28,33,2773,2,3,5,0.065,0.097,0.162,34,1.44,90.62,0.68627451,0.745098039,68.63,74.51,71.57,10,28,689
130765,Stuart Armstrong,Midfield,Central Midfield,Scotland,180,Southampton FC,GB1,premier-league,England,2020,2020-21,29,33,2774,4,5,9,0.13,0.162,0.292,38,1.13,81.11,0.714285714,0.75,71.43,75,73.21,9,28,626
91317,Ashley Westwood,Midfield,Defensive Midfield,England,1132,Burnley FC,GB1,premier-league,England,2020,2020-21,31,38,3411,3,3,6,0.079,0.079,0.158,38,1.03,99.74,0.517857143,0.946428571,51.79,94.64,73.21,10,29,627
252677,José Luis Morales,Attack,Centre-Forward,Spain,3368,Levante UD,ES1,laliga,Spain,2020,2020-21,33,38,2454,13,4,17,0.477,0.147,0.623,38,1.08,71.75,0.75,0.659090909,75,65.91,70.45,11,29,747
335147,Junior Sambia,Defender,Right-Back,France,969,Montpellier HSC,FR1,ligue-1,France,2020,2020-21,24,36,2446,1,6,7,0.037,0.221,0.258,38,1.42,71.52,0.960526316,0.5,96.05,50,73.03,9,29,632
124502,Matthias Ginter,Defender,Centre-Back,Germany,18,Borussia Mönchengladbach,L1,bundesliga,Germany,2020,2020-21,27,34,3060,2,1,3,0.059,0.029,0.088,34,1.44,100,0.450980392,0.960784314,45.1,96.08,70.59,11,29,740
284595,Tommaso Augello,Defender,Left-Back,Italy,1038,UC Sampdoria,IT1,serie-a,Italy,2020,2020-21,26,37,3220,1,3,4,0.028,0.084,0.112,38,1.37,94.15,0.544117647,0.985294118,54.41,98.53,76.47,12,29,481
351755,Darnell Furlong,Defender,Right-Back,England,984,West Bromwich Albion,GB1,premier-league,England,2020,2020-21,25,35,2930,1,3,4,0.031,0.092,0.123,38,0.68,85.67,0.717948718,0.743589744,71.79,74.36,73.08,12,30,631
598577,Florian Wirtz,Midfield,Attacking Midfield,Germany,15,Bayer 04 Leverkusen,L1,bundesliga,Germany,2020,2020-21,18,29,2229,5,6,11,0.202,0.242,0.444,34,1.53,72.84,0.772727273,0.636363636,77.27,63.64,70.45,13,30,749
188854,Manu Trigueros,Midfield,Central Midfield,Spain,1050,Villarreal CF,ES1,laliga,Spain,2020,2020-21,29,35,2542,1,7,8,0.035,0.248,0.283,38,1.53,74.33,0.818181818,0.590909091,81.82,59.09,70.45,8,30,750
295183,Răzvan Marin,Midfield,Central Midfield,Romania,1390,Cagliari Calcio,IT1,serie-a,Italy,2020,2020-21,25,37,2975,3,6,9,0.091,0.182,0.272,38,0.97,86.99,0.575757576,0.939393939,57.58,93.94,75.76,11,30,516
215114,Thomas Foket,Defender,Right-Back,Belgium,1421,Stade Reims,FR1,ligue-1,France,2020,2020-21,26,37,3325,0,3,3,0,0.081,0.081,38,1.11,97.22,0.473684211,0.973684211,47.37,97.37,72.37,10,30,660
342229,Kylian Mbappé,Attack,Centre-Forward,France,583,Paris Saint-Germain,FR1,ligue-1,France,2020,2020-21,22,31,2387,27,7,34,1.018,0.264,1.282,38,2.16,69.8,1,0.444444444,100,44.44,72.22,10,31,666
48298,Lars Stindl,Midfield,Attacking Midfield,Germany,18,Borussia Mönchengladbach,L1,bundesliga,Germany,2020,2020-21,32,30,1968,14,10,24,0.64,0.457,1.098,34,1.44,64.31,1,0.363636364,100,36.36,68.18,14,31,864
413507,Nikola Milenković,Defender,Centre-Back,Serbia,430,ACF Fiorentina,IT1,serie-a,Italy,2020,2020-21,23,34,3036,3,1,4,0.089,0.03,0.119,38,1.05,88.77,0.573529412,0.941176471,57.35,94.12,75.74,13,31,517
357885,Pablo Fornals,Midfield,Central Midfield,Spain,379,West Ham United,GB1,premier-league,England,2020,2020-21,25,33,2584,5,4,9,0.174,0.139,0.313,38,1.71,75.56,0.75,0.660714286,75,66.07,70.54,11,31,742
330352,Raúl Guti,Midfield,Central Midfield,Spain,1531,Elche CF,ES1,laliga,Spain,2020,2020-21,24,36,2875,3,1,4,0.094,0.031,0.125,38,0.95,84.06,0.5,0.909090909,50,90.91,70.45,9,31,752
57370,Damien Da Silva,Defender,Centre-Back,France,273,Stade Rennais FC,FR1,ligue-1,France,2020,2020-21,33,30,2665,4,0,4,0.135,0,0.135,38,1.53,77.92,0.776315789,0.644736842,77.63,64.47,71.05,11,32,717
290249,Mauro Arambarri,Midfield,Central Midfield,Uruguay,3709,Getafe CF,ES1,laliga,Spain,2020,2020-21,25,34,2990,3,0,3,0.09,0,0.09,38,1,87.43,0.454545455,0.954545455,45.45,95.45,70.45,10,32,753
273132,Robin Gosens,Defender,Left-Back,Germany,800,Atalanta BC,IT1,serie-a,Italy,2020,2020-21,26,32,2538,11,6,17,0.39,0.213,0.603,38,2.05,74.21,1,0.5,100,50,75,14,32,542
200512,Sadio Mané,Attack,Left Winger,Senegal,31,Liverpool FC,GB1,premier-league,England,2020,2020-21,29,35,2812,11,8,19,0.352,0.256,0.608,38,1.82,82.22,0.674418605,0.720930233,67.44,72.09,69.77,9,32,790
223979,Xaver Schlager,Midfield,Central Midfield,Austria,82,VfL Wolfsburg,L1,bundesliga,Germany,2020,2020-21,23,32,2639,2,4,6,0.068,0.136,0.205,34,1.79,86.24,0.431818182,0.909090909,43.18,90.91,67.05,15,32,939
74229,Koke,Midfield,Central Midfield,Spain,13,Atlético de Madrid,ES1,laliga,Spain,2020,2020-21,29,37,3025,1,2,3,0.03,0.06,0.089,38,2.26,88.45,0.431818182,0.977272727,43.18,97.73,70.45,11,33,754
128220,Luis Alberto,Midfield,Attacking Midfield,Spain,398,Società Sportiva Lazio S.p.A.,IT1,serie-a,Italy,2020,2020-21,28,34,2640,9,2,11,0.307,0.068,0.375,38,1.79,77.19,0.772727273,0.727272727,77.27,72.73,75,12,33,553
82873,Pascal Groß,Midfield,Central Midfield,Germany,1237,Brighton & Hove Albion,GB1,premier-league,England,2020,2020-21,30,34,2480,3,8,11,0.109,0.29,0.399,38,1.08,72.51,0.892857143,0.5,89.29,50,69.64,12,33,795
93740,Willi Orbán,Defender,Centre-Back,Hungary,23826,RB Leipzig,L1,bundesliga,Germany,2020,2020-21,28,29,2362,4,2,6,0.152,0.076,0.229,34,1.91,77.19,0.901960784,0.431372549,90.2,43.14,66.67,12,33,961
251075,Zeki Çelik,Defender,Right-Back,Türkiye,1082,LOSC Lille,FR1,ligue-1,France,2020,2020-21,24,29,2389,3,3,6,0.113,0.113,0.226,38,2.18,69.85,0.921052632,0.486842105,92.11,48.68,70.39,12,33,757
272261,Antonín Barák,Midfield,Attacking Midfield,Czech Republic,276,Hellas Verona,IT1,serie-a,Italy,2020,2020-21,26,34,2772,7,3,10,0.227,0.097,0.325,38,1.18,81.05,0.666666667,0.833333333,66.67,83.33,75,13,34,554
250779,Brendan Chardonnet,Defender,Centre-Back,France,3911,Stade Brestois 29,FR1,ligue-1,France,2020,2020-21,26,33,2714,3,1,4,0.099,0.033,0.133,38,1.08,79.36,0.75,0.657894737,75,65.79,70.39,13,34,758
52403,Dimitrios Siovas,Defender,Centre-Back,Greece,5358,SD Huesca,ES1,laliga,Spain,2020,2020-21,32,36,3073,2,0,2,0.059,0,0.059,38,0.89,89.85,0.450704225,0.957746479,45.07,95.77,70.42,12,34,755
479999,Eberechi Eze,Midfield,Attacking Midfield,England,873,Crystal Palace,GB1,premier-league,England,2020,2020-21,23,34,2563,4,6,10,0.14,0.211,0.351,38,1.16,74.94,0.803571429,0.589285714,80.36,58.93,69.64,13,34,796
170986,Raphaël Guerreiro,Defender,Left-Back,Portugal,16,Borussia Dortmund,L1,bundesliga,Germany,2020,2020-21,27,27,2222,5,11,16,0.203,0.446,0.648,34,1.88,72.61,1,0.31372549,100,31.37,65.69,13,34,998
311044,Alfonso Espino,Defender,Left-Back,Uruguay,2687,Cádiz CF,ES1,laliga,Spain,2020,2020-21,29,32,2605,0,4,4,0,0.138,0.138,38,1.16,76.17,0.76056338,0.633802817,76.06,63.38,69.72,13,35,793
316125,Ben Chilwell,Defender,Left-Back,England,631,Chelsea FC,GB1,premier-league,England,2020,2020-21,24,27,2291,3,5,8,0.118,0.196,0.314,38,1.76,66.99,1,0.358974359,100,35.9,67.95,13,35,880
241076,Emmanuel Gyasi,Midfield,Right Midfield,Ghana,3522,Spezia Calcio,IT1,serie-a,Italy,2020,2020-21,27,37,2858,4,6,10,0.126,0.189,0.315,38,1.03,83.57,0.636363636,0.863636364,63.64,86.36,75,14,35,556
85585,John Boye,Defender,Centre-Back,Ghana,347,FC Metz,FR1,ligue-1,France,2020,2020-21,34,35,3047,1,2,3,0.03,0.059,0.089,38,1.24,89.09,0.526315789,0.881578947,52.63,88.16,70.39,14,35,759
159088,Robert Andrich,Midfield,Defensive Midfield,Germany,89,1.FC Union Berlin,L1,bundesliga,Germany,2020,2020-21,26,29,2529,5,2,7,0.178,0.071,0.249,34,1.47,82.65,0.522727273,0.772727273,52.27,77.27,64.77,16,35,1043
127108,Florian Lejeune,Defender,Centre-Back,France,1108,Deportivo Alavés,ES1,laliga,Spain,2020,2020-21,30,34,3015,1,1,2,0.03,0.03,0.06,38,1,88.16,0.464788732,0.929577465,46.48,92.96,69.72,14,36,794
177907,Harry Maguire,Defender,Centre-Back,England,985,Manchester United,GB1,premier-league,England,2020,2020-21,28,34,3048,2,1,3,0.059,0.03,0.089,38,1.95,89.12,0.525641026,0.820512821,52.56,82.05,67.31,14,36,920
238626,Laurent Abergel,Midfield,Defensive Midfield,France,1158,FC Lorient,FR1,ligue-1,France,2020,2020-21,28,38,2967,3,1,4,0.091,0.03,0.121,38,1.11,86.75,0.438596491,0.964912281,43.86,96.49,70.18,12,36,770
331401,Manuel Lazzari,Defender,Right-Back,Italy,398,Società Sportiva Lazio S.p.A.,IT1,serie-a,Italy,2020,2020-21,27,32,2620,2,6,8,0.069,0.206,0.275,38,1.79,76.61,0.867647059,0.632352941,86.76,63.24,75,15,36,558
369567,Sasa Kalajdzic,Attack,Centre-Forward,Austria,79,VfB Stuttgart,L1,bundesliga,Germany,2020,2020-21,23,33,2138,16,6,22,0.674,0.253,0.926,34,1.32,69.87,0.821428571,0.464285714,82.14,46.43,64.29,7,36,1068
25488,Antonio Candreva,Midfield,Right Midfield,Italy,1038,UC Sampdoria,IT1,serie-a,Italy,2020,2020-21,34,35,2514,5,8,13,0.179,0.286,0.465,38,1.37,73.51,0.863636364,0.621212121,86.36,62.12,74.24,15,37,587
463603,Benoît Badiashile,Defender,Centre-Back,France,162,AS Monaco,FR1,ligue-1,France,2020,2020-21,20,35,2871,2,1,3,0.063,0.031,0.094,38,2.05,83.95,0.631578947,0.75,63.16,75,69.08,15,37,826
170472,Dimitri Foulquier,Defender,Right-Back,Guadeloupe,16795,Granada CF,ES1,laliga,Spain,2020,2020-21,28,31,2580,0,4,4,0,0.14,0.14,38,1.21,75.44,0.788732394,0.577464789,78.87,57.75,68.31,15,37,863
182712,João Cancelo,Defender,Right-Back,Portugal,281,Manchester City,GB1,premier-league,England,2020,2020-21,27,28,2302,2,4,6,0.078,0.156,0.235,38,2.26,67.31,0.948717949,0.384615385,94.87,38.46,66.67,15,37,960
85789,Martin Hinteregger,Defender,Centre-Back,Austria,24,Eintracht Frankfurt,L1,bundesliga,Germany,2020,2020-21,28,29,2527,2,3,5,0.071,0.107,0.178,34,1.76,82.58,0.784313725,0.490196078,78.43,49.02,63.73,14,37,1086
266807,Ángel Correa,Attack,Second Striker,Argentina,13,Atlético de Madrid,ES1,laliga,Spain,2020,2020-21,26,38,2410,9,8,17,0.336,0.299,0.635,38,2.26,70.47,0.772727273,0.590909091,77.27,59.09,68.18,12,38,866
265088,Manuel Locatelli,Midfield,Defensive Midfield,Italy,6574,US Sassuolo,IT1,serie-a,Italy,2020,2020-21,23,34,2885,4,3,7,0.125,0.094,0.218,38,1.63,84.36,0.515151515,0.893939394,51.52,89.39,70.45,16,38,751
250478,Matt Targett,Defender,Left-Back,England,405,Aston Villa,GB1,premier-league,England,2020,2020-21,25,38,3405,0,2,2,0,0.053,0.053,38,1.45,99.56,0.346153846,0.987179487,34.62,98.72,66.67,16,38,965
192635,Nico Elvedi,Defender,Centre-Back,Switzerland,18,Borussia Mönchengladbach,L1,bundesliga,Germany,2020,2020-21,24,29,2537,3,2,5,0.106,0.071,0.177,34,1.44,82.91,0.764705882,0.509803922,76.47,50.98,63.73,15,38,1087
135492,Youssouf Sabaly,Defender,Right-Back,Senegal,40,FC Girondins Bordeaux,FR1,ligue-1,France,2020,2020-21,28,33,2915,1,2,3,0.031,0.062,0.093,38,1.18,85.23,0.578947368,0.802631579,57.89,80.26,69.08,16,38,827
73794,Duván Zapata,Attack,Centre-Forward,Colombia,800,Atalanta BC,IT1,serie-a,Italy,2020,2020-21,30,37,2392,15,10,25,0.564,0.376,0.941,38,2.05,69.94,0.9,0.5,90,50,70,8,39,771
90466,Gylfi Sigurdsson,Midfield,Attacking Midfield,Iceland,29,Everton FC,GB1,premier-league,England,2020,2020-21,31,36,2254,6,5,11,0.24,0.2,0.439,38,1.55,65.91,0.910714286,0.375,91.07,37.5,64.29,14,39,1071
290017,Hassane Kamara,Defender,Left-Back,Cote d'Ivoire,417,OGC Nice,FR1,ligue-1,France,2020,2020-21,27,36,2966,2,1,3,0.061,0.03,0.091,38,1.37,86.73,0.552631579,0.828947368,55.26,82.89,69.08,17,39,828
160938,Marc Oliver Kempf,Defender,Centre-Back,Germany,79,VfB Stuttgart,L1,bundesliga,Germany,2020,2020-21,26,32,2734,2,1,3,0.066,0.033,0.099,34,1.32,89.35,0.529411765,0.725490196,52.94,72.55,62.75,16,39,1142
70934,Nolito,Attack,Left Winger,Spain,940,Celta de Vigo,ES1,laliga,Spain,2020,2020-21,34,36,2627,7,6,13,0.24,0.206,0.445,38,1.39,76.81,0.590909091,0.772727273,59.09,77.27,68.18,13,39,869
51174,Fernando,Midfield,Defensive Midfield,Brazil,368,Sevilla FC,ES1,laliga,Spain,2020,2020-21,33,31,2546,3,4,7,0.106,0.141,0.247,38,2.03,74.44,0.75,0.613636364,75,61.36,68.18,12,40,870
106987,Marcel Sabitzer,Midfield,Central Midfield,Austria,23826,RB Leipzig,L1,bundesliga,Germany,2020,2020-21,27,27,2029,8,4,12,0.355,0.177,0.532,34,1.91,66.31,0.840909091,0.409090909,84.09,40.91,62.5,17,40,1151
205006,Rick Karsdorp,Defender,Right-Back,Netherlands,12,Associazione Sportiva Roma,IT1,serie-a,Italy,2020,2020-21,26,34,2548,1,6,7,0.035,0.212,0.247,38,1.63,74.5,0.838235294,0.544117647,83.82,54.41,69.12,16,40,825
225161,Rúben Neves,Midfield,Defensive Midfield,Portugal,543,Wolverhampton Wanderers,GB1,premier-league,England,2020,2020-21,24,36,2680,5,1,6,0.168,0.034,0.201,38,1.18,78.36,0.571428571,0.714285714,57.14,71.43,64.29,15,40,1074
18934,Thomas Mangani,Midfield,Central Midfield,France,1420,Angers SCO,FR1,ligue-1,France,2020,2020-21,34,35,2702,3,3,6,0.1,0.1,0.2,38,1.16,79.01,0.596491228,0.771929825,59.65,77.19,68.42,13,40,858
177843,Domenico Berardi,Attack,Right Winger,Italy,6574,US Sassuolo,IT1,serie-a,Italy,2020,2020-21,26,30,2485,17,8,25,0.616,0.29,0.905,38,1.63,72.66,0.833333333,0.533333333,83.33,53.33,68.33,9,41,860
67421,Kyle Bartley,Defender,Centre-Back,England,984,West Bromwich Albion,GB1,premier-league,England,2020,2020-21,30,30,2584,3,1,4,0.104,0.035,0.139,38,0.68,75.56,0.743589744,0.525641026,74.36,52.56,63.46,17,41,1106
52920,Marcelo,Defender,Centre-Back,Brazil,1041,Olympique Lyon,FR1,ligue-1,France,2020,2020-21,34,34,2913,3,0,3,0.093,0,0.093,38,2,85.18,0.578947368,0.789473684,57.89,78.95,68.42,18,41,859
55099,Nicolas Höfler,Midfield,Defensive Midfield,Germany,60,SC Freiburg,L1,bundesliga,Germany,2020,2020-21,31,31,2730,1,4,5,0.033,0.132,0.165,34,1.32,89.22,0.318181818,0.931818182,31.82,93.18,62.5,18,41,1158
433049,Youssef En-Nesyri,Attack,Centre-Forward,Morocco,368,Sevilla FC,ES1,laliga,Spain,2020,2020-21,24,38,2314,18,0,18,0.7,0,0.7,38,2.03,67.66,0.840909091,0.5,84.09,50,67.05,14,41,936
167727,Andrea Belotti,Attack,Centre-Forward,Italy,416,Torino FC,IT1,serie-a,Italy,2020,2020-21,27,35,2894,13,7,20,0.404,0.218,0.622,38,0.97,84.62,0.533333333,0.833333333,53.33,83.33,68.33,10,42,861
193900,Marius Wolf,Defender,Right-Back,Germany,3,1.FC Köln,L1,bundesliga,Germany,2020,2020-21,26,31,2562,2,3,5,0.07,0.105,0.176,34,0.97,83.73,0.705882353,0.529411765,70.59,52.94,61.76,17,42,1214
255653,Santi Mina,Attack,Centre-Forward,Spain,940,Celta de Vigo,ES1,laliga,Spain,2020,2020-21,25,34,2421,12,4,16,0.446,0.149,0.595,38,1.39,70.79,0.727272727,0.613636364,72.73,61.36,67.05,15,42,938
262226,Timothy Castagne,Defender,Right-Back,Belgium,1003,Leicester City,GB1,premier-league,England,2020,2020-21,25,27,2347,2,3,5,0.077,0.115,0.192,38,1.74,68.63,0.858974359,0.397435897,85.9,39.74,62.82,18,42,1131
232895,Zinedine Ferhat,Attack,Right Winger,Algeria,1160,Nîmes Olympique,FR1,ligue-1,France,2020,2020-21,28,33,2960,6,10,16,0.182,0.304,0.486,38,0.92,86.55,0.5,0.861111111,50,86.11,68.06,11,42,871
80293,Aïssa Mandi,Defender,Centre-Back,Algeria,150,Real Betis Balompié,ES1,laliga,Spain,2020,2020-21,29,28,2393,3,1,4,0.113,0.038,0.15,38,1.61,69.97,0.830985915,0.478873239,83.1,47.89,65.49,16,43,1001
277179,Angeliño,Defender,Left-Back,Spain,23826,RB Leipzig,L1,bundesliga,Germany,2020,2020-21,24,26,2165,4,6,10,0.166,0.249,0.416,34,1.91,70.75,0.941176471,0.274509804,94.12,27.45,60.78,18,43,1271
413403,Ezri Konsa,Defender,Centre-Back,England,405,Aston Villa,GB1,premier-league,England,2020,2020-21,23,36,3195,2,0,2,0.056,0,0.056,38,1.45,93.42,0.358974359,0.897435897,35.9,89.74,62.82,19,43,1137
46552,Kamil Glik,Defender,Centre-Back,Poland,4171,Benevento Calcio,IT1,serie-a,Italy,2020,2020-21,33,36,3207,2,1,3,0.056,0.028,0.084,38,0.87,93.77,0.382352941,0.970588235,38.24,97.06,67.65,17,43,907
43256,Paul Baysse,Defender,Centre-Back,France,40,FC Girondins Bordeaux,FR1,ligue-1,France,2020,2020-21,33,31,2613,2,2,4,0.069,0.069,0.138,38,1.18,76.4,0.789473684,0.565789474,78.95,56.58,67.76,19,43,898
221150,Dakonam Djené,Defender,Centre-Back,Togo,3709,Getafe CF,ES1,laliga,Spain,2020,2020-21,29,34,2945,0,2,2,0,0.061,0.061,38,1,86.11,0.478873239,0.830985915,47.89,83.1,65.49,17,44,1002
262523,Davide Calabria,Defender,Right-Back,Italy,5,AC Milan,IT1,serie-a,Italy,2020,2020-21,24,32,2653,2,2,4,0.068,0.068,0.136,38,2.08,77.57,0.632352941,0.676470588,63.24,67.65,65.44,18,44,1004
238266,Duje Caleta-Car,Defender,Centre-Back,Croatia,244,Olympique Marseille,FR1,ligue-1,France,2020,2020-21,24,33,2816,2,1,3,0.064,0.032,0.096,38,1.58,82.34,0.644736842,0.710526316,64.47,71.05,67.76,20,44,899
184779,Gonzalo Verdú,Defender,Centre-Back,Spain,1531,Elche CF,ES1,laliga,Spain,2020,2020-21,32,33,2945,0,2,2,0,0.061,0.061,38,0.95,86.11,0.478873239,0.830985915,47.89,83.1,65.49,17,44,1002
170527,Timo Werner,Attack,Centre-Forward,Germany,631,Chelsea FC,GB1,premier-league,England,2020,2020-21,25,35,2606,6,12,18,0.207,0.414,0.622,38,1.76,76.2,0.697674419,0.558139535,69.77,55.81,62.79,10,44,1138
185077,Vincenzo Grifo,Attack,Left Winger,Italy,60,SC Freiburg,L1,bundesliga,Germany,2020,2020-21,28,31,2329,9,10,19,0.348,0.386,0.734,34,1.32,76.11,0.607142857,0.607142857,60.71,60.71,60.71,8,44,1277
315853,Alessandro Bastoni,Defender,Centre-Back,Italy,46,Inter Milan,IT1,serie-a,Italy,2020,2020-21,22,33,2926,0,3,3,0,0.092,0.092,38,2.39,85.56,0.441176471,0.867647059,44.12,86.76,65.44,19,45,1005
504215,Giovanni Reyna,Midfield,Attacking Midfield,United States,16,Borussia Dortmund,L1,bundesliga,Germany,2020,2020-21,18,32,1981,4,7,11,0.182,0.318,0.5,34,1.88,64.74,0.818181818,0.386363636,81.82,38.64,60.23,19,45,1299
444523,Lucas Paquetá,Midfield,Attacking Midfield,Brazil,1041,Olympique Lyon,FR1,ligue-1,France,2020,2020-21,23,30,2287,9,5,14,0.354,0.197,0.551,38,2,66.87,0.947368421,0.403508772,94.74,40.35,67.54,14,45,908
396894,Maxi Gómez,Attack,Centre-Forward,Uruguay,1049,Valencia CF,ES1,laliga,Spain,2020,2020-21,24,31,2700,7,5,12,0.233,0.167,0.4,38,1.13,78.95,0.454545455,0.840909091,45.45,84.09,64.77,16,45,1042
131789,Roberto Firmino,Attack,Centre-Forward,Brazil,31,Liverpool FC,GB1,premier-league,England,2020,2020-21,29,36,2852,9,7,16,0.284,0.221,0.505,38,1.82,83.39,0.488372093,0.76744186,48.84,76.74,62.79,11,45,1139
215977,Adrien Thomasson,Midfield,Central Midfield,France,667,RC Strasbourg Alsace,FR1,ligue-1,France,2020,2020-21,27,37,2639,5,1,6,0.171,0.034,0.205,38,1.11,77.16,0.614035088,0.736842105,61.4,73.68,67.54,15,46,910
417346,Jack Harrison,Attack,Left Winger,England,399,Leeds United,GB1,premier-league,England,2020,2020-21,24,36,2855,8,8,16,0.252,0.252,0.504,38,1.55,83.48,0.465116279,0.790697674,46.51,79.07,62.79,12,46,1140
387626,Leon Bailey,Attack,Right Winger,Jamaica,15,Bayer 04 Leverkusen,L1,bundesliga,Germany,2020,2020-21,23,30,2144,9,9,18,0.378,0.378,0.756,34,1.53,70.07,0.678571429,0.5,67.86,50,58.93,9,46,1376
486624,Musa Barrow,Attack,Left Winger,The Gambia,1025,Bologna Football Club 1909,IT1,serie-a,Italy,2020,2020-21,22,38,2934,8,10,18,0.245,0.307,0.552,38,1.08,85.79,0.4,0.9,40,90,65,11,46,1026
351809,Robin Le Normand,Defender,Centre-Back,Spain,681,Real Sociedad,ES1,laliga,Spain,2020,2020-21,24,33,2748,0,2,2,0,0.066,0.066,38,1.63,80.35,0.507042254,0.76056338,50.7,76.06,63.38,18,46,1111
282250,Birger Meling,Defender,Left-Back,Norway,1160,Nîmes Olympique,FR1,ligue-1,France,2020,2020-21,26,26,2329,2,3,5,0.077,0.116,0.193,38,0.92,68.1,0.894736842,0.447368421,89.47,44.74,67.11,21,47,932
131102,Jeison Murillo,Defender,Centre-Back,Colombia,940,Celta de Vigo,ES1,laliga,Spain,2020,2020-21,29,31,2702,2,0,2,0.067,0,0.067,38,1.39,79.01,0.535211268,0.718309859,53.52,71.83,62.68,19,47,1148
129129,João Pedro,Attack,Centre-Forward,Italy,1390,Cagliari Calcio,IT1,serie-a,Italy,2020,2020-21,29,37,3261,16,3,19,0.442,0.083,0.524,38,0.97,95.35,0.3,1,30,100,65,12,47,1028
300716,Kieran Tierney,Defender,Left-Back,Scotland,11,Arsenal FC,GB1,premier-league,England,2020,2020-21,24,27,2301,1,4,5,0.039,0.156,0.196,38,1.61,67.28,0.871794872,0.371794872,87.18,37.18,62.18,20,47,1180
395516,Moussa Diaby,Attack,Right Winger,France,15,Bayer 04 Leverkusen,L1,bundesliga,Germany,2020,2020-21,21,32,2393,4,12,16,0.15,0.451,0.602,34,1.53,78.2,0.5,0.678571429,50,67.86,58.93,10,47,1377
420064,Caio Henrique,Defender,Left-Back,Brazil,162,AS Monaco,FR1,ligue-1,France,2020,2020-21,23,31,2375,0,5,5,0,0.189,0.189,38,2.05,69.44,0.881578947,0.460526316,88.16,46.05,67.11,22,48,933
237164,Ihlas Bebou,Attack,Centre-Forward,Togo,533,TSG 1899 Hoffenheim,L1,bundesliga,Germany,2020,2020-21,27,32,2203,9,8,17,0.368,0.327,0.695,34,1.26,71.99,0.571428571,0.571428571,57.14,57.14,57.14,11,48,1475
319160,Jakub Jankto,Midfield,Left Midfield,Czech Republic,1038,UC Sampdoria,IT1,serie-a,Italy,2020,2020-21,25,35,2421,6,3,9,0.223,0.112,0.335,38,1.37,70.79,0.696969697,0.575757576,69.7,57.58,63.64,17,48,1093
236490,Ola Aina,Defender,Right-Back,Nigeria,931,Fulham FC,GB1,premier-league,England,2020,2020-21,24,31,2670,2,1,3,0.067,0.034,0.101,38,0.74,78.07,0.615384615,0.628205128,61.54,62.82,62.18,21,48,1181
164770,Raphaël Varane,Defender,Centre-Back,France,418,Real Madrid,ES1,laliga,Spain,2020,2020-21,28,31,2716,2,0,2,0.066,0,0.066,38,2.21,79.42,0.507042254,0.732394366,50.7,73.24,61.97,20,48,1193
293194,Borna Sosa,Defender,Left-Back,Croatia,79,VfB Stuttgart,L1,bundesliga,Germany,2020,2020-21,23,26,2048,0,10,10,0,0.439,0.439,34,1.32,66.93,0.960784314,0.176470588,96.08,17.65,56.86,19,49,1501
243028,Jan Bednarek,Defender,Centre-Back,Poland,180,Southampton FC,GB1,premier-league,England,2020,2020-21,25,36,3101,1,1,2,0.029,0.029,0.058,38,1.13,90.67,0.371794872,0.871794872,37.18,87.18,62.18,22,49,1182
67089,Juan Cala,Defender,Centre-Back,,2687,Cádiz CF,ES1,laliga,Spain,2020,2020-21,31,28,2273,3,1,4,0.119,0.04,0.158,38,1.16,66.46,0.85915493,0.366197183,85.92,36.62,61.27,21,49,1242
156617,Marcelo Brozović,Midfield,Defensive Midfield,Croatia,46,Inter Milan,IT1,serie-a,Italy,2020,2020-21,28,33,2584,2,6,8,0.07,0.209,0.279,38,2.39,75.56,0.590909091,0.681818182,59.09,68.18,63.64,18,49,1094
199704,Yunis Abdelhamid,Defender,Centre-Back,Morocco,1421,Stade Reims,FR1,ligue-1,France,2020,2020-21,33,33,2890,3,0,3,0.093,0,0.093,38,1.11,84.5,0.578947368,0.763157895,57.89,76.32,67.11,23,49,934
32522,Antonio Barragán,Defender,Right-Back,Spain,1531,Elche CF,ES1,laliga,Spain,2020,2020-21,34,27,2237,0,4,4,0,0.161,0.161,38,0.95,65.41,0.873239437,0.338028169,87.32,33.8,60.56,22,50,1285
60990,Bruno Ecuele Manga,Defender,Centre-Back,Gabon,2969,Dijon FCO,FR1,ligue-1,France,2020,2020-21,32,38,3420,2,0,2,0.053,0,0.053,38,0.55,100,0.342105263,1,34.21,100,67.11,24,50,935
119296,Emre Can,Defender,Centre-Back,Germany,16,Borussia Dortmund,L1,bundesliga,Germany,2020,2020-21,27,28,2133,1,4,5,0.042,0.169,0.211,34,1.88,69.71,0.882352941,0.235294118,88.24,23.53,55.88,20,50,1572
42412,Jonny Evans,Defender,Centre-Back,Northern Ireland,1003,Leicester City,GB1,premier-league,England,2020,2020-21,33,28,2476,2,2,4,0.073,0.073,0.145,38,1.74,72.4,0.769230769,0.461538462,76.92,46.15,61.54,23,50,1222
91970,Juan Cuadrado,Midfield,Right Midfield,Colombia,506,Juventus FC,IT1,serie-a,Italy,2020,2020-21,33,30,2180,2,11,13,0.083,0.454,0.537,38,2.05,63.74,0.939393939,0.318181818,93.94,31.82,62.88,19,50,1127
184892,Florian Thauvin,Attack,Right Winger,France,244,Olympique Marseille,FR1,ligue-1,France,2020,2020-21,28,36,2750,8,8,16,0.262,0.262,0.524,38,1.58,80.41,0.611111111,0.722222222,61.11,72.22,66.67,12,51,955
255508,Iñaki Williams,Attack,Right Winger,Ghana,621,Athletic Bilbao,ES1,laliga,Spain,2020,2020-21,27,38,2395,6,7,13,0.225,0.263,0.489,38,1.21,70.03,0.659090909,0.545454545,65.91,54.55,60.23,17,51,1300
401173,Jadon Sancho,Attack,Left Winger,England,16,Borussia Dortmund,L1,bundesliga,Germany,2020,2020-21,21,26,2071,8,12,20,0.348,0.521,0.869,34,1.88,67.68,0.75,0.357142857,75,35.71,55.36,12,51,1612
74943,Juraj Kucka,Midfield,Central Midfield,Slovakia,130,Parma Calcio 1913,IT1,serie-a,Italy,2020,2020-21,34,28,2344,7,2,9,0.269,0.077,0.346,38,0.53,68.54,0.727272727,0.53030303,72.73,53.03,62.88,20,51,1128
341051,Kyle Walker-Peters,Defender,Right-Back,England,180,Southampton FC,GB1,premier-league,England,2020,2020-21,24,30,2649,0,3,3,0,0.102,0.102,38,1.13,77.46,0.628205128,0.602564103,62.82,60.26,61.54,24,51,1225
70411,Darko Lazović,Midfield,Left Midfield,Serbia,276,Hellas Verona,IT1,serie-a,Italy,2020,2020-21,30,32,2502,3,6,9,0.108,0.216,0.324,38,1.18,73.16,0.651515152,0.606060606,65.15,60.61,62.88,21,52,1129
450417,Dylan Bronn,Defender,Centre-Back,Tunisia,347,FC Metz,FR1,ligue-1,France,2020,2020-21,26,38,3413,2,0,2,0.053,0,0.053,38,1.24,99.8,0.342105263,0.986842105,34.21,98.68,66.45,25,52,966
70285,Jonathan Schmid,Defender,Right-Back,France,60,SC Freiburg,L1,bundesliga,Germany,2020,2020-21,31,31,2399,2,2,4,0.075,0.075,0.15,34,1.32,78.4,0.62745098,0.470588235,62.75,47.06,54.9,21,52,1645
102258,Matthew Lowton,Defender,Right-Back,England,1132,Burnley FC,GB1,premier-league,England,2020,2020-21,32,34,3060,1,1,2,0.029,0.029,0.059,38,1.03,89.47,0.384615385,0.846153846,38.46,84.62,61.54,25,52,1228
175449,Moi Gómez,Midfield,Attacking Midfield,Spain,1050,Villarreal CF,ES1,laliga,Spain,2020,2020-21,27,35,2573,4,1,5,0.14,0.035,0.175,38,1.53,75.23,0.568181818,0.636363636,56.82,63.64,60.23,13,52,1301
356197,Alfonso Pedraza,Defender,Left-Back,Spain,1050,Villarreal CF,ES1,laliga,Spain,2020,2020-21,25,29,2103,1,4,5,0.043,0.171,0.214,38,1.53,61.49,0.943661972,0.253521127,94.37,25.35,59.86,23,53,1319
136514,Charalampos Lykogiannis,Defender,Left-Back,Greece,1390,Cagliari Calcio,IT1,serie-a,Italy,2020,2020-21,27,31,2433,4,2,6,0.148,0.074,0.222,38,0.97,71.14,0.808823529,0.441176471,80.88,44.12,62.5,20,53,1156
22386,Daniel Congré,Defender,Centre-Back,France,969,Montpellier HSC,FR1,ligue-1,France,2020,2020-21,36,38,3296,2,0,2,0.055,0,0.055,38,1.42,96.37,0.368421053,0.947368421,36.84,94.74,65.79,26,53,992
124732,John Brooks,Defender,Centre-Back,United States,82,VfL Wolfsburg,L1,bundesliga,Germany,2020,2020-21,28,32,2774,2,0,2,0.065,0,0.065,34,1.79,90.65,0.31372549,0.764705882,31.37,76.47,53.92,22,53,1712
92738,Mateusz Klich,Midfield,Defensive Midfield,Poland,399,Leeds United,GB1,premier-league,England,2020,2020-21,31,35,2397,4,5,9,0.15,0.188,0.338,38,1.55,70.09,0.767857143,0.446428571,76.79,44.64,60.71,16,53,1278
355915,Cristian Romero,Defender,Centre-Back,Argentina,800,Atalanta BC,IT1,serie-a,Italy,2020,2020-21,23,31,2547,2,3,5,0.071,0.106,0.177,38,2.05,74.47,0.720588235,0.529411765,72.06,52.94,62.5,21,54,1157
635336,Imrân Louza,Midfield,Central Midfield,Morocco,995,FC Nantes,FR1,ligue-1,France,2020,2020-21,22,33,2389,7,3,10,0.264,0.113,0.377,38,1.05,69.85,0.824561404,0.473684211,82.46,47.37,64.91,16,54,1034
294057,James Maddison,Midfield,Attacking Midfield,England,1003,Leicester City,GB1,premier-league,England,2020,2020-21,24,31,2105,8,7,15,0.342,0.299,0.641,38,1.74,61.55,0.946428571,0.25,94.64,25,59.82,17,54,1320
182574,Jean-Paul Boëtius,Midfield,Attacking Midfield,Netherlands,39,1.FSV Mainz 05,L1,bundesliga,Germany,2020,2020-21,27,31,2073,2,5,7,0.087,0.217,0.304,34,1.15,67.75,0.613636364,0.454545455,61.36,45.45,53.41,20,54,1737
212391,Roger Martí,Attack,Centre-Forward,Spain,3368,Levante UD,ES1,laliga,Spain,2020,2020-21,30,33,2208,12,4,16,0.489,0.163,0.652,38,1.08,64.56,0.795454545,0.386363636,79.55,38.64,59.09,18,54,1362
113133,Germán Pezzella,Defender,Centre-Back,Argentina,430,ACF Fiorentina,IT1,serie-a,Italy,2020,2020-21,30,32,2748,1,2,3,0.033,0.066,0.098,38,1.05,80.35,0.5,0.75,50,75,62.5,22,55,1162
399543,Rémi Oudin,Midfield,Attacking Midfield,France,40,FC Girondins Bordeaux,FR1,ligue-1,France,2020,2020-21,24,38,2432,4,4,8,0.148,0.148,0.296,38,1.18,71.11,0.736842105,0.561403509,73.68,56.14,64.91,17,55,1035
94201,Robin Knoche,Defender,Centre-Back,Germany,89,1.FC Union Berlin,L1,bundesliga,Germany,2020,2020-21,29,34,3043,1,0,1,0.03,0,0.03,34,1.47,99.44,0.117647059,0.941176471,11.76,94.12,52.94,23,55,1759
357565,Rodri,Midfield,Defensive Midfield,Spain,281,Manchester City,GB1,premier-league,England,2020,2020-21,25,34,2748,2,2,4,0.066,0.066,0.131,38,2.26,80.35,0.464285714,0.732142857,46.43,73.21,59.82,18,55,1321
111961,Suso,Midfield,Attacking Midfield,Spain,368,Sevilla FC,ES1,laliga,Spain,2020,2020-21,27,34,2231,3,4,7,0.121,0.161,0.282,38,2.03,65.23,0.795454545,0.386363636,79.55,38.64,59.09,14,55,1363
197545,Ander Capa,Defender,Right-Back,Spain,621,Athletic Bilbao,ES1,laliga,Spain,2020,2020-21,29,28,2138,2,2,4,0.084,0.084,0.168,38,1.21,62.51,0.887323944,0.281690141,88.73,28.17,58.45,24,56,1401
626913,Boulaye Dia,Attack,Centre-Forward,Senegal,1421,Stade Reims,FR1,ligue-1,France,2020,2020-21,24,36,2947,14,1,15,0.428,0.031,0.458,38,1.11,86.17,0.416666667,0.833333333,41.67,83.33,62.5,13,56,1153
7161,Jonas Hofmann,Midfield,Attacking Midfield,Germany,18,Borussia Mönchengladbach,L1,bundesliga,Germany,2020,2020-21,28,24,1825,6,11,17,0.296,0.542,0.838,34,1.44,59.64,0.977272727,0.068181818,97.73,6.82,52.27,21,56,1797
204069,Milan Škriniar,Defender,Centre-Back,Slovakia,46,Inter Milan,IT1,serie-a,Italy,2020,2020-21,26,32,2779,3,0,3,0.097,0,0.097,38,2.39,81.26,0.485294118,0.764705882,48.53,76.47,62.5,23,56,1163
134425,Raheem Sterling,Attack,Right Winger,England,281,Manchester City,GB1,premier-league,England,2020,2020-21,26,31,2536,10,8,18,0.355,0.284,0.639,38,2.26,74.15,0.720930233,0.465116279,72.09,46.51,59.3,13,56,1345
268178,Arkadiusz Reca,Midfield,Left Midfield,Poland,4083,FC Crotone,IT1,serie-a,Italy,2020,2020-21,26,30,2317,2,7,9,0.078,0.272,0.35,38,0.61,67.75,0.742424242,0.484848485,74.24,48.48,61.36,22,57,1235
38410,Daniel Caligiuri,Attack,Right Winger,Italy,167,FC Augsburg,L1,bundesliga,Germany,2020,2020-21,33,33,2670,6,5,11,0.202,0.169,0.371,34,1.06,87.25,0.214285714,0.821428571,21.43,82.14,51.79,13,57,1830
297070,Hamari Traoré,Defender,Right-Back,Mali,273,Stade Rennais FC,FR1,ligue-1,France,2020,2020-21,29,35,3003,1,1,2,0.03,0.03,0.06,38,1.53,87.81,0.381578947,0.855263158,38.16,85.53,61.84,27,57,1207
231572,Nélson Semedo,Defender,Right-Back,Portugal,543,Wolverhampton Wanderers,GB1,premier-league,England,2020,2020-21,27,34,2988,1,1,2,0.03,0.03,0.06,38,1.18,87.37,0.397435897,0.782051282,39.74,78.21,58.97,26,57,1373
140776,Yannick Carrasco,Attack,Left Winger,Belgium,13,Atlético de Madrid,ES1,laliga,Spain,2020,2020-21,27,30,2189,6,10,16,0.247,0.411,0.658,38,2.26,64.01,0.818181818,0.340909091,81.82,34.09,57.95,19,57,1425
71292,Jonjo Shelvey,Midfield,Central Midfield,England,762,Newcastle United,GB1,premier-league,England,2020,2020-21,29,30,2617,1,3,4,0.034,0.103,0.138,38,1.18,76.52,0.482142857,0.696428571,48.21,69.64,58.93,19,58,1379
314965,Pedro Pereira,Defender,Right-Back,Portugal,4083,FC Crotone,IT1,serie-a,Italy,2020,2020-21,23,35,2560,0,4,4,0,0.141,0.141,38,0.61,74.85,0.647058824,0.558823529,64.71,55.88,60.29,24,58,1295
358504,Ritsu Doan,Attack,Right Winger,Japan,10,Arminia Bielefeld,L1,bundesliga,Germany,2020,2020-21,23,34,2787,5,3,8,0.161,0.097,0.258,34,1.03,91.08,0.071428571,0.964285714,7.14,96.43,51.79,14,58,1831
65230,Sergio Busquets,Midfield,Defensive Midfield,Spain,131,FC Barcelona,ES1,laliga,Spain,2020,2020-21,32,36,2528,0,5,5,0,0.178,0.178,38,2.08,73.92,0.590909091,0.568181818,59.09,56.82,57.95,15,58,1426
334835,Toma Bašić,Midfield,Central Midfield,Croatia,40,FC Girondins Bordeaux,FR1,ligue-1,France,2020,2020-21,24,34,2611,4,1,5,0.138,0.034,0.172,38,1.18,76.35,0.526315789,0.701754386,52.63,70.18,61.4,18,58,1234
357662,Declan Rice,Midfield,Central Midfield,England,379,West Ham United,GB1,premier-league,England,2020,2020-21,22,32,2880,2,1,3,0.063,0.031,0.094,38,1.71,84.21,0.375,0.803571429,37.5,80.36,58.93,20,59,1380
288253,Jeremiah St. Juste,Defender,Centre-Back,Netherlands,39,1.FSV Mainz 05,L1,bundesliga,Germany,2020,2020-21,24,32,2880,0,1,1,0,0.031,0.031,34,1.15,94.12,0.137254902,0.882352941,13.73,88.24,50.98,24,59,1891
281769,Mario Hermoso,Defender,Centre-Back,Spain,13,Atlético de Madrid,ES1,laliga,Spain,2020,2020-21,26,31,2583,1,1,2,0.035,0.035,0.07,38,2.26,75.53,0.549295775,0.591549296,54.93,59.15,57.04,25,59,1484
148252,Remo Freuler,Midfield,Central Midfield,Switzerland,800,Atalanta BC,IT1,serie-a,Italy,2020,2020-21,29,34,2721,2,3,5,0.066,0.099,0.165,38,2.05,79.56,0.424242424,0.757575758,42.42,75.76,59.09,23,59,1365
203746,Ruben Aguilar,Defender,Right-Back,France,162,AS Monaco,FR1,ligue-1,France,2020,2020-21,28,33,2228,1,4,5,0.04,0.162,0.202,38,2.05,65.15,0.907894737,0.315789474,90.79,31.58,61.18,28,59,1248
338425,Álex Berenguer,Attack,Left Winger,Spain,621,Athletic Bilbao,ES1,laliga,Spain,2020,2020-21,25,35,2288,8,5,13,0.315,0.197,0.511,38,1.21,66.9,0.681818182,0.454545455,68.18,45.45,56.82,20,60,1510
334221,Amos Pieper,Defender,Centre-Back,Germany,10,Arminia Bielefeld,L1,bundesliga,Germany,2020,2020-21,23,30,2684,1,1,2,0.034,0.034,0.067,34,1.03,87.71,0.333333333,0.666666667,33.33,66.67,50,25,60,1979
422850,Ghislain Konan,Defender,Left-Back,Cote d'Ivoire,1421,Stade Reims,FR1,ligue-1,France,2020,2020-21,25,31,2613,2,1,3,0.069,0.034,0.103,38,1.11,76.4,0.657894737,0.565789474,65.79,56.58,61.18,29,60,1249
99331,Jannik Vestergaard,Defender,Centre-Back,Denmark,180,Southampton FC,GB1,premier-league,England,2020,2020-21,28,30,2575,3,0,3,0.105,0,0.105,38,1.13,75.29,0.641025641,0.512820513,64.1,51.28,57.69,27,60,1445
315063,Nahitan Nández,Midfield,Right Midfield,Uruguay,1390,Cagliari Calcio,IT1,serie-a,Italy,2020,2020-21,25,32,2741,2,3,5,0.066,0.099,0.164,38,0.97,80.15,0.409090909,0.772727273,40.91,77.27,59.09,24,60,1366
128223,Álvaro Morata,Attack,Centre-Forward,Spain,506,Juventus FC,IT1,serie-a,Italy,2020,2020-21,28,32,2018,11,10,21,0.491,0.446,0.937,38,2.05,59.01,0.866666667,0.3,86.67,30,58.33,13,61,1402
186186,Bobby De Cordova-Reid,Midfield,Attacking Midfield,Jamaica,931,Fulham FC,GB1,premier-league,England,2020,2020-21,28,33,2382,5,3,8,0.189,0.113,0.302,38,0.74,69.65,0.732142857,0.410714286,73.21,41.07,57.14,21,61,1476
222859,Florent Mollet,Midfield,Attacking Midfield,France,969,Montpellier HSC,FR1,ligue-1,France,2020,2020-21,29,34,2370,3,5,8,0.114,0.19,0.304,38,1.42,69.3,0.754385965,0.456140351,75.44,45.61,60.53,19,61,1287
32467,Ivan Rakitic,Midfield,Central Midfield,Croatia,368,Sevilla FC,ES1,laliga,Spain,2020,2020-21,33,37,2241,4,2,6,0.161,0.08,0.241,38,2.03,65.53,0.727272727,0.409090909,72.73,40.91,56.82,16,61,1511
106405,Jeffrey Gouweleeuw,Defender,Centre-Back,Netherlands,167,FC Augsburg,L1,bundesliga,Germany,2020,2020-21,29,32,2835,1,0,1,0.032,0,0.032,34,1.06,92.65,0.156862745,0.843137255,15.69,84.31,50,26,61,1986
165513,Berat Djimsiti,Defender,Centre-Back,Albania,800,Atalanta BC,IT1,serie-a,Italy,2020,2020-21,28,33,2628,0,3,3,0,0.103,0.103,38,2.05,76.84,0.514705882,0.647058824,51.47,64.71,58.09,25,62,1421
159844,Christopher Lenz,Defender,Left-Back,Germany,89,1.FC Union Berlin,L1,bundesliga,Germany,2020,2020-21,26,27,2259,0,4,4,0,0.159,0.159,34,1.47,73.82,0.647058824,0.333333333,64.71,33.33,49.02,27,62,2022
293944,Habib Maïga,Midfield,Defensive Midfield,Cote d'Ivoire,347,FC Metz,FR1,ligue-1,France,2020,2020-21,25,31,2698,1,3,4,0.033,0.1,0.133,38,1.24,78.89,0.456140351,0.754385965,45.61,75.44,60.53,20,62,1290
203460,Jack Grealish,Attack,Left Winger,England,405,Aston Villa,GB1,premier-league,England,2020,2020-21,25,26,2185,6,12,18,0.247,0.494,0.741,38,1.45,63.89,0.906976744,0.23255814,90.7,23.26,56.98,14,62,1492
683840,Pedri,Midfield,Central Midfield,Spain,131,FC Barcelona,ES1,laliga,Spain,2020,2020-21,18,37,2428,3,3,6,0.111,0.111,0.222,38,2.08,70.99,0.659090909,0.477272727,65.91,47.73,56.82,17,62,1512
48002,Angelo Ogbonna,Defender,Centre-Back,Italy,379,West Ham United,GB1,premier-league,England,2020,2020-21,33,28,2493,3,0,3,0.108,0,0.108,38,1.71,72.89,0.653846154,0.474358974,65.38,47.44,56.41,28,63,1543
181768,Hernani,Midfield,Central Midfield,Brazil,130,Parma Calcio 1913,IT1,serie-a,Italy,2020,2020-21,27,33,2198,7,3,10,0.287,0.123,0.409,38,0.53,64.27,0.818181818,0.333333333,81.82,33.33,57.58,25,63,1455
357233,Leandro Barreiro,Midfield,Central Midfield,Luxembourg,39,1.FSV Mainz 05,L1,bundesliga,Germany,2020,2020-21,21,29,2314,2,2,4,0.078,0.078,0.156,34,1.15,75.62,0.295454545,0.681818182,29.55,68.18,48.86,22,63,2037
251876,Pablo Maffeo,Defender,Right-Back,Argentina,5358,SD Huesca,ES1,laliga,Spain,2020,2020-21,23,25,1978,1,4,5,0.046,0.182,0.228,38,0.89,57.84,0.971830986,0.154929577,97.18,15.49,56.34,26,63,1547
569598,Youssouf Fofana,Midfield,Defensive Midfield,France,162,AS Monaco,FR1,ligue-1,France,2020,2020-21,22,35,2883,0,3,3,0,0.094,0.094,38,2.05,84.3,0.333333333,0.877192982,33.33,87.72,60.53,21,63,1291
303116,Gaetano Castrovilli,Midfield,Central Midfield,Italy,430,ACF Fiorentina,IT1,serie-a,Italy,2020,2020-21,24,34,2347,5,3,8,0.192,0.115,0.307,38,1.05,68.63,0.606060606,0.545454545,60.61,54.55,57.58,26,64,1456
260827,Joachim Andersen,Defender,Centre-Back,Denmark,931,Fulham FC,GB1,premier-league,England,2020,2020-21,25,31,2730,1,1,2,0.033,0.033,0.066,38,0.74,79.82,0.435897436,0.692307692,43.59,69.23,56.41,29,64,1544
170646,Ludwig Augustinsson,Defender,Left-Back,Sweden,86,SV Werder Bremen,L1,bundesliga,Germany,2020,2020-21,27,23,1961,0,4,4,0,0.184,0.184,34,0.91,64.08,0.803921569,0.137254902,80.39,13.73,47.06,28,64,2176
60410,Marcos Acuña,Defender,Left-Back,Argentina,368,Sevilla FC,ES1,laliga,Spain,2020,2020-21,29,30,2331,1,2,3,0.039,0.077,0.116,38,2.03,68.16,0.718309859,0.408450704,71.83,40.85,56.34,27,64,1548
395236,Yacine Adli,Midfield,Defensive Midfield,Algeria,40,FC Girondins Bordeaux,FR1,ligue-1,France,2020,2020-21,20,35,2417,2,5,7,0.074,0.186,0.261,38,1.18,70.67,0.666666667,0.526315789,66.67,52.63,59.65,22,64,1333
315604,Diadié Samassékou,Midfield,Defensive Midfield,Mali,533,TSG 1899 Hoffenheim,L1,bundesliga,Germany,2020,2020-21,25,31,2575,0,2,2,0,0.07,0.07,34,1.26,84.15,0.090909091,0.840909091,9.09,84.09,46.59,23,65,2201
146690,George Baldock,Defender,Right-Back,Greece,350,Sheffield United,GB1,premier-league,England,2020,2020-21,28,32,2789,0,2,2,0,0.065,0.065,38,0.61,81.55,0.41025641,0.717948718,41.03,71.79,56.41,30,65,1545
249730,Guillermo Maripán,Defender,Centre-Back,Chile,162,AS Monaco,FR1,ligue-1,France,2020,2020-21,27,28,2087,5,1,6,0.216,0.043,0.259,38,2.05,61.02,0.973684211,0.197368421,97.37,19.74,58.55,30,65,1397
177046,Rubén Duarte,Defender,Centre-Back,Spain,1108,Deportivo Alavés,ES1,laliga,Spain,2020,2020-21,25,31,2550,1,1,2,0.035,0.035,0.071,38,1,74.56,0.563380282,0.563380282,56.34,56.34,56.34,28,65,1549
207877,Ruslan Malinovskyi,Midfield,Central Midfield,Ukraine,800,Atalanta BC,IT1,serie-a,Italy,2020,2020-21,28,36,1883,8,12,20,0.382,0.574,0.956,38,2.05,55.06,1,0.136363636,100,13.64,56.82,27,65,1507
272636,Harold Moukoudi,Defender,Centre-Back,Cameroon,618,AS Saint-Étienne,FR1,ligue-1,France,2020,2020-21,23,26,2277,3,1,4,0.119,0.04,0.158,38,1.21,66.58,0.802631579,0.368421053,80.26,36.84,58.55,31,66,1398
53622,İlkay Gündoğan,Midfield,Central Midfield,Germany,281,Manchester City,GB1,premier-league,England,2020,2020-21,30,28,2031,13,3,16,0.576,0.133,0.709,38,2.26,59.39,0.964285714,0.160714286,96.43,16.07,56.25,22,66,1550
118689,Leonardo Spinazzola,Defender,Left-Back,Italy,12,Associazione Sportiva Roma,IT1,serie-a,Italy,2020,2020-21,28,27,2128,2,5,7,0.085,0.211,0.296,38,1.63,62.22,0.897058824,0.235294118,89.71,23.53,56.62,26,66,1517
517894,Matheus Cunha,Attack,Centre-Forward,Brazil,44,Hertha BSC,L1,bundesliga,Germany,2020,2020-21,22,27,2152,7,5,12,0.293,0.209,0.502,34,1.03,70.33,0.392857143,0.535714286,39.29,53.57,46.43,15,66,2210
221309,Óscar Plano,Attack,Right Winger,Spain,366,Real Valladolid CF,ES1,laliga,Spain,2020,2020-21,30,36,2527,5,5,10,0.178,0.178,0.356,38,0.82,73.89,0.409090909,0.704545455,40.91,70.45,55.68,21,66,1588
74810,Ben Mee,Defender,Centre-Back,England,1132,Burnley FC,GB1,premier-league,England,2020,2020-21,31,30,2694,2,0,2,0.067,0,0.067,38,1.03,78.77,0.448717949,0.666666667,44.87,66.67,55.77,31,67,1579
164771,Jordan Veretout,Midfield,Central Midfield,France,12,Associazione Sportiva Roma,IT1,serie-a,Italy,2020,2020-21,28,29,2058,10,2,12,0.437,0.087,0.525,38,1.63,60.18,0.893939394,0.227272727,89.39,22.73,56.06,28,67,1562
334222,Lucas Boyé,Attack,Centre-Forward,Argentina,1531,Elche CF,ES1,laliga,Spain,2020,2020-21,25,34,2709,7,2,9,0.233,0.066,0.299,38,0.95,79.21,0.227272727,0.863636364,22.73,86.36,54.55,22,67,1673
442891,Martin Terrier,Attack,Left Winger,France,273,Stade Rennais FC,FR1,ligue-1,France,2020,2020-21,24,34,2456,9,7,16,0.33,0.257,0.586,38,1.53,71.81,0.666666667,0.5,66.67,50,58.33,14,67,1403
434224,Maxence Lacroix,Defender,Centre-Back,France,82,VfL Wolfsburg,L1,bundesliga,Germany,2020,2020-21,21,30,2591,1,1,2,0.035,0.035,0.069,34,1.79,84.67,0.352941176,0.568627451,35.29,56.86,46.08,29,67,2235
298589,David García,Defender,Centre-Back,Spain,331,CA Osasuna,ES1,laliga,Spain,2020,2020-21,27,35,3150,1,0,1,0.029,0,0.029,38,1.16,92.11,0.098591549,0.985915493,9.86,98.59,54.23,29,68,1693
392569,Gabriele Zappa,Defender,Right-Back,Italy,1390,Cagliari Calcio,IT1,serie-a,Italy,2020,2020-21,21,34,2402,0,4,4,0,0.15,0.15,38,0.97,70.23,0.691176471,0.411764706,69.12,41.18,55.15,27,68,1625
232454,Nadiem Amiri,Midfield,Central Midfield,Germany,15,Bayer 04 Leverkusen,L1,bundesliga,Germany,2020,2020-21,24,29,1886,2,6,8,0.095,0.286,0.382,34,1.53,61.63,0.704545455,0.204545455,70.45,20.45,45.45,24,68,2277
251912,Semi Ajayi,Defender,Centre-Back,Nigeria,984,West Bromwich Albion,GB1,premier-league,England,2020,2020-21,27,33,2780,2,0,2,0.065,0,0.065,38,0.68,81.29,0.41025641,0.705128205,41.03,70.51,55.77,32,68,1581
388165,Yoane Wissa,Attack,Centre-Forward,DR Congo,1158,FC Lorient,FR1,ligue-1,France,2020,2020-21,24,38,2685,10,5,15,0.335,0.168,0.503,38,1.11,78.51,0.527777778,0.638888889,52.78,63.89,58.33,15,68,1405
18644,Álvaro Negredo,Attack,Centre-Forward,Spain,2687,Cádiz CF,ES1,laliga,Spain,2020,2020-21,35,35,2216,8,4,12,0.325,0.162,0.487,38,1.16,64.8,0.636363636,0.409090909,63.64,40.91,52.27,23,69,1798
88755,Kevin De Bruyne,Midfield,Attacking Midfield,Belgium,281,Manchester City,GB1,premier-league,England,2020,2020-21,30,25,2001,6,12,18,0.27,0.54,0.81,38,2.26,58.51,0.982142857,0.125,98.21,12.5,55.36,23,69,1613
40633,Milan Badelj,Midfield,Defensive Midfield,Croatia,252,Genoa CFC,IT1,serie-a,Italy,2020,2020-21,32,30,2414,1,5,6,0.037,0.186,0.224,38,1.11,70.58,0.53030303,0.560606061,53.03,56.06,54.55,29,69,1674
612826,Silas,Attack,Right Winger,DR Congo,79,VfB Stuttgart,L1,bundesliga,Germany,2020,2020-21,22,25,1933,11,5,16,0.512,0.233,0.745,34,1.32,63.17,0.642857143,0.25,64.29,25,44.64,16,69,2323
346314,Trevoh Chalobah,Defender,Centre-Back,England,1158,FC Lorient,FR1,ligue-1,France,2020,2020-21,21,29,2239,2,2,4,0.08,0.08,0.161,38,1.11,65.47,0.828947368,0.328947368,82.89,32.89,57.89,32,69,1434
55854,Cristian Ansaldi,Defender,Left-Back,Argentina,416,Torino FC,IT1,serie-a,Italy,2020,2020-21,34,31,1942,1,6,7,0.046,0.278,0.324,38,0.97,56.78,0.926470588,0.161764706,92.65,16.18,54.41,28,70,1683
78147,Fabian Klos,Attack,Centre-Forward,Germany,10,Arminia Bielefeld,L1,bundesliga,Germany,2020,2020-21,33,34,2724,5,2,7,0.165,0.066,0.231,34,1.03,89.02,0,0.892857143,0,89.29,44.64,17,70,2324
189441,Lucas Ocampos,Attack,Left Winger,Argentina,368,Sevilla FC,ES1,laliga,Spain,2020,2020-21,26,34,2648,5,4,9,0.17,0.136,0.306,38,2.03,77.43,0.25,0.795454545,25,79.55,52.27,24,70,1800
472423,Reece James,Defender,Right-Back,England,631,Chelsea FC,GB1,premier-league,England,2020,2020-21,21,32,2367,1,2,3,0.038,0.076,0.114,38,1.76,69.21,0.692307692,0.41025641,69.23,41.03,55.13,33,70,1626
127156,Téji Savanier,Midfield,Attacking Midfield,France,969,Montpellier HSC,FR1,ligue-1,France,2020,2020-21,29,27,2175,5,5,10,0.207,0.207,0.414,38,1.42,63.6,0.859649123,0.280701754,85.96,28.07,57.02,23,70,1486
85825,Jasmin Kurtic,Midfield,Central Midfield,Slovenia,130,Parma Calcio 1913,IT1,serie-a,Italy,2020,2020-21,32,34,2746,4,0,4,0.131,0,0.131,38,0.53,80.29,0.287878788,0.787878788,28.79,78.79,53.79,30,71,1716
204198,Romain Saïss,Defender,Centre-Back,Morocco,543,Wolverhampton Wanderers,GB1,premier-league,England,2020,2020-21,31,27,2408,3,0,3,0.112,0,0.112,38,1.18,70.41,0.666666667,0.435897436,66.67,43.59,55.13,34,71,1628
213260,Rubén García,Attack,Right Winger,Spain,331,CA Osasuna,ES1,laliga,Spain,2020,2020-21,27,37,2738,3,5,8,0.099,0.164,0.263,38,1.16,80.06,0.159090909,0.886363636,15.91,88.64,52.27,25,71,1801
73734,Steven Nzonzi,Midfield,Defensive Midfield,France,273,Stade Rennais FC,FR1,ligue-1,France,2020,2020-21,32,34,2910,1,1,2,0.031,0.031,0.062,38,1.53,85.09,0.192982456,0.947368421,19.3,94.74,57.02,24,71,1489
179643,Vladimír Darida,Midfield,Central Midfield,Czech Republic,44,Hertha BSC,L1,bundesliga,Germany,2020,2020-21,30,27,1914,1,6,7,0.047,0.282,0.329,34,1.03,62.55,0.636363636,0.25,63.64,25,44.32,25,71,2342
285323,Baptiste Santamaria,Midfield,Defensive Midfield,France,60,SC Freiburg,L1,bundesliga,Germany,2020,2020-21,26,30,2221,1,2,3,0.041,0.081,0.122,34,1.32,72.58,0.272727273,0.613636364,27.27,61.36,44.32,26,72,2343
343475,Ben Godfrey,Defender,Centre-Back,England,29,Everton FC,GB1,premier-league,England,2020,2020-21,23,31,2683,0,2,2,0,0.067,0.067,38,1.55,78.45,0.448717949,0.653846154,44.87,65.38,55.13,35,72,1630
533738,Jonathan David,Attack,Centre-Forward,Canada,1082,LOSC Lille,FR1,ligue-1,France,2020,2020-21,21,37,2368,13,3,16,0.494,0.114,0.608,38,2.18,69.24,0.722222222,0.416666667,72.22,41.67,56.94,16,72,1495
133179,Marten de Roon,Midfield,Defensive Midfield,Netherlands,800,Atalanta BC,IT1,serie-a,Italy,2020,2020-21,30,35,3022,1,1,2,0.03,0.03,0.06,38,2.05,88.36,0.121212121,0.954545455,12.12,95.45,53.79,31,72,1717
338424,Mikel Merino,Midfield,Central Midfield,Spain,681,Real Sociedad,ES1,laliga,Spain,2020,2020-21,25,26,2157,2,4,6,0.083,0.167,0.25,38,1.63,63.07,0.772727273,0.272727273,77.27,27.27,52.27,18,72,1802
394327,Boubacar Kamara,Midfield,Defensive Midfield,France,244,Olympique Marseille,FR1,ligue-1,France,2020,2020-21,21,35,2905,0,2,2,0,0.062,0.062,38,1.58,84.94,0.192982456,0.929824561,19.3,92.98,56.14,25,73,1561
108725,Chris Wood,Attack,Centre-Forward,New Zealand,1132,Burnley FC,GB1,premier-league,England,2020,2020-21,29,33,2751,12,3,15,0.393,0.098,0.491,38,1.03,80.44,0.418604651,0.674418605,41.86,67.44,54.65,15,73,1660
449151,Junior Messias,Attack,Right Winger,Brazil,4083,FC Crotone,IT1,serie-a,Italy,2020,2020-21,30,36,3218,9,4,13,0.252,0.112,0.364,38,0.61,94.09,0.1,0.966666667,10,96.67,53.33,14,73,1739
193004,Waldemar Anton,Defender,Centre-Back,Germany,79,VfB Stuttgart,L1,bundesliga,Germany,2020,2020-21,24,31,2711,0,1,1,0,0.033,0.033,34,1.32,88.59,0.176470588,0.705882353,17.65,70.59,44.12,30,73,2361
184767,Ximo Navarro,Defender,Right-Back,Spain,1108,Deportivo Alavés,ES1,laliga,Spain,2020,2020-21,31,31,2379,1,1,2,0.038,0.038,0.076,38,1,69.56,0.577464789,0.450704225,57.75,45.07,51.41,30,73,1859
32816,Danilo,Defender,Centre-Back,Brazil,1025,Bologna Football Club 1909,IT1,serie-a,Italy,2020,2020-21,37,35,3131,0,1,1,0,0.029,0.029,38,1.08,91.55,0.102941176,0.955882353,10.29,95.59,52.94,29,74,1760
225122,Gonçalo Guedes,Attack,Left Winger,Portugal,1049,Valencia CF,ES1,laliga,Spain,2020,2020-21,24,31,2296,5,6,11,0.196,0.235,0.431,38,1.13,67.13,0.545454545,0.477272727,54.55,47.73,51.14,26,74,1879
289592,Orel Mangala,Midfield,Defensive Midfield,Belgium,79,VfB Stuttgart,L1,bundesliga,Germany,2020,2020-21,23,24,2110,1,3,4,0.043,0.128,0.171,34,1.32,68.95,0.340909091,0.522727273,34.09,52.27,43.18,27,74,2417
234802,Renaud Ripart,Attack,Right Winger,,1160,Nîmes Olympique,FR1,ligue-1,France,2020,2020-21,28,38,3061,11,0,11,0.323,0,0.323,38,0.92,89.5,0.138888889,0.972222222,13.89,97.22,55.56,17,74,1599
282429,Sergio Reguilón,Defender,Left-Back,Spain,148,Tottenham Hotspur,GB1,premier-league,England,2020,2020-21,24,27,2249,0,4,4,0,0.16,0.16,38,1.63,65.76,0.794871795,0.294871795,79.49,29.49,54.49,36,74,1675
94307,Filip Djuricic,Midfield,Attacking Midfield,Serbia,6574,US Sassuolo,IT1,serie-a,Italy,2020,2020-21,29,32,2095,5,4,9,0.215,0.172,0.387,38,1.63,61.26,0.787878788,0.257575758,78.79,25.76,52.27,32,75,1799
354361,Frank Anguissa,Midfield,Central Midfield,Cameroon,931,Fulham FC,GB1,premier-league,England,2020,2020-21,25,36,2585,0,3,3,0,0.104,0.104,38,0.74,75.58,0.410714286,0.678571429,41.07,67.86,54.46,24,75,1680
152317,Manuel Prietl,Midfield,Defensive Midfield,Austria,10,Arminia Bielefeld,L1,bundesliga,Germany,2020,2020-21,29,28,2518,1,1,2,0.036,0.036,0.071,34,1.03,82.29,0.113636364,0.75,11.36,75,43.18,28,75,2418
181767,Marquinhos,Defender,Centre-Back,Brazil,583,Paris Saint-Germain,FR1,ligue-1,France,2020,2020-21,27,25,2129,3,1,4,0.127,0.042,0.169,38,2.16,62.25,0.842105263,0.25,84.21,25,54.61,33,75,1665
63056,Roberto Torres,Midfield,Attacking Midfield,Spain,331,CA Osasuna,ES1,laliga,Spain,2020,2020-21,32,35,1891,7,1,8,0.333,0.048,0.381,38,1.16,55.29,0.954545455,0.068181818,95.45,6.82,51.14,19,75,1880
371149,Evan Ndicka,Defender,Centre-Back,Cote d'Ivoire,24,Eintracht Frankfurt,L1,bundesliga,Germany,2020,2020-21,21,23,2045,3,1,4,0.132,0.044,0.176,34,1.76,66.83,0.705882353,0.156862745,70.59,15.69,43.14,31,76,2422
49499,Georginio Wijnaldum,Midfield,Central Midfield,Netherlands,31,Liverpool FC,GB1,premier-league,England,2020,2020-21,30,38,2948,2,0,2,0.061,0,0.061,38,1.82,86.2,0.232142857,0.839285714,23.21,83.93,53.57,25,76,1731
552425,Jon Moncayola,Midfield,Central Midfield,Spain,331,CA Osasuna,ES1,laliga,Spain,2020,2020-21,23,36,2664,2,0,2,0.068,0,0.068,38,1.16,77.89,0.272727273,0.75,27.27,75,51.14,20,76,1881
226524,Morten Thorsby,Midfield,Central Midfield,Norway,1038,UC Sampdoria,IT1,serie-a,Italy,2020,2020-21,25,33,2647,3,1,4,0.102,0.034,0.136,38,1.37,77.4,0.303030303,0.742424242,30.3,74.24,52.27,33,76,1804
143029,Stefan Mitrovic,Defender,Centre-Back,Serbia,667,RC Strasbourg Alsace,FR1,ligue-1,France,2020,2020-21,31,32,2785,2,0,2,0.065,0,0.065,38,1.11,81.43,0.407894737,0.684210526,40.79,68.42,54.61,34,76,1666
453016,Anthony Caci,Defender,Right-Back,France,667,RC Strasbourg Alsace,FR1,ligue-1,France,2020,2020-21,23,33,2806,0,2,2,0,0.064,0.064,38,1.11,82.05,0.394736842,0.697368421,39.47,69.74,54.61,35,77,1667
157509,Kurt Zouma,Defender,Centre-Back,France,631,Chelsea FC,GB1,premier-league,England,2020,2020-21,26,24,2027,5,0,5,0.222,0,0.222,38,1.76,59.27,0.923076923,0.141025641,92.31,14.1,53.21,37,77,1749
221316,Lucas Vázquez,Defender,Right-Back,Spain,418,Real Madrid,ES1,laliga,Spain,2020,2020-21,29,24,1850,2,6,8,0.097,0.292,0.389,38,2.21,54.09,0.985915493,0.028169014,98.59,2.82,50.7,31,77,1913
284732,Ramy Bensebaini,Defender,Centre-Back,Algeria,18,Borussia Mönchengladbach,L1,bundesliga,Germany,2020,2020-21,26,25,1811,4,0,4,0.199,0,0.199,34,1.44,59.18,0.823529412,0.019607843,82.35,1.96,42.16,32,77,2484
75942,Tomás Rincón,Midfield,Defensive Midfield,Venezuela,416,Torino FC,IT1,serie-a,Italy,2020,2020-21,33,36,2860,1,1,2,0.031,0.031,0.063,38,0.97,83.63,0.136363636,0.878787879,13.64,87.88,50.76,34,77,1907
111508,Allan Nyom,Defender,Right-Back,Cameroon,3709,Getafe CF,ES1,laliga,Spain,2020,2020-21,33,31,2333,0,2,2,0,0.077,0.077,38,1,68.22,0.591549296,0.422535211,59.15,42.25,50.7,32,78,1914
488362,Conor Gallagher,Midfield,Central Midfield,England,984,West Bromwich Albion,GB1,premier-league,England,2020,2020-21,21,30,2532,2,2,4,0.071,0.071,0.142,38,0.68,74.04,0.5,0.553571429,50,55.36,52.68,26,78,1770
384859,Fabien Centonze,Defender,Right-Back,France,347,FC Metz,FR1,ligue-1,France,2020,2020-21,25,36,3222,1,0,1,0.028,0,0.028,38,1.24,94.21,0.157894737,0.934210526,15.79,93.42,54.61,36,78,1668
341092,Federico Chiesa,Attack,Right Winger,Italy,506,Juventus FC,IT1,serie-a,Italy,2020,2020-21,23,30,2227,8,8,16,0.323,0.323,0.647,38,2.05,65.12,0.566666667,0.433333333,56.67,43.33,50,15,78,1927
119277,Yannick Gerhardt,Midfield,Central Midfield,Germany,82,VfL Wolfsburg,L1,bundesliga,Germany,2020,2020-21,27,29,1932,2,4,6,0.093,0.186,0.28,34,1.79,63.14,0.568181818,0.272727273,56.82,27.27,42.05,29,78,2493
34987,Burak Yilmaz,Attack,Centre-Forward,,1082,LOSC Lille,FR1,ligue-1,France,2020,2020-21,35,28,2056,16,5,21,0.7,0.219,0.919,38,2.18,60.12,0.916666667,0.166666667,91.67,16.67,54.17,18,79,1695
350219,Fabián Ruiz,Midfield,Central Midfield,Spain,6195,SSC Napoli,IT1,serie-a,Italy,2020,2020-21,25,33,2577,3,1,4,0.105,0.035,0.14,38,2.03,75.35,0.333333333,0.666666667,33.33,66.67,50,35,79,1961
173504,James Tarkowski,Defender,Centre-Back,England,1132,Burnley FC,GB1,premier-league,England,2020,2020-21,28,36,3240,1,0,1,0.028,0,0.028,38,1.03,94.74,0.115384615,0.935897436,11.54,93.59,52.56,38,79,1777
26485,Jérôme Boateng,Defender,Centre-Back,Germany,27,Bayern Munich,L1,bundesliga,Germany,2020,2020-21,32,29,2378,1,1,2,0.038,0.038,0.076,34,2.29,77.71,0.37254902,0.450980392,37.25,45.1,41.18,33,79,2550
455181,Jorge de Frutos,Attack,Right Winger,Spain,3368,Levante UD,ES1,laliga,Spain,2020,2020-21,24,37,2187,4,10,14,0.165,0.412,0.576,38,1.08,63.95,0.704545455,0.295454545,70.45,29.55,50,27,79,1930
147038,Cédric Brunner,Defender,Right-Back,Switzerland,10,Arminia Bielefeld,L1,bundesliga,Germany,2020,2020-21,27,31,2661,0,1,1,0,0.034,0.034,34,1.03,86.96,0.196078431,0.62745098,19.61,62.75,41.18,34,80,2552
128901,Conor Coady,Defender,Centre-Back,England,543,Wolverhampton Wanderers,GB1,premier-league,England,2020,2020-21,28,37,3304,1,0,1,0.027,0,0.027,38,1.18,96.61,0.102564103,0.948717949,10.26,94.87,52.56,39,80,1778
139279,Nicolas Pallois,Defender,Centre-Back,France,995,FC Nantes,FR1,ligue-1,France,2020,2020-21,33,32,2776,2,0,2,0.065,0,0.065,38,1.05,81.17,0.407894737,0.671052632,40.79,67.11,53.95,37,80,1710
331505,Óscar Mingueza,Defender,Right-Back,Spain,131,FC Barcelona,ES1,laliga,Spain,2020,2020-21,22,27,1901,2,2,4,0.095,0.095,0.189,38,2.08,55.58,0.915492958,0.070422535,91.55,7.04,49.3,33,80,2000
44420,Stefan Radu,Defender,Left-Back,Romania,398,Società Sportiva Lazio S.p.A.,IT1,serie-a,Italy,2020,2020-21,34,31,2466,0,3,3,0,0.109,0.109,38,1.79,72.11,0.529411765,0.455882353,52.94,45.59,49.26,30,80,2006
123682,Callum Wilson,Attack,Centre-Forward,England,762,Newcastle United,GB1,premier-league,England,2020,2020-21,29,26,2085,12,5,17,0.518,0.216,0.734,38,1.18,60.96,0.860465116,0.186046512,86.05,18.6,52.33,16,81,1791
162056,Gonzalo Melero,Midfield,Central Midfield,Spain,3368,Levante UD,ES1,laliga,Spain,2020,2020-21,27,29,1858,7,1,8,0.339,0.048,0.388,38,1.08,54.33,0.977272727,0,97.73,0,48.86,21,81,2035
393325,Josh Sargent,Attack,Centre-Forward,United States,86,SV Werder Bremen,L1,bundesliga,Germany,2020,2020-21,21,32,2521,5,2,7,0.179,0.071,0.25,34,0.91,82.39,0.035714286,0.785714286,3.57,78.57,41.07,18,81,2568
163582,Salvatore Molina,Midfield,Right Midfield,Italy,4083,FC Crotone,IT1,serie-a,Italy,2020,2020-21,29,29,2323,1,4,5,0.039,0.155,0.194,38,0.61,67.92,0.484848485,0.5,48.48,50,49.24,36,81,2007
182893,Seko Fofana,Midfield,Central Midfield,Cote d'Ivoire,826,RC Lens,FR1,ligue-1,France,2020,2020-21,26,30,2312,2,4,6,0.078,0.156,0.234,38,1.5,67.6,0.631578947,0.438596491,63.16,43.86,53.51,26,81,1732
402008,Amadou Haidara,Midfield,Central Midfield,Mali,23826,RB Leipzig,L1,bundesliga,Germany,2020,2020-21,23,31,1908,3,3,6,0.142,0.142,0.283,34,1.91,62.35,0.590909091,0.227272727,59.09,22.73,40.91,30,82,2579
98888,Artur Ioniță,Midfield,Central Midfield,Moldova,4171,Benevento Calcio,IT1,serie-a,Italy,2020,2020-21,30,36,2846,2,0,2,0.063,0,0.063,38,0.87,83.22,0.136363636,0.848484848,13.64,84.85,49.24,37,82,2008
346779,Ché Adams,Attack,Centre-Forward,Scotland,180,Southampton FC,GB1,premier-league,England,2020,2020-21,24,36,2674,9,5,14,0.303,0.168,0.471,38,1.13,78.19,0.395348837,0.651162791,39.53,65.12,52.33,17,82,1792
543387,Cheick Doucouré,Midfield,Defensive Midfield,Mali,826,RC Lens,FR1,ligue-1,France,2020,2020-21,21,33,2633,2,1,3,0.068,0.034,0.103,38,1.5,76.99,0.350877193,0.719298246,35.09,71.93,53.51,27,82,1733
51474,Mikel Rico,Midfield,Central Midfield,Spain,5358,SD Huesca,ES1,laliga,Spain,2020,2020-21,36,32,2200,1,4,5,0.041,0.164,0.205,38,0.89,64.33,0.636363636,0.340909091,63.64,34.09,48.86,22,82,2036
127187,Abdoulaye Doucouré,Midfield,Attacking Midfield,Mali,29,Everton FC,GB1,premier-league,England,2020,2020-21,28,29,2452,2,3,5,0.073,0.11,0.184,38,1.55,71.7,0.553571429,0.482142857,55.36,48.21,51.79,27,83,1832
270051,Andrei Girotto,Defender,Centre-Back,Brazil,995,FC Nantes,FR1,ligue-1,France,2020,2020-21,29,34,2664,1,1,2,0.034,0.034,0.068,38,1.05,77.89,0.434210526,0.631578947,43.42,63.16,53.29,38,83,1742
506248,Edu Expósito,Midfield,Central Midfield,Spain,1533,SD Eibar,ES1,laliga,Spain,2020,2020-21,24,31,2461,0,3,3,0,0.11,0.11,38,0.79,71.96,0.477272727,0.5,47.73,50,48.86,23,83,2038
284730,Manuel Akanji,Defender,Centre-Back,Switzerland,16,Borussia Dortmund,L1,bundesliga,Germany,2020,2020-21,25,28,2351,2,0,2,0.077,0,0.077,34,1.88,76.83,0.392156863,0.411764706,39.22,41.18,40.2,35,83,2620
424042,Nahuel Molina,Defender,Right-Back,Argentina,410,Udinese Calcio,IT1,serie-a,Italy,2020,2020-21,23,29,1823,2,5,7,0.099,0.247,0.346,38,1.05,53.3,0.955882353,0.014705882,95.59,1.47,48.53,31,83,2068
395083,Andreaw Gravillon,Defender,Centre-Back,Guadeloupe,1158,FC Lorient,FR1,ligue-1,France,2020,2020-21,23,26,2274,1,2,3,0.04,0.079,0.119,38,1.11,66.49,0.697368421,0.355263158,69.74,35.53,52.63,39,84,1773
584769,Dwight McNeil,Attack,Left Winger,England,1132,Burnley FC,GB1,premier-league,England,2020,2020-21,21,36,3072,2,5,7,0.059,0.146,0.205,38,1.03,89.82,0.11627907,0.906976744,11.63,90.7,51.16,18,84,1878
564545,Edmond Tapsoba,Defender,Centre-Back,Burkina Faso,15,Bayer 04 Leverkusen,L1,bundesliga,Germany,2020,2020-21,22,31,2650,1,0,1,0.034,0,0.034,34,1.53,86.6,0.196078431,0.607843137,19.61,60.78,40.2,36,84,2622
342385,Guido Rodríguez,Midfield,Defensive Midfield,Argentina,150,Real Betis Balompié,ES1,laliga,Spain,2020,2020-21,27,35,2870,1,0,1,0.031,0,0.031,38,1.61,83.92,0.090909091,0.886363636,9.09,88.64,48.86,24,84,2039
125020,José Luis Palomino,Defender,Centre-Back,Argentina,800,Atalanta BC,IT1,serie-a,Italy,2020,2020-21,31,36,2421,1,2,3,0.037,0.074,0.112,38,2.05,70.79,0.544117647,0.426470588,54.41,42.65,48.53,32,84,2073
447661,Douglas Luiz,Midfield,Central Midfield,Brazil,405,Aston Villa,GB1,premier-league,England,2020,2020-21,23,33,2791,0,2,2,0,0.064,0.064,38,1.45,81.61,0.25,0.767857143,25,76.79,50.89,28,85,1894
118284,Jordan Ferri,Midfield,Central Midfield,France,969,Montpellier HSC,FR1,ligue-1,France,2020,2020-21,29,34,2591,0,3,3,0,0.104,0.104,38,1.42,75.76,0.368421053,0.666666667,36.84,66.67,51.75,28,85,1833
162434,Niklas Stark,Defender,Centre-Back,Germany,44,Hertha BSC,L1,bundesliga,Germany,2020,2020-21,26,33,2793,0,0,0,0,0,0,34,1.03,91.27,0,0.803921569,0,80.39,40.2,37,85,2623
107010,Stefan Savic,Defender,Centre-Back,Montenegro,13,Atlético de Madrid,ES1,laliga,Spain,2020,2020-21,30,33,2954,1,0,1,0.03,0,0.03,38,2.26,86.37,0.112676056,0.85915493,11.27,85.92,48.59,34,85,2058
331560,Takehiro Tomiyasu,Defender,Centre-Back,Japan,1025,Bologna Football Club 1909,IT1,serie-a,Italy,2020,2020-21,22,31,2719,2,0,2,0.066,0,0.066,38,1.08,79.5,0.25,0.720588235,25,72.06,48.53,33,85,2074
42783,André Hahn,Attack,Right Winger,Germany,167,FC Augsburg,L1,bundesliga,Germany,2020,2020-21,30,29,2046,8,5,13,0.352,0.22,0.572,34,1.06,66.86,0.464285714,0.321428571,46.43,32.14,39.29,19,86,2670
57280,Giacomo Bonaventura,Midfield,Attacking Midfield,Italy,430,ACF Fiorentina,IT1,serie-a,Italy,2020,2020-21,31,34,2267,3,3,6,0.119,0.119,0.238,38,1.05,66.29,0.545454545,0.424242424,54.55,42.42,48.48,38,86,2076
191217,Héctor Bellerín,Defender,Right-Back,Spain,11,Arsenal FC,GB1,premier-league,England,2020,2020-21,26,25,2093,1,3,4,0.043,0.129,0.172,38,1.61,61.2,0.807692308,0.205128205,80.77,20.51,50.64,40,86,1917
15452,Raúl Albiol,Defender,Centre-Back,Spain,1050,Villarreal CF,ES1,laliga,Spain,2020,2020-21,35,35,3119,0,0,0,0,0,0,38,1.53,91.2,0,0.971830986,0,97.18,48.59,35,86,2059
538874,Terem Moffi,Attack,Centre-Forward,Nigeria,1158,FC Lorient,FR1,ligue-1,France,2020,2020-21,22,32,2089,14,3,17,0.603,0.129,0.732,38,1.11,61.08,0.833333333,0.194444444,83.33,19.44,51.39,19,86,1860
182913,Adrien Rabiot,Midfield,Central Midfield,France,506,Juventus FC,IT1,serie-a,Italy,2020,2020-21,26,34,2313,4,1,5,0.156,0.039,0.195,38,2.05,67.63,0.5,0.46969697,50,46.97,48.48,39,87,2077
344695,Dayot Upamecano,Defender,Centre-Back,France,23826,RB Leipzig,L1,bundesliga,Germany,2020,2020-21,22,29,2332,1,1,2,0.039,0.039,0.077,34,1.91,76.21,0.392156863,0.392156863,39.22,39.22,39.22,38,87,2683
229006,Franck Honorat,Attack,Right Winger,France,3911,Stade Brestois 29,FR1,ligue-1,France,2020,2020-21,24,36,2469,8,5,13,0.292,0.182,0.474,38,1.08,72.19,0.472222222,0.555555556,47.22,55.56,51.39,20,87,1861
99353,Portu,Attack,Right Winger,Spain,681,Real Sociedad,ES1,laliga,Spain,2020,2020-21,29,37,2189,8,3,11,0.329,0.123,0.452,38,1.63,64.01,0.613636364,0.340909091,61.36,34.09,47.73,28,87,2122
184573,Victor Lindelöf,Defender,Centre-Back,Sweden,985,Manchester United,GB1,premier-league,England,2020,2020-21,26,29,2586,1,1,2,0.035,0.035,0.07,38,1.95,75.61,0.474358974,0.538461538,47.44,53.85,50.64,41,87,1918
241641,Bernardo Silva,Midfield,Attacking Midfield,Portugal,281,Manchester City,GB1,premier-league,England,2020,2020-21,26,26,2070,2,6,8,0.087,0.261,0.348,38,2.26,60.53,0.785714286,0.214285714,78.57,21.43,50,29,88,1947
165873,Federico Barba,Defender,Centre-Back,Italy,4171,Benevento Calcio,IT1,serie-a,Italy,2020,2020-21,27,32,2662,0,2,2,0,0.068,0.068,38,0.87,77.84,0.264705882,0.691176471,26.47,69.12,47.79,34,88,2118
278343,Felix Uduokhai,Defender,Centre-Back,Germany,167,FC Augsburg,L1,bundesliga,Germany,2020,2020-21,23,29,2610,1,0,1,0.034,0,0.034,34,1.06,85.29,0.196078431,0.588235294,19.61,58.82,39.22,39,88,2684
238639,Steve Mounié,Attack,Centre-Forward,Benin,3911,Stade Brestois 29,FR1,ligue-1,France,2020,2020-21,26,35,2687,9,4,13,0.301,0.134,0.435,38,1.08,78.57,0.361111111,0.666666667,36.11,66.67,51.39,21,88,1862
139895,Tomás Pina,Midfield,Central Midfield,Spain,1108,Deportivo Alavés,ES1,laliga,Spain,2020,2020-21,33,33,2590,1,1,2,0.035,0.035,0.069,38,1,75.73,0.295454545,0.659090909,29.55,65.91,47.73,25,88,2125
654539,Adrien Truffert,Defender,Left-Back,France,273,Stade Rennais FC,FR1,ligue-1,France,2020,2020-21,19,29,1959,1,4,5,0.046,0.184,0.23,38,1.53,57.28,0.934210526,0.078947368,93.42,7.89,50.66,40,89,1915
71548,Anaitz Arbilla,Defender,Centre-Back,Spain,1533,SD Eibar,ES1,laliga,Spain,2020,2020-21,34,34,2803,0,1,1,0,0.032,0.032,38,0.79,81.96,0.14084507,0.802816901,14.08,80.28,47.18,36,89,2167
316889,Hirving Lozano,Attack,Left Winger,Mexico,6195,SSC Napoli,IT1,serie-a,Italy,2020,2020-21,25,32,1970,11,4,15,0.503,0.183,0.685,38,2.03,57.6,0.666666667,0.266666667,66.67,26.67,46.67,16,89,2191
156990,Marco Friedl,Defender,Centre-Back,Austria,86,SV Werder Bremen,L1,bundesliga,Germany,2020,2020-21,23,32,2786,0,0,0,0,0,0,34,0.91,91.05,0,0.784313725,0,78.43,39.22,40,89,2685
378710,Richarlison,Attack,Centre-Forward,Brazil,29,Everton FC,GB1,premier-league,England,2020,2020-21,24,34,2872,7,3,10,0.219,0.094,0.313,38,1.55,83.98,0.186046512,0.813953488,18.6,81.4,50,19,89,1953
280575,Elvis Rexhbecaj,Midfield,Central Midfield,Kosovo,3,1.FC Köln,L1,bundesliga,Germany,2020,2020-21,23,30,1838,5,2,7,0.245,0.098,0.343,34,0.97,60.07,0.659090909,0.113636364,65.91,11.36,38.64,31,90,2707
413220,James Justin,Defender,Right-Back,England,1003,Leicester City,GB1,premier-league,England,2020,2020-21,23,23,2070,2,2,4,0.087,0.087,0.174,38,1.74,60.53,0.820512821,0.166666667,82.05,16.67,49.36,42,90,1993
67546,Jorge Pulido,Defender,Centre-Back,Spain,5358,SD Huesca,ES1,laliga,Spain,2020,2020-21,30,33,2887,1,0,1,0.031,0,0.031,38,0.89,84.42,0.126760563,0.816901408,12.68,81.69,47.18,37,90,2168
240786,Riccardo Gagliolo,Defender,Centre-Back,Sweden,130,Parma Calcio 1913,IT1,serie-a,Italy,2020,2020-21,31,28,1955,2,2,4,0.092,0.092,0.184,38,0.53,57.16,0.75,0.176470588,75,17.65,46.32,35,90,2219
118278,Xavier Chavalerin,Midfield,Central Midfield,France,1421,Stade Reims,FR1,ligue-1,France,2020,2020-21,30,30,2549,0,3,3,0,0.106,0.106,38,1.11,74.53,0.385964912,0.614035088,38.6,61.4,50,29,90,1967
344381,Christopher Nkunku,Attack,Centre-Forward,France,23826,RB Leipzig,L1,bundesliga,Germany,2020,2020-21,23,28,1894,6,7,13,0.285,0.333,0.618,34,1.91,61.9,0.535714286,0.214285714,53.57,21.43,37.5,20,91,2768
134294,Danny Ings,Attack,Centre-Forward,England,180,Southampton FC,GB1,premier-league,England,2020,2020-21,28,29,2185,12,4,16,0.494,0.165,0.659,38,1.13,63.89,0.744186047,0.23255814,74.42,23.26,48.84,20,91,2041
149231,Fidel,Attack,Left Winger,Spain,1531,Elche CF,ES1,laliga,Spain,2020,2020-21,31,30,2402,6,3,9,0.225,0.112,0.337,38,0.95,70.23,0.363636364,0.568181818,36.36,56.82,46.59,29,91,2199
54935,Martín Cáceres,Defender,Centre-Back,Uruguay,430,ACF Fiorentina,IT1,serie-a,Italy,2020,2020-21,34,29,2240,2,1,3,0.08,0.04,0.121,38,1.05,65.5,0.602941176,0.323529412,60.29,32.35,46.32,36,91,2221
170929,Massadio Haïdara,Defender,Left-Back,Mali,826,RC Lens,FR1,ligue-1,France,2020,2020-21,28,25,2136,2,1,3,0.084,0.042,0.126,38,1.5,62.46,0.723684211,0.263157895,72.37,26.32,49.34,41,91,1994
229695,Bersant Celina,Midfield,Attacking Midfield,Kosovo,2969,Dijon FCO,FR1,ligue-1,France,2020,2020-21,24,32,2302,0,5,5,0,0.195,0.195,38,0.55,67.31,0.561403509,0.421052632,56.14,42.11,49.12,30,92,2017
57500,César Azpilicueta,Defender,Centre-Back,Spain,631,Chelsea FC,GB1,premier-league,England,2020,2020-21,31,26,2191,1,2,3,0.041,0.082,0.123,38,1.76,64.06,0.717948718,0.256410256,71.79,25.64,48.72,43,92,2045
69646,Jens Stryger,Defender,Right-Back,Denmark,410,Udinese Calcio,IT1,serie-a,Italy,2020,2020-21,30,33,2643,2,0,2,0.068,0,0.068,38,1.05,77.28,0.264705882,0.661764706,26.47,66.18,46.32,37,92,2222
192565,Leroy Sané,Attack,Right Winger,Germany,27,Bayern Munich,L1,bundesliga,Germany,2020,2020-21,25,32,1805,6,10,16,0.299,0.499,0.798,34,2.29,58.99,0.714285714,0,71.43,0,35.71,21,92,2854
296622,Marco Asensio,Midfield,Attacking Midfield,Spain,418,Real Madrid,ES1,laliga,Spain,2020,2020-21,25,35,1876,5,2,7,0.24,0.096,0.336,38,2.21,54.85,0.909090909,0.022727273,90.91,2.27,46.59,26,92,2200
131075,Francesco Acerbi,Defender,Centre-Back,Italy,398,Società Sportiva Lazio S.p.A.,IT1,serie-a,Italy,2020,2020-21,33,32,2815,0,1,1,0,0.032,0.032,38,1.79,82.31,0.117647059,0.808823529,11.76,80.88,46.32,38,93,2223
67420,Luke Ayling,Defender,Right-Back,,399,Leeds United,GB1,premier-league,England,2020,2020-21,29,38,3400,0,0,0,0,0,0,38,1.55,99.42,0,0.974358974,0,97.44,48.72,44,93,2046
273152,Nemanja Maksimovic,Midfield,Central Midfield,Serbia,3709,Getafe CF,ES1,laliga,Spain,2020,2020-21,26,35,2744,1,0,1,0.033,0,0.033,38,1,80.23,0.113636364,0.818181818,11.36,81.82,46.59,27,93,2202
261905,Suat Serdar,Midfield,Central Midfield,Germany,33,FC Schalke 04,L1,bundesliga,Germany,2020,2020-21,24,25,1957,1,3,4,0.046,0.138,0.184,34,0.47,63.95,0.363636364,0.340909091,36.36,34.09,35.23,32,93,2883
469669,Yvan Neyou,Midfield,Defensive Midfield,Cameroon,618,AS Saint-Étienne,FR1,ligue-1,France,2020,2020-21,24,31,2452,1,2,3,0.037,0.073,0.11,38,1.21,71.7,0.403508772,0.578947368,40.35,57.89,49.12,31,93,2018
329145,Diego Carlos,Defender,Centre-Back,Brazil,368,Sevilla FC,ES1,laliga,Spain,2020,2020-21,28,33,2790,1,0,1,0.032,0,0.032,38,2.03,81.58,0.14084507,0.788732394,14.08,78.87,46.48,38,94,2208
212723,Djibril Sow,Midfield,Central Midfield,Switzerland,24,Eintracht Frankfurt,L1,bundesliga,Germany,2020,2020-21,24,28,2180,0,2,2,0,0.083,0.083,34,1.76,71.24,0.136363636,0.545454545,13.64,54.55,34.09,33,94,2941
102017,Jorginho,Midfield,Defensive Midfield,Italy,631,Chelsea FC,GB1,premier-league,England,2020,2020-21,29,28,2014,7,1,8,0.313,0.045,0.357,38,1.76,58.89,0.821428571,0.142857143,82.14,14.29,48.21,30,94,2091
174196,Kenny Lala,Defender,Right-Back,France,667,RC Strasbourg Alsace,FR1,ligue-1,France,2020,2020-21,29,21,1837,3,2,5,0.147,0.098,0.245,38,1.11,53.71,0.947368421,0.026315789,94.74,2.63,48.68,42,94,2048
81789,Maya Yoshida,Defender,Centre-Back,Japan,1038,UC Sampdoria,IT1,serie-a,Italy,2020,2020-21,32,32,2272,1,2,3,0.04,0.079,0.119,38,1.37,66.43,0.573529412,0.338235294,57.35,33.82,45.59,39,94,2269
384593,Alexis Claude-Maurice,Midfield,Attacking Midfield,France,417,OGC Nice,FR1,ligue-1,France,2020,2020-21,23,30,1908,4,5,9,0.189,0.236,0.425,38,1.37,55.79,0.877192982,0.087719298,87.72,8.77,48.25,32,95,2089
22328,Fabio Quagliarella,Attack,Centre-Forward,,1038,UC Sampdoria,IT1,serie-a,Italy,2020,2020-21,38,33,2215,13,1,14,0.528,0.041,0.569,38,1.37,64.77,0.5,0.4,50,40,45,17,95,2299
111455,Granit Xhaka,Midfield,Defensive Midfield,Switzerland,11,Arsenal FC,GB1,premier-league,England,2020,2020-21,28,31,2526,1,2,3,0.036,0.071,0.107,38,1.61,73.86,0.428571429,0.535714286,42.86,53.57,48.21,31,95,2092
353948,Lucas Tousart,Midfield,Central Midfield,France,44,Hertha BSC,L1,bundesliga,Germany,2020,2020-21,24,26,2096,1,1,2,0.043,0.043,0.086,34,1.03,68.5,0.159090909,0.5,15.91,50,32.95,34,95,3000
62920,Víctor Ruiz,Defender,Centre-Back,Spain,150,Real Betis Balompié,ES1,laliga,Spain,2020,2020-21,32,27,2155,2,0,2,0.084,0,0.084,38,1.61,63.01,0.605633803,0.309859155,60.56,30.99,45.77,39,95,2253
66934,Cheikhou Kouyaté,Midfield,Defensive Midfield,Senegal,873,Crystal Palace,GB1,premier-league,England,2020,2020-21,31,36,3123,1,0,1,0.029,0,0.029,38,1.16,91.32,0.071428571,0.892857143,7.14,89.29,48.21,32,96,2093
248999,Lucas Höler,Attack,Centre-Forward,Germany,60,SC Freiburg,L1,bundesliga,Germany,2020,2020-21,26,33,2094,4,5,9,0.172,0.215,0.387,34,1.32,68.43,0.25,0.392857143,25,39.29,32.14,22,96,3038
410158,Rodrigo Becão,Defender,Centre-Back,Brazil,410,Udinese Calcio,IT1,serie-a,Italy,2020,2020-21,25,35,2785,1,0,1,0.032,0,0.032,38,1.05,81.43,0.117647059,0.779411765,11.76,77.94,44.85,40,96,2313
361093,Sven Botman,Defender,Centre-Back,Netherlands,1082,LOSC Lille,FR1,ligue-1,France,2020,2020-21,21,37,3311,0,0,0,0,0,0,38,2.18,96.81,0,0.960526316,0,96.05,48.03,43,96,2099
378293,Yangel Herrera,Midfield,Central Midfield,Venezuela,16795,Granada CF,ES1,laliga,Spain,2020,2020-21,23,31,2223,3,1,4,0.121,0.04,0.162,38,1.21,65,0.545454545,0.363636364,54.55,36.36,45.45,28,96,2279
27306,Mathieu Debuchy,Defender,Centre-Back,France,618,AS Saint-Étienne,FR1,ligue-1,France,2020,2020-21,35,26,2108,2,1,3,0.085,0.043,0.128,38,1.21,61.64,0.736842105,0.210526316,73.68,21.05,47.37,44,97,2156
411295,Raphinha,Attack,Left Winger,Brazil,399,Leeds United,GB1,premier-league,England,2020,2020-21,24,30,2364,6,9,15,0.228,0.343,0.571,38,1.55,69.12,0.604651163,0.348837209,60.47,34.88,47.67,21,97,2129
277137,Renato Tapia,Midfield,Defensive Midfield,Peru,940,Celta de Vigo,ES1,laliga,Spain,2020,2020-21,25,32,2709,0,1,1,0,0.033,0.033,38,1.39,79.21,0.113636364,0.795454545,11.36,79.55,45.45,29,97,2281
354362,Rodrigo Bentancur,Midfield,Defensive Midfield,Uruguay,506,Juventus FC,IT1,serie-a,Italy,2020,2020-21,24,33,2326,0,4,4,0,0.155,0.155,38,2.05,68.01,0.378787879,0.515151515,37.88,51.52,44.7,40,97,2321
338629,Sebastiaan Bornauw,Defender,Centre-Back,Belgium,3,1.FC Köln,L1,bundesliga,Germany,2020,2020-21,22,24,2082,1,1,2,0.043,0.043,0.086,34,0.97,68.04,0.431372549,0.196078431,43.14,19.61,31.37,41,97,3083
84301,Benjamin André,Midfield,Defensive Midfield,France,1082,LOSC Lille,FR1,ligue-1,France,2020,2020-21,30,35,2902,0,1,1,0,0.031,0.031,38,2.18,84.85,0.052631579,0.894736842,5.26,89.47,47.37,33,98,2158
82097,Christoph Kramer,Midfield,Defensive Midfield,Germany,18,Borussia Mönchengladbach,L1,bundesliga,Germany,2020,2020-21,30,28,2034,0,2,2,0,0.088,0.088,34,1.44,66.47,0.181818182,0.431818182,18.18,43.18,30.68,35,98,3117
66736,Lisandro Magallán,Defender,Centre-Back,Argentina,4083,FC Crotone,IT1,serie-a,Italy,2020,2020-21,27,28,2183,1,2,3,0.041,0.082,0.124,38,0.61,63.83,0.617647059,0.264705882,61.76,26.47,44.12,41,98,2358
338285,Unai Núñez,Defender,Centre-Back,Spain,621,Athletic Bilbao,ES1,laliga,Spain,2020,2020-21,24,25,2107,1,1,2,0.043,0.043,0.085,38,1.21,61.61,0.633802817,0.267605634,63.38,26.76,45.07,40,98,2297
410425,Yves Bissouma,Midfield,Defensive Midfield,Mali,1237,Brighton & Hove Albion,GB1,premier-league,England,2020,2020-21,24,36,3114,1,0,1,0.029,0,0.029,38,1.08,91.05,0.071428571,0.875,7.14,87.5,47.32,33,98,2164
45683,Manuel Gulde,Defender,Centre-Back,Germany,60,SC Freiburg,L1,bundesliga,Germany,2020,2020-21,30,27,1959,2,0,2,0.092,0,0.092,34,1.32,64.02,0.470588235,0.117647059,47.06,11.76,29.41,42,99,3175
174733,Omar Colley,Defender,Centre-Back,The Gambia,1038,UC Sampdoria,IT1,serie-a,Italy,2020,2020-21,28,29,2590,2,0,2,0.069,0,0.069,38,1.37,75.73,0.294117647,0.588235294,29.41,58.82,44.12,42,99,2360
171424,Riyad Mahrez,Attack,Right Winger,Algeria,281,Manchester City,GB1,premier-league,England,2020,2020-21,30,27,1955,9,6,15,0.414,0.276,0.691,38,2.26,57.16,0.813953488,0.11627907,81.4,11.63,46.51,22,99,2205
367466,Thierry Correia,Defender,Right-Back,Portugal,1049,Valencia CF,ES1,laliga,Spain,2020,2020-21,22,29,2141,1,1,2,0.042,0.042,0.084,38,1.13,62.6,0.605633803,0.295774648,60.56,29.58,45.07,41,99,2298
292808,Wout Faes,Defender,Centre-Back,Belgium,1421,Stade Reims,FR1,ligue-1,France,2020,2020-21,23,33,2901,1,0,1,0.031,0,0.031,38,1.11,84.82,0.171052632,0.776315789,17.11,77.63,47.37,45,99,2159
104124,Michail Antonio,Attack,Centre-Forward,Jamaica,379,West Ham United,GB1,premier-league,England,2020,2020-21,31,26,1983,10,5,15,0.454,0.227,0.681,38,1.71,57.98,0.790697674,0.139534884,79.07,13.95,46.51,23,100,2206
377393,Pierre Lees-Melou,Midfield,Defensive Midfield,France,417,OGC Nice,FR1,ligue-1,France,2020,2020-21,28,29,2065,4,2,6,0.174,0.087,0.262,38,1.37,60.38,0.684210526,0.228070175,68.42,22.81,45.61,34,100,2264
84150,Rafael Czichos,Defender,Centre-Back,Germany,3,1.FC Köln,L1,bundesliga,Germany,2020,2020-21,31,28,2259,1,0,1,0.04,0,0.04,34,0.97,73.82,0.254901961,0.333333333,25.49,33.33,29.41,43,100,3176
361104,Sergiño Dest,Defender,Right-Back,United States,131,FC Barcelona,ES1,laliga,Spain,2020,2020-21,20,30,1913,2,1,3,0.094,0.047,0.141,38,2.08,55.94,0.802816901,0.084507042,80.28,8.45,44.37,42,100,2338
111196,Stefan de Vrij,Defender,Centre-Back,Netherlands,46,Inter Milan,IT1,serie-a,Italy,2020,2020-21,29,32,2732,1,0,1,0.033,0,0.033,38,2.39,79.88,0.147058824,0.735294118,14.71,73.53,44.12,43,100,2362
640428,Eduardo Camavinga,Midfield,Central Midfield,France,273,Stade Rennais FC,FR1,ligue-1,France,2020,2020-21,18,35,2412,1,2,3,0.037,0.075,0.112,38,1.53,70.53,0.421052632,0.49122807,42.11,49.12,45.61,35,101,2266
130394,Gianluca Lapadula,Attack,Centre-Forward,Peru,4171,Benevento Calcio,IT1,serie-a,Italy,2020,2020-21,31,37,2572,8,5,13,0.28,0.175,0.455,38,0.87,75.2,0.266666667,0.6,26.67,60,43.33,18,101,2406
242086,Patrik Schick,Attack,Centre-Forward,Czech Republic,15,Bayer 04 Leverkusen,L1,bundesliga,Germany,2020,2020-21,25,29,1865,9,2,11,0.434,0.097,0.531,34,1.53,60.95,0.428571429,0.142857143,42.86,14.29,28.57,23,101,3221
139336,Paulo Oliveira,Defender,Centre-Back,Portugal,1533,SD Eibar,ES1,laliga,Spain,2020,2020-21,29,31,2640,0,1,1,0,0.034,0.034,38,0.79,77.19,0.169014085,0.704225352,16.9,70.42,43.66,43,101,2382
145988,Wilfried Zaha,Attack,Left Winger,Cote d'Ivoire,873,Crystal Palace,GB1,premier-league,England,2020,2020-21,28,30,2614,11,2,13,0.379,0.069,0.448,38,1.16,76.43,0.348837209,0.581395349,34.88,58.14,46.51,24,101,2207
186590,John Stones,Defender,Centre-Back,England,281,Manchester City,GB1,premier-league,England,2020,2020-21,27,22,1934,4,0,4,0.186,0,0.186,38,2.26,56.55,0.846153846,0.076923077,84.62,7.69,46.15,45,102,2230
126557,Jonathan Gradit,Defender,Centre-Back,France,826,RC Lens,FR1,ligue-1,France,2020,2020-21,28,33,2828,0,1,1,0,0.032,0.032,38,1.5,82.69,0.184210526,0.723684211,18.42,72.37,45.39,46,102,2282
269878,Marcus Ingvartsen,Attack,Centre-Forward,Denmark,89,1.FC Union Berlin,L1,bundesliga,Germany,2020,2020-21,25,30,1971,3,7,10,0.137,0.32,0.457,34,1.47,64.41,0.285714286,0.285714286,28.57,28.57,28.57,24,102,3223
73250,Mario Gaspar,Defender,Right-Back,Spain,1050,Villarreal CF,ES1,laliga,Spain,2020,2020-21,30,24,1852,0,3,3,0,0.146,0.146,38,1.53,54.15,0.816901408,0.042253521,81.69,4.23,42.96,44,102,2430
283735,Mattia Zaccagni,Attack,Left Winger,Italy,276,Hellas Verona,IT1,serie-a,Italy,2020,2020-21,26,36,2630,5,7,12,0.171,0.24,0.411,38,1.18,76.9,0.2,0.666666667,20,66.67,43.33,19,102,2407
53437,Bastian Oczipka,Defender,Left-Back,Germany,33,FC Schalke 04,L1,bundesliga,Germany,2020,2020-21,32,27,1919,0,2,2,0,0.094,0.094,34,0.47,62.71,0.509803922,0.058823529,50.98,5.88,28.43,44,103,3230
335721,Ben White,Defender,Right-Back,England,1237,Brighton & Hove Albion,GB1,premier-league,England,2020,2020-21,23,36,3196,0,0,0,0,0,0,38,1.08,93.45,0,0.923076923,0,92.31,46.15,46,103,2231
252667,Fali,Defender,Centre-Back,Spain,2687,Cádiz CF,ES1,laliga,Spain,2020,2020-21,27,34,2639,0,1,1,0,0.034,0.034,38,1.16,77.16,0.169014085,0.676056338,16.9,67.61,42.25,45,103,2481
336960,Giuseppe Pezzella,Defender,Left-Back,Italy,130,Parma Calcio 1913,IT1,serie-a,Italy,2020,2020-21,23,24,1835,1,4,5,0.049,0.196,0.245,38,0.53,53.65,0.823529412,0.029411765,82.35,2.94,42.65,44,103,2454
214532,Pierrick Capelle,Midfield,Central Midfield,France,1420,Angers SCO,FR1,ligue-1,France,2020,2020-21,34,35,2052,3,3,6,0.132,0.132,0.263,38,1.16,60,0.701754386,0.192982456,70.18,19.3,44.74,36,103,2316
386047,Axel Disasi,Defender,Centre-Back,France,162,AS Monaco,FR1,ligue-1,France,2020,2020-21,23,29,2016,3,0,3,0.134,0,0.134,38,2.05,58.95,0.763157895,0.131578947,76.32,13.16,44.74,47,104,2318
43512,Ömer Toprak,Defender,Centre-Back,Türkiye,86,SV Werder Bremen,L1,bundesliga,Germany,2020,2020-21,31,26,1948,2,0,2,0.092,0,0.092,34,0.91,63.66,0.470588235,0.098039216,47.06,9.8,28.43,45,104,3231
122153,Paul Pogba,Midfield,Central Midfield,France,985,Manchester United,GB1,premier-league,England,2020,2020-21,28,26,1896,3,5,8,0.142,0.237,0.38,38,1.95,55.44,0.857142857,0.053571429,85.71,5.36,45.54,34,104,2272
67080,Víctor Laguardia,Defender,Centre-Back,Spain,1108,Deportivo Alavés,ES1,laliga,Spain,2020,2020-21,31,32,2636,0,1,1,0,0.034,0.034,38,1,77.08,0.169014085,0.661971831,16.9,66.2,41.55,46,104,2532
648779,Wilfried Singo,Defender,Right-Back,Cote d'Ivoire,416,Torino FC,IT1,serie-a,Italy,2020,2020-21,20,28,1851,1,3,4,0.049,0.146,0.194,38,0.97,54.12,0.794117647,0.044117647,79.41,4.41,41.91,45,104,2504
431755,Dejan Kulusevski,Midfield,Attacking Midfield,Sweden,506,Juventus FC,IT1,serie-a,Italy,2020,2020-21,21,35,1919,4,3,7,0.188,0.141,0.328,38,2.05,56.11,0.681818182,0.151515152,68.18,15.15,41.67,41,105,2520
236045,Denis Bouanga,Attack,Left Winger,Gabon,618,AS Saint-Étienne,FR1,ligue-1,France,2020,2020-21,26,36,2737,7,4,11,0.23,0.132,0.362,38,1.21,80.03,0.194444444,0.694444444,19.44,69.44,44.44,22,105,2337
254037,Iza Carcelén,Defender,Right-Back,Spain,2687,Cádiz CF,ES1,laliga,Spain,2020,2020-21,28,32,2585,0,1,1,0,0.035,0.035,38,1.16,75.58,0.211267606,0.605633803,21.13,60.56,40.85,47,105,2583
196357,Jonathan Tah,Defender,Centre-Back,Germany,15,Bayer 04 Leverkusen,L1,bundesliga,Germany,2020,2020-21,25,27,2219,1,0,1,0.041,0,0.041,34,1.53,72.52,0.274509804,0.294117647,27.45,29.41,28.43,46,105,3232
274839,Wilfred Ndidi,Midfield,Defensive Midfield,Nigeria,1003,Leicester City,GB1,premier-league,England,2020,2020-21,24,26,2179,1,4,5,0.041,0.165,0.207,38,1.74,63.71,0.589285714,0.321428571,58.93,32.14,45.54,35,105,2273
89733,Álex Fernández,Midfield,Central Midfield,Spain,2687,Cádiz CF,ES1,laliga,Spain,2020,2020-21,28,25,1950,4,1,5,0.185,0.046,0.231,38,1.16,57.02,0.681818182,0.113636364,68.18,11.36,39.77,30,106,2645
195736,Florian Grillitsch,Midfield,Defensive Midfield,Austria,533,TSG 1899 Hoffenheim,L1,bundesliga,Germany,2020,2020-21,25,26,1882,2,2,4,0.096,0.096,0.191,34,1.26,61.5,0.386363636,0.181818182,38.64,18.18,28.41,36,106,3235
351749,Kalvin Phillips,Midfield,Defensive Midfield,England,399,Leeds United,GB1,premier-league,England,2020,2020-21,25,29,2429,1,2,3,0.037,0.074,0.111,38,1.55,71.02,0.446428571,0.464285714,44.64,46.43,45.54,36,106,2274
426790,Ngonda Muzinga,Defender,Left-Back,DR Congo,2969,Dijon FCO,FR1,ligue-1,France,2020,2020-21,26,30,2309,2,0,2,0.078,0,0.078,38,0.55,67.51,0.447368421,0.421052632,44.74,42.11,43.42,48,106,2402
72441,Rafael Tolói,Defender,Centre-Back,Italy,800,Atalanta BC,IT1,serie-a,Italy,2020,2020-21,30,31,2542,2,0,2,0.071,0,0.071,38,2.05,74.33,0.308823529,0.514705882,30.88,51.47,41.18,46,106,2551
381950,Alexis Saelemaekers,Midfield,Right Midfield,Belgium,5,AC Milan,IT1,serie-a,Italy,2020,2020-21,22,32,2032,2,5,7,0.089,0.221,0.31,38,2.08,59.42,0.621212121,0.196969697,62.12,19.7,40.91,42,107,2578
45320,Ángel Di María,Attack,Right Winger,Argentina,583,Paris Saint-Germain,FR1,ligue-1,France,2020,2020-21,33,27,1865,5,11,16,0.241,0.531,0.772,38,2.16,54.53,0.861111111,0,86.11,0,43.06,23,107,2424
71918,David Ferreiro,Attack,Right Winger,Spain,5358,SD Huesca,ES1,laliga,Spain,2020,2020-21,33,37,2541,2,4,6,0.071,0.142,0.213,38,0.89,74.3,0.068181818,0.727272727,6.82,72.73,39.77,30,107,2646
425334,Matty Cash,Defender,Right-Back,Poland,405,Aston Villa,GB1,premier-league,England,2020,2020-21,23,28,2378,0,2,2,0,0.076,0.076,38,1.45,69.53,0.487179487,0.423076923,48.72,42.31,45.51,47,107,2276
282660,Maximilian Mittelstädt,Defender,Left-Back,Germany,44,Hertha BSC,L1,bundesliga,Germany,2020,2020-21,24,27,1800,0,2,2,0,0.1,0.1,34,1.03,58.82,0.549019608,0,54.9,0,27.45,47,107,3275
93720,Alexandre Lacazette,Attack,Centre-Forward,France,11,Arsenal FC,GB1,premier-league,England,2020,2020-21,30,31,1929,13,2,15,0.607,0.093,0.7,38,1.61,56.4,0.837209302,0.069767442,83.72,6.98,45.35,25,108,2285
372711,Amine Harit,Attack,Left Winger,Morocco,33,FC Schalke 04,L1,bundesliga,Germany,2020,2020-21,24,28,2113,2,5,7,0.085,0.213,0.298,34,0.47,69.05,0.107142857,0.428571429,10.71,42.86,26.79,25,108,3304
355628,Igor Zubeldia,Defender,Centre-Back,Spain,681,Real Sociedad,ES1,laliga,Spain,2020,2020-21,24,24,1958,1,1,2,0.046,0.046,0.092,38,1.63,57.25,0.676056338,0.112676056,67.61,11.27,39.44,48,108,2664
178313,Jean-Eudes Aholou,Midfield,Defensive Midfield,Cote d'Ivoire,667,RC Strasbourg Alsace,FR1,ligue-1,France,2020,2020-21,27,27,2201,2,2,4,0.082,0.082,0.164,38,1.11,64.36,0.50877193,0.315789474,50.88,31.58,41.23,37,108,2545
342405,Mattias Svanberg,Midfield,Central Midfield,Sweden,1025,Bologna Football Club 1909,IT1,serie-a,Italy,2020,2020-21,22,34,1862,5,2,7,0.242,0.097,0.338,38,1.08,54.44,0.712121212,0.090909091,71.21,9.09,40.15,43,108,2625
158863,Iñigo Martínez,Defender,Centre-Back,Spain,621,Athletic Bilbao,ES1,laliga,Spain,2020,2020-21,30,28,2520,1,0,1,0.036,0,0.036,38,1.21,73.68,0.225352113,0.549295775,22.54,54.93,38.73,49,109,2705
314875,Jarrod Bowen,Attack,Right Winger,England,379,West Ham United,GB1,premier-league,England,2020,2020-21,24,38,2577,8,5,13,0.279,0.175,0.454,38,1.71,75.35,0.372093023,0.534883721,37.21,53.49,45.35,26,109,2286
347900,Jerdy Schouten,Midfield,Defensive Midfield,Netherlands,1025,Bologna Football Club 1909,IT1,serie-a,Italy,2020,2020-21,24,34,2522,1,1,2,0.036,0.036,0.071,38,1.08,73.74,0.166666667,0.636363636,16.67,63.64,40.15,44,109,2626
465830,Mattéo Guendouzi,Midfield,Central Midfield,France,44,Hertha BSC,L1,bundesliga,Germany,2020,2020-21,22,24,1818,2,3,5,0.099,0.149,0.248,34,1.03,59.41,0.5,0.022727273,50,2.27,26.14,37,109,3326
251813,Niclas Eliasson,Midfield,Right Midfield,Sweden,1160,Nîmes Olympique,FR1,ligue-1,France,2020,2020-21,25,30,1806,4,3,7,0.199,0.15,0.349,38,0.92,52.81,0.807017544,0,80.7,0,40.35,38,109,2610
127160,Benjamin Stambouli,Midfield,Defensive Midfield,France,33,FC Schalke 04,L1,bundesliga,Germany,2020,2020-21,30,24,1956,0,2,2,0,0.092,0.092,34,0.47,63.92,0.204545455,0.318181818,20.45,31.82,26.14,38,110,3327
76746,Damián Suárez,Defender,Right-Back,Uruguay,3709,Getafe CF,ES1,laliga,Spain,2020,2020-21,33,31,2439,1,0,1,0.037,0,0.037,38,1,71.32,0.253521127,0.507042254,25.35,50.7,38.03,50,110,2745
173859,Davide Zappacosta,Midfield,Right Midfield,Italy,252,Genoa CFC,IT1,serie-a,Italy,2020,2020-21,29,25,2047,4,2,6,0.176,0.088,0.264,38,1.11,59.85,0.560606061,0.212121212,56.06,21.21,38.64,45,110,2708
344888,Habib Diallo,Attack,Centre-Forward,Senegal,667,RC Strasbourg Alsace,FR1,ligue-1,France,2020,2020-21,26,32,2333,9,3,12,0.347,0.116,0.463,38,1.11,68.22,0.444444444,0.361111111,44.44,36.11,40.28,24,110,2616
450936,Tanguy Ndombélé,Midfield,Central Midfield,France,148,Tottenham Hotspur,GB1,premier-league,England,2020,2020-21,24,33,2106,3,2,5,0.128,0.085,0.214,38,1.63,61.58,0.625,0.267857143,62.5,26.79,44.64,37,110,2325
303259,Dodi Lukébakio,Attack,Right Winger,Belgium,44,Hertha BSC,L1,bundesliga,Germany,2020,2020-21,23,29,1867,5,5,10,0.241,0.241,0.482,34,1.03,61.01,0.321428571,0.178571429,32.14,17.86,25,26,111,3365
165895,Matteo Politano,Attack,Right Winger,Italy,6195,SSC Napoli,IT1,serie-a,Italy,2020,2020-21,27,37,1911,9,5,14,0.424,0.235,0.659,38,2.03,55.88,0.6,0.166666667,60,16.67,38.33,20,111,2721
271455,Mihailo Ristic,Defender,Left-Back,Serbia,969,Montpellier HSC,FR1,ligue-1,France,2020,2020-21,25,34,2239,0,2,2,0,0.08,0.08,38,1.42,65.47,0.460526316,0.328947368,46.05,32.89,39.47,49,111,2661
39907,Pape Diop,Midfield,Defensive Midfield,Senegal,1533,SD Eibar,ES1,laliga,Spain,2020,2020-21,35,33,2334,1,1,2,0.039,0.039,0.077,38,0.79,68.25,0.318181818,0.431818182,31.82,43.18,37.5,31,111,2777
315969,Scott McTominay,Midfield,Central Midfield,Scotland,985,Manchester United,GB1,premier-league,England,2020,2020-21,24,32,2128,4,1,5,0.169,0.042,0.211,38,1.95,62.22,0.607142857,0.285714286,60.71,28.57,44.64,38,111,2326
144143,Bartosz Bereszyński,Defender,Right-Back,Poland,1038,UC Sampdoria,IT1,serie-a,Italy,2020,2020-21,28,31,2607,1,0,1,0.035,0,0.035,38,1.37,76.23,0.161764706,0.602941176,16.18,60.29,38.24,47,112,2726
182904,Clément Lenglet,Defender,Centre-Back,France,131,FC Barcelona,ES1,laliga,Spain,2020,2020-21,26,33,2476,1,0,1,0.036,0,0.036,38,2.08,72.4,0.225352113,0.521126761,22.54,52.11,37.32,51,112,2782
234029,Grischa Prömel,Midfield,Central Midfield,Germany,89,1.FC Union Berlin,L1,bundesliga,Germany,2020,2020-21,26,24,1827,3,1,4,0.148,0.049,0.197,34,1.47,59.71,0.409090909,0.090909091,40.91,9.09,25,39,112,3369
277114,Jason Denayer,Defender,Centre-Back,Belgium,1041,Olympique Lyon,FR1,ligue-1,France,2020,2020-21,26,31,2619,1,0,1,0.034,0,0.034,38,2,76.58,0.197368421,0.592105263,19.74,59.21,39.47,50,112,2662
54383,John Fleck,Midfield,Central Midfield,Scotland,350,Sheffield United,GB1,premier-league,England,2020,2020-21,29,31,2576,0,2,2,0,0.07,0.07,38,0.61,75.32,0.267857143,0.625,26.79,62.5,44.64,39,112,2327
289255,Andoni Gorosabel,Defender,Right-Back,Spain,681,Real Sociedad,ES1,laliga,Spain,2020,2020-21,24,32,2390,0,1,1,0,0.038,0.038,38,1.63,69.88,0.267605634,0.464788732,26.76,46.48,36.62,52,113,2822
189475,Carlos Gruezo,Midfield,Defensive Midfield,Ecuador,167,FC Augsburg,L1,bundesliga,Germany,2020,2020-21,26,28,2092,0,0,0,0,0,0,34,1.06,68.37,0,0.477272727,0,47.73,23.86,40,113,3410
353796,Giulio Maggiore,Midfield,Central Midfield,Italy,3522,Spezia Calcio,IT1,serie-a,Italy,2020,2020-21,23,33,2225,3,1,4,0.121,0.04,0.162,38,1.03,65.06,0.393939394,0.363636364,39.39,36.36,37.88,46,113,2750
138055,Haris Belkebla,Midfield,Central Midfield,Algeria,3911,Stade Brestois 29,FR1,ligue-1,France,2020,2020-21,27,35,2735,0,0,0,0,0,0,38,1.08,79.97,0,0.789473684,0,78.95,39.47,39,113,2663
293569,Josh Brownhill,Midfield,Central Midfield,England,1132,Burnley FC,GB1,premier-league,England,2020,2020-21,25,33,2813,0,1,1,0,0.032,0.032,38,1.03,82.25,0.107142857,0.785714286,10.71,78.57,44.64,40,113,2328
79960,Alex Sandro,Defender,Left-Back,Brazil,506,Juventus FC,IT1,serie-a,Italy,2020,2020-21,30,26,1862,2,1,3,0.097,0.048,0.145,38,2.05,54.44,0.661764706,0.073529412,66.18,7.35,36.76,48,114,2812
354726,Florian Sotoca,Attack,Centre-Forward,France,826,RC Lens,FR1,ligue-1,France,2020,2020-21,30,33,2421,8,3,11,0.297,0.112,0.409,38,1.5,70.79,0.305555556,0.472222222,30.56,47.22,38.89,25,114,2698
90451,Iván Marcone,Midfield,Defensive Midfield,Argentina,1531,Elche CF,ES1,laliga,Spain,2020,2020-21,31,33,2651,0,0,0,0,0,0,38,0.95,77.51,0,0.727272727,0,72.73,36.36,32,114,2832
293169,Josip Brekalo,Attack,Left Winger,Croatia,82,VfL Wolfsburg,L1,bundesliga,Germany,2020,2020-21,23,29,1824,7,3,10,0.345,0.148,0.493,34,1.79,59.61,0.357142857,0.071428571,35.71,7.14,21.43,27,114,3491
144028,Leandro Trossard,Attack,Left Winger,Belgium,1237,Brighton & Hove Albion,GB1,premier-league,England,2020,2020-21,26,35,2618,5,5,10,0.172,0.172,0.344,38,1.08,76.55,0.255813953,0.604651163,25.58,60.47,43.02,27,114,2425
406040,Ademola Lookman,Attack,Left Winger,Nigeria,931,Fulham FC,GB1,premier-league,England,2020,2020-21,23,34,2756,4,4,8,0.131,0.131,0.261,38,0.74,80.58,0.162790698,0.697674419,16.28,69.77,43.02,28,115,2426
354814,M'Bala Nzola,Attack,Centre-Forward,Angola,3522,Spezia Calcio,IT1,serie-a,Italy,2020,2020-21,24,25,1899,11,3,14,0.521,0.142,0.664,38,1.03,55.53,0.633333333,0.1,63.33,10,36.67,21,115,2814
247366,Marcos Mauro,Defender,Centre-Back,Argentina,2687,Cádiz CF,ES1,laliga,Spain,2020,2020-21,30,24,1828,2,0,2,0.098,0,0.098,38,1.16,53.45,0.704225352,0.014084507,70.42,1.41,35.92,53,115,2846
296356,Souleyman Doumbia,Defender,Left-Back,Cote d'Ivoire,1420,Angers SCO,FR1,ligue-1,France,2020,2020-21,24,27,2220,0,2,2,0,0.081,0.081,38,1.16,64.91,0.473684211,0.302631579,47.37,30.26,38.82,51,115,2701
332705,Tyler Adams,Midfield,Defensive Midfield,United States,23826,RB Leipzig,L1,bundesliga,Germany,2020,2020-21,22,27,1854,1,1,2,0.049,0.049,0.097,34,1.91,60.59,0.227272727,0.159090909,22.73,15.91,19.32,41,115,3567
76277,Laurent Koscielny,Defender,Centre-Back,France,40,FC Girondins Bordeaux,FR1,ligue-1,France,2020,2020-21,35,26,2218,0,2,2,0,0.081,0.081,38,1.18,64.85,0.473684211,0.289473684,47.37,28.95,38.16,52,116,2728
39259,Makoto Hasebe,Defender,Centre-Back,Japan,24,Eintracht Frankfurt,L1,bundesliga,Germany,2020,2020-21,37,29,2293,0,0,0,0,0,0,34,1.76,74.93,0,0.37254902,0,37.25,18.63,48,116,3584
39099,Rodrigo Palacio,Attack,Centre-Forward,Argentina,1025,Bologna Football Club 1909,IT1,serie-a,Italy,2020,2020-21,39,36,2505,5,6,11,0.18,0.216,0.395,38,1.08,73.25,0.166666667,0.566666667,16.67,56.67,36.67,22,116,2817
258004,Rúben Dias,Defender,Centre-Back,Portugal,281,Manchester City,GB1,premier-league,England,2020,2020-21,24,32,2845,1,0,1,0.032,0,0.032,38,2.26,83.19,0.128205128,0.730769231,12.82,73.08,42.95,48,116,2432
148928,Saúl Ñíguez,Midfield,Central Midfield,Spain,13,Atlético de Madrid,ES1,laliga,Spain,2020,2020-21,26,33,2032,2,1,3,0.089,0.044,0.133,38,2.26,59.42,0.522727273,0.159090909,52.27,15.91,34.09,33,116,2940
314940,Dimitri Liénard,Midfield,Left Midfield,France,667,RC Strasbourg Alsace,FR1,ligue-1,France,2020,2020-21,33,34,1831,2,4,6,0.098,0.197,0.295,38,1.11,53.54,0.719298246,0.035087719,71.93,3.51,37.72,40,117,2763
29364,João Moutinho,Midfield,Central Midfield,Portugal,543,Wolverhampton Wanderers,GB1,premier-league,England,2020,2020-21,34,33,2534,1,1,2,0.036,0.036,0.071,38,1.18,74.09,0.285714286,0.571428571,28.57,57.14,42.86,41,117,2441
53418,Kevin Kampl,Midfield,Central Midfield,Slovenia,23826,RB Leipzig,L1,bundesliga,Germany,2020,2020-21,30,27,1943,0,1,1,0,0.046,0.046,34,1.91,63.5,0.045454545,0.295454545,4.55,29.55,17.05,42,117,3634
89297,Rodrigo Battaglia,Midfield,Defensive Midfield,Argentina,1108,Deportivo Alavés,ES1,laliga,Spain,2020,2020-21,29,32,2495,1,0,1,0.036,0,0.036,38,1,72.95,0.159090909,0.522727273,15.91,52.27,34.09,34,117,2942
169841,Vladimir Golemic,Defender,Centre-Back,Serbia,4083,FC Crotone,IT1,serie-a,Italy,2020,2020-21,30,30,2339,2,0,2,0.077,0,0.077,38,0.61,68.39,0.352941176,0.367647059,35.29,36.76,36.03,49,117,2842
131996,Bertrand Traoré,Attack,Right Winger,Burkina Faso,405,Aston Villa,GB1,premier-league,England,2020,2020-21,25,36,2335,7,7,14,0.27,0.27,0.54,38,1.45,68.27,0.534883721,0.302325581,53.49,30.23,41.86,29,118,2506
210081,Didier Ndong,Midfield,Central Midfield,Gabon,2969,Dijon FCO,FR1,ligue-1,France,2020,2020-21,27,29,2610,0,1,1,0,0.034,0.034,38,0.55,76.32,0.070175439,0.684210526,7.02,68.42,37.72,41,118,2764
148355,Jens Jønsson,Midfield,Defensive Midfield,Denmark,2687,Cádiz CF,ES1,laliga,Spain,2020,2020-21,28,35,2628,0,0,0,0,0,0,38,1.16,76.84,0,0.681818182,0,68.18,34.09,35,118,2943
84435,Kevin Vogt,Defender,Centre-Back,Germany,533,TSG 1899 Hoffenheim,L1,bundesliga,Germany,2020,2020-21,29,24,1839,0,1,1,0,0.049,0.049,34,1.26,60.1,0.294117647,0.039215686,29.41,3.92,16.67,49,118,3650
524481,Roger Ibañez,Defender,Centre-Back,Brazil,12,Associazione Sportiva Roma,IT1,serie-a,Italy,2020,2020-21,22,30,2400,0,2,2,0,0.075,0.075,38,1.63,70.18,0.323529412,0.397058824,32.35,39.71,36.03,50,118,2843
257376,Domingos Duarte,Defender,Centre-Back,Portugal,16795,Granada CF,ES1,laliga,Spain,2020,2020-21,26,28,2275,1,0,1,0.04,0,0.04,38,1.21,66.52,0.295774648,0.38028169,29.58,38.03,33.8,54,119,2960
216804,Joakim Nilsson,Defender,Centre-Back,Sweden,10,Arminia Bielefeld,L1,bundesliga,Germany,2020,2020-21,27,25,2162,0,0,0,0,0,0,34,1.03,70.65,0,0.254901961,0,25.49,12.75,50,119,3745
111195,Joël Veltman,Defender,Right-Back,Netherlands,1237,Brighton & Hove Albion,GB1,premier-league,England,2020,2020-21,29,28,2282,1,1,2,0.039,0.039,0.079,38,1.08,66.73,0.5,0.333333333,50,33.33,41.67,49,119,2526
274862,Moses Simon,Attack,Left Winger,Nigeria,995,FC Nantes,FR1,ligue-1,France,2020,2020-21,25,33,2341,6,5,11,0.231,0.192,0.423,38,1.05,68.45,0.333333333,0.388888889,33.33,38.89,36.11,26,119,2836
245056,Saša Lukić,Midfield,Central Midfield,Serbia,416,Torino FC,IT1,serie-a,Italy,2020,2020-21,24,32,2110,3,1,4,0.128,0.043,0.171,38,0.97,61.7,0.439393939,0.272727273,43.94,27.27,35.61,47,119,2863
49275,Albin Ekdal,Midfield,Defensive Midfield,Sweden,1038,UC Sampdoria,IT1,serie-a,Italy,2020,2020-21,31,32,2302,2,1,3,0.078,0.039,0.117,38,1.37,67.31,0.272727273,0.439393939,27.27,43.94,35.61,48,120,2864
121477,Craig Dawson,Defender,Centre-Back,England,379,West Ham United,GB1,premier-league,England,2020,2020-21,31,22,1926,3,0,3,0.14,0,0.14,38,1.71,56.32,0.756410256,0.064102564,75.64,6.41,41.03,50,120,2572
119234,Karim Onisiwo,Attack,Centre-Forward,Austria,39,1.FSV Mainz 05,L1,bundesliga,Germany,2020,2020-21,29,31,1842,4,3,7,0.195,0.147,0.342,34,1.15,60.2,0.142857143,0.107142857,14.29,10.71,12.5,28,120,3749
257851,Rúben Vezo,Defender,Centre-Back,Portugal,3368,Levante UD,ES1,laliga,Spain,2020,2020-21,27,32,2310,1,0,1,0.039,0,0.039,38,1.08,67.54,0.281690141,0.394366197,28.17,39.44,33.8,55,120,2961
384060,Tino Kadewere,Attack,Centre-Forward,Zimbabwe,1041,Olympique Lyon,FR1,ligue-1,France,2020,2020-21,25,33,2021,10,3,13,0.445,0.134,0.579,38,2,59.09,0.638888889,0.055555556,63.89,5.56,34.72,27,120,2911
39025,Danny Latza,Midfield,Central Midfield,Germany,39,1.FSV Mainz 05,L1,bundesliga,Germany,2020,2020-21,31,29,1806,0,2,2,0,0.1,0.1,34,1.15,59.02,0.25,0,25,0,12.5,43,121,3752
85706,Enda Stevens,Defender,Left-Back,Ireland,350,Sheffield United,GB1,premier-league,England,2020,2020-21,30,30,2700,0,1,1,0,0.033,0.033,38,0.61,78.95,0.141025641,0.679487179,14.1,67.95,41.03,51,121,2575
83002,Hiroki Sakai,Defender,Right-Back,Japan,244,Olympique Marseille,FR1,ligue-1,France,2020,2020-21,31,29,2386,0,1,1,0,0.038,0.038,38,1.58,69.77,0.210526316,0.473684211,21.05,47.37,34.21,53,121,2937
48859,Simon Kjær,Defender,Centre-Back,Denmark,5,AC Milan,IT1,serie-a,Italy,2020,2020-21,32,28,2397,0,2,2,0,0.075,0.075,38,2.08,70.09,0.323529412,0.382352941,32.35,38.24,35.29,51,121,2879
417575,Uros Racic,Midfield,Defensive Midfield,Serbia,1049,Valencia CF,ES1,laliga,Spain,2020,2020-21,23,31,2191,1,1,2,0.041,0.041,0.082,38,1.13,64.06,0.340909091,0.318181818,34.09,31.82,32.95,36,121,3001
291417,Ferland Mendy,Defender,Left-Back,France,418,Real Madrid,ES1,laliga,Spain,2020,2020-21,26,26,2207,1,0,1,0.041,0,0.041,38,2.21,64.53,0.323943662,0.323943662,32.39,32.39,32.39,56,122,3026
326031,Matthijs de Ligt,Defender,Centre-Back,Netherlands,506,Juventus FC,IT1,serie-a,Italy,2020,2020-21,21,27,2221,1,1,2,0.041,0.041,0.081,38,2.05,64.94,0.367647059,0.308823529,36.76,30.88,33.82,52,122,2959
177690,Miguel Trauco,Defender,Left-Back,Peru,618,AS Saint-Étienne,FR1,ligue-1,France,2020,2020-21,28,26,2035,0,2,2,0,0.088,0.088,38,1.21,59.5,0.513157895,0.157894737,51.32,15.79,33.55,54,122,2976
487465,Pedro Neto,Attack,Right Winger,Portugal,543,Wolverhampton Wanderers,GB1,premier-league,England,2020,2020-21,21,31,2560,5,6,11,0.176,0.211,0.387,38,1.18,74.85,0.302325581,0.488372093,30.23,48.84,39.53,30,122,2654
223974,Stefan Posch,Defender,Centre-Back,Austria,533,TSG 1899 Hoffenheim,L1,bundesliga,Germany,2020,2020-21,24,26,2123,0,0,0,0,0,0,34,1.26,69.38,0,0.215686275,0,21.57,10.78,51,122,3791
167329,Alassane Pléa,Attack,Centre-Forward,France,18,Borussia Mönchengladbach,L1,bundesliga,Germany,2020,2020-21,28,29,1807,6,1,7,0.299,0.05,0.349,34,1.44,59.05,0.178571429,0.035714286,17.86,3.57,10.71,29,123,3792
188838,Bruno González,Defender,Centre-Back,Spain,366,Real Valladolid CF,ES1,laliga,Spain,2020,2020-21,31,27,2261,1,0,1,0.04,0,0.04,38,0.82,66.11,0.295774648,0.352112676,29.58,35.21,32.39,57,123,3027
633992,Enzo Le Fée,Midfield,Central Midfield,France,1158,FC Lorient,FR1,ligue-1,France,2020,2020-21,21,36,1814,0,5,5,0,0.248,0.248,38,1.11,53.04,0.649122807,0.01754386,64.91,1.75,33.33,42,123,2980
333241,Joelinton,Midfield,Central Midfield,Brazil,762,Newcastle United,GB1,premier-league,England,2020,2020-21,24,31,1988,4,2,6,0.181,0.091,0.272,38,1.18,58.13,0.678571429,0.107142857,67.86,10.71,39.29,42,123,2671
357164,Rafael Leão,Attack,Left Winger,Portugal,5,AC Milan,IT1,serie-a,Italy,2020,2020-21,22,30,1932,6,6,12,0.28,0.28,0.559,38,2.08,56.49,0.466666667,0.2,46.67,20,33.33,23,123,2977
146509,Conor Townsend,Defender,Left-Back,England,984,West Bromwich Albion,GB1,premier-league,England,2020,2020-21,28,25,2235,0,2,2,0,0.081,0.081,38,0.68,65.35,0.512820513,0.269230769,51.28,26.92,39.1,52,124,2690
161869,Djibril Sidibé,Defender,Right-Back,France,162,AS Monaco,FR1,ligue-1,France,2020,2020-21,28,30,1976,0,2,2,0,0.091,0.091,38,2.05,57.78,0.552631579,0.105263158,55.26,10.53,32.89,55,124,3002
227081,Joaquín Correa,Attack,Second Striker,Argentina,398,Società Sportiva Lazio S.p.A.,IT1,serie-a,Italy,2020,2020-21,26,28,1945,8,4,12,0.37,0.185,0.555,38,1.79,56.87,0.433333333,0.233333333,43.33,23.33,33.33,24,124,2978
376514,Mathías Olivera,Defender,Left-Back,Uruguay,3709,Getafe CF,ES1,laliga,Spain,2020,2020-21,23,31,2619,0,0,0,0,0,0,38,1,76.58,0,0.647887324,0,64.79,32.39,58,124,3028
57845,Tobias Strobl,Midfield,Defensive Midfield,Germany,167,FC Augsburg,L1,bundesliga,Germany,2020,2020-21,31,29,1849,0,0,0,0,0,0,34,1.06,60.42,0,0.136363636,0,13.64,6.82,44,124,3859
54928,Diego Godín,Defender,Centre-Back,Uruguay,1390,Cagliari Calcio,IT1,serie-a,Italy,2020,2020-21,35,28,2510,1,0,1,0.036,0,0.036,38,0.97,73.39,0.176470588,0.485294118,17.65,48.53,33.09,53,125,2990
474800,Facundo Medina,Defender,Centre-Back,Argentina,826,RC Lens,FR1,ligue-1,France,2020,2020-21,22,24,2009,2,0,2,0.09,0,0.09,38,1.5,58.74,0.539473684,0.118421053,53.95,11.84,32.89,56,125,3003
54235,Iker Muniain,Attack,Left Winger,Spain,621,Athletic Bilbao,ES1,laliga,Spain,2020,2020-21,28,28,1957,5,4,9,0.23,0.184,0.414,38,1.21,57.22,0.5,0.136363636,50,13.64,31.82,31,125,3056
124410,Rani Khedira,Midfield,Defensive Midfield,Tunisia,167,FC Augsburg,L1,bundesliga,Germany,2020,2020-21,27,27,1824,1,0,1,0.049,0,0.049,34,1.06,59.61,0.068181818,0.045454545,6.82,4.55,5.68,45,125,3877
258878,Tosin Adarabioyo,Defender,Centre-Back,England,931,Fulham FC,GB1,premier-league,England,2020,2020-21,23,33,2954,0,0,0,0,0,0,38,0.74,86.37,0,0.769230769,0,76.92,38.46,53,125,2715
353366,Benjamin Pavard,Defender,Centre-Back,France,27,Bayern Munich,L1,bundesliga,Germany,2020,2020-21,25,24,1943,0,0,0,0,0,0,34,2.29,63.5,0,0.078431373,0,7.84,3.92,52,126,3898
215616,Erick Pulgar,Midfield,Defensive Midfield,Chile,430,ACF Fiorentina,IT1,serie-a,Italy,2020,2020-21,27,31,1997,1,3,4,0.045,0.135,0.18,38,1.05,58.39,0.454545455,0.181818182,45.45,18.18,31.82,49,126,3059
205569,Mickaël Malsa,Midfield,Defensive Midfield,Martinique,3368,Levante UD,ES1,laliga,Spain,2020,2020-21,25,35,2341,1,0,1,0.038,0,0.038,38,1.08,68.45,0.181818182,0.454545455,18.18,45.45,31.82,37,126,3060
58864,Pierre-Emerick Aubameyang,Attack,Centre-Forward,Gabon,11,Arsenal FC,GB1,premier-league,England,2020,2020-21,32,29,2337,10,3,13,0.385,0.116,0.501,38,1.61,68.33,0.441860465,0.325581395,44.19,32.56,38.37,31,126,2718
410185,Ronaël Pierre-Gabriel,Defender,Right-Back,France,3911,Stade Brestois 29,FR1,ligue-1,France,2020,2020-21,23,29,2316,1,0,1,0.039,0,0.039,38,1.08,67.72,0.223684211,0.434210526,22.37,43.42,32.89,57,126,3004
32113,Armando Izzo,Defender,Centre-Back,Italy,416,Torino FC,IT1,serie-a,Italy,2020,2020-21,29,25,2009,2,0,2,0.09,0,0.09,38,0.97,58.74,0.426470588,0.205882353,42.65,20.59,31.62,54,127,3065
537382,Bryan Gil,Attack,Left Winger,Spain,1533,SD Eibar,ES1,laliga,Spain,2020,2020-21,20,28,2271,4,3,7,0.159,0.119,0.277,38,0.79,66.4,0.181818182,0.431818182,18.18,43.18,30.68,32,127,3115
398065,Harvey Barnes,Attack,Left Winger,England,1003,Leicester City,GB1,premier-league,England,2020,2020-21,23,25,1950,9,4,13,0.415,0.185,0.6,38,1.74,57.02,0.651162791,0.093023256,65.12,9.3,37.21,32,127,2791
372712,Ibrahima Sissoko,Midfield,Defensive Midfield,Mali,667,RC Strasbourg Alsace,FR1,ligue-1,France,2020,2020-21,23,36,2584,0,0,0,0,0,0,38,1.11,75.56,0,0.649122807,0,64.91,32.46,43,127,3024
363205,Gabriel Jesus,Attack,Centre-Forward,Brazil,281,Manchester City,GB1,premier-league,England,2020,2020-21,24,29,2059,9,4,13,0.393,0.175,0.568,38,2.26,60.2,0.581395349,0.162790698,58.14,16.28,37.21,33,128,2792
340867,Jaime Seoane,Midfield,Central Midfield,Spain,5358,SD Huesca,ES1,laliga,Spain,2020,2020-21,24,29,2065,1,1,2,0.044,0.044,0.087,38,0.89,60.38,0.409090909,0.204545455,40.91,20.45,30.68,38,128,3118
39983,Leonardo Bonucci,Defender,Centre-Back,Italy,506,Juventus FC,IT1,serie-a,Italy,2020,2020-21,34,26,2029,2,0,2,0.089,0,0.089,38,2.05,59.33,0.411764706,0.220588235,41.18,22.06,31.62,55,128,3066
596240,Senou Coulibaly,Defender,Centre-Back,Mali,2969,Dijon FCO,FR1,ligue-1,France,2020,2020-21,26,22,1937,2,0,2,0.093,0,0.093,38,0.55,56.64,0.578947368,0.052631579,57.89,5.26,31.58,58,128,3068
386057,Julien Laporte,Defender,Centre-Back,France,1158,FC Lorient,FR1,ligue-1,France,2020,2020-21,27,30,2660,0,0,0,0,0,0,38,1.11,77.78,0,0.618421053,0,61.84,30.92,59,129,3100
33571,Lorenzo De Silvestri,Defender,Right-Back,Italy,1025,Bologna Football Club 1909,IT1,serie-a,Italy,2020,2020-21,33,29,2146,2,0,2,0.084,0,0.084,38,1.08,62.75,0.382352941,0.25,38.24,25,31.62,56,129,3067
63040,Oier Sanjurjo,Midfield,Defensive Midfield,Spain,331,CA Osasuna,ES1,laliga,Spain,2020,2020-21,35,32,2089,0,2,2,0,0.086,0.086,38,1.16,61.08,0.363636364,0.25,36.36,25,30.68,39,129,3119
40611,Ryan Bertrand,Defender,Left-Back,England,180,Southampton FC,GB1,premier-league,England,2020,2020-21,31,29,2599,0,1,1,0,0.035,0.035,38,1.13,75.99,0.166666667,0.576923077,16.67,57.69,37.18,54,129,2795
197747,Alessio Romagnoli,Defender,Centre-Back,Italy,5,AC Milan,IT1,serie-a,Italy,2020,2020-21,26,22,1907,1,1,2,0.047,0.047,0.094,38,2.08,55.76,0.455882353,0.147058824,45.59,14.71,30.15,57,130,3142
99343,Ander Herrera,Midfield,Central Midfield,Spain,583,Paris Saint-Germain,FR1,ligue-1,France,2020,2020-21,31,31,1845,1,3,4,0.049,0.146,0.195,38,2.16,53.95,0.561403509,0.052631579,56.14,5.26,30.7,44,130,3112
121324,John Egan,Defender,Centre-Back,Ireland,350,Sheffield United,GB1,premier-league,England,2020,2020-21,28,31,2630,0,1,1,0,0.034,0.034,38,0.61,76.9,0.153846154,0.58974359,15.38,58.97,37.18,55,130,2797
247652,Shon Weissman,Attack,Centre-Forward,Israel,366,Real Valladolid CF,ES1,laliga,Spain,2020,2020-21,25,32,2140,6,2,8,0.252,0.084,0.336,38,0.82,62.57,0.340909091,0.25,34.09,25,29.55,33,130,3164
60890,Fabián Orellana,Attack,Right Winger,Chile,366,Real Valladolid CF,ES1,laliga,Spain,2020,2020-21,35,30,2152,6,2,8,0.251,0.084,0.335,38,0.82,62.92,0.318181818,0.272727273,31.82,27.27,29.55,34,131,3165
225693,Fabinho,Midfield,Defensive Midfield,Brazil,31,Liverpool FC,GB1,premier-league,England,2020,2020-21,27,30,2566,0,1,1,0,0.035,0.035,38,1.82,75.03,0.125,0.607142857,12.5,60.71,36.61,43,131,2823
198087,Matteo Ricci,Midfield,Defensive Midfield,Italy,3522,Spezia Calcio,IT1,serie-a,Italy,2020,2020-21,27,29,2232,0,2,2,0,0.081,0.081,38,1.03,65.26,0.196969697,0.393939394,19.7,39.39,29.55,50,131,3167
242273,Pedro Chirivella,Midfield,Defensive Midfield,Spain,995,FC Nantes,FR1,ligue-1,France,2020,2020-21,24,32,2282,0,2,2,0,0.079,0.079,38,1.05,66.73,0.228070175,0.385964912,22.81,38.6,30.7,45,131,3114
212847,Adam Webster,Defender,Centre-Back,England,1237,Brighton & Hove Albion,GB1,premier-league,England,2020,2020-21,26,29,2595,1,0,1,0.035,0,0.035,38,1.08,75.88,0.166666667,0.564102564,16.67,56.41,36.54,56,132,2826
465967,Ander Guevara,Midfield,Central Midfield,Spain,681,Real Sociedad,ES1,laliga,Spain,2020,2020-21,23,31,2082,1,1,2,0.043,0.043,0.086,38,1.63,60.88,0.363636364,0.227272727,36.36,22.73,29.55,40,132,3166
119085,Loris Benito,Defender,Centre-Back,Switzerland,40,FC Girondins Bordeaux,FR1,ligue-1,France,2020,2020-21,29,31,2653,0,0,0,0,0,0,38,1.18,77.57,0,0.605263158,0,60.53,30.26,60,132,3137
56762,Pasquale Schiattarella,Midfield,Defensive Midfield,Italy,4171,Benevento Calcio,IT1,serie-a,Italy,2020,2020-21,34,29,2254,1,1,2,0.04,0.04,0.08,38,0.87,65.91,0.181818182,0.409090909,18.18,40.91,29.55,51,132,3168
217115,Neal Maupay,Attack,Centre-Forward,France,1237,Brighton & Hove Albion,GB1,premier-league,England,2020,2020-21,24,33,2520,8,2,10,0.286,0.071,0.357,38,1.08,73.68,0.279069767,0.441860465,27.91,44.19,36.05,34,133,2840
175323,Óscar Duarte,Defender,Centre-Back,Costa Rica,3368,Levante UD,ES1,laliga,Spain,2020,2020-21,32,29,2063,1,0,1,0.044,0,0.044,38,1.08,60.32,0.366197183,0.211267606,36.62,21.13,28.87,59,133,3201
287579,Sofyan Amrabat,Midfield,Defensive Midfield,Morocco,430,ACF Fiorentina,IT1,serie-a,Italy,2020,2020-21,24,31,2444,0,0,0,0,0,0,38,1.05,71.46,0,0.590909091,0,59.09,29.55,52,133,3169
332889,Valentin Rongier,Midfield,Central Midfield,France,244,Olympique Marseille,FR1,ligue-1,France,2020,2020-21,26,26,1894,1,2,3,0.048,0.095,0.143,38,1.58,55.38,0.49122807,0.070175439,49.12,7.02,28.07,46,133,3246
433177,Bukayo Saka,Attack,Right Winger,England,11,Arsenal FC,GB1,premier-league,England,2020,2020-21,19,32,2561,5,4,9,0.176,0.141,0.316,38,1.61,74.88,0.209302326,0.511627907,20.93,51.16,36.05,35,134,2841
234781,Maxwel Cornet,Attack,Left Winger,Cote d'Ivoire,1041,Olympique Lyon,FR1,ligue-1,France,2020,2020-21,24,36,2456,2,5,7,0.073,0.183,0.257,38,2,71.81,0.055555556,0.5,5.56,50,27.78,28,134,3259
149829,Miha Zajc,Midfield,Central Midfield,Slovenia,252,Genoa CFC,IT1,serie-a,Italy,2020,2020-21,26,31,1865,1,3,4,0.048,0.145,0.193,38,1.11,54.53,0.46969697,0.106060606,46.97,10.61,28.79,53,134,3212
346289,Mouctar Diakhaby,Defender,Centre-Back,Guinea,1049,Valencia CF,ES1,laliga,Spain,2020,2020-21,24,26,2082,1,0,1,0.043,0,0.043,38,1.13,60.88,0.338028169,0.23943662,33.8,23.94,28.87,60,134,3202
262365,Antonio Puertas,Attack,Right Winger,Spain,16795,Granada CF,ES1,laliga,Spain,2020,2020-21,29,33,2062,3,5,8,0.131,0.218,0.349,38,1.21,60.29,0.386363636,0.181818182,38.64,18.18,28.41,35,135,3234
52495,Chris Basham,Defender,Centre-Back,England,350,Sheffield United,GB1,premier-league,England,2020,2020-21,32,31,2586,0,1,1,0,0.035,0.035,38,0.61,75.61,0.166666667,0.538461538,16.67,53.85,35.26,57,135,2882
16873,Claudio Terzi,Defender,Centre-Back,Italy,3522,Spezia Calcio,IT1,serie-a,Italy,2020,2020-21,37,25,1873,1,1,2,0.048,0.048,0.096,38,1.03,54.77,0.470588235,0.102941176,47.06,10.29,28.68,58,135,3218
730581,Loïc Badé,Defender,Centre-Back,France,826,RC Lens,FR1,ligue-1,France,2020,2020-21,21,31,2610,0,0,0,0,0,0,38,1.5,76.32,0,0.552631579,0,55.26,27.63,61,135,3266
250844,Alexander Djiku,Defender,Centre-Back,Ghana,667,RC Strasbourg Alsace,FR1,ligue-1,France,2020,2020-21,26,30,2556,0,0,0,0,0,0,38,1.11,74.74,0,0.539473684,0,53.95,26.97,62,136,3296
34198,Andrea Masiello,Defender,Centre-Back,Italy,252,Genoa CFC,IT1,serie-a,Italy,2020,2020-21,35,30,2567,0,0,0,0,0,0,38,1.11,75.06,0,0.573529412,0,57.35,28.68,59,136,3220
221321,Joaquín Fernández,Defender,Centre-Back,Spain,366,Real Valladolid CF,ES1,laliga,Spain,2020,2020-21,25,25,2075,1,0,1,0.043,0,0.043,38,0.82,60.67,0.338028169,0.225352113,33.8,22.54,28.17,61,136,3244
74300,Luka Milivojevic,Midfield,Defensive Midfield,Serbia,873,Crystal Palace,GB1,premier-league,England,2020,2020-21,30,31,2364,1,1,2,0.038,0.038,0.076,38,1.16,69.12,0.303571429,0.392857143,30.36,39.29,34.82,44,136,2904
226973,Harrison Reed,Midfield,Central Midfield,England,931,Fulham FC,GB1,premier-league,England,2020,2020-21,26,31,2250,0,2,2,0,0.08,0.08,38,0.74,65.79,0.321428571,0.357142857,32.14,35.71,33.93,45,137,2950
23960,Jérémy Morel,Defender,Centre-Back,Madagascar,1158,FC Lorient,FR1,ligue-1,France,2020,2020-21,37,28,2494,0,0,0,0,0,0,38,1.11,72.92,0,0.513157895,0,51.32,25.66,63,137,3346
58884,Nacho Fernández,Defender,Centre-Back,Spain,418,Real Madrid,ES1,laliga,Spain,2020,2020-21,31,24,2000,1,0,1,0.045,0,0.045,38,2.21,58.48,0.38028169,0.169014085,38.03,16.9,27.46,62,137,3274
37295,Perparim Hetemaj,Midfield,Central Midfield,Finland,4171,Benevento Calcio,IT1,serie-a,Italy,2020,2020-21,34,31,2218,0,2,2,0,0.081,0.081,38,0.87,64.85,0.196969697,0.348484848,19.7,34.85,27.27,54,137,3282
204103,Adama Traoré,Attack,Right Winger,Spain,543,Wolverhampton Wanderers,GB1,premier-league,England,2020,2020-21,25,37,2643,2,3,5,0.068,0.102,0.17,38,1.18,77.28,0.046511628,0.627906977,4.65,62.79,33.72,36,138,2968
255892,Josema,Defender,Centre-Back,Spain,1531,Elche CF,ES1,laliga,Spain,2020,2020-21,25,29,1966,0,1,1,0,0.046,0.046,38,0.95,57.49,0.394366197,0.126760563,39.44,12.68,26.06,63,138,3330
536482,Junior Dina Ebimbe,Midfield,Right Midfield,Cameroon,2969,Dijon FCO,FR1,ligue-1,France,2020,2020-21,20,30,2152,1,1,2,0.042,0.042,0.084,38,0.55,62.92,0.263157895,0.245614035,26.32,24.56,25.44,47,138,3355
104752,Konstantinos Manolas,Defender,Centre-Back,Greece,6195,SSC Napoli,IT1,serie-a,Italy,2020,2020-21,30,30,2300,0,1,1,0,0.039,0.039,38,2.03,67.25,0.191176471,0.352941176,19.12,35.29,27.21,60,138,3284
199248,Bryan Cristante,Midfield,Defensive Midfield,Italy,12,Associazione Sportiva Roma,IT1,serie-a,Italy,2020,2020-21,26,34,2148,1,1,2,0.042,0.042,0.084,38,1.63,62.81,0.227272727,0.287878788,22.73,28.79,25.76,55,139,3342
391376,Lamine Fomba,Midfield,Defensive Midfield,France,1160,Nîmes Olympique,FR1,ligue-1,France,2020,2020-21,23,32,2174,1,1,2,0.041,0.041,0.083,38,0.92,63.57,0.245614035,0.263157895,24.56,26.32,25.44,48,139,3356
247250,Rubén Alcaraz,Midfield,Central Midfield,Spain,366,Real Valladolid CF,ES1,laliga,Spain,2020,2020-21,30,30,2170,1,0,1,0.041,0,0.041,38,0.82,63.45,0.204545455,0.295454545,20.45,29.55,25,41,139,3375
289446,Yerry Mina,Defender,Centre-Back,Colombia,29,Everton FC,GB1,premier-league,England,2020,2020-21,26,24,1939,2,0,2,0.093,0,0.093,38,1.55,56.7,0.564102564,0.102564103,56.41,10.26,33.33,58,139,2982
157507,Adrien Tamèze,Midfield,Defensive Midfield,France,276,Hellas Verona,IT1,serie-a,Italy,2020,2020-21,27,33,2311,1,0,1,0.039,0,0.039,38,1.18,67.57,0.060606061,0.454545455,6.06,45.45,25.76,56,140,3343
324690,Jonathan Ikoné,Attack,Right Winger,France,1082,LOSC Lille,FR1,ligue-1,France,2020,2020-21,23,37,2186,4,5,9,0.165,0.206,0.371,38,2.18,63.92,0.222222222,0.277777778,22.22,27.78,25,29,140,3367
95424,Kyle Walker,Defender,Right-Back,England,281,Manchester City,GB1,premier-league,England,2020,2020-21,31,24,1946,1,1,2,0.046,0.046,0.092,38,2.26,56.9,0.551282051,0.115384615,55.13,11.54,33.33,59,140,2983
255488,Yeray Álvarez,Defender,Centre-Back,Spain,621,Athletic Bilbao,ES1,laliga,Spain,2020,2020-21,26,23,1949,1,0,1,0.046,0,0.046,38,1.21,56.99,0.394366197,0.098591549,39.44,9.86,24.65,64,140,3380
22068,Franck Ribéry,Attack,Left Winger,France,430,ACF Fiorentina,IT1,serie-a,Italy,2020,2020-21,38,29,2170,2,7,9,0.083,0.29,0.373,38,1.05,63.45,0.133333333,0.366666667,13.33,36.67,25,25,141,3366
435338,Gabriel,Defender,Centre-Back,Brazil,11,Arsenal FC,GB1,premier-league,England,2020,2020-21,23,23,1997,2,0,2,0.09,0,0.09,38,1.61,58.39,0.538461538,0.128205128,53.85,12.82,33.33,60,141,2984
64134,Néstor Araújo,Defender,Centre-Back,Mexico,940,Celta de Vigo,ES1,laliga,Spain,2020,2020-21,29,33,2426,0,0,0,0,0,0,38,1.39,70.94,0,0.492957746,0,49.3,24.65,65,141,3381
485963,Pape Gueye,Midfield,Central Midfield,Senegal,244,Olympique Marseille,FR1,ligue-1,France,2020,2020-21,22,32,2055,2,0,2,0.088,0,0.088,38,1.58,60.09,0.280701754,0.210526316,28.07,21.05,24.56,49,141,3389
229804,Aritz Elustondo,Defender,Centre-Back,Spain,681,Real Sociedad,ES1,laliga,Spain,2020,2020-21,27,23,1886,1,0,1,0.048,0,0.048,38,1.63,55.15,0.422535211,0.056338028,42.25,5.63,23.94,66,142,3407
4811,Hilton,Defender,Centre-Back,Brazil,969,Montpellier HSC,FR1,ligue-1,France,2020,2020-21,43,29,2114,0,1,1,0,0.043,0.043,38,1.42,61.81,0.25,0.223684211,25,22.37,23.68,64,142,3419
168157,Leander Dendoncker,Midfield,Defensive Midfield,Belgium,543,Wolverhampton Wanderers,GB1,premier-league,England,2020,2020-21,26,33,2500,1,0,1,0.036,0,0.036,38,1.18,73.1,0.142857143,0.517857143,14.29,51.79,33.04,46,142,2997
255744,Samir Caetano,Defender,Centre-Back,Brazil,410,Udinese Calcio,IT1,serie-a,Italy,2020,2020-21,26,30,2209,1,0,1,0.041,0,0.041,38,1.05,64.59,0.205882353,0.279411765,20.59,27.94,24.26,61,142,3397
211251,Darwin Machís,Attack,Left Winger,Venezuela,16795,Granada CF,ES1,laliga,Spain,2020,2020-21,28,30,1899,4,4,8,0.19,0.19,0.379,38,1.21,55.53,0.431818182,0.045454545,43.18,4.55,23.86,36,143,3409
313094,Jordan Lotomba,Defender,Right-Back,Switzerland,417,OGC Nice,FR1,ligue-1,France,2020,2020-21,22,30,2128,1,0,1,0.042,0,0.042,38,1.37,62.22,0.236842105,0.236842105,23.68,23.68,23.68,65,143,3420
29241,Thiago Silva,Defender,Centre-Back,Brazil,631,Chelsea FC,GB1,premier-league,England,2020,2020-21,36,23,1938,2,0,2,0.093,0,0.093,38,1.76,56.67,0.564102564,0.08974359,56.41,8.97,32.69,61,143,3008
182618,Tiemoué Bakayoko,Midfield,Defensive Midfield,France,6195,SSC Napoli,IT1,serie-a,Italy,2020,2020-21,26,32,1972,2,1,3,0.091,0.046,0.137,38,2.03,57.66,0.318181818,0.166666667,31.82,16.67,24.24,57,143,3398
195633,Charlie Taylor,Defender,Left-Back,England,1132,Burnley FC,GB1,premier-league,England,2020,2020-21,27,29,2428,0,1,1,0,0.037,0.037,38,1.03,70.99,0.205128205,0.448717949,20.51,44.87,32.69,62,144,3010
342226,Irvin Cardona,Attack,Right Winger,Malta,3911,Stade Brestois 29,FR1,ligue-1,France,2020,2020-21,23,36,2029,8,2,10,0.355,0.089,0.444,38,1.08,59.33,0.388888889,0.083333333,38.89,8.33,23.61,30,144,3423
247377,Kevin Bonifazi,Defender,Centre-Back,Italy,410,Udinese Calcio,IT1,serie-a,Italy,2020,2020-21,25,30,2472,0,0,0,0,0,0,38,1.05,72.28,0,0.470588235,0,47.06,23.53,62,144,3428
127554,Nacho Martínez,Defender,Left-Back,Spain,366,Real Valladolid CF,ES1,laliga,Spain,2020,2020-21,32,23,1813,0,1,1,0,0.05,0.05,38,0.82,53.01,0.436619718,0,43.66,0,21.83,67,144,3481
450050,Jean-Ricner Bellegarde,Midfield,Central Midfield,Haiti,667,RC Strasbourg Alsace,FR1,ligue-1,France,2020,2020-21,23,35,2051,1,1,2,0.044,0.044,0.088,38,1.11,59.97,0.280701754,0.175438596,28.07,17.54,22.81,50,145,3448
225083,N'Golo Kanté,Midfield,Defensive Midfield,France,631,Chelsea FC,GB1,premier-league,England,2020,2020-21,30,30,2145,0,2,2,0,0.084,0.084,38,1.76,62.72,0.339285714,0.303571429,33.93,30.36,32.14,47,145,3043
216870,Nacho Vidal,Defender,Right-Back,Spain,331,CA Osasuna,ES1,laliga,Spain,2020,2020-21,26,34,2343,0,0,0,0,0,0,38,1.16,68.51,0,0.436619718,0,43.66,21.83,68,145,3482
163489,Riccardo Improta,Attack,Left Winger,Italy,4171,Benevento Calcio,IT1,serie-a,Italy,2020,2020-21,27,34,2334,1,1,2,0.039,0.039,0.077,38,0.87,68.25,0,0.466666667,0,46.67,23.33,26,145,3433
28396,Edin Dzeko,Attack,Centre-Forward,Bosnia-Herzegovina,12,Associazione Sportiva Roma,IT1,serie-a,Italy,2020,2020-21,35,27,1826,7,4,11,0.345,0.197,0.542,38,1.63,53.39,0.366666667,0.033333333,36.67,3.33,20,27,146,3535
225593,Pere Milla,Attack,Left Winger,Spain,1531,Elche CF,ES1,laliga,Spain,2020,2020-21,28,31,1937,4,3,7,0.186,0.139,0.325,38,0.95,56.64,0.272727273,0.090909091,27.27,9.09,18.18,37,146,3593
142310,Willy Boly,Defender,Centre-Back,Cote d'Ivoire,543,Wolverhampton Wanderers,GB1,premier-league,England,2020,2020-21,30,21,1880,1,1,2,0.048,0.048,0.096,38,1.18,54.97,0.58974359,0.038461538,58.97,3.85,31.41,63,146,3080
44686,Yannick Cahuzac,Midfield,Defensive Midfield,France,826,RC Lens,FR1,ligue-1,France,2020,2020-21,36,30,2257,1,0,1,0.04,0,0.04,38,1.5,65.99,0.087719298,0.368421053,8.77,36.84,22.81,51,146,3451
35416,David McGoldrick,Attack,Centre-Forward,Ireland,350,Sheffield United,GB1,premier-league,England,2020,2020-21,33,35,2402,8,1,9,0.3,0.037,0.337,38,0.61,70.23,0.23255814,0.372093023,23.26,37.21,30.23,37,147,3139
146752,Gianluca Caprari,Attack,Second Striker,Italy,4171,Benevento Calcio,IT1,serie-a,Italy,2020,2020-21,27,30,1874,5,6,11,0.24,0.288,0.528,38,0.87,54.8,0.333333333,0.066666667,33.33,6.67,20,28,147,3536
495629,Hugo Guillamón,Midfield,Defensive Midfield,Spain,1049,Valencia CF,ES1,laliga,Spain,2020,2020-21,21,25,1989,1,0,1,0.045,0,0.045,38,1.13,58.16,0.227272727,0.136363636,22.73,13.64,18.18,42,147,3597
102744,Sébastien Corchia,Defender,Right-Back,France,995,FC Nantes,FR1,ligue-1,France,2020,2020-21,30,25,2067,0,1,1,0,0.044,0.044,38,1.05,60.44,0.263157895,0.184210526,26.32,18.42,22.37,66,147,3462
133794,Edgar Méndez,Attack,Right Winger,Spain,1108,Deportivo Alavés,ES1,laliga,Spain,2020,2020-21,31,33,2104,5,1,6,0.214,0.043,0.257,38,1,61.52,0.113636364,0.227272727,11.36,22.73,17.05,38,148,3630
27511,Gary Cahill,Defender,Centre-Back,England,873,Crystal Palace,GB1,premier-league,England,2020,2020-21,35,20,1800,1,1,2,0.05,0.05,0.1,38,1.16,52.63,0.602564103,0,60.26,0,30.13,64,148,3144
290746,Moreto Cassamá,Midfield,Central Midfield,Guinea-Bissau,1421,Stade Reims,FR1,ligue-1,France,2020,2020-21,23,29,2042,1,1,2,0.044,0.044,0.088,38,1.11,59.71,0.280701754,0.157894737,28.07,15.79,21.93,52,148,3476
123261,Vlad Chiricheș,Midfield,Defensive Midfield,Romania,6574,US Sassuolo,IT1,serie-a,Italy,2020,2020-21,31,24,1844,2,1,3,0.098,0.049,0.146,38,1.63,53.92,0.348484848,0.045454545,34.85,4.55,19.7,58,148,3554
323872,Andrés Cubas,Midfield,Defensive Midfield,Paraguay,1160,Nîmes Olympique,FR1,ligue-1,France,2020,2020-21,25,27,2252,1,0,1,0.04,0,0.04,38,0.92,65.85,0.087719298,0.350877193,8.77,35.09,21.93,53,149,3477
178425,Dani García,Midfield,Defensive Midfield,Spain,621,Athletic Bilbao,ES1,laliga,Spain,2020,2020-21,31,27,1920,0,1,1,0,0.047,0.047,38,1.21,56.14,0.25,0.090909091,25,9.09,17.05,43,149,3633
191614,Fred,Midfield,Central Midfield,Brazil,985,Manchester United,GB1,premier-league,England,2020,2020-21,28,30,2396,1,0,1,0.038,0,0.038,38,1.95,70.06,0.160714286,0.428571429,16.07,42.86,29.46,48,149,3172
46105,Ivan Radovanovic,Midfield,Defensive Midfield,Serbia,252,Genoa CFC,IT1,serie-a,Italy,2020,2020-21,32,33,2227,0,0,0,0,0,0,38,1.11,65.12,0,0.378787879,0,37.88,18.94,59,149,3577
33481,Gervinho,Attack,Left Winger,Cote d'Ivoire,130,Parma Calcio 1913,IT1,serie-a,Italy,2020,2020-21,34,27,2033,5,1,6,0.221,0.044,0.266,38,0.53,59.44,0.033333333,0.333333333,3.33,33.33,18.33,29,150,3591
348623,Mason Holgate,Defender,Centre-Back,Jamaica,29,Everton FC,GB1,premier-league,England,2020,2020-21,24,28,2289,1,0,1,0.039,0,0.039,38,1.55,66.93,0.217948718,0.346153846,21.79,34.62,28.21,65,150,3242
339816,Tete Morente,Attack,Left Winger,Spain,1531,Elche CF,ES1,laliga,Spain,2020,2020-21,24,28,1889,2,5,7,0.095,0.238,0.334,38,0.95,55.23,0.295454545,0.022727273,29.55,2.27,15.91,39,150,3668
135617,Thiago Mendes,Midfield,Defensive Midfield,Brazil,1041,Olympique Lyon,FR1,ligue-1,France,2020,2020-21,29,32,2240,0,1,1,0,0.04,0.04,38,2,65.5,0.087719298,0.333333333,8.77,33.33,21.05,54,150,3503
50201,Christian Benteke,Attack,Centre-Forward,Belgium,873,Crystal Palace,GB1,premier-league,England,2020,2020-21,30,30,1817,10,1,11,0.495,0.05,0.545,38,1.16,53.13,0.558139535,0,55.81,0,27.91,38,151,3252
278837,Luis Rioja,Attack,Right Winger,Spain,1108,Deportivo Alavés,ES1,laliga,Spain,2020,2020-21,27,35,2098,4,2,6,0.172,0.086,0.257,38,1,61.35,0.113636364,0.204545455,11.36,20.45,15.91,40,151,3669
340328,Stephy Mavididi,Attack,Left Winger,England,969,Montpellier HSC,FR1,ligue-1,France,2020,2020-21,23,35,2038,9,0,9,0.397,0,0.397,38,1.42,59.59,0.277777778,0.138888889,27.78,13.89,20.83,31,151,3513
53536,Tolgay Arslan,Midfield,Attacking Midfield,Germany,410,Udinese Calcio,IT1,serie-a,Italy,2020,2020-21,30,30,1833,3,0,3,0.147,0,0.147,38,1.05,53.6,0.363636364,0,36.36,0,18.18,60,151,3595
341272,Álex Pozo,Attack,Right Winger,Spain,1533,SD Eibar,ES1,laliga,Spain,2020,2020-21,22,30,2187,0,0,0,0,0,0,38,0.79,63.95,0,0.295454545,0,29.55,14.77,41,152,3698
344864,Jean-Kévin Duverne,Defender,Centre-Back,Haiti,3911,Stade Brestois 29,FR1,ligue-1,France,2020,2020-21,23,27,2024,1,0,1,0.044,0,0.044,38,1.08,59.18,0.263157895,0.144736842,26.32,14.47,20.39,67,152,3523
290862,Maxime Lopez,Midfield,Defensive Midfield,France,6574,US Sassuolo,IT1,serie-a,Italy,2020,2020-21,23,29,1869,2,0,2,0.096,0,0.096,38,1.63,54.65,0.242424242,0.121212121,24.24,12.12,18.18,61,152,3596
475411,Wesley Fofana,Defender,Centre-Back,France,1003,Leicester City,GB1,premier-league,England,2020,2020-21,20,28,2265,0,1,1,0,0.04,0.04,38,1.74,66.23,0.230769231,0.320512821,23.08,32.05,27.56,66,152,3268
92572,Joel Ward,Defender,Right-Back,England,873,Crystal Palace,GB1,premier-league,England,2020,2020-21,31,26,2255,0,1,1,0,0.04,0.04,38,1.16,65.94,0.230769231,0.307692308,23.08,30.77,26.92,67,153,3299
277533,Josan,Attack,Right Winger,Spain,1531,Elche CF,ES1,laliga,Spain,2020,2020-21,31,33,1932,4,2,6,0.186,0.093,0.28,38,0.95,56.49,0.204545455,0.068181818,20.45,6.82,13.64,42,153,3728
401527,Rogério,Defender,Left-Back,Brazil,6574,US Sassuolo,IT1,serie-a,Italy,2020,2020-21,23,28,1873,0,1,1,0,0.048,0.048,38,1.63,54.77,0.220588235,0.102941176,22.06,10.29,16.18,63,153,3659
83132,Vincent Manceau,Defender,Centre-Back,France,1420,Angers SCO,FR1,ligue-1,France,2020,2020-21,31,27,2308,0,0,0,0,0,0,38,1.16,67.49,0,0.407894737,0,40.79,20.39,68,153,3524
227961,Jaime Mata,Attack,Centre-Forward,Spain,3709,Getafe CF,ES1,laliga,Spain,2020,2020-21,32,33,2040,5,0,5,0.221,0,0.221,38,1,59.65,0.090909091,0.159090909,9.09,15.91,12.5,43,154,3751
156941,John Lundstram,Midfield,Defensive Midfield,England,350,Sheffield United,GB1,premier-league,England,2020,2020-21,27,28,2032,0,2,2,0,0.089,0.089,38,0.61,59.42,0.357142857,0.178571429,35.71,17.86,26.79,49,154,3305
211637,Kiki Kouyaté,Defender,Centre-Back,Mali,347,FC Metz,FR1,ligue-1,France,2020,2020-21,24,25,1961,1,0,1,0.046,0,0.046,38,1.24,57.34,0.289473684,0.092105263,28.95,9.21,19.08,69,154,3573
41414,Lucas Leiva,Midfield,Defensive Midfield,Brazil,398,Società Sportiva Lazio S.p.A.,IT1,serie-a,Italy,2020,2020-21,34,32,2159,0,0,0,0,0,0,38,1.79,63.13,0,0.303030303,0,30.3,15.15,62,154,3689
242940,Edoardo Goldaniga,Defender,Centre-Back,Italy,252,Genoa CFC,IT1,serie-a,Italy,2020,2020-21,27,25,1853,0,1,1,0,0.049,0.049,38,1.11,54.18,0.235294118,0.058823529,23.53,5.88,14.71,64,155,3699
156501,Felipe,Defender,Centre-Back,Brazil,13,Atlético de Madrid,ES1,laliga,Spain,2020,2020-21,32,31,2053,0,0,0,0,0,0,38,2.26,60.03,0,0.197183099,0,19.72,9.86,69,155,3807
75067,Liam Cooper,Defender,Centre-Back,Scotland,399,Leeds United,GB1,premier-league,England,2020,2020-21,29,25,2187,1,0,1,0.041,0,0.041,38,1.55,63.95,0.269230769,0.243589744,26.92,24.36,25.64,68,155,3347
282041,Presnel Kimpembe,Defender,Centre-Back,France,583,Paris Saint-Germain,FR1,ligue-1,France,2020,2020-21,25,28,2307,0,0,0,0,0,0,38,2.16,67.46,0,0.381578947,0,38.16,19.08,70,155,3574
120651,Vincent Le Goff,Defender,Left-Back,France,1158,FC Lorient,FR1,ligue-1,France,2020,2020-21,31,26,2307,0,0,0,0,0,0,38,1.11,67.46,0,0.381578947,0,38.16,19.08,70,155,3574
82503,Aridane Hernández,Defender,Centre-Back,Spain,331,CA Osasuna,ES1,laliga,Spain,2020,2020-21,32,24,2028,0,0,0,0,0,0,38,1.16,59.3,0,0.183098592,0,18.31,9.15,70,156,3819
93128,Kalidou Koulibaly,Defender,Centre-Back,Senegal,6195,SSC Napoli,IT1,serie-a,Italy,2020,2020-21,30,26,2211,0,0,0,0,0,0,38,2.03,64.65,0,0.294117647,0,29.41,14.71,65,156,3701
325223,Mama Baldé,Attack,Centre-Forward,Guinea-Bissau,2969,Dijon FCO,FR1,ligue-1,France,2020,2020-21,25,29,2172,7,0,7,0.29,0,0.29,38,0.55,63.51,0.111111111,0.25,11.11,25,18.06,32,156,3600
42710,Toby Alderweireld,Defender,Centre-Back,Belgium,148,Tottenham Hotspur,GB1,premier-league,England,2020,2020-21,32,25,2241,1,0,1,0.04,0,0.04,38,1.63,65.53,0.230769231,0.282051282,23.08,28.21,25.64,69,156,3349
470794,Ivan Ilić,Midfield,Central Midfield,Serbia,276,Hellas Verona,IT1,serie-a,Italy,2020,2020-21,20,29,1833,2,0,2,0.098,0,0.098,38,1.18,53.6,0.257575758,0,25.76,0,12.88,63,157,3744
44069,Pedro Mosquera,Midfield,Central Midfield,Spain,5358,SD Huesca,ES1,laliga,Spain,2020,2020-21,33,27,2053,0,0,0,0,0,0,38,0.89,60.03,0,0.181818182,0,18.18,9.09,44,157,3821
253341,Rob Holding,Defender,Centre-Back,England,11,Arsenal FC,GB1,premier-league,England,2020,2020-21,25,30,2558,0,0,0,0,0,0,38,1.61,74.8,0,0.5,0,50,25,70,157,3379
475413,Sacha Boey,Defender,Right-Back,France,2969,Dijon FCO,FR1,ligue-1,France,2020,2020-21,20,24,1865,0,1,1,0,0.048,0.048,38,0.55,54.53,0.315789474,0.039473684,31.58,3.95,17.76,71,157,3612
182875,Jean-Charles Castelletto,Defender,Centre-Back,Cameroon,995,FC Nantes,FR1,ligue-1,France,2020,2020-21,26,24,1948,1,0,1,0.046,0,0.046,38,1.05,56.96,0.289473684,0.065789474,28.95,6.58,17.76,72,158,3613
272999,Miguel Almirón,Attack,Right Winger,Paraguay,762,Newcastle United,GB1,premier-league,England,2020,2020-21,27,34,2438,4,1,5,0.148,0.037,0.185,38,1.18,71.29,0.093023256,0.395348837,9.3,39.53,24.42,39,158,3390
246204,Salvi Sánchez,Attack,Right Winger,Spain,2687,Cádiz CF,ES1,laliga,Spain,2020,2020-21,30,28,1947,2,0,2,0.092,0,0.092,38,1.16,56.93,0.045454545,0.113636364,4.55,11.36,7.95,44,158,3837
323954,Walace,Midfield,Defensive Midfield,Brazil,410,Udinese Calcio,IT1,serie-a,Italy,2020,2020-21,26,30,2059,0,0,0,0,0,0,38,1.05,60.2,0,0.242424242,0,24.24,12.12,64,158,3762
175722,Eric Dier,Defender,Centre-Back,England,148,Tottenham Hotspur,GB1,premier-league,England,2020,2020-21,27,28,2520,0,0,0,0,0,0,38,1.63,73.68,0,0.487179487,0,48.72,24.36,71,159,3392
42460,Ivan Perišić,Attack,Left Winger,Croatia,46,Inter Milan,IT1,serie-a,Italy,2020,2020-21,32,32,1802,4,5,9,0.2,0.25,0.45,38,2.39,52.69,0.233333333,0,23.33,0,11.67,30,159,3773
169497,Juan Cruz,Defender,Left-Back,Spain,331,CA Osasuna,ES1,laliga,Spain,2020,2020-21,28,26,1966,0,0,0,0,0,0,38,1.16,57.49,0,0.126760563,0,12.68,6.34,71,159,3868
557614,Nathanaël Mbuku,Attack,Left Winger,DR Congo,1421,Stade Reims,FR1,ligue-1,France,2020,2020-21,19,32,2229,4,2,6,0.162,0.081,0.242,38,1.11,65.18,0.027777778,0.305555556,2.78,30.56,16.67,33,159,3644
203412,Andreas Cornelius,Attack,Centre-Forward,Denmark,130,Parma Calcio 1913,IT1,serie-a,Italy,2020,2020-21,28,29,1901,1,5,6,0.047,0.237,0.284,38,0.53,55.58,0.066666667,0.133333333,6.67,13.33,10,31,160,3801
486049,Jérémy Doku,Attack,Left Winger,Belgium,273,Stade Rennais FC,FR1,ligue-1,France,2020,2020-21,19,30,2318,2,3,5,0.078,0.116,0.194,38,1.53,67.78,0,0.333333333,0,33.33,16.67,34,160,3645
410708,Pascal Struijk,Defender,Centre-Back,Netherlands,399,Leeds United,GB1,premier-league,England,2020,2020-21,21,27,2076,1,0,1,0.043,0,0.043,38,1.55,60.7,0.282051282,0.179487179,28.21,17.95,23.08,72,160,3436
98249,Takashi Inui,Attack,Left Winger,Japan,1533,SD Eibar,ES1,laliga,Spain,2020,2020-21,33,28,1824,1,0,1,0.049,0,0.049,38,0.79,53.33,0.022727273,0,2.27,0,1.14,45,160,3919
134270,Dan Burn,Defender,Centre-Back,England,1237,Brighton & Hove Albion,GB1,premier-league,England,2020,2020-21,29,27,2059,1,0,1,0.044,0,0.044,38,1.08,60.2,0.294871795,0.153846154,29.49,15.38,22.44,73,161,3461
379807,Lyanco,Defender,Centre-Back,Brazil,416,Torino FC,IT1,serie-a,Italy,2020,2020-21,24,23,1959,0,0,0,0,0,0,38,0.97,57.28,0,0.191176471,0,19.12,9.56,66,161,3813
423440,Martín Zubimendi,Midfield,Defensive Midfield,Spain,681,Real Sociedad,ES1,laliga,Spain,2020,2020-21,22,31,1876,0,0,0,0,0,0,38,1.63,54.85,0,0.022727273,0,2.27,1.14,45,161,3920
495666,William Saliba,Defender,Centre-Back,France,417,OGC Nice,FR1,ligue-1,France,2020,2020-21,20,20,1800,1,0,1,0.05,0,0.05,38,1.37,52.63,0.328947368,0,32.89,0,16.45,73,161,3654
61842,Andros Townsend,Attack,Right Winger,England,873,Crystal Palace,GB1,premier-league,England,2020,2020-21,29,34,2259,1,5,6,0.04,0.199,0.239,38,1.16,66.05,0.139534884,0.279069767,13.95,27.91,20.93,40,162,3511
399383,Mathieu Cafaro,Attack,Right Winger,France,1421,Stade Reims,FR1,ligue-1,France,2020,2020-21,24,31,2090,4,2,6,0.172,0.086,0.258,38,1.11,61.11,0.083333333,0.222222222,8.33,22.22,15.28,35,162,3680
41982,Radja Nainggolan,Midfield,Central Midfield,,1390,Cagliari Calcio,IT1,serie-a,Italy,2020,2020-21,33,22,1848,1,0,1,0.049,0,0.049,38,0.97,54.04,0.090909091,0.060606061,9.09,6.06,7.58,65,162,3844
398163,Gonzalo Villar,Midfield,Central Midfield,Spain,12,Associazione Sportiva Roma,IT1,serie-a,Italy,2020,2020-21,23,33,1861,0,1,1,0,0.048,0.048,38,1.63,54.42,0.075757576,0.075757576,7.58,7.58,7.58,66,163,3845
149716,Ivan Cavaleiro,Attack,Left Winger,Angola,931,Fulham FC,GB1,premier-league,England,2020,2020-21,27,36,2477,3,0,3,0.109,0,0.109,38,0.74,72.43,0,0.418604651,0,41.86,20.93,41,163,3512
56818,Morgan Schneiderlin,Midfield,Defensive Midfield,France,417,OGC Nice,FR1,ligue-1,France,2020,2020-21,31,28,2197,0,0,0,0,0,0,38,1.37,64.24,0,0.298245614,0,29.82,14.91,55,163,3694
241481,Jaïro Riedewald,Midfield,Defensive Midfield,Netherlands,873,Crystal Palace,GB1,premier-league,England,2020,2020-21,24,33,1817,2,0,2,0.099,0,0.099,38,1.16,53.13,0.392857143,0,39.29,0,19.64,50,164,3557
414908,Marshall Munetsi,Midfield,Central Midfield,Zimbabwe,1421,Stade Reims,FR1,ligue-1,France,2020,2020-21,25,27,1928,1,0,1,0.047,0,0.047,38,1.11,56.37,0.157894737,0.122807018,15.79,12.28,14.04,56,164,3715
278531,Sebastiano Luperto,Defender,Centre-Back,Italy,4083,FC Crotone,IT1,serie-a,Italy,2020,2020-21,24,23,1884,0,0,0,0,0,0,38,0.61,55.09,0,0.132352941,0,13.24,6.62,67,164,3861
56794,Fabien Lemoine,Midfield,Defensive Midfield,France,1158,FC Lorient,FR1,ligue-1,France,2020,2020-21,34,30,1948,1,0,1,0.046,0,0.046,38,1.11,56.96,0.140350877,0.140350877,14.04,14.04,14.04,57,165,3716
225873,Karol Linetty,Midfield,Central Midfield,Poland,416,Torino FC,IT1,serie-a,Italy,2020,2020-21,26,27,1837,1,0,1,0.049,0,0.049,38,0.97,53.71,0.090909091,0.03030303,9.09,3.03,6.06,67,165,3871
532826,Mason Greenwood,Attack,Right Winger,England,985,Manchester United,GB1,premier-league,England,2020,2020-21,19,31,1826,7,2,9,0.345,0.099,0.444,38,1.95,53.39,0.325581395,0.046511628,32.56,4.65,18.6,42,165,3585
98240,Ciaran Clark,Defender,Centre-Back,Ireland,762,Newcastle United,GB1,premier-league,England,2020,2020-21,31,22,1893,1,0,1,0.048,0,0.048,38,1.18,55.35,0.307692308,0.051282051,30.77,5.13,17.95,74,166,3604
283196,Kasper Dolberg,Attack,Centre-Forward,Denmark,417,OGC Nice,FR1,ligue-1,France,2020,2020-21,23,25,1931,6,2,8,0.28,0.093,0.373,38,1.37,56.46,0.25,0.027777778,25,2.78,13.89,36,166,3719
248732,Paweł Dawidowicz,Defender,Centre-Back,Poland,276,Hellas Verona,IT1,serie-a,Italy,2020,2020-21,26,30,1862,0,0,0,0,0,0,38,1.18,54.44,0,0.073529412,0,7.35,3.68,68,166,3903
320141,Çağlar Söyüncü,Defender,Centre-Back,Türkiye,1003,Leicester City,GB1,premier-league,England,2020,2020-21,25,23,1816,1,0,1,0.05,0,0.05,38,1.74,53.1,0.333333333,0.012820513,33.33,1.28,17.31,75,167,3624
569389,Sofiane Diop,Attack,Left Winger,Morocco,162,AS Monaco,FR1,ligue-1,France,2020,2020-21,21,32,2034,7,1,8,0.31,0.044,0.354,38,2.05,59.47,0.166666667,0.111111111,16.67,11.11,13.89,37,167,3720
358165,Yordan Osorio,Defender,Centre-Back,Venezuela,130,Parma Calcio 1913,IT1,serie-a,Italy,2020,2020-21,27,23,1811,0,0,0,0,0,0,38,0.53,52.95,0,0,0,0,0,69,167,3933
346018,Jamal Lewis,Defender,Left-Back,Northern Ireland,762,Newcastle United,GB1,premier-league,England,2020,2020-21,23,24,1834,0,1,1,0,0.049,0.049,38,1.18,53.63,0.320512821,0.025641026,32.05,2.56,17.31,76,168,3625
240692,Reinildo Mandava,Defender,Left-Back,Mozambique,1082,LOSC Lille,FR1,ligue-1,France,2020,2020-21,27,29,2182,0,0,0,0,0,0,38,2.18,63.8,0,0.276315789,0,27.63,13.82,74,168,3724
344605,Boubakary Soumaré,Midfield,Defensive Midfield,France,1082,LOSC Lille,FR1,ligue-1,France,2020,2020-21,22,32,1915,0,1,1,0,0.047,0.047,38,2.18,55.99,0.157894737,0.105263158,15.79,10.53,13.16,58,169,3738
73547,Oliver Norwood,Midfield,Central Midfield,Northern Ireland,350,Sheffield United,GB1,premier-league,England,2020,2020-21,30,32,2223,0,0,0,0,0,0,38,0.61,65,0,0.339285714,0,33.93,16.96,51,169,3636
108354,Jordan Ayew,Attack,Centre-Forward,Ghana,873,Crystal Palace,GB1,premier-league,England,2020,2020-21,29,33,2097,1,3,4,0.043,0.129,0.172,38,1.16,61.32,0.069767442,0.209302326,6.98,20.93,13.95,43,170,3718
84085,Timothée Kolodziejczak,Defender,Centre-Back,France,618,AS Saint-Étienne,FR1,ligue-1,France,2020,2020-21,29,24,2038,0,0,0,0,0,0,38,1.21,59.59,0,0.171052632,0,17.11,8.55,75,170,3825
392777,Jonathan Panzo,Defender,Centre-Back,England,2969,Dijon FCO,FR1,ligue-1,France,2020,2020-21,20,22,1804,0,0,0,0,0,0,38,0.55,52.75,0,0.013157895,0,1.32,0.66,76,171,3926
202886,Ruben Loftus-Cheek,Midfield,Central Midfield,England,931,Fulham FC,GB1,premier-league,England,2020,2020-21,25,30,1913,1,0,1,0.047,0,0.047,38,0.74,55.94,0.178571429,0.071428571,17.86,7.14,12.5,52,171,3754
51471,Mateo Kovacic,Midfield,Central Midfield,Croatia,631,Chelsea FC,GB1,premier-league,England,2020,2020-21,27,27,1818,0,1,1,0,0.05,0.05,38,1.76,53.16,0.214285714,0.017857143,21.43,1.79,11.61,53,172,3776
60444,Thiago Alcántara,Midfield,Central Midfield,Spain,31,Liverpool FC,GB1,premier-league,England,2020,2020-21,30,24,1858,1,0,1,0.048,0,0.048,38,1.82,54.33,0.196428571,0.035714286,19.64,3.57,11.61,54,173,3777
392771,Ethan Ampadu,Midfield,Defensive Midfield,Wales,350,Sheffield United,GB1,premier-league,England,2020,2020-21,20,25,2091,0,0,0,0,0,0,38,0.61,61.14,0,0.232142857,0,23.21,11.61,55,174,3778
349701,Antonee Robinson,Defender,Left-Back,United States,931,Fulham FC,GB1,premier-league,England,2020,2020-21,23,28,2162,0,0,0,0,0,0,38,0.74,63.22,0,0.230769231,0,23.08,11.54,77,175,3779
401320,Dara O'Shea,Defender,Centre-Back,Ireland,984,West Bromwich Albion,GB1,premier-league,England,2020,2020-21,22,28,2103,0,0,0,0,0,0,38,0.68,61.49,0,0.217948718,0,21.79,10.9,78,176,3787
126422,Allan,Midfield,Defensive Midfield,Brazil,29,Everton FC,GB1,premier-league,England,2020,2020-21,30,24,2052,0,0,0,0,0,0,38,1.55,60,0,0.196428571,0,19.64,9.82,56,177,3808
85475,Federico Fernández,Defender,Centre-Back,Argentina,762,Newcastle United,GB1,premier-league,England,2020,2020-21,32,24,2082,0,0,0,0,0,0,38,1.18,60.88,0,0.192307692,0,19.23,9.62,79,178,3812
206225,Isaac Hayden,Midfield,Defensive Midfield,Jamaica,762,Newcastle United,GB1,premier-league,England,2020,2020-21,26,24,1944,0,0,0,0,0,0,38,1.18,56.84,0,0.089285714,0,8.93,4.46,57,179,3887
77274,Matt Phillips,Attack,Right Winger,Scotland,984,West Bromwich Albion,GB1,premier-league,England,2020,2020-21,30,33,1825,2,1,3,0.099,0.049,0.148,38,0.68,53.36,0.023255814,0.023255814,2.33,2.33,2.33,44,180,3910
93707,Christian Günter,Defender,Left-Back,Germany,60,SC Freiburg,L1,bundesliga,Germany,2021,2021-22,29,34,3060,2,10,12,0.059,0.294,0.353,34,1.62,100,0.967741935,1,96.77,100,98.39,1,1,4
91845,Heung-min Son,Attack,Left Winger,"Korea, South",148,Tottenham Hotspur,GB1,premier-league,England,2021,2021-22,29,35,3022,23,9,32,0.685,0.268,0.953,38,1.87,88.36,0.978723404,0.936170213,97.87,93.62,95.74,1,1,18
72047,Iago Aspas,Attack,Centre-Forward,Spain,940,Celta de Vigo,ES1,laliga,Spain,2021,2021-22,34,37,3095,18,6,24,0.523,0.174,0.698,38,1.21,90.5,0.897435897,0.948717949,89.74,94.87,92.31,1,1,50
342229,Kylian Mbappé,Attack,Centre-Forward,France,583,Paris Saint-Germain,FR1,ligue-1,France,2021,2021-22,23,35,3032,28,19,47,0.831,0.564,1.395,38,2.26,88.65,1,1,100,100,100,1,1,1
266302,Sergej Milinković-Savić,Midfield,Central Midfield,Serbia,398,Società Sportiva Lazio S.p.A.,IT1,serie-a,Italy,2021,2021-22,27,37,3110,11,11,22,0.318,0.318,0.637,38,1.68,90.94,0.967213115,0.983606557,96.72,98.36,97.54,1,1,9
25488,Antonio Candreva,Midfield,Right Midfield,Italy,1038,UC Sampdoria,IT1,serie-a,Italy,2021,2021-22,35,36,3132,7,12,19,0.201,0.345,0.546,38,0.95,91.58,0.885245902,1,88.52,100,94.26,2,2,29
266359,Benjamin Bourigeaud,Midfield,Central Midfield,France,273,Stade Rennais FC,FR1,ligue-1,France,2021,2021-22,28,38,3216,11,13,24,0.308,0.364,0.672,38,1.74,94.04,0.935483871,0.983870968,93.55,98.39,95.97,1,2,17
182712,João Cancelo,Defender,Right-Back,Portugal,281,Manchester City,GB1,premier-league,England,2021,2021-22,28,36,3228,1,7,8,0.028,0.195,0.223,38,2.45,94.39,0.904109589,0.95890411,90.41,95.89,93.15,1,2,41
38253,Robert Lewandowski,Attack,Centre-Forward,Poland,27,Bayern Munich,L1,bundesliga,Germany,2021,2021-22,33,34,2952,35,4,39,1.067,0.122,1.189,34,2.26,96.47,0.933333333,1,93.33,100,96.67,1,2,10
142021,Sergi Darder,Midfield,Central Midfield,Spain,714,RCD Espanyol Barcelona,ES1,laliga,Spain,2021,2021-22,28,36,3115,3,10,13,0.087,0.289,0.376,38,1.11,91.08,0.826086957,0.97826087,82.61,97.83,90.22,1,2,89
318204,David Raum,Defender,Left-Back,Germany,533,TSG 1899 Hoffenheim,L1,bundesliga,Germany,2021,2021-22,24,32,2761,3,13,16,0.098,0.424,0.522,34,1.35,90.23,1,0.870967742,100,87.1,93.55,2,3,39
177843,Domenico Berardi,Attack,Right Winger,Italy,6574,US Sassuolo,IT1,serie-a,Italy,2021,2021-22,27,33,2836,15,17,32,0.476,0.539,1.016,38,1.32,82.92,0.972222222,0.861111111,97.22,86.11,91.67,1,3,64
181579,James Ward-Prowse,Midfield,Central Midfield,England,180,Southampton FC,GB1,premier-league,England,2021,2021-22,27,36,3217,10,5,15,0.28,0.14,0.42,38,1.05,94.06,0.86,0.98,86,98,92,1,3,57
175639,Jonathan Clauss,Defender,Right-Back,France,826,RC Lens,FR1,ligue-1,France,2021,2021-22,29,37,3061,5,11,16,0.147,0.323,0.47,38,1.63,89.5,1,0.884615385,100,88.46,94.23,1,3,30
203496,Nabil Fekir,Midfield,Attacking Midfield,France,150,Real Betis Balompié,ES1,laliga,Spain,2021,2021-22,28,34,2810,6,8,14,0.192,0.256,0.448,38,1.71,82.16,0.956521739,0.826086957,95.65,82.61,89.13,2,3,107
270051,Andrei Girotto,Defender,Centre-Back,Brazil,995,FC Nantes,FR1,ligue-1,France,2021,2021-22,30,36,3150,6,1,7,0.171,0.029,0.2,38,1.45,92.11,0.91025641,0.923076923,91.03,92.31,91.67,2,4,67
262939,Johan Mojica,Defender,Left-Back,Colombia,1531,Elche CF,ES1,laliga,Spain,2021,2021-22,29,33,2858,2,5,7,0.063,0.157,0.22,38,1.11,83.57,0.958333333,0.791666667,95.83,79.17,87.5,1,4,146
425334,Matty Cash,Defender,Right-Back,Poland,405,Aston Villa,GB1,premier-league,England,2021,2021-22,24,38,3380,4,3,7,0.107,0.08,0.186,38,1.18,98.83,0.835616438,1,83.56,100,91.78,2,4,63
255942,Nicolò Barella,Midfield,Central Midfield,Italy,46,Inter Milan,IT1,serie-a,Italy,2021,2021-22,25,36,2933,3,13,16,0.092,0.399,0.491,38,2.21,85.76,0.852459016,0.868852459,85.25,86.89,86.07,3,4,170
168989,Silvan Widmer,Defender,Right-Back,Switzerland,39,1.FSV Mainz 05,L1,bundesliga,Germany,2021,2021-22,29,33,2925,4,5,9,0.123,0.154,0.277,34,1.35,95.59,0.85483871,0.967741935,85.48,96.77,91.13,3,4,75
124555,Cristiano Biraghi,Defender,Left-Back,Italy,430,ACF Fiorentina,IT1,serie-a,Italy,2021,2021-22,29,37,3165,4,1,5,0.114,0.028,0.142,38,1.63,92.54,0.71875,0.984375,71.88,98.44,85.16,1,5,188
297070,Hamari Traoré,Defender,Right-Back,Mali,273,Stade Rennais FC,FR1,ligue-1,France,2021,2021-22,30,33,2898,3,10,13,0.093,0.311,0.404,38,1.74,84.74,0.974358974,0.820512821,97.44,82.05,89.74,3,5,99
132098,Harry Kane,Attack,Centre-Forward,England,148,Tottenham Hotspur,GB1,premier-league,England,2021,2021-22,28,37,3232,17,9,26,0.473,0.251,0.724,38,1.87,94.5,0.85106383,0.978723404,85.11,97.87,91.49,2,5,70
35207,Marco Reus,Midfield,Attacking Midfield,Germany,16,Borussia Dortmund,L1,bundesliga,Germany,2021,2021-22,33,29,2514,9,17,26,0.322,0.609,0.931,34,2.03,82.16,1,0.80952381,100,80.95,90.48,1,5,85
251876,Pablo Maffeo,Defender,Right-Back,Argentina,237,RCD Mallorca,ES1,laliga,Spain,2021,2021-22,24,35,2952,1,5,6,0.03,0.152,0.183,38,1.03,86.32,0.902777778,0.819444444,90.28,81.94,86.11,2,5,169
240306,Bruno Fernandes,Midfield,Attacking Midfield,Portugal,985,Manchester United,GB1,premier-league,England,2021,2021-22,27,36,3118,10,6,16,0.289,0.173,0.462,38,1.53,91.17,0.88,0.92,88,92,90,2,6,95
344381,Christopher Nkunku,Attack,Centre-Forward,France,23826,RB Leipzig,L1,bundesliga,Germany,2021,2021-22,24,34,2733,20,15,35,0.659,0.494,1.153,34,1.71,89.31,0.9,0.866666667,90,86.67,88.33,2,6,124
105521,Ciro Immobile,Attack,Centre-Forward,Italy,398,Società Sportiva Lazio S.p.A.,IT1,serie-a,Italy,2021,2021-22,32,31,2716,27,3,30,0.895,0.099,0.994,38,1.68,79.42,0.944444444,0.75,94.44,75,84.72,2,6,195
18922,Karim Benzema,Attack,Centre-Forward,France,418,Real Madrid,ES1,laliga,Spain,2021,2021-22,34,32,2603,27,12,39,0.934,0.415,1.348,38,2.26,76.11,1,0.717948718,100,71.79,85.9,2,6,172
442891,Martin Terrier,Attack,Left Winger,France,273,Stade Rennais FC,FR1,ligue-1,France,2021,2021-22,25,37,2807,21,4,25,0.673,0.128,0.802,38,1.74,82.08,0.882352941,0.882352941,88.24,88.24,88.24,2,6,125
161011,Filip Kostić,Midfield,Left Midfield,Serbia,24,Eintracht Frankfurt,L1,bundesliga,Germany,2021,2021-22,29,31,2524,4,9,13,0.143,0.321,0.464,34,1.24,82.48,0.880952381,0.833333333,88.1,83.33,85.71,2,7,179
288225,Ludovic Blas,Midfield,Right Midfield,France,995,FC Nantes,FR1,ligue-1,France,2021,2021-22,24,35,2977,10,5,15,0.302,0.151,0.453,38,1.45,87.05,0.822580645,0.935483871,82.26,93.55,87.9,2,7,131
87884,Mário Rui,Defender,Left-Back,Portugal,6195,SSC Napoli,IT1,serie-a,Italy,2021,2021-22,31,34,3002,0,6,6,0,0.18,0.18,38,2.08,87.78,0.78125,0.90625,78.13,90.63,84.38,2,7,204
371998,Vinicius Junior,Attack,Left Winger,Brazil,418,Real Madrid,ES1,laliga,Spain,2021,2021-22,21,35,2700,17,13,30,0.567,0.433,1,38,2.26,78.95,0.974358974,0.743589744,97.44,74.36,85.9,3,7,173
139208,Virgil van Dijk,Defender,Centre-Back,Netherlands,31,Liverpool FC,GB1,premier-league,England,2021,2021-22,30,34,3060,3,4,7,0.088,0.118,0.206,38,2.42,89.47,0.876712329,0.849315068,87.67,84.93,86.3,3,7,166
314875,Jarrod Bowen,Attack,Right Winger,England,379,West Ham United,GB1,premier-league,England,2021,2021-22,25,36,2993,12,12,24,0.361,0.361,0.722,38,1.47,87.51,0.829787234,0.893617021,82.98,89.36,86.17,3,8,168
581678,Jude Bellingham,Midfield,Attacking Midfield,England,16,Borussia Dortmund,L1,bundesliga,Germany,2021,2021-22,19,32,2795,3,8,11,0.097,0.258,0.354,34,2.03,91.34,0.785714286,0.928571429,78.57,92.86,85.71,3,8,180
66106,Sergio Canales,Midfield,Attacking Midfield,Spain,150,Real Betis Balompié,ES1,laliga,Spain,2021,2021-22,31,34,2803,5,8,13,0.161,0.257,0.417,38,1.71,81.96,0.913043478,0.804347826,91.3,80.43,85.87,3,8,176
339808,Theo Hernández,Defender,Left-Back,France,5,AC Milan,IT1,serie-a,Italy,2021,2021-22,24,32,2714,5,6,11,0.166,0.199,0.365,38,2.26,79.36,0.96875,0.703125,96.88,70.31,83.59,3,8,229
146854,Wissam Ben Yedder,Attack,Centre-Forward,France,162,AS Monaco,FR1,ligue-1,France,2021,2021-22,31,37,2543,25,5,30,0.885,0.177,1.062,38,1.82,74.36,0.970588235,0.735294118,97.06,73.53,85.29,3,8,186
309110,Brais Méndez,Midfield,Attacking Midfield,Spain,940,Celta de Vigo,ES1,laliga,Spain,2021,2021-22,25,37,3037,4,5,9,0.119,0.148,0.267,38,1.21,88.8,0.760869565,0.956521739,76.09,95.65,85.87,4,9,177
371149,Evan Ndicka,Defender,Centre-Back,Cote d'Ivoire,24,Eintracht Frankfurt,L1,bundesliga,Germany,2021,2021-22,22,32,2858,4,4,8,0.126,0.126,0.252,34,1.24,93.4,0.806451613,0.903225806,80.65,90.32,85.48,4,9,184
465830,Mattéo Guendouzi,Midfield,Central Midfield,France,244,Olympique Marseille,FR1,ligue-1,France,2021,2021-22,23,38,3154,4,8,12,0.114,0.228,0.342,38,1.87,92.22,0.709677419,0.967741935,70.97,96.77,83.87,3,9,222
424042,Nahuel Molina,Defender,Right-Back,Argentina,410,Udinese Calcio,IT1,serie-a,Italy,2021,2021-22,24,35,2650,7,5,12,0.238,0.17,0.408,38,1.24,77.49,0.984375,0.640625,98.44,64.06,81.25,4,9,302
314353,Trent Alexander-Arnold,Defender,Right-Back,England,31,Liverpool FC,GB1,premier-league,England,2021,2021-22,23,32,2854,2,12,14,0.063,0.378,0.441,38,2.42,83.45,0.97260274,0.726027397,97.26,72.6,84.93,4,9,191
126414,Hakan Çalhanoğlu,Midfield,Defensive Midfield,Türkiye,46,Inter Milan,IT1,serie-a,Italy,2021,2021-22,28,34,2505,7,13,20,0.251,0.467,0.719,38,2.21,73.25,0.983606557,0.62295082,98.36,62.3,80.33,4,10,336
57216,Ismaël Traoré,Defender,Centre-Back,Cote d'Ivoire,1420,Angers SCO,FR1,ligue-1,France,2021,2021-22,35,37,3215,4,1,5,0.112,0.028,0.14,38,1.08,94.01,0.717948718,0.935897436,71.79,93.59,82.69,4,10,252
161056,Joshua Kimmich,Midfield,Defensive Midfield,Germany,27,Bayern Munich,L1,bundesliga,Germany,2021,2021-22,27,28,2478,3,12,15,0.109,0.436,0.545,34,2.26,80.98,0.904761905,0.785714286,90.48,78.57,84.52,4,10,203
148455,Mohamed Salah,Attack,Right Winger,Egypt,31,Liverpool FC,GB1,premier-league,England,2021,2021-22,30,35,2762,23,14,37,0.749,0.456,1.206,38,2.42,80.76,1,0.680851064,100,68.09,84.04,4,10,211
399776,Pau Torres,Defender,Centre-Back,Spain,1050,Villarreal CF,ES1,laliga,Spain,2021,2021-22,25,33,2856,5,1,6,0.158,0.032,0.189,38,1.55,83.51,0.916666667,0.777777778,91.67,77.78,84.72,3,10,196
591949,Aaron Hickey,Defender,Right-Back,Scotland,1025,Bologna Football Club 1909,IT1,serie-a,Italy,2021,2021-22,20,36,2834,5,1,6,0.159,0.032,0.191,38,1.21,82.87,0.8125,0.765625,81.25,76.56,78.91,5,11,381
37647,Dimitri Payet,Midfield,Attacking Midfield,France,244,Olympique Marseille,FR1,ligue-1,France,2021,2021-22,35,31,2596,12,10,22,0.416,0.347,0.763,38,1.87,75.91,0.983870968,0.661290323,98.39,66.13,82.26,4,11,269
81999,Joselu,Attack,Centre-Forward,Spain,1108,Deportivo Alavés,ES1,laliga,Spain,2021,2021-22,32,37,3126,14,5,19,0.403,0.144,0.547,38,0.82,91.4,0.717948718,0.974358974,71.79,97.44,84.62,4,11,198
395516,Moussa Diaby,Attack,Right Winger,France,15,Bayer 04 Leverkusen,L1,bundesliga,Germany,2021,2021-22,22,32,2775,13,12,25,0.422,0.389,0.811,34,1.88,90.69,0.766666667,0.9,76.67,90,83.33,3,11,233
125314,Pontus Jansson,Defender,Centre-Back,Sweden,1148,Brentford FC,GB1,premier-league,England,2021,2021-22,31,37,3322,3,2,5,0.081,0.054,0.135,38,1.21,97.13,0.671232877,0.97260274,67.12,97.26,82.19,5,11,272
86202,Antonio Rüdiger,Defender,Centre-Back,Germany,631,Chelsea FC,GB1,premier-league,England,2021,2021-22,29,34,3036,3,2,5,0.089,0.059,0.148,38,1.95,88.77,0.753424658,0.835616438,75.34,83.56,79.45,6,12,364
293194,Borna Sosa,Defender,Left-Back,Croatia,79,VfB Stuttgart,L1,bundesliga,Germany,2021,2021-22,24,28,2500,1,8,9,0.036,0.288,0.324,34,0.97,81.7,0.935483871,0.677419355,93.55,67.74,80.65,5,12,326
420064,Caio Henrique,Defender,Left-Back,Brazil,162,AS Monaco,FR1,ligue-1,France,2021,2021-22,24,34,2670,2,9,11,0.067,0.303,0.371,38,1.82,78.07,0.961538462,0.628205128,96.15,62.82,79.49,5,12,359
169880,Giovanni Di Lorenzo,Defender,Right-Back,Italy,6195,SSC Napoli,IT1,serie-a,Italy,2021,2021-22,28,33,2873,1,5,6,0.031,0.157,0.188,38,2.08,84.01,0.796875,0.78125,79.69,78.13,78.91,6,12,382
67080,Víctor Laguardia,Defender,Centre-Back,Spain,1108,Deportivo Alavés,ES1,laliga,Spain,2021,2021-22,32,34,3044,3,2,5,0.089,0.059,0.148,38,0.82,89.01,0.805555556,0.875,80.56,87.5,84.03,4,12,212
435338,Gabriel,Defender,Centre-Back,Brazil,11,Arsenal FC,GB1,premier-league,England,2021,2021-22,24,35,3067,5,0,5,0.147,0,0.147,38,1.82,89.68,0.726027397,0.863013699,72.6,86.3,79.45,7,13,365
225657,Philipp Lienhart,Defender,Centre-Back,Austria,60,SC Freiburg,L1,bundesliga,Germany,2021,2021-22,25,32,2871,5,0,5,0.157,0,0.157,34,1.62,93.82,0.677419355,0.935483871,67.74,93.55,80.65,6,13,327
162038,Raúl de Tomás,Attack,Centre-Forward,Spain,714,RCD Espanyol Barcelona,ES1,laliga,Spain,2021,2021-22,27,34,2928,17,3,20,0.523,0.092,0.615,38,1.11,85.61,0.769230769,0.897435897,76.92,89.74,83.33,5,13,236
245056,Saša Lukić,Midfield,Central Midfield,Serbia,416,Torino FC,IT1,serie-a,Italy,2021,2021-22,25,35,2985,5,4,9,0.151,0.121,0.271,38,1.32,87.28,0.62295082,0.950819672,62.3,95.08,78.69,5,13,392
292808,Wout Faes,Defender,Centre-Back,Belgium,1421,Stade Reims,FR1,ligue-1,France,2021,2021-22,24,37,3330,4,0,4,0.108,0,0.108,38,1.21,97.37,0.615384615,0.974358974,61.54,97.44,79.49,6,13,361
241641,Bernardo Silva,Midfield,Attacking Midfield,Portugal,281,Manchester City,GB1,premier-league,England,2021,2021-22,27,35,2860,8,4,12,0.252,0.126,0.378,38,2.45,83.63,0.82,0.76,82,76,79,3,14,378
282388,Giovanni Simeone,Attack,Centre-Forward,Argentina,276,Hellas Verona,IT1,serie-a,Italy,2021,2021-22,26,35,2666,17,6,23,0.574,0.203,0.776,38,1.39,77.95,0.833333333,0.694444444,83.33,69.44,76.39,3,14,486
196357,Jonathan Tah,Defender,Centre-Back,Germany,15,Bayer 04 Leverkusen,L1,bundesliga,Germany,2021,2021-22,26,33,2882,2,3,5,0.062,0.094,0.156,34,1.88,94.18,0.661290323,0.951612903,66.13,95.16,80.65,7,14,328
69751,Jordi Alba,Defender,Left-Back,Spain,131,FC Barcelona,ES1,laliga,Spain,2021,2021-22,33,30,2648,2,10,12,0.068,0.34,0.408,38,1.92,77.43,1,0.652777778,100,65.28,82.64,5,14,256
444523,Lucas Paquetá,Midfield,Attacking Midfield,Brazil,1041,Olympique Lyon,FR1,ligue-1,France,2021,2021-22,24,35,2707,9,6,15,0.299,0.199,0.499,38,1.63,79.15,0.85483871,0.725806452,85.48,72.58,79.03,5,14,375
50512,Anthony Modeste,Attack,Centre-Forward,France,3,1.FC Köln,L1,bundesliga,Germany,2021,2021-22,34,32,2618,20,4,24,0.688,0.138,0.825,34,1.53,85.56,0.833333333,0.766666667,83.33,76.67,80,4,15,343
165007,Denis Suárez,Midfield,Attacking Midfield,Spain,940,Celta de Vigo,ES1,laliga,Spain,2021,2021-22,28,38,2837,4,6,10,0.127,0.19,0.317,38,1.21,82.95,0.804347826,0.847826087,80.43,84.78,82.61,5,15,260
263236,Kevin Danso,Defender,Centre-Back,Austria,826,RC Lens,FR1,ligue-1,France,2021,2021-22,23,33,2793,2,3,5,0.064,0.097,0.161,38,1.63,81.67,0.820512821,0.756410256,82.05,75.64,78.85,7,15,385
200512,Sadio Mané,Attack,Left Winger,Senegal,31,Liverpool FC,GB1,premier-league,England,2021,2021-22,30,34,2825,16,4,20,0.51,0.127,0.637,38,2.42,82.6,0.787234043,0.765957447,78.72,76.6,77.66,5,15,433
331726,Tammy Abraham,Attack,Centre-Forward,England,12,Associazione Sportiva Roma,IT1,serie-a,Italy,2021,2021-22,24,37,3097,17,4,21,0.494,0.116,0.61,38,1.66,90.56,0.555555556,0.972222222,55.56,97.22,76.39,4,15,487
311044,Alfonso Espino,Defender,Left-Back,Uruguay,2687,Cádiz CF,ES1,laliga,Spain,2021,2021-22,30,37,3330,2,2,4,0.054,0.054,0.108,38,1.03,97.37,0.666666667,0.972222222,66.67,97.22,81.94,6,16,276
433177,Bukayo Saka,Attack,Right Winger,England,11,Arsenal FC,GB1,premier-league,England,2021,2021-22,20,38,2994,11,7,18,0.331,0.21,0.541,38,1.82,87.54,0.638297872,0.914893617,63.83,91.49,77.66,6,16,434
73926,Davide Faraoni,Defender,Right-Back,Italy,276,Hellas Verona,IT1,serie-a,Italy,2021,2021-22,30,32,2578,4,6,10,0.14,0.209,0.349,38,1.39,75.38,0.953125,0.5625,95.31,56.25,75.78,7,16,514
181767,Marquinhos,Defender,Centre-Back,Brazil,583,Paris Saint-Germain,FR1,ligue-1,France,2021,2021-22,28,32,2862,5,0,5,0.157,0,0.157,38,2.26,83.68,0.794871795,0.782051282,79.49,78.21,78.85,8,16,386
388198,Nico Schlotterbeck,Defender,Centre-Back,Germany,60,SC Freiburg,L1,bundesliga,Germany,2021,2021-22,22,32,2788,4,1,5,0.129,0.032,0.161,34,1.62,91.11,0.693548387,0.887096774,69.35,88.71,79.03,8,16,376
449796,Alejandro Catena,Defender,Centre-Back,Spain,367,Rayo Vallecano,ES1,laliga,Spain,2021,2021-22,27,36,3240,2,2,4,0.056,0.056,0.111,38,1.11,94.74,0.680555556,0.944444444,68.06,94.44,81.25,7,17,303
82105,Joel Matip,Defender,Centre-Back,Cameroon,31,Liverpool FC,GB1,premier-league,England,2021,2021-22,30,31,2790,3,3,6,0.097,0.097,0.194,38,2.42,81.58,0.863013699,0.684931507,86.3,68.49,77.4,8,17,447
361914,Nayef Aguerd,Defender,Centre-Back,Morocco,273,Stade Rennais FC,FR1,ligue-1,France,2021,2021-22,26,31,2738,2,3,5,0.066,0.099,0.164,38,1.74,80.06,0.846153846,0.717948718,84.62,71.79,78.21,9,17,410
239099,Pietro Ceccaroni,Defender,Centre-Back,Italy,607,Venezia FC,IT1,serie-a,Italy,2021,2021-22,26,35,3123,2,2,4,0.058,0.058,0.115,38,0.71,91.32,0.59375,0.921875,59.38,92.19,75.78,8,17,515
58358,Thomas Müller,Attack,Second Striker,Germany,27,Bayern Munich,L1,bundesliga,Germany,2021,2021-22,32,32,2578,8,21,29,0.279,0.733,1.012,34,2.26,84.25,0.866666667,0.7,86.67,70,78.33,5,17,402
128901,Conor Coady,Defender,Centre-Back,England,543,Wolverhampton Wanderers,GB1,premier-league,England,2021,2021-22,29,38,3363,4,0,4,0.107,0,0.107,38,1.34,98.33,0.561643836,0.98630137,56.16,98.63,77.4,9,18,448
401530,Éder Militão,Defender,Centre-Back,Brazil,418,Real Madrid,ES1,laliga,Spain,2021,2021-22,24,34,3033,1,3,4,0.03,0.089,0.119,38,2.26,88.68,0.736111111,0.861111111,73.61,86.11,79.86,8,18,349
415912,Konstantinos Mavropanos,Defender,Centre-Back,Greece,79,VfB Stuttgart,L1,bundesliga,Germany,2021,2021-22,24,31,2710,4,1,5,0.133,0.033,0.166,34,0.97,88.56,0.725806452,0.838709677,72.58,83.87,78.23,9,18,408
203761,Vital Nsimba,Defender,Left-Back,DR Congo,3524,Clermont Foot 63,FR1,ligue-1,France,2021,2021-22,28,34,2791,1,4,5,0.032,0.129,0.161,38,0.95,81.61,0.820512821,0.743589744,82.05,74.36,78.21,10,18,411
648779,Wilfried Singo,Defender,Right-Back,Cote d'Ivoire,416,Torino FC,IT1,serie-a,Italy,2021,2021-22,21,35,2621,3,4,7,0.103,0.137,0.24,38,1.32,76.64,0.890625,0.609375,89.06,60.94,75,9,18,561
298589,David García,Defender,Centre-Back,Spain,331,CA Osasuna,ES1,laliga,Spain,2021,2021-22,28,35,3105,4,0,4,0.116,0,0.116,38,1.24,90.79,0.708333333,0.888888889,70.83,88.89,79.86,9,19,350
283994,Ludovic Ajorque,Attack,Centre-Forward,France,667,RC Strasbourg Alsace,FR1,ligue-1,France,2021,2021-22,28,36,2744,12,8,20,0.394,0.262,0.656,38,1.66,80.23,0.735294118,0.823529412,73.53,82.35,77.94,4,19,419
128220,Luis Alberto,Midfield,Attacking Midfield,Spain,398,Società Sportiva Lazio S.p.A.,IT1,serie-a,Italy,2021,2021-22,29,34,2362,5,11,16,0.191,0.419,0.61,38,1.68,69.06,0.950819672,0.524590164,95.08,52.46,73.77,6,19,602
104124,Michail Antonio,Attack,Centre-Forward,Jamaica,379,West Ham United,GB1,premier-league,England,2021,2021-22,32,36,2980,10,8,18,0.302,0.242,0.544,38,1.47,87.13,0.659574468,0.872340426,65.96,87.23,76.6,7,19,477
327251,Ridle Baku,Defender,Right-Back,Germany,82,VfL Wolfsburg,L1,bundesliga,Germany,2021,2021-22,24,34,2449,3,5,8,0.11,0.184,0.294,34,1.24,80.03,0.903225806,0.64516129,90.32,64.52,77.42,10,19,445
418659,Amine Gouiri,Attack,Centre-Forward,Algeria,417,OGC Nice,FR1,ligue-1,France,2021,2021-22,22,38,2764,10,9,19,0.326,0.293,0.619,38,1.76,80.82,0.705882353,0.852941176,70.59,85.29,77.94,5,20,420
516716,Bremer,Defender,Centre-Back,Brazil,416,Torino FC,IT1,serie-a,Italy,2021,2021-22,25,33,2893,3,1,4,0.093,0.031,0.124,38,1.32,84.59,0.625,0.84375,62.5,84.38,73.44,10,20,617
59561,Dani Parejo,Midfield,Central Midfield,Spain,1050,Villarreal CF,ES1,laliga,Spain,2021,2021-22,33,33,2710,2,10,12,0.066,0.332,0.399,38,1.55,79.24,0.847826087,0.739130435,84.78,73.91,79.35,6,20,368
106270,Florian Kainz,Midfield,Attacking Midfield,Austria,3,1.FC Köln,L1,bundesliga,Germany,2021,2021-22,29,32,2348,4,7,11,0.153,0.268,0.422,34,1.53,76.73,0.857142857,0.666666667,85.71,66.67,76.19,5,20,498
316264,Martin Ødegaard,Midfield,Attacking Midfield,Norway,11,Arsenal FC,GB1,premier-league,England,2021,2021-22,23,36,2793,7,4,11,0.226,0.129,0.354,38,1.82,81.67,0.8,0.72,80,72,76,4,20,506
257732,Amir Rrahmani,Defender,Centre-Back,Kosovo,6195,SSC Napoli,IT1,serie-a,Italy,2021,2021-22,28,33,2928,4,0,4,0.123,0,0.123,38,2.08,85.61,0.609375,0.859375,60.94,85.94,73.44,11,21,618
139435,Dani Rodríguez,Midfield,Attacking Midfield,Spain,237,RCD Mallorca,ES1,laliga,Spain,2021,2021-22,34,36,2841,3,4,7,0.095,0.127,0.222,38,1.03,83.07,0.717391304,0.869565217,71.74,86.96,79.35,7,21,369
117674,Maximilian Arnold,Midfield,Central Midfield,Germany,82,VfL Wolfsburg,L1,bundesliga,Germany,2021,2021-22,28,34,2996,4,3,7,0.12,0.09,0.21,34,1.24,97.91,0.523809524,1,52.38,100,76.19,6,21,499
253677,Tyrone Mings,Defender,Centre-Back,England,405,Aston Villa,GB1,premier-league,England,2021,2021-22,29,36,3188,1,3,4,0.028,0.085,0.113,38,1.18,93.22,0.575342466,0.931506849,57.53,93.15,75.34,10,21,533
251075,Zeki Çelik,Defender,Right-Back,Türkiye,1082,LOSC Lille,FR1,ligue-1,France,2021,2021-22,25,32,2699,2,3,5,0.067,0.1,0.167,38,1.45,78.92,0.858974359,0.692307692,85.9,69.23,77.56,11,21,440
556385,Destiny Udogie,Defender,Left-Back,Italy,410,Udinese Calcio,IT1,serie-a,Italy,2021,2021-22,19,35,2484,5,3,8,0.181,0.109,0.29,38,1.24,72.63,0.9375,0.5,93.75,50,71.88,12,22,676
341705,Gerson,Midfield,Central Midfield,Brazil,244,Olympique Marseille,FR1,ligue-1,France,2021,2021-22,25,35,2553,9,7,16,0.317,0.247,0.564,38,1.87,74.65,0.903225806,0.64516129,90.32,64.52,77.42,6,22,444
294057,James Maddison,Midfield,Attacking Midfield,England,1003,Leicester City,GB1,premier-league,England,2021,2021-22,25,35,2467,12,8,20,0.438,0.292,0.73,38,1.37,72.13,0.96,0.54,96,54,75,5,22,536
338424,Mikel Merino,Midfield,Central Midfield,Spain,681,Real Sociedad,ES1,laliga,Spain,2021,2021-22,26,34,2896,3,4,7,0.093,0.124,0.218,38,1.63,84.68,0.673913043,0.891304348,67.39,89.13,78.26,8,22,407
185077,Vincenzo Grifo,Attack,Left Winger,Italy,60,SC Freiburg,L1,bundesliga,Germany,2021,2021-22,29,34,2790,9,8,17,0.29,0.258,0.548,34,1.62,91.18,0.566666667,0.933333333,56.67,93.33,75,6,22,544
252677,José Luis Morales,Attack,Centre-Forward,Spain,3368,Levante UD,ES1,laliga,Spain,2021,2021-22,34,35,2726,13,7,20,0.429,0.231,0.66,38,0.92,79.71,0.794871795,0.769230769,79.49,76.92,78.21,6,23,409
406625,Lautaro Martínez,Attack,Centre-Forward,Argentina,46,Inter Milan,IT1,serie-a,Italy,2021,2021-22,24,35,2298,21,3,24,0.822,0.117,0.94,38,2.21,67.19,0.916666667,0.5,91.67,50,70.83,5,23,725
55099,Nicolas Höfler,Midfield,Defensive Midfield,Germany,60,SC Freiburg,L1,bundesliga,Germany,2021,2021-22,32,30,2602,2,6,8,0.069,0.208,0.277,34,1.62,85.03,0.619047619,0.880952381,61.9,88.1,75,7,23,557
357885,Pablo Fornals,Midfield,Central Midfield,Spain,379,West Ham United,GB1,premier-league,England,2021,2021-22,26,36,2802,6,4,10,0.193,0.128,0.321,38,1.47,81.93,0.76,0.74,76,74,75,6,23,555
182893,Seko Fofana,Midfield,Central Midfield,Cote d'Ivoire,826,RC Lens,FR1,ligue-1,France,2021,2021-22,27,38,3364,8,1,9,0.214,0.027,0.241,38,1.63,98.36,0.548387097,1,54.84,100,77.42,7,23,446
234803,Andrew Robertson,Defender,Left-Back,Scotland,31,Liverpool FC,GB1,premier-league,England,2021,2021-22,28,29,2541,3,10,13,0.106,0.354,0.46,38,2.42,74.3,0.98630137,0.506849315,98.63,50.68,74.66,11,24,571
28396,Edin Dzeko,Attack,Centre-Forward,Bosnia-Herzegovina,46,Inter Milan,IT1,serie-a,Italy,2021,2021-22,36,36,2476,13,7,20,0.473,0.254,0.727,38,2.21,72.4,0.805555556,0.611111111,80.56,61.11,70.83,6,24,727
251106,Enes Ünal,Attack,Centre-Forward,Türkiye,3709,Getafe CF,ES1,laliga,Spain,2021,2021-22,25,37,2813,16,1,17,0.512,0.032,0.544,38,1.03,82.25,0.692307692,0.846153846,69.23,84.62,76.92,7,24,466
181378,Gaëtan Laborde,Attack,Centre-Forward,France,273,Stade Rennais FC,FR1,ligue-1,France,2021,2021-22,28,34,2743,12,8,20,0.394,0.262,0.656,38,1.74,80.2,0.735294118,0.794117647,73.53,79.41,76.47,6,24,478
108537,Jonas Hector,Defender,Left-Back,Germany,3,1.FC Köln,L1,bundesliga,Germany,2021,2021-22,32,30,2555,0,6,6,0,0.211,0.211,34,1.53,83.5,0.774193548,0.693548387,77.42,69.35,73.39,11,24,620
59016,David Alaba,Defender,Centre-Back,Austria,418,Real Madrid,ES1,laliga,Spain,2021,2021-22,30,30,2644,2,3,5,0.068,0.102,0.17,38,2.26,77.31,0.875,0.638888889,87.5,63.89,75.69,10,25,521
234029,Grischa Prömel,Midfield,Central Midfield,Germany,89,1.FC Union Berlin,L1,bundesliga,Germany,2021,2021-22,27,29,2428,8,1,9,0.297,0.037,0.334,34,1.68,79.35,0.666666667,0.761904762,66.67,76.19,71.43,8,25,694
344864,Jean-Kévin Duverne,Defender,Centre-Back,Haiti,3911,Stade Brestois 29,FR1,ligue-1,France,2021,2021-22,24,37,3006,1,3,4,0.03,0.09,0.12,38,1.26,87.89,0.666666667,0.858974359,66.67,85.9,76.28,12,25,494
346483,Mason Mount,Midfield,Attacking Midfield,England,631,Chelsea FC,GB1,premier-league,England,2021,2021-22,23,32,2364,11,10,21,0.419,0.381,0.799,38,1.95,69.12,0.98,0.5,98,50,74,7,25,593
357164,Rafael Leão,Attack,Left Winger,Portugal,5,AC Milan,IT1,serie-a,Italy,2021,2021-22,23,34,2621,11,10,21,0.378,0.343,0.721,38,2.26,76.64,0.777777778,0.638888889,77.78,63.89,70.83,7,25,728
327863,Akim Zedadka,Defender,Right-Back,Algeria,3524,Clermont Foot 63,FR1,ligue-1,France,2021,2021-22,27,38,3338,0,3,3,0,0.081,0.081,38,0.95,97.6,0.538461538,0.987179487,53.85,98.72,76.28,13,26,495
272261,Antonín Barák,Midfield,Attacking Midfield,Czech Republic,276,Hellas Verona,IT1,serie-a,Italy,2021,2021-22,27,29,2345,11,4,15,0.422,0.154,0.576,38,1.39,68.57,0.93442623,0.475409836,93.44,47.54,70.49,7,26,745
376514,Mathías Olivera,Defender,Left-Back,Uruguay,3709,Getafe CF,ES1,laliga,Spain,2021,2021-22,24,32,2807,1,3,4,0.032,0.096,0.128,38,1.03,82.08,0.75,0.763888889,75,76.39,75.69,11,26,522
118534,Michael Keane,Defender,Centre-Back,England,29,Everton FC,GB1,premier-league,England,2021,2021-22,29,32,2792,3,2,5,0.097,0.064,0.161,38,1.03,81.64,0.780821918,0.698630137,78.08,69.86,73.97,12,26,595
146310,Wataru Endo,Midfield,Defensive Midfield,Japan,79,VfB Stuttgart,L1,bundesliga,Germany,2021,2021-22,29,33,2902,4,2,6,0.124,0.062,0.186,34,0.97,94.84,0.476190476,0.952380952,47.62,95.24,71.43,9,26,698
394300,Davide Frattesi,Midfield,Central Midfield,Italy,6574,US Sassuolo,IT1,serie-a,Italy,2021,2021-22,22,36,2883,4,4,8,0.125,0.125,0.25,38,1.32,84.3,0.557377049,0.852459016,55.74,85.25,70.49,8,27,746
187492,Julian Brandt,Midfield,Attacking Midfield,Germany,16,Borussia Dortmund,L1,bundesliga,Germany,2021,2021-22,26,31,2082,9,8,17,0.389,0.346,0.735,34,2.03,68.04,0.928571429,0.428571429,92.86,42.86,67.86,10,27,887
82009,Kevin Volland,Midfield,Attacking Midfield,Germany,162,AS Monaco,FR1,ligue-1,France,2021,2021-22,29,34,2450,9,11,20,0.331,0.404,0.735,38,1.82,71.64,0.967741935,0.548387097,96.77,54.84,75.81,8,27,509
357565,Rodri,Midfield,Defensive Midfield,Spain,281,Manchester City,GB1,premier-league,England,2021,2021-22,26,33,2888,7,2,9,0.218,0.062,0.28,38,2.45,84.44,0.68,0.78,68,78,73,8,27,634
177046,Rubén Duarte,Defender,Centre-Back,Spain,1108,Deportivo Alavés,ES1,laliga,Spain,2021,2021-22,26,34,2629,0,5,5,0,0.171,0.171,38,0.82,76.87,0.888888889,0.611111111,88.89,61.11,75,12,27,566
193098,Álex Moreno,Defender,Left-Back,Spain,150,Real Betis Balompié,ES1,laliga,Spain,2021,2021-22,29,30,2408,5,4,9,0.187,0.15,0.336,38,1.71,70.41,0.972222222,0.5,97.22,50,73.61,13,28,612
250013,Angelo Fulgini,Midfield,Attacking Midfield,New Caledonia,1420,Angers SCO,FR1,ligue-1,France,2021,2021-22,25,36,2950,5,4,9,0.153,0.122,0.275,38,1.08,86.26,0.629032258,0.887096774,62.9,88.71,75.81,9,28,512
144143,Bartosz Bereszyński,Defender,Right-Back,Poland,1038,UC Sampdoria,IT1,serie-a,Italy,2021,2021-22,29,35,2956,0,3,3,0,0.091,0.091,38,0.95,86.43,0.515625,0.890625,51.56,89.06,70.31,13,28,765
160968,Benno Schmitz,Defender,Right-Back,Germany,3,1.FC Köln,L1,bundesliga,Germany,2021,2021-22,27,31,2432,0,5,5,0,0.185,0.185,34,1.53,79.48,0.758064516,0.596774194,75.81,59.68,67.74,12,28,902
340950,Diogo Jota,Attack,Left Winger,Portugal,31,Liverpool FC,GB1,premier-league,England,2021,2021-22,25,35,2374,15,6,21,0.569,0.227,0.796,38,2.42,69.42,0.893617021,0.553191489,89.36,55.32,72.34,8,28,661
372246,Carlos Soler,Midfield,Central Midfield,Spain,1049,Valencia CF,ES1,laliga,Spain,2021,2021-22,25,32,2411,11,5,16,0.411,0.187,0.597,38,1.26,70.5,1,0.456521739,100,45.65,72.83,9,29,642
8198,Cristiano Ronaldo,Attack,Centre-Forward,Portugal,985,Manchester United,GB1,premier-league,England,2021,2021-22,37,30,2459,18,3,21,0.659,0.11,0.769,38,1.53,71.9,0.872340426,0.574468085,87.23,57.45,72.34,9,29,662
229006,Franck Honorat,Attack,Right Winger,France,3911,Stade Brestois 29,FR1,ligue-1,France,2021,2021-22,25,34,2911,11,6,17,0.34,0.186,0.526,38,1.26,85.12,0.558823529,0.941176471,55.88,94.12,75,7,29,546
204069,Milan Škriniar,Defender,Centre-Back,Slovakia,46,Inter Milan,IT1,serie-a,Italy,2021,2021-22,27,35,3150,3,0,3,0.086,0,0.086,38,2.21,92.11,0.4375,0.96875,43.75,96.88,70.31,14,29,766
93740,Willi Orbán,Defender,Centre-Back,Hungary,23826,RB Leipzig,L1,bundesliga,Germany,2021,2021-22,29,30,2646,2,1,3,0.068,0.034,0.102,34,1.71,86.47,0.548387097,0.806451613,54.84,80.65,67.74,13,29,903
225122,Gonçalo Guedes,Attack,Left Winger,Portugal,1049,Valencia CF,ES1,laliga,Spain,2021,2021-22,25,35,2601,11,6,17,0.381,0.208,0.588,38,1.26,76.05,0.743589744,0.692307692,74.36,69.23,71.79,8,30,677
487969,Randal Kolo Muani,Attack,Centre-Forward,France,995,FC Nantes,FR1,ligue-1,France,2021,2021-22,23,36,2958,12,5,17,0.365,0.152,0.517,38,1.45,86.49,0.529411765,0.970588235,52.94,97.06,75,8,30,547
314295,Reece Oxford,Defender,Centre-Back,England,167,FC Augsburg,L1,bundesliga,Germany,2021,2021-22,23,30,2694,2,1,3,0.067,0.033,0.1,34,1.12,88.04,0.532258065,0.822580645,53.23,82.26,67.74,14,30,904
410158,Rodrigo Becão,Defender,Centre-Back,Brazil,410,Udinese Calcio,IT1,serie-a,Italy,2021,2021-22,26,35,3132,2,1,3,0.057,0.029,0.086,38,1.24,91.58,0.4375,0.953125,43.75,95.31,69.53,15,30,800
46972,Teemu Pukki,Attack,Centre-Forward,Finland,1123,Norwich City,GB1,premier-league,England,2021,2021-22,32,37,3261,11,3,14,0.304,0.083,0.386,38,0.58,95.35,0.446808511,1,44.68,100,72.34,10,30,663
277179,Angeliño,Defender,Left-Back,Spain,23826,RB Leipzig,L1,bundesliga,Germany,2021,2021-22,25,29,2299,2,5,7,0.078,0.196,0.274,34,1.71,75.13,0.838709677,0.5,83.87,50,66.94,15,31,946
54235,Iker Muniain,Attack,Left Winger,Spain,621,Athletic Bilbao,ES1,laliga,Spain,2021,2021-22,29,35,2803,4,11,15,0.128,0.353,0.482,38,1.45,81.96,0.615384615,0.820512821,61.54,82.05,71.79,9,31,678
193116,John McGinn,Midfield,Central Midfield,Scotland,405,Aston Villa,GB1,premier-league,England,2021,2021-22,27,35,3093,3,4,7,0.087,0.116,0.204,38,1.18,90.44,0.54,0.9,54,90,72,9,31,674
133964,Lorenzo Insigne,Attack,Left Winger,Italy,6195,SSC Napoli,IT1,serie-a,Italy,2021,2021-22,31,32,2309,11,9,20,0.429,0.351,0.78,38,2.08,67.51,0.861111111,0.527777778,86.11,52.78,69.44,8,31,805
260166,Ui-jo Hwang,Midfield,Attacking Midfield,"Korea, South",40,FC Girondins Bordeaux,FR1,ligue-1,France,2021,2021-22,29,32,2525,11,2,13,0.392,0.071,0.463,38,0.82,73.83,0.838709677,0.629032258,83.87,62.9,73.39,10,31,619
92571,Aaron Cresswell,Defender,Left-Back,England,379,West Ham United,GB1,premier-league,England,2021,2021-22,32,31,2728,2,3,5,0.066,0.099,0.165,38,1.47,79.77,0.808219178,0.630136986,80.82,63.01,71.92,13,32,675
146752,Gianluca Caprari,Attack,Second Striker,Italy,276,Hellas Verona,IT1,serie-a,Italy,2021,2021-22,28,35,2754,12,7,19,0.392,0.229,0.621,38,1.39,80.53,0.611111111,0.777777778,61.11,77.78,69.44,9,32,806
448628,Javi Galán,Defender,Left-Back,Spain,940,Celta de Vigo,ES1,laliga,Spain,2021,2021-22,27,37,3300,0,3,3,0,0.082,0.082,38,1.21,96.49,0.472222222,0.958333333,47.22,95.83,71.53,14,32,691
84085,Timothée Kolodziejczak,Defender,Centre-Back,France,618,AS Saint-Étienne,FR1,ligue-1,France,2021,2021-22,30,30,2570,2,3,5,0.07,0.105,0.175,38,0.84,75.15,0.871794872,0.551282051,87.18,55.13,71.15,14,32,710
193004,Waldemar Anton,Defender,Centre-Back,Germany,79,VfB Stuttgart,L1,bundesliga,Germany,2021,2021-22,25,29,2597,2,1,3,0.069,0.035,0.104,34,0.97,84.87,0.564516129,0.774193548,56.45,77.42,66.94,16,32,947
55735,Henrikh Mkhitaryan,Midfield,Central Midfield,Armenia,12,Associazione Sportiva Roma,IT1,serie-a,Italy,2021,2021-22,33,31,2502,5,6,11,0.18,0.216,0.396,38,1.66,73.16,0.754098361,0.606557377,75.41,60.66,68.03,9,33,874
85295,Iván Balliu,Defender,Right-Back,Albania,367,Rayo Vallecano,ES1,laliga,Spain,2021,2021-22,30,35,3148,1,2,3,0.029,0.057,0.086,38,1.11,92.05,0.5,0.916666667,50,91.67,70.83,15,33,730
242086,Patrik Schick,Attack,Centre-Forward,Czech Republic,15,Bayer 04 Leverkusen,L1,bundesliga,Germany,2021,2021-22,26,27,2096,24,5,29,1.031,0.215,1.245,34,1.88,68.5,0.966666667,0.366666667,96.67,36.67,66.67,7,33,951
127156,Téji Savanier,Midfield,Attacking Midfield,France,969,Montpellier HSC,FR1,ligue-1,France,2021,2021-22,30,29,2422,8,7,15,0.297,0.26,0.557,38,1.13,70.82,0.887096774,0.532258065,88.71,53.23,70.97,11,33,721
249565,Youri Tielemans,Midfield,Central Midfield,Belgium,1003,Leicester City,GB1,premier-league,England,2021,2021-22,25,32,2634,6,4,10,0.205,0.137,0.342,38,1.37,77.02,0.78,0.64,78,64,71,10,33,718
148367,Christian Nørgaard,Midfield,Defensive Midfield,Denmark,1148,Brentford FC,GB1,premier-league,England,2021,2021-22,28,35,3059,3,4,7,0.088,0.118,0.206,38,1.21,89.44,0.56,0.86,56,86,71,11,34,719
552425,Jon Moncayola,Midfield,Central Midfield,Spain,331,CA Osasuna,ES1,laliga,Spain,2021,2021-22,24,36,2924,2,3,5,0.062,0.092,0.154,38,1.24,85.5,0.5,0.913043478,50,91.3,70.65,10,34,736
7161,Jonas Hofmann,Midfield,Attacking Midfield,Germany,18,Borussia Mönchengladbach,L1,bundesliga,Germany,2021,2021-22,29,26,2081,12,5,17,0.519,0.216,0.735,34,1.32,68.01,0.928571429,0.404761905,92.86,40.48,66.67,11,34,953
594991,Mohamed Bayo,Attack,Centre-Forward,Guinea,3524,Clermont Foot 63,FR1,ligue-1,France,2021,2021-22,24,32,2424,14,5,19,0.52,0.186,0.705,38,0.95,70.88,0.852941176,0.558823529,85.29,55.88,70.59,9,34,737
397033,Sandro Tonali,Midfield,Defensive Midfield,Italy,5,AC Milan,IT1,serie-a,Italy,2021,2021-22,22,36,2607,5,3,8,0.173,0.104,0.276,38,2.26,76.23,0.655737705,0.704918033,65.57,70.49,68.03,10,34,875
122797,Andy Delort,Attack,Centre-Forward,Algeria,417,OGC Nice,FR1,ligue-1,France,2021,2021-22,30,32,2447,16,2,18,0.588,0.074,0.662,38,1.76,71.55,0.794117647,0.617647059,79.41,61.76,70.59,10,35,738
281989,Luis Milla,Midfield,Central Midfield,Spain,16795,Granada CF,ES1,laliga,Spain,2021,2021-22,27,34,2785,3,3,6,0.097,0.097,0.194,38,1,81.43,0.608695652,0.782608696,60.87,78.26,69.57,11,35,799
392757,Marc Guéhi,Defender,Centre-Back,England,873,Crystal Palace,GB1,premier-league,England,2021,2021-22,21,36,3223,2,1,3,0.056,0.028,0.084,38,1.26,94.24,0.465753425,0.945205479,46.58,94.52,70.55,14,35,741
291200,Moussa Niakhaté,Defender,Centre-Back,Senegal,39,1.FSV Mainz 05,L1,bundesliga,Germany,2021,2021-22,26,30,2567,4,0,4,0.14,0,0.14,34,1.35,83.89,0.596774194,0.725806452,59.68,72.58,66.13,17,35,979
524481,Roger Ibañez,Defender,Centre-Back,Brazil,12,Associazione Sportiva Roma,IT1,serie-a,Italy,2021,2021-22,23,34,2888,3,0,3,0.093,0,0.093,38,1.66,84.44,0.546875,0.8125,54.69,81.25,67.97,16,35,877
329145,Diego Carlos,Defender,Centre-Back,Brazil,368,Sevilla FC,ES1,laliga,Spain,2021,2021-22,29,34,2959,3,0,3,0.091,0,0.091,38,1.84,86.52,0.541666667,0.833333333,54.17,83.33,68.75,16,36,836
350219,Fabián Ruiz,Midfield,Central Midfield,Spain,6195,SSC Napoli,IT1,serie-a,Italy,2021,2021-22,26,32,2397,7,4,11,0.263,0.15,0.413,38,2.08,70.09,0.786885246,0.557377049,78.69,55.74,67.21,11,36,924
173504,James Tarkowski,Defender,Centre-Back,England,1132,Burnley FC,GB1,premier-league,England,2021,2021-22,29,35,3107,1,2,3,0.029,0.058,0.087,38,0.92,90.85,0.479452055,0.917808219,47.95,91.78,69.86,15,36,785
239743,Przemyslaw Frankowski,Defender,Right-Back,Poland,826,RC Lens,FR1,ligue-1,France,2021,2021-22,27,37,2453,6,5,11,0.22,0.183,0.404,38,1.63,71.73,0.974358974,0.435897436,97.44,43.59,70.51,15,36,743
159471,Serge Gnabry,Attack,Second Striker,Germany,27,Bayern Munich,L1,bundesliga,Germany,2021,2021-22,26,34,2189,14,6,20,0.576,0.247,0.822,34,2.26,71.54,0.8,0.5,80,50,65,8,36,1025
46580,Andrej Kramaric,Attack,Second Striker,Croatia,533,TSG 1899 Hoffenheim,L1,bundesliga,Germany,2021,2021-22,31,32,2710,6,10,16,0.199,0.332,0.531,34,1.35,88.56,0.466666667,0.833333333,46.67,83.33,65,9,37,1027
70411,Darko Lazović,Midfield,Left Midfield,Serbia,276,Hellas Verona,IT1,serie-a,Italy,2021,2021-22,31,34,2779,1,7,8,0.032,0.227,0.259,38,1.39,81.26,0.573770492,0.770491803,57.38,77.05,67.21,12,37,925
251664,Ivan Toney,Attack,Centre-Forward,England,1148,Brentford FC,GB1,premier-league,England,2021,2021-22,26,33,2908,12,5,17,0.371,0.155,0.526,38,1.21,85.03,0.595744681,0.787234043,59.57,78.72,69.15,11,37,823
411975,Jules Koundé,Defender,Right-Back,France,368,Sevilla FC,ES1,laliga,Spain,2021,2021-22,23,32,2737,2,1,3,0.066,0.033,0.099,38,1.84,80.03,0.611111111,0.75,61.11,75,68.06,17,37,872
485965,Nicolas Cozza,Defender,Centre-Back,France,969,Montpellier HSC,FR1,ligue-1,France,2021,2021-22,23,34,2777,2,2,4,0.065,0.065,0.13,38,1.13,81.2,0.679487179,0.730769231,67.95,73.08,70.51,16,37,744
398073,Achraf Hakimi,Defender,Right-Back,Morocco,583,Paris Saint-Germain,FR1,ligue-1,France,2021,2021-22,23,32,2484,4,6,10,0.145,0.217,0.362,38,2.26,72.63,0.948717949,0.448717949,94.87,44.87,69.87,17,38,781
171209,Branimir Hrgota,Attack,Centre-Forward,Sweden,65,SpVgg Greuther Fürth,L1,bundesliga,Germany,2021,2021-22,29,34,2790,9,6,15,0.29,0.194,0.484,34,0.53,91.18,0.366666667,0.933333333,36.67,93.33,65,10,38,1029
84765,Francesco Caputo,Attack,Centre-Forward,Italy,1038,UC Sampdoria,IT1,serie-a,Italy,2021,2021-22,34,36,2799,11,6,17,0.354,0.193,0.547,38,0.95,81.84,0.5,0.833333333,50,83.33,66.67,10,38,954
88755,Kevin De Bruyne,Midfield,Attacking Midfield,Belgium,281,Manchester City,GB1,premier-league,England,2021,2021-22,31,30,2206,15,8,23,0.612,0.326,0.938,38,2.45,64.5,1,0.36,100,36,68,12,38,876
102423,Leandro Cabrera,Defender,Centre-Back,Uruguay,714,RCD Espanyol Barcelona,ES1,laliga,Spain,2021,2021-22,31,37,3330,2,0,2,0.054,0,0.054,38,1.11,97.37,0.388888889,0.972222222,38.89,97.22,68.06,18,38,873
351809,Robin Le Normand,Defender,Centre-Back,Spain,681,Real Sociedad,ES1,laliga,Spain,2021,2021-22,25,37,3330,1,1,2,0.027,0.027,0.054,38,1.63,97.37,0.388888889,0.972222222,38.89,97.22,68.06,18,38,873
33829,José Fonte,Defender,Centre-Back,Portugal,1082,LOSC Lille,FR1,ligue-1,France,2021,2021-22,38,38,3420,0,2,2,0,0.053,0.053,38,1.45,100,0.384615385,1,38.46,100,69.23,18,39,820
126737,Juanmi,Attack,Left Winger,Spain,150,Real Betis Balompié,ES1,laliga,Spain,2021,2021-22,29,33,2146,16,5,21,0.671,0.21,0.881,38,1.71,62.75,0.948717949,0.41025641,94.87,41.03,67.95,10,39,878
326031,Matthijs de Ligt,Defender,Centre-Back,Netherlands,506,Juventus FC,IT1,serie-a,Italy,2021,2021-22,22,31,2674,3,1,4,0.101,0.034,0.135,38,1.84,78.19,0.65625,0.671875,65.63,67.19,66.41,17,39,971
72792,Niko Gießelmann,Defender,Left-Back,Germany,89,1.FC Union Berlin,L1,bundesliga,Germany,2021,2021-22,30,28,2093,3,7,10,0.129,0.301,0.43,34,1.68,68.4,0.983870968,0.258064516,98.39,25.81,62.1,18,39,1187
411295,Raphinha,Attack,Left Winger,Brazil,399,Leeds United,GB1,premier-league,England,2021,2021-22,25,35,2923,11,3,14,0.339,0.092,0.431,38,1,85.47,0.510638298,0.829787234,51.06,82.98,67.02,12,39,940
344695,Dayot Upamecano,Defender,Centre-Back,France,27,Bayern Munich,L1,bundesliga,Germany,2021,2021-22,23,28,2209,1,6,7,0.041,0.244,0.285,34,2.26,72.19,0.870967742,0.370967742,87.1,37.1,62.1,19,40,1188
241076,Emmanuel Gyasi,Midfield,Right Midfield,Ghana,3522,Spezia Calcio,IT1,serie-a,Italy,2021,2021-22,28,36,3044,6,0,6,0.177,0,0.177,38,0.95,89.01,0.360655738,0.967213115,36.07,96.72,66.39,13,40,972
255508,Iñaki Williams,Attack,Right Winger,Ghana,621,Athletic Bilbao,ES1,laliga,Spain,2021,2021-22,28,38,2784,8,6,14,0.259,0.194,0.453,38,1.45,81.4,0.564102564,0.794871795,56.41,79.49,67.95,11,40,879
533738,Jonathan David,Attack,Centre-Forward,Canada,1082,LOSC Lille,FR1,ligue-1,France,2021,2021-22,22,38,2812,15,0,15,0.48,0,0.48,38,1.45,82.22,0.441176471,0.911764706,44.12,91.18,67.65,11,40,906
283628,Tomáš Souček,Midfield,Defensive Midfield,Czech Republic,379,West Ham United,GB1,premier-league,England,2021,2021-22,27,35,3062,5,1,6,0.147,0.029,0.176,38,1.47,89.53,0.46,0.88,46,88,67,13,40,941
131075,Francesco Acerbi,Defender,Centre-Back,Italy,398,Società Sportiva Lazio S.p.A.,IT1,serie-a,Italy,2021,2021-22,34,30,2537,4,1,5,0.142,0.035,0.177,38,1.68,74.18,0.765625,0.53125,76.56,53.13,64.84,18,41,1037
442552,Houboulang Mendes,Defender,Right-Back,Guinea-Bissau,1158,FC Lorient,FR1,ligue-1,France,2021,2021-22,24,36,3223,0,2,2,0,0.056,0.056,38,0.95,94.24,0.397435897,0.948717949,39.74,94.87,67.31,19,41,921
258004,Rúben Dias,Defender,Centre-Back,Portugal,281,Manchester City,GB1,premier-league,England,2021,2021-22,25,29,2403,2,4,6,0.075,0.15,0.225,38,2.45,70.26,0.917808219,0.410958904,91.78,41.1,66.44,16,41,968
92947,Sergi Gómez,Defender,Centre-Back,Spain,714,RCD Espanyol Barcelona,ES1,laliga,Spain,2021,2021-22,30,31,2724,1,2,3,0.033,0.066,0.099,38,1.11,79.65,0.611111111,0.736111111,61.11,73.61,67.36,19,41,918
82350,Stefan Bell,Defender,Centre-Back,Germany,39,1.FSV Mainz 05,L1,bundesliga,Germany,2021,2021-22,30,33,2869,2,0,2,0.063,0,0.063,34,1.35,93.76,0.322580645,0.919354839,32.26,91.94,62.1,20,41,1190
176553,Aymeric Laporte,Defender,Centre-Back,Spain,281,Manchester City,GB1,premier-league,England,2021,2021-22,28,33,2834,4,0,4,0.127,0,0.127,38,2.45,82.87,0.616438356,0.712328767,61.64,71.23,66.44,17,42,969
76746,Damián Suárez,Defender,Right-Back,Uruguay,3709,Getafe CF,ES1,laliga,Spain,2021,2021-22,34,35,2720,0,3,3,0,0.099,0.099,38,1.03,79.53,0.611111111,0.708333333,61.11,70.83,65.97,20,42,985
395693,Houssem Aouar,Midfield,Attacking Midfield,Algeria,1041,Olympique Lyon,FR1,ligue-1,France,2021,2021-22,24,36,2509,6,4,10,0.215,0.143,0.359,38,1.63,73.36,0.741935484,0.596774194,74.19,59.68,66.94,12,42,945
91970,Juan Cuadrado,Midfield,Right Midfield,Colombia,506,Juventus FC,IT1,serie-a,Italy,2021,2021-22,34,33,2494,4,5,9,0.144,0.18,0.325,38,1.84,72.92,0.721311475,0.573770492,72.13,57.38,64.75,14,42,1044
295313,Taiwo Awoniyi,Attack,Centre-Forward,Nigeria,89,1.FC Union Berlin,L1,bundesliga,Germany,2021,2021-22,24,31,2202,15,2,17,0.613,0.082,0.695,34,1.68,71.96,0.7,0.533333333,70,53.33,61.67,11,42,1215
229804,Aritz Elustondo,Defender,Centre-Back,Spain,681,Real Sociedad,ES1,laliga,Spain,2021,2021-22,28,30,2103,4,1,5,0.171,0.043,0.214,38,1.63,61.49,0.944444444,0.347222222,94.44,34.72,64.58,21,43,1049
357662,Declan Rice,Midfield,Central Midfield,England,379,West Ham United,GB1,premier-league,England,2021,2021-22,23,36,3178,1,4,5,0.028,0.113,0.142,38,1.47,92.92,0.38,0.94,38,94,66,14,43,984
475959,Josko Gvardiol,Defender,Centre-Back,Croatia,23826,RB Leipzig,L1,bundesliga,Germany,2021,2021-22,20,29,2413,2,2,4,0.075,0.075,0.149,34,1.71,78.86,0.64516129,0.580645161,64.52,58.06,61.29,21,43,1240
93128,Kalidou Koulibaly,Defender,Centre-Back,Senegal,6195,SSC Napoli,IT1,serie-a,Italy,2021,2021-22,31,27,2407,3,3,6,0.112,0.112,0.224,38,2.08,70.38,0.859375,0.421875,85.94,42.19,64.06,19,43,1077
232271,Sofiane Boufal,Midfield,Attacking Midfield,Morocco,1420,Angers SCO,FR1,ligue-1,France,2021,2021-22,28,29,2344,8,5,13,0.307,0.192,0.499,38,1.08,68.54,0.85483871,0.467741935,85.48,46.77,66.13,13,43,975
212723,Djibril Sow,Midfield,Central Midfield,Switzerland,24,Eintracht Frankfurt,L1,bundesliga,Germany,2021,2021-22,25,31,2422,2,3,5,0.074,0.111,0.186,34,1.24,79.15,0.476190476,0.738095238,47.62,73.81,60.71,12,44,1281
222859,Florent Mollet,Midfield,Attacking Midfield,France,969,Montpellier HSC,FR1,ligue-1,France,2021,2021-22,30,35,2649,6,2,8,0.204,0.068,0.272,38,1.13,77.46,0.612903226,0.709677419,61.29,70.97,66.13,14,44,977
286297,Lorenzo Pellegrini,Midfield,Attacking Midfield,Italy,12,Associazione Sportiva Roma,IT1,serie-a,Italy,2021,2021-22,26,28,2300,9,5,14,0.352,0.196,0.548,38,1.66,67.25,0.901639344,0.37704918,90.16,37.7,63.93,15,44,1081
324358,Ollie Watkins,Attack,Centre-Forward,England,405,Aston Villa,GB1,premier-league,England,2021,2021-22,26,35,2955,11,2,13,0.335,0.061,0.396,38,1.18,86.4,0.468085106,0.85106383,46.81,85.11,65.96,13,44,986
480267,Ronald Araujo,Defender,Centre-Back,Uruguay,131,FC Barcelona,ES1,laliga,Spain,2021,2021-22,23,30,2270,4,0,4,0.159,0,0.159,38,1.92,66.37,0.833333333,0.416666667,83.33,41.67,62.5,22,44,1159
289255,Andoni Gorosabel,Defender,Right-Back,Spain,681,Real Sociedad,ES1,laliga,Spain,2021,2021-22,25,32,2297,0,4,4,0,0.157,0.157,38,1.63,67.16,0.819444444,0.430555556,81.94,43.06,62.5,23,45,1160
121477,Craig Dawson,Defender,Centre-Back,England,379,West Ham United,GB1,premier-league,England,2021,2021-22,32,34,2754,2,2,4,0.065,0.065,0.131,38,1.47,80.53,0.657534247,0.657534247,65.75,65.75,65.75,18,45,993
277167,Gian Marco Ferrari,Defender,Centre-Back,Italy,6574,US Sassuolo,IT1,serie-a,Italy,2021,2021-22,30,36,3126,1,1,2,0.029,0.029,0.058,38,1.32,91.4,0.328125,0.9375,32.81,93.75,63.28,20,45,1113
520468,Iago,Defender,Left-Back,Brazil,167,FC Augsburg,L1,bundesliga,Germany,2021,2021-22,25,28,2177,2,5,7,0.083,0.207,0.289,34,1.12,71.14,0.887096774,0.306451613,88.71,30.65,59.68,22,45,1327
324795,Mahdi Camara,Midfield,Central Midfield,France,618,AS Saint-Étienne,FR1,ligue-1,France,2021,2021-22,24,35,3076,3,2,5,0.088,0.059,0.146,38,0.84,89.94,0.370967742,0.951612903,37.1,95.16,66.13,15,45,978
215977,Adrien Thomasson,Midfield,Central Midfield,France,667,RC Strasbourg Alsace,FR1,ligue-1,France,2021,2021-22,28,31,2395,8,4,12,0.301,0.15,0.451,38,1.66,70.03,0.806451613,0.5,80.65,50,65.32,16,46,1014
448854,Emmanuel Dennis,Attack,Centre-Forward,Nigeria,1010,Watford FC,GB1,premier-league,England,2021,2021-22,24,33,2590,10,6,16,0.347,0.208,0.556,38,0.61,75.73,0.680851064,0.617021277,68.09,61.7,64.89,14,46,1036
129476,Gerard Deulofeu,Attack,Centre-Forward,Spain,410,Udinese Calcio,IT1,serie-a,Italy,2021,2021-22,28,34,2629,13,5,18,0.445,0.171,0.616,38,1.24,76.87,0.583333333,0.666666667,58.33,66.67,62.5,11,46,1150
216804,Joakim Nilsson,Defender,Centre-Back,Sweden,10,Arminia Bielefeld,L1,bundesliga,Germany,2021,2021-22,28,31,2739,2,0,2,0.066,0,0.066,34,0.82,89.51,0.338709677,0.85483871,33.87,85.48,59.68,23,46,1332
273152,Nemanja Maksimovic,Midfield,Central Midfield,Serbia,3709,Getafe CF,ES1,laliga,Spain,2021,2021-22,27,35,2943,1,2,3,0.031,0.061,0.092,38,1.03,86.05,0.304347826,0.934782609,30.43,93.48,61.96,12,46,1194
111266,Anthony Losilla,Midfield,Defensive Midfield,France,80,VfL Bochum,L1,bundesliga,Germany,2021,2021-22,36,33,2916,2,0,2,0.062,0,0.062,34,1.24,95.29,0.214285714,0.976190476,21.43,97.62,59.52,13,47,1340
260827,Joachim Andersen,Defender,Centre-Back,Denmark,873,Crystal Palace,GB1,premier-league,England,2021,2021-22,26,34,2915,0,3,3,0,0.093,0.093,38,1.26,85.23,0.493150685,0.794520548,49.32,79.45,64.38,19,47,1067
164771,Jordan Veretout,Midfield,Central Midfield,France,12,Associazione Sportiva Roma,IT1,serie-a,Italy,2021,2021-22,29,36,2327,4,8,12,0.155,0.309,0.464,38,1.66,68.04,0.803278689,0.442622951,80.33,44.26,62.3,16,47,1174
532775,Melvin Bard,Defender,Left-Back,France,417,OGC Nice,FR1,ligue-1,France,2021,2021-22,21,33,2591,2,2,4,0.069,0.069,0.139,38,1.76,75.76,0.705128205,0.58974359,70.51,58.97,64.74,20,47,1045
65230,Sergio Busquets,Midfield,Defensive Midfield,Spain,131,FC Barcelona,ES1,laliga,Spain,2021,2021-22,33,36,3202,2,0,2,0.056,0,0.056,38,1.92,93.63,0.239130435,1,23.91,100,61.96,13,47,1195
236045,Denis Bouanga,Attack,Left Winger,Gabon,618,AS Saint-Étienne,FR1,ligue-1,France,2021,2021-22,27,34,2448,9,6,15,0.331,0.221,0.551,38,0.84,71.58,0.647058824,0.647058824,64.71,64.71,64.71,12,48,1047
278332,Florian Neuhaus,Midfield,Central Midfield,Germany,18,Borussia Mönchengladbach,L1,bundesliga,Germany,2021,2021-22,25,29,2106,4,4,8,0.171,0.171,0.342,34,1.32,68.82,0.714285714,0.452380952,71.43,45.24,58.33,14,48,1407
60410,Marcos Acuña,Defender,Left-Back,Argentina,368,Sevilla FC,ES1,laliga,Spain,2021,2021-22,30,31,2264,1,3,4,0.04,0.119,0.159,38,1.84,66.2,0.833333333,0.402777778,83.33,40.28,61.81,24,48,1209
134425,Raheem Sterling,Attack,Right Winger,England,281,Manchester City,GB1,premier-league,England,2021,2021-22,27,30,2127,13,6,19,0.55,0.254,0.804,38,2.45,62.19,0.914893617,0.361702128,91.49,36.17,63.83,15,48,1083
295183,Răzvan Marin,Midfield,Central Midfield,Romania,1390,Cagliari Calcio,IT1,serie-a,Italy,2021,2021-22,26,36,2815,0,6,6,0,0.192,0.192,38,0.79,82.31,0.426229508,0.786885246,42.62,78.69,60.66,17,48,1283
128223,Álvaro Morata,Attack,Centre-Forward,Spain,506,Juventus FC,IT1,serie-a,Italy,2021,2021-22,29,35,2312,9,7,16,0.35,0.272,0.623,38,1.84,67.6,0.638888889,0.555555556,63.89,55.56,59.72,12,49,1324
356141,Daichi Kamada,Midfield,Attacking Midfield,Japan,24,Eintracht Frankfurt,L1,bundesliga,Germany,2021,2021-22,25,32,2145,4,3,7,0.168,0.126,0.294,34,1.24,70.1,0.642857143,0.523809524,64.29,52.38,58.33,15,49,1408
618809,Manu Sánchez,Defender,Left-Back,Spain,331,CA Osasuna,ES1,laliga,Spain,2021,2021-22,21,33,2260,1,3,4,0.04,0.119,0.159,38,1.24,66.08,0.833333333,0.388888889,83.33,38.89,61.11,25,49,1252
112515,Marcos Alonso,Defender,Centre-Back,Spain,631,Chelsea FC,GB1,premier-league,England,2021,2021-22,31,28,2172,4,5,9,0.166,0.207,0.373,38,1.95,63.51,0.95890411,0.301369863,95.89,30.14,63.01,20,49,1124
120651,Vincent Le Goff,Defender,Left-Back,France,1158,FC Lorient,FR1,ligue-1,France,2021,2021-22,32,34,3060,1,1,2,0.029,0.029,0.059,38,0.95,89.47,0.41025641,0.871794872,41.03,87.18,64.1,21,49,1076
129129,João Pedro,Attack,Centre-Forward,Italy,1390,Cagliari Calcio,IT1,serie-a,Italy,2021,2021-22,30,37,3325,13,4,17,0.352,0.108,0.46,38,0.79,97.22,0.194444444,1,19.44,100,59.72,13,50,1325
124732,John Brooks,Defender,Centre-Back,United States,82,VfL Wolfsburg,L1,bundesliga,Germany,2021,2021-22,29,31,2617,1,1,2,0.034,0.034,0.069,34,1.24,85.52,0.35483871,0.790322581,35.48,79.03,57.26,24,50,1473
290249,Mauro Arambarri,Midfield,Central Midfield,Uruguay,3709,Getafe CF,ES1,laliga,Spain,2021,2021-22,26,31,2667,0,5,5,0,0.169,0.169,38,1.03,77.98,0.52173913,0.695652174,52.17,69.57,60.87,14,50,1266
406635,Phil Foden,Midfield,Attacking Midfield,England,281,Manchester City,GB1,premier-league,England,2021,2021-22,22,28,2134,9,5,14,0.38,0.211,0.59,38,2.45,62.4,0.94,0.32,94,32,63,15,50,1125
118278,Xavier Chavalerin,Midfield,Central Midfield,France,1095,ESTAC Troyes,FR1,ligue-1,France,2021,2021-22,31,34,2724,5,2,7,0.165,0.066,0.231,38,1,79.65,0.532258065,0.741935484,53.23,74.19,63.71,17,50,1088
484547,Jeremie Frimpong,Defender,Right-Back,Netherlands,15,Bayer 04 Leverkusen,L1,bundesliga,Germany,2021,2021-22,21,25,2062,1,6,7,0.044,0.262,0.306,34,1.88,67.39,0.919354839,0.209677419,91.94,20.97,56.45,25,51,1531
33571,Lorenzo De Silvestri,Defender,Right-Back,Italy,1025,Bologna Football Club 1909,IT1,serie-a,Italy,2021,2021-22,34,31,2297,3,2,5,0.118,0.078,0.196,38,1.21,67.16,0.828125,0.359375,82.81,35.94,59.38,21,51,1343
424784,Luis Suárez,Attack,Centre-Forward,Colombia,16795,Granada CF,ES1,laliga,Spain,2021,2021-22,24,37,2855,8,4,12,0.252,0.126,0.378,38,1,83.48,0.333333333,0.871794872,33.33,87.18,60.26,12,51,1297
145988,Wilfried Zaha,Attack,Left Winger,Cote d'Ivoire,873,Crystal Palace,GB1,premier-league,England,2021,2021-22,29,33,2762,14,1,15,0.456,0.033,0.489,38,1.26,80.76,0.574468085,0.680851064,57.45,68.09,62.77,16,51,1141
199704,Yunis Abdelhamid,Defender,Centre-Back,Morocco,1421,Stade Reims,FR1,ligue-1,France,2021,2021-22,34,34,2984,2,0,2,0.06,0,0.06,38,1.21,87.25,0.423076923,0.846153846,42.31,84.62,63.46,22,51,1108
158863,Iñigo Martínez,Defender,Centre-Back,Spain,621,Athletic Bilbao,ES1,laliga,Spain,2021,2021-22,31,27,2344,3,0,3,0.115,0,0.115,38,1.45,68.54,0.694444444,0.486111111,69.44,48.61,59.03,26,52,1368
243028,Jan Bednarek,Defender,Centre-Back,Poland,180,Southampton FC,GB1,premier-league,England,2021,2021-22,26,31,2631,4,0,4,0.137,0,0.137,38,1.05,76.93,0.712328767,0.534246575,71.23,53.42,62.33,21,52,1165
106405,Jeffrey Gouweleeuw,Defender,Centre-Back,Netherlands,167,FC Augsburg,L1,bundesliga,Germany,2021,2021-22,30,29,2578,2,0,2,0.07,0,0.07,34,1.12,84.25,0.370967742,0.758064516,37.1,75.81,56.45,26,52,1533
229004,Moussa Dembélé,Attack,Centre-Forward,France,1041,Olympique Lyon,FR1,ligue-1,France,2021,2021-22,25,30,2210,21,4,25,0.855,0.163,1.018,38,1.63,64.62,0.941176471,0.323529412,94.12,32.35,63.24,13,52,1115
205006,Rick Karsdorp,Defender,Right-Back,Netherlands,12,Associazione Sportiva Roma,IT1,serie-a,Italy,2021,2021-22,27,36,2891,0,2,2,0,0.062,0.062,38,1.66,84.53,0.34375,0.828125,34.38,82.81,58.59,22,52,1395
543387,Cheick Doucouré,Midfield,Defensive Midfield,Mali,826,RC Lens,FR1,ligue-1,France,2021,2021-22,22,34,2948,1,4,5,0.031,0.122,0.153,38,1.63,86.2,0.387096774,0.870967742,38.71,87.1,62.9,18,53,1126
405885,Giacomo Raspadori,Attack,Second Striker,Italy,6574,US Sassuolo,IT1,serie-a,Italy,2021,2021-22,22,36,2754,10,6,16,0.327,0.196,0.523,38,1.32,80.53,0.388888889,0.777777778,38.89,77.78,58.33,14,53,1404
57825,Jorge Molina,Attack,Centre-Forward,Spain,16795,Granada CF,ES1,laliga,Spain,2021,2021-22,40,35,1959,10,5,15,0.459,0.23,0.689,38,1,57.28,0.871794872,0.307692308,87.18,30.77,58.97,13,53,1370
125858,Kerem Demirbay,Midfield,Central Midfield,Germany,15,Bayer 04 Leverkusen,L1,bundesliga,Germany,2021,2021-22,28,29,2053,1,7,8,0.044,0.307,0.351,34,1.88,67.09,0.761904762,0.357142857,76.19,35.71,55.95,16,53,1566
29241,Thiago Silva,Defender,Centre-Back,Brazil,631,Chelsea FC,GB1,premier-league,England,2021,2021-22,37,32,2651,3,1,4,0.102,0.034,0.136,38,1.95,77.51,0.684931507,0.561643836,68.49,56.16,62.33,22,53,1166
257062,Álvaro García,Attack,Left Winger,Spain,367,Rayo Vallecano,ES1,laliga,Spain,2021,2021-22,29,36,3005,7,5,12,0.21,0.15,0.359,38,1.11,87.87,0.256410256,0.923076923,25.64,92.31,58.97,14,54,1371
250779,Brendan Chardonnet,Defender,Centre-Back,France,3911,Stade Brestois 29,FR1,ligue-1,France,2021,2021-22,27,32,2687,3,0,3,0.1,0,0.1,38,1.26,78.57,0.58974359,0.666666667,58.97,66.67,62.82,23,54,1133
61651,Jordan Henderson,Midfield,Defensive Midfield,England,31,Liverpool FC,GB1,premier-league,England,2021,2021-22,32,35,2603,2,5,7,0.069,0.173,0.242,38,2.42,76.11,0.62,0.62,62,62,62,16,54,1192
84435,Kevin Vogt,Defender,Centre-Back,Germany,533,TSG 1899 Hoffenheim,L1,bundesliga,Germany,2021,2021-22,30,30,2570,0,2,2,0,0.07,0.07,34,1.35,83.99,0.370967742,0.741935484,37.1,74.19,55.65,27,54,1592
387234,Szymon Żurkowski,Midfield,Central Midfield,Poland,749,FC Empoli,IT1,serie-a,Italy,2021,2021-22,24,35,2318,6,3,9,0.233,0.116,0.349,38,1.08,67.78,0.737704918,0.426229508,73.77,42.62,58.2,18,54,1412
353796,Giulio Maggiore,Midfield,Central Midfield,Italy,3522,Spezia Calcio,IT1,serie-a,Italy,2021,2021-22,24,35,2833,2,3,5,0.064,0.095,0.159,38,0.95,82.84,0.344262295,0.819672131,34.43,81.97,58.2,19,55,1413
32467,Ivan Rakitic,Midfield,Central Midfield,Croatia,368,Sevilla FC,ES1,laliga,Spain,2021,2021-22,34,35,2187,4,6,10,0.165,0.247,0.412,38,1.84,63.95,0.891304348,0.282608696,89.13,28.26,58.7,15,55,1390
333647,Jonathan Burkardt,Attack,Centre-Forward,Germany,39,1.FSV Mainz 05,L1,bundesliga,Germany,2021,2021-22,21,34,2632,11,3,14,0.376,0.103,0.479,34,1.35,86.01,0.3,0.8,30,80,55,12,55,1638
293569,Josh Brownhill,Midfield,Central Midfield,England,1132,Burnley FC,GB1,premier-league,England,2021,2021-22,26,35,2953,2,3,5,0.061,0.091,0.152,38,0.92,86.35,0.4,0.82,40,82,61,17,55,1261
386057,Julien Laporte,Defender,Centre-Back,France,1158,FC Lorient,FR1,ligue-1,France,2021,2021-22,28,33,2892,2,0,2,0.062,0,0.062,38,0.95,84.56,0.448717949,0.807692308,44.87,80.77,62.82,24,55,1134
321528,Denzel Dumfries,Defender,Right-Back,Netherlands,46,Inter Milan,IT1,serie-a,Italy,2021,2021-22,26,33,2026,5,5,10,0.222,0.222,0.444,38,2.21,59.24,1,0.15625,100,15.63,57.81,23,56,1441
598577,Florian Wirtz,Midfield,Attacking Midfield,Germany,15,Bayer 04 Leverkusen,L1,bundesliga,Germany,2021,2021-22,19,24,1863,7,10,17,0.338,0.483,0.821,34,1.88,60.88,0.976190476,0.071428571,97.62,7.14,52.38,17,56,1785
378953,Gerzino Nyamsi,Defender,Centre-Back,Cameroon,667,RC Strasbourg Alsace,FR1,ligue-1,France,2021,2021-22,25,34,2983,0,2,2,0,0.06,0.06,38,1.66,87.22,0.423076923,0.833333333,42.31,83.33,62.82,25,56,1136
188854,Manu Trigueros,Midfield,Central Midfield,Spain,1050,Villarreal CF,ES1,laliga,Spain,2021,2021-22,30,35,2190,6,4,10,0.247,0.164,0.411,38,1.55,64.04,0.869565217,0.304347826,86.96,30.43,58.7,16,56,1391
378710,Richarlison,Attack,Centre-Forward,Brazil,29,Everton FC,GB1,premier-league,England,2021,2021-22,25,30,2528,10,5,15,0.356,0.178,0.534,38,1.03,73.92,0.617021277,0.595744681,61.7,59.57,60.64,17,56,1284
413112,Aurélien Tchouaméni,Midfield,Defensive Midfield,France,162,AS Monaco,FR1,ligue-1,France,2021,2021-22,22,35,2931,3,2,5,0.092,0.061,0.154,38,1.82,85.7,0.403225806,0.838709677,40.32,83.87,62.1,19,57,1189
16306,Casemiro,Midfield,Defensive Midfield,Brazil,418,Real Madrid,ES1,laliga,Spain,2021,2021-22,30,32,2576,1,4,5,0.035,0.14,0.175,38,2.26,75.32,0.565217391,0.608695652,56.52,60.87,58.7,17,57,1392
418560,Erling Haaland,Attack,Centre-Forward,Norway,16,Borussia Dortmund,L1,bundesliga,Germany,2021,2021-22,21,24,1915,22,8,30,1.034,0.376,1.41,34,2.03,62.58,1,0.033333333,100,3.33,51.67,13,57,1839
57280,Giacomo Bonaventura,Midfield,Attacking Midfield,Italy,430,ACF Fiorentina,IT1,serie-a,Italy,2021,2021-22,32,31,2280,4,8,12,0.158,0.316,0.474,38,1.63,66.67,0.836065574,0.31147541,83.61,31.15,57.38,20,57,1467
730893,Tyrick Mitchell,Defender,Left-Back,England,873,Crystal Palace,GB1,premier-league,England,2021,2021-22,22,36,3103,0,2,2,0,0.058,0.058,38,1.26,90.73,0.301369863,0.904109589,30.14,90.41,60.27,23,57,1296
95963,Germán Sánchez,Defender,Centre-Back,Spain,16795,Granada CF,ES1,laliga,Spain,2021,2021-22,35,32,2297,2,1,3,0.078,0.039,0.118,38,1,67.16,0.722222222,0.430555556,72.22,43.06,57.64,27,58,1447
503749,Jacob Ramsey,Midfield,Central Midfield,England,405,Aston Villa,GB1,premier-league,England,2021,2021-22,21,34,2479,6,1,7,0.218,0.036,0.254,38,1.18,72.49,0.64,0.56,64,56,60,18,58,1312
119234,Karim Onisiwo,Attack,Centre-Forward,Austria,39,1.FSV Mainz 05,L1,bundesliga,Germany,2021,2021-22,30,31,2378,5,9,14,0.189,0.341,0.53,34,1.35,77.71,0.433333333,0.6,43.33,60,51.67,14,58,1840
315110,Karl Toko Ekambi,Attack,Centre-Forward,Cameroon,1041,Olympique Lyon,FR1,ligue-1,France,2021,2021-22,29,30,2304,12,5,17,0.469,0.195,0.664,38,1.63,67.37,0.823529412,0.411764706,82.35,41.18,61.76,14,58,1210
342405,Mattias Svanberg,Midfield,Central Midfield,Sweden,1025,Bologna Football Club 1909,IT1,serie-a,Italy,2021,2021-22,23,36,2574,3,3,6,0.105,0.105,0.21,38,1.21,75.26,0.459016393,0.68852459,45.9,68.85,57.38,21,58,1468
354352,Frédéric Guilbert,Defender,Right-Back,France,667,RC Strasbourg Alsace,FR1,ligue-1,France,2021,2021-22,27,33,2520,0,4,4,0,0.143,0.143,38,1.66,73.68,0.730769231,0.487179487,73.08,48.72,60.9,26,59,1264
646740,Gavi,Midfield,Central Midfield,Spain,131,FC Barcelona,ES1,laliga,Spain,2021,2021-22,17,34,2326,2,6,8,0.077,0.232,0.31,38,1.92,68.01,0.782608696,0.369565217,78.26,36.96,57.61,18,59,1452
284857,Marc Cucurella,Defender,Left-Back,Spain,1237,Brighton & Hove Albion,GB1,premier-league,England,2021,2021-22,23,35,3092,1,1,2,0.029,0.029,0.058,38,1.34,90.41,0.301369863,0.890410959,30.14,89.04,59.59,24,59,1334
226524,Morten Thorsby,Midfield,Central Midfield,Norway,1038,UC Sampdoria,IT1,serie-a,Italy,2021,2021-22,26,35,2954,3,1,4,0.091,0.03,0.122,38,0.95,86.37,0.229508197,0.918032787,22.95,91.8,57.38,22,59,1469
323831,Rafael Borré,Attack,Centre-Forward,Colombia,24,Eintracht Frankfurt,L1,bundesliga,Germany,2021,2021-22,26,31,2391,8,6,14,0.301,0.226,0.527,34,1.24,78.14,0.4,0.633333333,40,63.33,51.67,15,59,1841
326330,Frenkie de Jong,Midfield,Central Midfield,Netherlands,131,FC Barcelona,ES1,laliga,Spain,2021,2021-22,25,32,2487,3,3,6,0.109,0.109,0.217,38,1.92,72.72,0.652173913,0.5,65.22,50,57.61,19,60,1453
42460,Ivan Perišić,Attack,Left Winger,Croatia,46,Inter Milan,IT1,serie-a,Italy,2021,2021-22,33,35,2839,8,7,15,0.254,0.222,0.476,38,2.21,83.01,0.25,0.888888889,25,88.89,56.94,15,60,1496
27389,Kévin Gameiro,Attack,Centre-Forward,France,667,RC Strasbourg Alsace,FR1,ligue-1,France,2021,2021-22,35,35,2396,11,4,15,0.413,0.15,0.563,38,1.66,70.06,0.676470588,0.529411765,67.65,52.94,60.29,15,60,1294
225161,Rúben Neves,Midfield,Defensive Midfield,Portugal,543,Wolverhampton Wanderers,GB1,premier-league,England,2021,2021-22,25,33,2662,4,2,6,0.135,0.068,0.203,38,1.34,77.84,0.52,0.66,52,66,59,19,60,1369
546213,Tuta,Defender,Centre-Back,Brazil,24,Eintracht Frankfurt,L1,bundesliga,Germany,2021,2021-22,22,26,2187,4,0,4,0.165,0,0.165,34,1.24,71.47,0.709677419,0.322580645,70.97,32.26,51.61,28,60,1846
501418,Adrià Pedrosa,Defender,Left-Back,Spain,714,RCD Espanyol Barcelona,ES1,laliga,Spain,2021,2021-22,24,31,2723,1,1,2,0.033,0.033,0.066,38,1.11,79.62,0.416666667,0.722222222,41.67,72.22,56.94,28,61,1498
167329,Alassane Pléa,Attack,Centre-Forward,France,18,Borussia Mönchengladbach,L1,bundesliga,Germany,2021,2021-22,29,33,2053,10,8,18,0.438,0.351,0.789,34,1.32,67.09,0.733333333,0.266666667,73.33,26.67,50,16,61,1924
315865,Andrea Pinamonti,Attack,Centre-Forward,Italy,749,FC Empoli,IT1,serie-a,Italy,2021,2021-22,23,36,2872,13,2,15,0.407,0.063,0.47,38,1.08,83.98,0.222222222,0.916666667,22.22,91.67,56.94,16,61,1497
195633,Charlie Taylor,Defender,Left-Back,England,1132,Burnley FC,GB1,premier-league,England,2021,2021-22,28,31,2730,0,3,3,0,0.099,0.099,38,0.92,79.82,0.534246575,0.643835616,53.42,64.38,58.9,25,61,1381
277635,Rominigue Kouamé,Midfield,Central Midfield,Mali,1095,ESTAC Troyes,FR1,ligue-1,France,2021,2021-22,25,34,2976,1,2,3,0.03,0.06,0.091,38,1,87.02,0.274193548,0.919354839,27.42,91.94,59.68,20,61,1331
157507,Adrien Tamèze,Midfield,Defensive Midfield,France,276,Hellas Verona,IT1,serie-a,Italy,2021,2021-22,28,38,2573,4,2,6,0.14,0.07,0.21,38,1.39,75.23,0.459016393,0.672131148,45.9,67.21,56.56,23,62,1523
198008,André Silva,Attack,Centre-Forward,Portugal,23826,RB Leipzig,L1,bundesliga,Germany,2021,2021-22,26,33,2080,11,5,16,0.476,0.216,0.692,34,1.71,67.97,0.666666667,0.333333333,66.67,33.33,50,17,62,1925
212804,Florian Tardieu,Midfield,Central Midfield,France,1095,ESTAC Troyes,FR1,ligue-1,France,2021,2021-22,30,30,2631,4,2,6,0.137,0.068,0.205,38,1,76.93,0.5,0.677419355,50,67.74,58.87,21,62,1384
30321,Óscar Trejo,Midfield,Attacking Midfield,Argentina,367,Rayo Vallecano,ES1,laliga,Spain,2021,2021-22,34,32,2022,3,9,12,0.134,0.401,0.534,38,1.11,59.12,0.97826087,0.152173913,97.83,15.22,56.52,20,62,1526
339556,Rico Henry,Defender,Left-Back,Jamaica,1148,Brentford FC,GB1,premier-league,England,2021,2021-22,24,34,2784,3,0,3,0.097,0,0.097,38,1.21,81.4,0.506849315,0.671232877,50.68,67.12,58.9,26,62,1382
237662,Breel Embolo,Attack,Centre-Forward,Switzerland,18,Borussia Mönchengladbach,L1,bundesliga,Germany,2021,2021-22,25,29,2145,9,4,13,0.378,0.168,0.545,34,1.32,70.1,0.533333333,0.466666667,53.33,46.67,50,18,63,1933
262523,Davide Calabria,Defender,Right-Back,Italy,5,AC Milan,IT1,serie-a,Italy,2021,2021-22,25,26,2124,2,3,5,0.085,0.127,0.212,38,2.26,62.11,0.84375,0.28125,84.38,28.13,56.25,24,63,1551
76467,Kiko Femenía,Defender,Right-Back,Spain,1010,Watford FC,GB1,premier-league,England,2021,2021-22,31,27,2150,0,5,5,0,0.209,0.209,38,0.61,62.87,0.890410959,0.273972603,89.04,27.4,58.22,27,63,1411
28003,Lionel Messi,Attack,Right Winger,Argentina,583,Paris Saint-Germain,FR1,ligue-1,France,2021,2021-22,35,26,2152,6,15,21,0.251,0.627,0.878,38,2.26,62.92,0.911764706,0.235294118,91.18,23.53,57.35,16,63,1470
140776,Yannick Carrasco,Attack,Left Winger,Belgium,13,Atlético de Madrid,ES1,laliga,Spain,2021,2021-22,28,34,2593,6,6,12,0.208,0.208,0.417,38,1.87,75.82,0.461538462,0.666666667,46.15,66.67,56.41,15,63,1539
127187,Abdoulaye Doucouré,Midfield,Attacking Midfield,Mali,29,Everton FC,GB1,premier-league,England,2021,2021-22,29,30,2538,2,4,6,0.071,0.142,0.213,38,1.03,74.21,0.58,0.58,58,58,58,20,64,1422
315853,Alessandro Bastoni,Defender,Centre-Back,Italy,46,Inter Milan,IT1,serie-a,Italy,2021,2021-22,23,31,2321,1,3,4,0.039,0.116,0.155,38,2.21,67.87,0.75,0.375,75,37.5,56.25,25,64,1554
453016,Anthony Caci,Defender,Right-Back,France,667,RC Strasbourg Alsace,FR1,ligue-1,France,2021,2021-22,24,37,2394,1,3,4,0.038,0.113,0.15,38,1.66,70,0.756410256,0.384615385,75.64,38.46,57.05,27,64,1482
324278,Christoph Baumgartner,Midfield,Attacking Midfield,Austria,533,TSG 1899 Hoffenheim,L1,bundesliga,Germany,2021,2021-22,22,29,1896,7,1,8,0.332,0.047,0.38,34,1.35,61.96,0.80952381,0.19047619,80.95,19.05,50,18,64,1946
27992,Luka Modrić,Midfield,Central Midfield,Croatia,418,Real Madrid,ES1,laliga,Spain,2021,2021-22,36,28,2046,2,8,10,0.088,0.352,0.44,38,2.26,59.82,0.934782609,0.173913043,93.48,17.39,55.43,21,64,1608
221150,Dakonam Djené,Defender,Centre-Back,Togo,3709,Getafe CF,ES1,laliga,Spain,2021,2021-22,30,35,3117,0,1,1,0,0.029,0.029,38,1.03,91.14,0.194444444,0.902777778,19.44,90.28,54.86,29,65,1646
422850,Ghislain Konan,Defender,Left-Back,Cote d'Ivoire,1421,Stade Reims,FR1,ligue-1,France,2021,2021-22,26,28,2422,1,3,4,0.037,0.111,0.149,38,1.21,70.82,0.743589744,0.397435897,74.36,39.74,57.05,28,65,1483
357003,Martin Erlić,Defender,Centre-Back,Croatia,3522,Spezia Calcio,IT1,serie-a,Italy,2021,2021-22,24,30,2578,2,1,3,0.07,0.035,0.105,38,0.95,75.38,0.5625,0.5625,56.25,56.25,56.25,26,65,1555
167799,Pierre-Emile Højbjerg,Midfield,Defensive Midfield,Denmark,148,Tottenham Hotspur,GB1,premier-league,England,2021,2021-22,26,36,3199,2,2,4,0.056,0.056,0.113,38,1.87,93.54,0.2,0.96,20,96,58,21,65,1423
94201,Robin Knoche,Defender,Centre-Back,Germany,89,1.FC Union Berlin,L1,bundesliga,Germany,2021,2021-22,30,33,2970,0,0,0,0,0,0,34,1.68,97.06,0,0.983870968,0,98.39,49.19,29,65,2014
111058,Arnaud Souquet,Defender,Right-Back,France,969,Montpellier HSC,FR1,ligue-1,France,2021,2021-22,30,34,2341,1,3,4,0.038,0.115,0.154,38,1.13,68.45,0.782051282,0.346153846,78.21,34.62,56.41,29,66,1540
296397,Arne Maier,Midfield,Central Midfield,Germany,167,FC Augsburg,L1,bundesliga,Germany,2021,2021-22,23,29,1872,1,7,8,0.048,0.337,0.385,34,1.12,61.18,0.833333333,0.142857143,83.33,14.29,48.81,19,66,2043
398065,Harvey Barnes,Attack,Left Winger,England,1003,Leicester City,GB1,premier-league,England,2021,2021-22,24,32,2105,6,10,16,0.257,0.428,0.684,38,1.37,61.55,0.808510638,0.340425532,80.85,34.04,57.45,18,66,1461
221322,José Gayà,Defender,Left-Back,Spain,1049,Valencia CF,ES1,laliga,Spain,2021,2021-22,27,24,1874,2,5,7,0.096,0.24,0.336,38,1.26,54.8,0.972222222,0.111111111,97.22,11.11,54.17,30,66,1699
205938,Mario Pašalić,Midfield,Central Midfield,Croatia,800,Atalanta BC,IT1,serie-a,Italy,2021,2021-22,27,37,2008,13,7,20,0.583,0.314,0.896,38,1.55,58.71,1,0.114754098,100,11.48,55.74,24,66,1582
126281,Alexander Hack,Defender,Centre-Back,Germany,39,1.FSV Mainz 05,L1,bundesliga,Germany,2021,2021-22,28,28,2076,3,1,4,0.13,0.043,0.173,34,1.35,67.84,0.741935484,0.225806452,74.19,22.58,48.39,30,67,2079
266807,Ángel Correa,Attack,Second Striker,Argentina,13,Atlético de Madrid,ES1,laliga,Spain,2021,2021-22,27,36,1857,12,5,17,0.582,0.242,0.824,38,1.87,54.3,0.923076923,0.153846154,92.31,15.38,53.85,16,67,1713
144028,Leandro Trossard,Attack,Left Winger,Belgium,1237,Brighton & Hove Albion,GB1,premier-league,England,2021,2021-22,27,34,2809,8,3,11,0.256,0.096,0.352,38,1.34,82.13,0.425531915,0.723404255,42.55,72.34,57.45,19,67,1462
290862,Maxime Lopez,Midfield,Defensive Midfield,France,6574,US Sassuolo,IT1,serie-a,Italy,2021,2021-22,24,35,2939,2,2,4,0.061,0.061,0.122,38,1.32,85.94,0.229508197,0.885245902,22.95,88.52,55.74,25,67,1583
314944,Ricardo Mangas,Defender,Left-Back,Portugal,40,FC Girondins Bordeaux,FR1,ligue-1,France,2021,2021-22,24,29,2358,3,1,4,0.115,0.038,0.153,38,0.82,68.95,0.769230769,0.358974359,76.92,35.9,56.41,30,67,1541
118397,Alessandro Schöpf,Midfield,Central Midfield,Austria,10,Arminia Bielefeld,L1,bundesliga,Germany,2021,2021-22,28,31,2405,1,1,2,0.037,0.037,0.075,34,0.82,78.59,0.238095238,0.714285714,23.81,71.43,47.62,20,68,2131
413039,Bryan Mbeumo,Attack,Right Winger,Cameroon,1148,Brentford FC,GB1,premier-league,England,2021,2021-22,22,35,2916,4,7,11,0.123,0.216,0.34,38,1.21,85.26,0.340425532,0.808510638,34.04,80.85,57.45,20,68,1463
149231,Fidel,Attack,Left Winger,Spain,1531,Elche CF,ES1,laliga,Spain,2021,2021-22,32,33,2279,5,6,11,0.197,0.237,0.434,38,1.11,66.64,0.512820513,0.564102564,51.28,56.41,53.85,17,68,1714
274862,Moses Simon,Attack,Left Winger,Nigeria,995,FC Nantes,FR1,ligue-1,France,2021,2021-22,26,30,2351,6,8,14,0.23,0.306,0.536,38,1.45,68.74,0.617647059,0.5,61.76,50,55.88,17,68,1571
401923,Victor Osimhen,Attack,Centre-Forward,Nigeria,6195,SSC Napoli,IT1,serie-a,Italy,2021,2021-22,23,27,1993,14,5,19,0.632,0.226,0.858,38,2.08,58.27,0.888888889,0.222222222,88.89,22.22,55.56,17,68,1594
315867,Gianluca Scamacca,Attack,Centre-Forward,Italy,6574,US Sassuolo,IT1,serie-a,Italy,2021,2021-22,23,36,2152,16,0,16,0.669,0,0.669,38,1.32,62.92,0.722222222,0.388888889,72.22,38.89,55.56,18,69,1595
102017,Jorginho,Midfield,Defensive Midfield,Italy,631,Chelsea FC,GB1,premier-league,England,2021,2021-22,30,29,2279,6,2,8,0.237,0.079,0.316,38,1.95,66.64,0.74,0.4,74,40,57,22,69,1490
347913,Luan Peres,Defender,Centre-Back,Brazil,244,Olympique Marseille,FR1,ligue-1,France,2021,2021-22,27,34,2677,0,2,2,0,0.067,0.067,38,1.87,78.27,0.461538462,0.653846154,46.15,65.38,55.77,31,69,1580
124410,Rani Khedira,Midfield,Defensive Midfield,Tunisia,89,1.FC Union Berlin,L1,bundesliga,Germany,2021,2021-22,28,32,2765,0,1,1,0,0.033,0.033,34,1.68,90.36,0.047619048,0.904761905,4.76,90.48,47.62,21,69,2132
380598,Santi Comesaña,Midfield,Central Midfield,Spain,367,Rayo Vallecano,ES1,laliga,Spain,2021,2021-22,25,35,2696,1,2,3,0.033,0.067,0.1,38,1.11,78.83,0.347826087,0.717391304,34.78,71.74,53.26,22,69,1745
84301,Benjamin André,Midfield,Defensive Midfield,France,1082,LOSC Lille,FR1,ligue-1,France,2021,2021-22,31,33,2764,2,1,3,0.065,0.033,0.098,38,1.45,80.82,0.322580645,0.790322581,32.26,79.03,55.65,22,70,1591
447661,Douglas Luiz,Midfield,Central Midfield,Brazil,405,Aston Villa,GB1,premier-league,England,2021,2021-22,24,34,2722,2,3,5,0.066,0.099,0.165,38,1.18,79.59,0.44,0.7,44,70,57,23,70,1491
159372,Felipe Anderson,Attack,Left Winger,Brazil,398,Società Sportiva Lazio S.p.A.,IT1,serie-a,Italy,2021,2021-22,29,38,2902,6,8,14,0.186,0.248,0.434,38,1.68,84.85,0.138888889,0.944444444,13.89,94.44,54.17,19,70,1697
341264,Fran García,Defender,Left-Back,Spain,367,Rayo Vallecano,ES1,laliga,Spain,2021,2021-22,22,34,3026,1,0,1,0.03,0,0.03,38,1.11,88.48,0.208333333,0.847222222,20.83,84.72,52.78,31,70,1766
170986,Raphaël Guerreiro,Defender,Left-Back,Portugal,16,Borussia Dortmund,L1,bundesliga,Germany,2021,2021-22,28,23,1804,4,3,7,0.2,0.15,0.349,34,2.03,58.95,0.951612903,0,95.16,0,47.58,31,70,2133
450417,Dylan Bronn,Defender,Centre-Back,Tunisia,347,FC Metz,FR1,ligue-1,France,2021,2021-22,27,30,2545,1,2,3,0.035,0.071,0.106,38,0.82,74.42,0.602564103,0.5,60.26,50,55.13,32,71,1629
353892,Hiroki Ito,Defender,Centre-Back,Japan,79,VfB Stuttgart,L1,bundesliga,Germany,2021,2021-22,23,29,2348,1,1,2,0.038,0.038,0.077,34,0.97,76.73,0.403225806,0.548387097,40.32,54.84,47.58,32,71,2138
278837,Luis Rioja,Attack,Right Winger,Spain,1108,Deportivo Alavés,ES1,laliga,Spain,2021,2021-22,28,37,3129,1,3,4,0.029,0.086,0.115,38,0.82,91.49,0.051282051,1,5.13,100,52.56,18,71,1775
390177,Nedim Bajrami,Midfield,Attacking Midfield,Albania,749,FC Empoli,IT1,serie-a,Italy,2021,2021-22,23,35,2062,6,7,13,0.262,0.306,0.567,38,1.08,60.29,0.918032787,0.163934426,91.8,16.39,54.1,26,71,1701
158764,Stuart Dallas,Defender,Right-Back,Northern Ireland,399,Leeds United,GB1,premier-league,England,2021,2021-22,31,34,2922,1,1,2,0.031,0.031,0.062,38,1,85.44,0.328767123,0.808219178,32.88,80.82,56.85,28,71,1506
173859,Davide Zappacosta,Midfield,Right Midfield,Italy,800,Atalanta BC,IT1,serie-a,Italy,2021,2021-22,30,34,2355,1,6,7,0.038,0.229,0.268,38,1.55,68.86,0.590163934,0.491803279,59.02,49.18,54.1,27,72,1702
216870,Nacho Vidal,Defender,Right-Back,Spain,331,CA Osasuna,ES1,laliga,Spain,2021,2021-22,27,35,2906,0,1,1,0,0.031,0.031,38,1.24,84.97,0.222222222,0.805555556,22.22,80.56,51.39,32,72,1863
284732,Ramy Bensebaini,Defender,Centre-Back,Algeria,18,Borussia Mönchengladbach,L1,bundesliga,Germany,2021,2021-22,27,23,1999,4,2,6,0.18,0.09,0.27,34,1.32,65.33,0.822580645,0.112903226,82.26,11.29,46.77,33,72,2186
157672,Vladimír Coufal,Defender,Right-Back,Czech Republic,379,West Ham United,GB1,premier-league,England,2021,2021-22,29,28,2211,0,4,4,0,0.163,0.163,38,1.47,64.65,0.794520548,0.328767123,79.45,32.88,56.16,29,72,1557
395236,Yacine Adli,Midfield,Defensive Midfield,Algeria,40,FC Girondins Bordeaux,FR1,ligue-1,France,2021,2021-22,21,36,2263,1,8,9,0.04,0.318,0.358,38,0.82,66.17,0.725806452,0.370967742,72.58,37.1,54.84,23,72,1648
141050,Danilo Pereira,Defender,Centre-Back,Portugal,583,Paris Saint-Germain,FR1,ligue-1,France,2021,2021-22,30,27,2037,5,0,5,0.221,0,0.221,38,2.26,59.56,0.923076923,0.153846154,92.31,15.38,53.85,33,73,1715
93604,Lukas Kübler,Defender,Right-Back,Germany,60,SC Freiburg,L1,bundesliga,Germany,2021,2021-22,29,29,2338,2,0,2,0.077,0,0.077,34,1.62,76.41,0.403225806,0.532258065,40.32,53.23,46.77,34,73,2187
423440,Martín Zubimendi,Midfield,Defensive Midfield,Spain,681,Real Sociedad,ES1,laliga,Spain,2021,2021-22,23,36,2584,2,1,3,0.07,0.035,0.104,38,1.63,75.56,0.369565217,0.652173913,36.96,65.22,51.09,23,73,1887
200188,Mattia Aramu,Midfield,Attacking Midfield,Italy,607,Venezia FC,IT1,serie-a,Italy,2021,2021-22,27,32,2110,7,5,12,0.299,0.213,0.512,38,0.71,61.7,0.868852459,0.196721311,86.89,19.67,53.28,28,73,1743
46001,Moussa Sissoko,Midfield,Central Midfield,France,1010,Watford FC,GB1,premier-league,England,2021,2021-22,32,36,3221,2,1,3,0.056,0.028,0.084,38,0.61,94.18,0.12,1,12,100,56,24,73,1564
524000,Dani Vivian,Defender,Centre-Back,Spain,621,Athletic Bilbao,ES1,laliga,Spain,2021,2021-22,22,24,1985,2,1,3,0.091,0.045,0.136,38,1.45,58.04,0.763888889,0.222222222,76.39,22.22,49.31,33,74,1998
135343,Fabian Schär,Defender,Centre-Back,Switzerland,762,Newcastle United,GB1,premier-league,England,2021,2021-22,30,25,2161,2,2,4,0.083,0.083,0.167,38,1.29,63.19,0.821917808,0.287671233,82.19,28.77,55.48,30,74,1603
624690,Manu Koné,Midfield,Central Midfield,France,18,Borussia Mönchengladbach,L1,bundesliga,Germany,2021,2021-22,21,27,2175,2,1,3,0.083,0.041,0.124,34,1.32,71.08,0.380952381,0.547619048,38.1,54.76,46.43,22,74,2212
41384,Marko Arnautovic,Attack,Centre-Forward,Austria,1025,Bologna Football Club 1909,IT1,serie-a,Italy,2021,2021-22,33,33,2705,14,1,15,0.466,0.033,0.499,38,1.21,79.09,0.333333333,0.722222222,33.33,72.22,52.78,20,74,1765
68290,Neymar,Midfield,Attacking Midfield,Brazil,583,Paris Saint-Germain,FR1,ligue-1,France,2021,2021-22,30,22,1861,13,6,19,0.629,0.29,0.919,38,2.26,54.42,1,0.064516129,100,6.45,53.23,24,74,1746
372712,Ibrahima Sissoko,Midfield,Defensive Midfield,Mali,667,RC Strasbourg Alsace,FR1,ligue-1,France,2021,2021-22,24,35,2307,2,6,8,0.078,0.234,0.312,38,1.66,67.46,0.661290323,0.403225806,66.13,40.32,53.23,25,75,1747
67420,Luke Ayling,Defender,Right-Back,,399,Leeds United,GB1,premier-league,England,2021,2021-22,30,26,2275,2,2,4,0.079,0.079,0.158,38,1,66.52,0.767123288,0.342465753,76.71,34.25,55.48,31,75,1604
156617,Marcelo Brozović,Midfield,Defensive Midfield,Croatia,46,Inter Milan,IT1,serie-a,Italy,2021,2021-22,29,35,2949,2,1,3,0.061,0.031,0.092,38,2.21,86.23,0.147540984,0.901639344,14.75,90.16,52.46,29,75,1781
282411,Marcos Llorente,Defender,Right-Back,Spain,13,Atlético de Madrid,ES1,laliga,Spain,2021,2021-22,27,29,2456,0,2,2,0,0.073,0.073,38,1.87,71.81,0.430555556,0.555555556,43.06,55.56,49.31,34,75,1999
190284,Maximilian Eggestein,Midfield,Central Midfield,Germany,60,SC Freiburg,L1,bundesliga,Germany,2021,2021-22,25,31,2205,1,2,3,0.041,0.082,0.122,34,1.62,72.06,0.357142857,0.571428571,35.71,57.14,46.43,23,75,2213
368891,Arthur Theate,Defender,Centre-Back,Belgium,1025,Bologna Football Club 1909,IT1,serie-a,Italy,2021,2021-22,22,31,2427,2,1,3,0.074,0.037,0.111,38,1.21,70.96,0.578125,0.46875,57.81,46.88,52.34,27,76,1788
342385,Guido Rodríguez,Midfield,Defensive Midfield,Argentina,150,Real Betis Balompié,ES1,laliga,Spain,2021,2021-22,28,32,2533,1,2,3,0.036,0.071,0.107,38,1.71,74.06,0.391304348,0.586956522,39.13,58.7,48.91,24,76,2029
341051,Kyle Walker-Peters,Defender,Right-Back,England,180,Southampton FC,GB1,premier-league,England,2021,2021-22,25,32,2632,1,2,3,0.034,0.068,0.103,38,1.05,76.96,0.547945205,0.547945205,54.79,54.79,54.79,32,76,1652
261905,Suat Serdar,Midfield,Central Midfield,Germany,44,Hertha BSC,L1,bundesliga,Germany,2021,2021-22,25,30,2226,3,0,3,0.121,0,0.121,34,0.97,72.75,0.333333333,0.595238095,33.33,59.52,46.43,24,76,2214
361093,Sven Botman,Defender,Centre-Back,Netherlands,1082,LOSC Lille,FR1,ligue-1,France,2021,2021-22,22,25,2250,3,1,4,0.12,0.04,0.16,38,1.45,65.79,0.807692308,0.256410256,80.77,25.64,53.21,34,76,1750
65318,Jaume Costa,Defender,Left-Back,Spain,237,RCD Mallorca,ES1,laliga,Spain,2021,2021-22,34,25,1833,0,4,4,0,0.196,0.196,38,1.03,53.6,0.930555556,0.041666667,93.06,4.17,48.61,35,77,2057
197470,Mattia Caldara,Defender,Centre-Back,Italy,607,Venezia FC,IT1,serie-a,Italy,2021,2021-22,28,31,2703,1,1,2,0.033,0.033,0.067,38,0.71,79.04,0.359375,0.6875,35.94,68.75,52.34,28,77,1789
471690,Max Aarons,Defender,Right-Back,England,1123,Norwich City,GB1,premier-league,England,2021,2021-22,22,34,2882,0,2,2,0,0.062,0.062,38,0.58,84.27,0.328767123,0.767123288,32.88,76.71,54.79,33,77,1653
244940,Salih Özcan,Midfield,Defensive Midfield,Türkiye,3,1.FC Köln,L1,bundesliga,Germany,2021,2021-22,24,31,2309,2,1,3,0.078,0.039,0.117,34,1.53,75.46,0.30952381,0.619047619,30.95,61.9,46.43,25,77,2215
538874,Terem Moffi,Attack,Centre-Forward,Nigeria,1158,FC Lorient,FR1,ligue-1,France,2021,2021-22,23,37,2735,8,4,12,0.263,0.132,0.395,38,0.95,79.97,0.294117647,0.764705882,29.41,76.47,52.94,18,77,1757
251878,Aarón Martín,Defender,Left-Back,Spain,39,1.FSV Mainz 05,L1,bundesliga,Germany,2021,2021-22,25,28,2296,1,1,2,0.039,0.039,0.078,34,1.35,75.03,0.435483871,0.483870968,43.55,48.39,45.97,35,78,2245
605184,Jean-Clair Todibo,Defender,Centre-Back,France,417,OGC Nice,FR1,ligue-1,France,2021,2021-22,22,36,3116,1,0,1,0.029,0,0.029,38,1.76,91.11,0.141025641,0.91025641,14.1,91.03,52.56,35,78,1776
413507,Nikola Milenković,Defender,Centre-Back,Serbia,430,ACF Fiorentina,IT1,serie-a,Italy,2021,2021-22,24,34,2929,1,0,1,0.031,0,0.031,38,1.63,85.64,0.171875,0.875,17.19,87.5,52.34,29,78,1790
353032,Omar Alderete,Defender,Centre-Back,Paraguay,1049,Valencia CF,ES1,laliga,Spain,2021,2021-22,25,29,2410,2,0,2,0.075,0,0.075,38,1.26,70.47,0.444444444,0.513888889,44.44,51.39,47.92,36,78,2106
290532,Saïd Benrahma,Attack,Left Winger,Algeria,379,West Ham United,GB1,premier-league,England,2021,2021-22,26,32,2184,8,6,14,0.33,0.247,0.577,38,1.47,63.86,0.70212766,0.382978723,70.21,38.3,54.26,21,78,1689
311178,Georgios Kyriakopoulos,Defender,Left-Back,Greece,6574,US Sassuolo,IT1,serie-a,Italy,2021,2021-22,26,29,1973,0,6,6,0,0.274,0.274,38,1.32,57.69,0.921875,0.109375,92.19,10.94,51.56,30,79,1848
111195,Joël Veltman,Defender,Right-Back,Netherlands,1237,Brighton & Hove Albion,GB1,premier-league,England,2021,2021-22,30,34,2881,1,1,2,0.031,0.031,0.062,38,1.34,84.24,0.328767123,0.753424658,32.88,75.34,54.11,34,79,1700
74229,Koke,Midfield,Central Midfield,Spain,13,Atlético de Madrid,ES1,laliga,Spain,2021,2021-22,30,31,2509,1,2,3,0.036,0.072,0.108,38,1.87,73.36,0.413043478,0.543478261,41.3,54.35,47.83,25,79,2117
196084,Marco Meyerhöfer,Defender,Right-Back,Germany,65,SpVgg Greuther Fürth,L1,bundesliga,Germany,2021,2021-22,26,26,2280,1,1,2,0.039,0.039,0.079,34,0.53,74.51,0.451612903,0.451612903,45.16,45.16,45.16,36,79,2294
18934,Thomas Mangani,Midfield,Central Midfield,France,1420,Angers SCO,FR1,ligue-1,France,2021,2021-22,35,33,2195,7,2,9,0.287,0.082,0.369,38,1.08,64.18,0.758064516,0.290322581,75.81,29.03,52.42,26,79,1782
39983,Leonardo Bonucci,Defender,Centre-Back,Italy,506,Juventus FC,IT1,serie-a,Italy,2021,2021-22,35,24,2004,5,0,5,0.225,0,0.225,38,1.84,58.6,0.875,0.140625,87.5,14.06,50.78,31,80,1904
248999,Lucas Höler,Attack,Centre-Forward,Germany,60,SC Freiburg,L1,bundesliga,Germany,2021,2021-22,27,34,2598,7,4,11,0.242,0.139,0.381,34,1.62,84.9,0.166666667,0.733333333,16.67,73.33,45,19,80,2300
167850,Memphis Depay,Attack,Centre-Forward,Netherlands,131,FC Barcelona,ES1,laliga,Spain,2021,2021-22,28,28,1848,12,2,14,0.584,0.097,0.682,38,1.92,54.04,0.820512821,0.128205128,82.05,12.82,47.44,19,80,2146
242273,Pedro Chirivella,Midfield,Defensive Midfield,Spain,995,FC Nantes,FR1,ligue-1,France,2021,2021-22,25,31,2646,3,1,4,0.102,0.034,0.136,38,1.45,77.37,0.35483871,0.693548387,35.48,69.35,52.42,27,80,1783
472423,Reece James,Defender,Right-Back,England,631,Chelsea FC,GB1,premier-league,England,2021,2021-22,22,26,1865,5,9,14,0.241,0.434,0.676,38,1.95,54.53,1,0.068493151,100,6.85,53.42,35,80,1735
357498,Dušan Vlahović,Attack,Centre-Forward,Serbia,430,ACF Fiorentina,IT1,serie-a,Italy,2021,2021-22,22,21,1861,17,4,21,0.822,0.193,1.016,38,1.63,54.42,0.972222222,0.027777778,97.22,2.78,50,21,81,1919
363205,Gabriel Jesus,Attack,Centre-Forward,Brazil,281,Manchester City,GB1,premier-league,England,2021,2021-22,25,28,1878,8,9,17,0.383,0.431,0.815,38,2.45,54.91,0.936170213,0.127659574,93.62,12.77,53.19,22,81,1751
238626,Laurent Abergel,Midfield,Defensive Midfield,France,1158,FC Lorient,FR1,ligue-1,France,2021,2021-22,29,34,2964,0,2,2,0,0.061,0.061,38,0.95,86.67,0.14516129,0.903225806,14.52,90.32,52.42,28,81,1784
183780,Paul Seguin,Midfield,Central Midfield,Germany,65,SpVgg Greuther Fürth,L1,bundesliga,Germany,2021,2021-22,27,27,2108,0,3,3,0,0.128,0.128,34,0.53,68.89,0.404761905,0.476190476,40.48,47.62,44.05,26,81,2368
212391,Roger Martí,Attack,Centre-Forward,Spain,3368,Levante UD,ES1,laliga,Spain,2021,2021-22,31,29,2124,7,4,11,0.297,0.169,0.466,38,0.92,62.11,0.58974359,0.358974359,58.97,35.9,47.44,20,81,2147
225693,Fabinho,Midfield,Defensive Midfield,Brazil,31,Liverpool FC,GB1,premier-league,England,2021,2021-22,28,29,2316,5,1,6,0.194,0.039,0.233,38,2.42,67.72,0.6,0.46,60,46,53,25,82,1754
202278,Flavien Tait,Midfield,Central Midfield,France,273,Stade Rennais FC,FR1,ligue-1,France,2021,2021-22,29,28,2131,5,4,9,0.211,0.169,0.38,38,1.74,62.31,0.774193548,0.258064516,77.42,25.81,51.61,29,82,1844
206050,Paulo Dybala,Attack,Second Striker,Argentina,506,Juventus FC,IT1,serie-a,Italy,2021,2021-22,28,29,2072,10,5,15,0.434,0.217,0.652,38,1.84,60.58,0.694444444,0.305555556,69.44,30.56,50,22,82,1926
255653,Santi Mina,Attack,Centre-Forward,Spain,940,Celta de Vigo,ES1,laliga,Spain,2021,2021-22,26,33,2378,7,3,10,0.265,0.114,0.378,38,1.21,69.53,0.333333333,0.615384615,33.33,61.54,47.44,21,82,2148
187491,Timo Baumgartl,Defender,Centre-Back,Germany,89,1.FC Union Berlin,L1,bundesliga,Germany,2021,2021-22,26,25,2169,1,2,3,0.041,0.083,0.124,34,1.68,70.88,0.580645161,0.290322581,58.06,29.03,43.55,37,82,2396
170472,Dimitri Foulquier,Defender,Right-Back,Guadeloupe,1049,Valencia CF,ES1,laliga,Spain,2021,2021-22,29,29,2340,0,2,2,0,0.077,0.077,38,1.26,68.42,0.458333333,0.472222222,45.83,47.22,46.53,37,83,2203
280575,Elvis Rexhbecaj,Midfield,Central Midfield,Kosovo,80,VfL Bochum,L1,bundesliga,Germany,2021,2021-22,24,32,2536,0,0,0,0,0,0,34,1.24,82.88,0,0.857142857,0,85.71,42.86,27,83,2444
333241,Joelinton,Midfield,Central Midfield,Brazil,762,Newcastle United,GB1,premier-league,England,2021,2021-22,25,35,2559,4,1,5,0.141,0.035,0.176,38,1.29,74.82,0.46,0.6,46,60,53,26,83,1755
486031,Nico González,Attack,Left Winger,Argentina,430,ACF Fiorentina,IT1,serie-a,Italy,2021,2021-22,24,33,2361,7,7,14,0.267,0.267,0.534,38,1.63,69.04,0.416666667,0.583333333,41.67,58.33,50,23,83,1935
77826,Ryad Boudebouz,Midfield,Attacking Midfield,Algeria,618,AS Saint-Étienne,FR1,ligue-1,France,2021,2021-22,32,30,2266,3,4,7,0.119,0.159,0.278,38,0.84,66.26,0.64516129,0.387096774,64.52,38.71,51.61,30,83,1845
277384,Martin Valjent,Defender,Centre-Back,Slovakia,237,RCD Mallorca,ES1,laliga,Spain,2021,2021-22,26,36,3182,0,0,0,0,0,0,38,1.03,93.04,0,0.930555556,0,93.06,46.53,38,84,2204
348026,Nordi Mukiele,Defender,Right-Back,France,23826,RB Leipzig,L1,bundesliga,Germany,2021,2021-22,24,28,1845,1,4,5,0.049,0.195,0.244,34,1.71,60.29,0.790322581,0.048387097,79.03,4.84,41.94,38,84,2501
66100,Oriol Romeu,Midfield,Defensive Midfield,Spain,180,Southampton FC,GB1,premier-league,England,2021,2021-22,30,36,2899,2,2,4,0.062,0.062,0.124,38,1.05,84.77,0.26,0.8,26,80,53,27,84,1756
181136,Piotr Zielinski,Midfield,Central Midfield,Poland,6195,SSC Napoli,IT1,serie-a,Italy,2021,2021-22,28,35,2099,6,5,11,0.257,0.214,0.472,38,2.08,61.37,0.819672131,0.180327869,81.97,18.03,50,30,84,1940
557613,Quentin Merlin,Defender,Left-Back,France,995,FC Nantes,FR1,ligue-1,France,2021,2021-22,20,28,1924,2,3,5,0.094,0.14,0.234,38,1.45,56.26,0.935897436,0.08974359,93.59,8.97,51.28,36,84,1869
470794,Ivan Ilić,Midfield,Central Midfield,Serbia,276,Hellas Verona,IT1,serie-a,Italy,2021,2021-22,21,32,2537,1,4,5,0.035,0.142,0.177,38,1.39,74.18,0.360655738,0.639344262,36.07,63.93,50,31,85,1957
44352,Luis Suárez,Attack,Centre-Forward,Uruguay,13,Atlético de Madrid,ES1,laliga,Spain,2021,2021-22,35,35,1835,11,3,14,0.54,0.147,0.687,38,1.87,53.65,0.846153846,0.076923077,84.62,7.69,46.15,22,85,2229
112935,Mark Uth,Attack,Centre-Forward,Germany,3,1.FC Köln,L1,bundesliga,Germany,2021,2021-22,30,30,2042,5,8,13,0.22,0.353,0.573,34,1.53,66.73,0.6,0.233333333,60,23.33,41.67,20,85,2515
57467,Romain Thomas,Defender,Centre-Back,France,1420,Angers SCO,FR1,ligue-1,France,2021,2021-22,34,30,2566,2,0,2,0.07,0,0.07,38,1.08,75.03,0.474358974,0.525641026,47.44,52.56,50,37,85,1975
282429,Sergio Reguilón,Defender,Left-Back,Spain,148,Tottenham Hotspur,GB1,premier-league,England,2021,2021-22,25,25,1922,2,3,5,0.094,0.14,0.234,38,1.87,56.2,0.931506849,0.109589041,93.15,10.96,52.05,36,85,1816
272642,Allan Saint-Maximin,Attack,Left Winger,France,762,Newcastle United,GB1,premier-league,England,2021,2021-22,25,35,2812,5,5,10,0.16,0.16,0.32,38,1.29,82.22,0.276595745,0.744680851,27.66,74.47,51.06,23,86,1888
394327,Boubacar Kamara,Midfield,Defensive Midfield,France,244,Olympique Marseille,FR1,ligue-1,France,2021,2021-22,22,34,2781,1,1,2,0.032,0.032,0.065,38,1.87,81.32,0.193548387,0.806451613,19.35,80.65,50,31,86,1980
63186,Roberto Soriano,Midfield,Attacking Midfield,Italy,1025,Bologna Football Club 1909,IT1,serie-a,Italy,2021,2021-22,31,35,2637,0,4,4,0,0.137,0.137,38,1.21,77.11,0.278688525,0.721311475,27.87,72.13,50,32,86,1962
60957,Sebastian Polter,Attack,Centre-Forward,Germany,80,VfL Bochum,L1,bundesliga,Germany,2021,2021-22,31,33,2330,10,2,12,0.386,0.077,0.464,34,1.24,76.14,0.266666667,0.566666667,26.67,56.67,41.67,21,86,2516
143029,Stefan Mitrovic,Defender,Centre-Back,Serbia,3709,Getafe CF,ES1,laliga,Spain,2021,2021-22,32,32,2671,1,0,1,0.034,0,0.034,38,1.03,78.1,0.25,0.666666667,25,66.67,45.83,39,86,2251
191614,Fred,Midfield,Central Midfield,Brazil,985,Manchester United,GB1,premier-league,England,2021,2021-22,29,28,2035,4,5,9,0.177,0.221,0.398,38,1.53,59.5,0.84,0.18,84,18,51,28,87,1890
118284,Jordan Ferri,Midfield,Central Midfield,France,969,Montpellier HSC,FR1,ligue-1,France,2021,2021-22,30,34,2920,0,2,2,0,0.062,0.062,38,1.13,85.38,0.177419355,0.822580645,17.74,82.26,50,32,87,1982
494880,Jorge Cuenca,Defender,Centre-Back,Spain,3709,Getafe CF,ES1,laliga,Spain,2021,2021-22,22,32,2687,1,0,1,0.033,0,0.033,38,1.03,78.57,0.236111111,0.680555556,23.61,68.06,45.83,40,87,2252
344072,Kelvin Amian,Defender,Right-Back,France,3522,Spezia Calcio,IT1,serie-a,Italy,2021,2021-22,24,32,2649,1,1,2,0.034,0.034,0.068,38,0.95,77.46,0.375,0.625,37.5,62.5,50,32,87,1978
223974,Stefan Posch,Defender,Centre-Back,Austria,533,TSG 1899 Hoffenheim,L1,bundesliga,Germany,2021,2021-22,25,28,2202,2,0,2,0.082,0,0.082,34,1.35,71.96,0.467741935,0.35483871,46.77,35.48,41.13,39,87,2556
89733,Álex Fernández,Midfield,Central Midfield,Spain,2687,Cádiz CF,ES1,laliga,Spain,2021,2021-22,29,32,2050,3,2,5,0.132,0.088,0.22,38,1.03,59.94,0.695652174,0.195652174,69.57,19.57,44.57,26,88,2332
154396,Danilo Soares,Defender,Left-Back,Brazil,80,VfL Bochum,L1,bundesliga,Germany,2021,2021-22,30,30,2566,0,1,1,0,0.035,0.035,34,1.24,83.86,0.112903226,0.709677419,11.29,70.97,41.13,40,88,2557
292772,Dimitrios Nikolaou,Defender,Centre-Back,Greece,3522,Spezia Calcio,IT1,serie-a,Italy,2021,2021-22,23,36,3240,0,0,0,0,0,0,38,0.95,94.74,0,1,0,100,50,33,88,1992
624037,Joris Chotard,Midfield,Defensive Midfield,France,969,Montpellier HSC,FR1,ligue-1,France,2021,2021-22,20,36,2944,1,1,2,0.031,0.031,0.061,38,1.13,86.08,0.14516129,0.85483871,14.52,85.48,50,33,88,1984
206040,Raúl Jiménez,Attack,Centre-Forward,Mexico,543,Wolverhampton Wanderers,GB1,premier-league,England,2021,2021-22,31,34,2638,6,4,10,0.205,0.136,0.341,38,1.34,77.13,0.361702128,0.638297872,36.17,63.83,50,24,88,1950
534033,Alexis Mac Allister,Midfield,Central Midfield,Argentina,1237,Brighton & Hove Albion,GB1,premier-league,England,2021,2021-22,23,33,2115,5,2,7,0.213,0.085,0.298,38,1.34,61.84,0.72,0.28,72,28,50,29,89,1954
95641,Darko Brasanac,Midfield,Central Midfield,Serbia,331,CA Osasuna,ES1,laliga,Spain,2021,2021-22,30,35,2411,1,2,3,0.037,0.075,0.112,38,1.24,70.5,0.434782609,0.456521739,43.48,45.65,44.57,27,89,2333
387106,Lovro Majer,Midfield,Attacking Midfield,Croatia,273,Stade Rennais FC,FR1,ligue-1,France,2021,2021-22,24,29,1841,6,8,14,0.293,0.391,0.684,38,1.74,53.83,0.951612903,0.032258065,95.16,3.23,49.19,34,89,2013
389837,Nicolò Casale,Defender,Centre-Back,Italy,276,Hellas Verona,IT1,serie-a,Italy,2021,2021-22,24,36,2593,0,2,2,0,0.069,0.069,38,1.39,75.82,0.390625,0.59375,39.06,59.38,49.22,34,89,2011
159088,Robert Andrich,Midfield,Defensive Midfield,Germany,15,Bayer 04 Leverkusen,L1,bundesliga,Germany,2021,2021-22,27,26,1820,4,3,7,0.198,0.148,0.346,34,1.88,59.48,0.738095238,0.023809524,73.81,2.38,38.1,28,89,2736
344069,Anton Stach,Midfield,Defensive Midfield,Germany,39,1.FSV Mainz 05,L1,bundesliga,Germany,2021,2021-22,23,29,1863,1,6,7,0.048,0.29,0.338,34,1.35,60.88,0.69047619,0.071428571,69.05,7.14,38.1,29,90,2737
29364,João Moutinho,Midfield,Central Midfield,Portugal,543,Wolverhampton Wanderers,GB1,premier-league,England,2021,2021-22,35,35,2976,2,1,3,0.06,0.03,0.091,38,1.34,87.02,0.16,0.84,16,84,50,30,90,1969
281769,Mario Hermoso,Defender,Centre-Back,Spain,13,Atlético de Madrid,ES1,laliga,Spain,2021,2021-22,27,26,1868,2,1,3,0.096,0.048,0.145,38,1.87,54.62,0.777777778,0.097222222,77.78,9.72,43.75,41,90,2380
370791,Pablo Rosario,Midfield,Defensive Midfield,Dominican Republic,417,OGC Nice,FR1,ligue-1,France,2021,2021-22,25,36,2736,0,2,2,0,0.066,0.066,38,1.76,80,0.209677419,0.758064516,20.97,75.81,48.39,35,90,2080
257751,Simone Bastoni,Midfield,Central Midfield,Italy,3522,Spezia Calcio,IT1,serie-a,Italy,2021,2021-22,25,31,2292,3,4,7,0.118,0.157,0.275,38,0.95,67.02,0.639344262,0.344262295,63.93,34.43,49.18,33,90,2015
287188,Dejan Ljubicic,Midfield,Defensive Midfield,Austria,3,1.FC Köln,L1,bundesliga,Germany,2021,2021-22,24,30,1975,3,1,4,0.137,0.046,0.182,34,1.53,64.54,0.452380952,0.30952381,45.24,30.95,38.1,30,91,2738
442248,Ethan Pinnock,Defender,Centre-Back,Jamaica,1148,Brentford FC,GB1,premier-league,England,2021,2021-22,29,32,2697,1,1,2,0.033,0.033,0.067,38,1.21,78.86,0.383561644,0.602739726,38.36,60.27,49.32,37,91,1996
189441,Lucas Ocampos,Attack,Left Winger,Argentina,368,Sevilla FC,ES1,laliga,Spain,2021,2021-22,27,30,2127,6,4,10,0.254,0.169,0.423,38,1.84,62.19,0.487179487,0.384615385,48.72,38.46,43.59,23,91,2387
318077,Lucas Torreira,Midfield,Defensive Midfield,Uruguay,430,ACF Fiorentina,IT1,serie-a,Italy,2021,2021-22,26,31,2204,5,2,7,0.204,0.082,0.286,38,1.63,64.44,0.68852459,0.278688525,68.85,27.87,48.36,34,91,2081
495666,William Saliba,Defender,Centre-Back,France,244,Olympique Marseille,FR1,ligue-1,France,2021,2021-22,21,36,3240,0,0,0,0,0,0,38,1.87,94.74,0,0.961538462,0,96.15,48.08,38,91,2097
450050,Jean-Ricner Bellegarde,Midfield,Central Midfield,Haiti,667,RC Strasbourg Alsace,FR1,ligue-1,France,2021,2021-22,24,36,2349,2,3,5,0.077,0.115,0.192,38,1.66,68.68,0.467741935,0.483870968,46.77,48.39,47.58,36,92,2135
255901,Rodrigo De Paul,Midfield,Central Midfield,Argentina,13,Atlético de Madrid,ES1,laliga,Spain,2021,2021-22,28,36,2155,3,2,5,0.125,0.084,0.209,38,1.87,63.01,0.630434783,0.239130435,63.04,23.91,43.48,28,92,2398
204198,Romain Saïss,Defender,Centre-Back,Morocco,543,Wolverhampton Wanderers,GB1,premier-league,England,2021,2021-22,32,31,2709,2,0,2,0.066,0,0.066,38,1.34,79.21,0.369863014,0.616438356,36.99,61.64,49.32,38,92,1997
310662,Timothy Tillman,Midfield,Central Midfield,United States,65,SpVgg Greuther Fürth,L1,bundesliga,Germany,2021,2021-22,23,29,2019,1,3,4,0.045,0.134,0.178,34,0.53,65.98,0.428571429,0.333333333,42.86,33.33,38.1,31,92,2739
392538,Tommaso Pobega,Midfield,Central Midfield,Italy,416,Torino FC,IT1,serie-a,Italy,2021,2021-22,22,33,2238,4,3,7,0.161,0.121,0.282,38,1.32,65.44,0.672131148,0.295081967,67.21,29.51,48.36,35,92,2082
285323,Baptiste Santamaria,Midfield,Defensive Midfield,France,273,Stade Rennais FC,FR1,ligue-1,France,2021,2021-22,27,34,2516,2,1,3,0.072,0.036,0.107,38,1.74,73.57,0.338709677,0.612903226,33.87,61.29,47.58,37,93,2137
284854,Carles Aleñá,Midfield,Central Midfield,Spain,3709,Getafe CF,ES1,laliga,Spain,2021,2021-22,24,33,2339,1,2,3,0.038,0.077,0.115,38,1.03,68.39,0.456521739,0.391304348,45.65,39.13,42.39,29,93,2469
392765,Emile Smith Rowe,Midfield,Attacking Midfield,England,11,Arsenal FC,GB1,premier-league,England,2021,2021-22,21,33,1920,10,2,12,0.469,0.094,0.563,38,1.82,56.14,0.92,0.06,92,6,49,31,93,2024
423436,Santiago Ascacíbar,Midfield,Defensive Midfield,Argentina,44,Hertha BSC,L1,bundesliga,Germany,2021,2021-22,25,28,2381,0,1,1,0,0.038,0.038,34,0.97,77.81,0.071428571,0.69047619,7.14,69.05,38.1,32,93,2740
323954,Walace,Midfield,Defensive Midfield,Brazil,410,Udinese Calcio,IT1,serie-a,Italy,2021,2021-22,27,36,2972,1,0,1,0.03,0,0.03,38,1.24,86.9,0.032786885,0.93442623,3.28,93.44,48.36,36,93,2083
213670,Lucas Torró,Midfield,Defensive Midfield,Spain,331,CA Osasuna,ES1,laliga,Spain,2021,2021-22,27,33,2733,1,0,1,0.033,0,0.033,38,1.24,79.91,0.086956522,0.760869565,8.7,76.09,42.39,30,94,2470
620322,Malo Gusto,Defender,Right-Back,France,1041,Olympique Lyon,FR1,ligue-1,France,2021,2021-22,19,30,1880,0,4,4,0,0.191,0.191,38,1.63,54.97,0.884615385,0.064102564,88.46,6.41,47.44,39,94,2149
265088,Manuel Locatelli,Midfield,Defensive Midfield,Italy,506,Juventus FC,IT1,serie-a,Italy,2021,2021-22,24,31,2163,3,4,7,0.125,0.166,0.291,38,1.84,63.25,0.704918033,0.245901639,70.49,24.59,47.54,37,94,2140
68390,Séamus Coleman,Defender,Right-Back,Ireland,29,Everton FC,GB1,premier-league,England,2021,2021-22,33,30,2658,1,1,2,0.034,0.034,0.068,38,1.03,77.72,0.397260274,0.575342466,39.73,57.53,48.63,39,94,2055
153555,Sebastian Griesbeck,Defender,Centre-Back,Germany,65,SpVgg Greuther Fürth,L1,bundesliga,Germany,2021,2021-22,31,29,2441,1,0,1,0.037,0,0.037,34,0.53,79.77,0.129032258,0.629032258,12.9,62.9,37.9,41,94,2749
181778,Emerson,Defender,Left-Back,Italy,1041,Olympique Lyon,FR1,ligue-1,France,2021,2021-22,27,29,2268,1,2,3,0.04,0.079,0.119,38,1.63,66.32,0.653846154,0.294871795,65.38,29.49,47.44,40,95,2150
294808,Franck Kessié,Midfield,Central Midfield,Cote d'Ivoire,5,AC Milan,IT1,serie-a,Italy,2021,2021-22,25,31,2312,6,0,6,0.234,0,0.234,38,2.26,67.6,0.540983607,0.409836066,54.1,40.98,47.54,38,95,2141
221316,Lucas Vázquez,Defender,Right-Back,Spain,418,Real Madrid,ES1,laliga,Spain,2021,2021-22,30,29,1835,3,0,3,0.147,0,0.147,38,2.26,53.65,0.791666667,0.055555556,79.17,5.56,42.36,42,95,2474
251302,Niklas Dorsch,Midfield,Defensive Midfield,Germany,167,FC Augsburg,L1,bundesliga,Germany,2021,2021-22,24,30,2327,1,0,1,0.039,0,0.039,34,1.12,76.05,0.095238095,0.642857143,9.52,64.29,36.9,33,95,2807
578391,Rayan Aït-Nouri,Defender,Left-Back,Algeria,543,Wolverhampton Wanderers,GB1,premier-league,England,2021,2021-22,21,23,1828,1,4,5,0.049,0.197,0.246,38,1.34,53.45,0.945205479,0.01369863,94.52,1.37,47.95,40,95,2103
166677,Brian Oliván,Defender,Left-Back,Spain,237,RCD Mallorca,ES1,laliga,Spain,2021,2021-22,28,28,2187,1,1,2,0.041,0.041,0.082,38,1.03,63.95,0.472222222,0.375,47.22,37.5,42.36,43,96,2475
246291,Diego Llorente,Defender,Centre-Back,Spain,399,Leeds United,GB1,premier-league,England,2021,2021-22,28,28,2343,3,0,3,0.115,0,0.115,38,1,68.51,0.589041096,0.369863014,58.9,36.99,47.95,41,96,2105
536507,Giulian Biancone,Defender,Centre-Back,France,1095,ESTAC Troyes,FR1,ligue-1,France,2021,2021-22,22,33,2292,1,2,3,0.039,0.079,0.118,38,1,67.02,0.641025641,0.307692308,64.1,30.77,47.44,41,96,2151
192565,Leroy Sané,Attack,Right Winger,Germany,27,Bayern Munich,L1,bundesliga,Germany,2021,2021-22,26,32,1980,7,7,14,0.318,0.318,0.636,34,2.26,64.71,0.633333333,0.1,63.33,10,36.67,22,96,2815
81789,Maya Yoshida,Defender,Centre-Back,Japan,1038,UC Sampdoria,IT1,serie-a,Italy,2021,2021-22,33,26,1823,2,3,5,0.099,0.148,0.247,38,0.95,53.3,0.90625,0.015625,90.63,1.56,46.09,35,96,2232
239802,Adam Marusic,Defender,Right-Back,Montenegro,398,Società Sportiva Lazio S.p.A.,IT1,serie-a,Italy,2021,2021-22,29,33,2722,1,0,1,0.033,0,0.033,38,1.68,79.59,0.1875,0.734375,18.75,73.44,46.09,36,97,2233
186862,Enzo Roco,Defender,Centre-Back,Chile,1531,Elche CF,ES1,laliga,Spain,2021,2021-22,29,30,2555,1,0,1,0.035,0,0.035,38,1.11,74.71,0.263888889,0.583333333,26.39,58.33,42.36,44,97,2476
197838,Jamie Vardy,Attack,Centre-Forward,England,1003,Leicester City,GB1,premier-league,England,2021,2021-22,35,25,1805,15,2,17,0.748,0.1,0.848,38,1.37,52.78,0.957446809,0,95.74,0,47.87,25,97,2107
307052,Masaya Okugawa,Attack,Left Winger,Japan,10,Arminia Bielefeld,L1,bundesliga,Germany,2021,2021-22,26,33,2544,8,1,9,0.283,0.035,0.318,34,0.82,83.14,0.066666667,0.666666667,6.67,66.67,36.67,23,97,2818
170961,Thomas Delaine,Defender,Left-Back,France,347,FC Metz,FR1,ligue-1,France,2021,2021-22,30,29,2316,1,2,3,0.039,0.078,0.117,38,0.82,67.72,0.628205128,0.320512821,62.82,32.05,47.44,42,97,2152
134294,Danny Ings,Attack,Centre-Forward,England,405,Aston Villa,GB1,premier-league,England,2021,2021-22,29,30,1905,7,6,13,0.331,0.283,0.614,38,1.18,55.7,0.765957447,0.191489362,76.6,19.15,47.87,26,98,2108
250845,José María Giménez,Defender,Centre-Back,Uruguay,13,Atlético de Madrid,ES1,laliga,Spain,2021,2021-22,27,24,2046,1,1,2,0.044,0.044,0.088,38,1.87,59.82,0.513888889,0.319444444,51.39,31.94,41.67,45,98,2525
352392,Lucas Perrin,Defender,Centre-Back,France,667,RC Strasbourg Alsace,FR1,ligue-1,France,2021,2021-22,23,31,2508,1,1,2,0.036,0.036,0.072,38,1.66,73.33,0.487179487,0.461538462,48.72,46.15,47.44,43,98,2153
40633,Milan Badelj,Midfield,Defensive Midfield,Croatia,252,Genoa CFC,IT1,serie-a,Italy,2021,2021-22,33,34,2853,1,1,2,0.032,0.032,0.063,38,0.74,83.42,0.06557377,0.836065574,6.56,83.61,45.08,39,98,2296
192635,Nico Elvedi,Defender,Centre-Back,Switzerland,18,Borussia Mönchengladbach,L1,bundesliga,Germany,2021,2021-22,25,28,2432,1,0,1,0.037,0,0.037,34,1.32,79.48,0.129032258,0.596774194,12.9,59.68,36.29,42,98,2833
16136,Dante,Defender,Centre-Back,Brazil,417,OGC Nice,FR1,ligue-1,France,2021,2021-22,38,34,2873,0,1,1,0,0.031,0.031,38,1.76,84.01,0.153846154,0.794871795,15.38,79.49,47.44,44,99,2154
584769,Dwight McNeil,Attack,Left Winger,England,1132,Burnley FC,GB1,premier-league,England,2021,2021-22,22,38,3112,0,1,1,0,0.029,0.029,38,0.92,90.99,0,0.957446809,0,95.74,47.87,27,99,2109
504153,Joe Scally,Defender,Right-Back,United States,18,Borussia Mönchengladbach,L1,bundesliga,Germany,2021,2021-22,19,30,1905,1,2,3,0.047,0.094,0.142,34,1.32,62.25,0.612903226,0.080645161,61.29,8.06,34.68,43,99,2916
82442,Olivier Giroud,Attack,Centre-Forward,France,5,AC Milan,IT1,serie-a,Italy,2021,2021-22,35,29,1901,11,4,15,0.521,0.189,0.71,38,2.26,55.58,0.75,0.138888889,75,13.89,44.44,24,99,2335
257851,Rúben Vezo,Defender,Centre-Back,Portugal,3368,Levante UD,ES1,laliga,Spain,2021,2021-22,28,32,2420,0,1,1,0,0.037,0.037,38,0.92,70.76,0.277777778,0.527777778,27.78,52.78,40.28,46,99,2617
103427,Chris Smalling,Defender,Centre-Back,England,12,Associazione Sportiva Roma,IT1,serie-a,Italy,2021,2021-22,32,27,2089,3,0,3,0.129,0,0.129,38,1.66,61.08,0.640625,0.234375,64.06,23.44,43.75,37,100,2381
300716,Kieran Tierney,Defender,Left-Back,Scotland,11,Arsenal FC,GB1,premier-league,England,2021,2021-22,25,22,1919,1,3,4,0.047,0.141,0.188,38,1.82,56.11,0.849315068,0.095890411,84.93,9.59,47.26,42,100,2166
124502,Matthias Ginter,Defender,Centre-Back,Germany,18,Borussia Mönchengladbach,L1,bundesliga,Germany,2021,2021-22,28,28,2337,1,0,1,0.039,0,0.039,34,1.32,76.37,0.161290323,0.516129032,16.13,51.61,33.87,44,100,2956
555076,Romain Faivre,Midfield,Attacking Midfield,France,3911,Stade Brestois 29,FR1,ligue-1,France,2021,2021-22,23,21,1800,7,5,12,0.35,0.25,0.6,38,1.26,52.63,0.919354839,0,91.94,0,45.97,38,100,2243
213260,Rubén García,Attack,Right Winger,Spain,331,CA Osasuna,ES1,laliga,Spain,2021,2021-22,28,37,2397,1,6,7,0.038,0.225,0.263,38,1.24,70.09,0.153846154,0.641025641,15.38,64.1,39.74,24,100,2647
354726,Florian Sotoca,Attack,Centre-Forward,France,826,RC Lens,FR1,ligue-1,France,2021,2021-22,31,35,2490,6,3,9,0.217,0.108,0.325,38,1.63,72.81,0.235294118,0.676470588,23.53,67.65,45.59,19,101,2267
423444,Fran Beltrán,Midfield,Central Midfield,Spain,940,Celta de Vigo,ES1,laliga,Spain,2021,2021-22,23,37,2607,1,0,1,0.035,0,0.035,38,1.21,76.23,0.108695652,0.673913043,10.87,67.39,39.13,31,101,2689
125020,José Luis Palomino,Defender,Centre-Back,Argentina,800,Atalanta BC,IT1,serie-a,Italy,2021,2021-22,32,34,2672,1,0,1,0.034,0,0.034,38,1.55,78.13,0.203125,0.65625,20.31,65.63,42.97,38,101,2429
217115,Neal Maupay,Attack,Centre-Forward,France,1237,Brighton & Hove Albion,GB1,premier-league,England,2021,2021-22,25,32,2274,8,2,10,0.317,0.079,0.396,38,1.34,66.49,0.468085106,0.468085106,46.81,46.81,46.81,28,101,2181
166601,Niklas Süle,Defender,Centre-Back,Germany,27,Bayern Munich,L1,bundesliga,Germany,2021,2021-22,26,28,1834,1,2,3,0.049,0.098,0.147,34,2.26,59.93,0.629032258,0.032258065,62.9,3.23,33.06,45,101,2992
18644,Álvaro Negredo,Attack,Centre-Forward,Spain,2687,Cádiz CF,ES1,laliga,Spain,2021,2021-22,36,34,2159,7,2,9,0.292,0.083,0.375,38,1.03,63.13,0.307692308,0.461538462,30.77,46.15,38.46,25,102,2713
282250,Birger Meling,Defender,Left-Back,Norway,273,Stade Rennais FC,FR1,ligue-1,France,2021,2021-22,27,31,1826,0,4,4,0,0.197,0.197,38,1.74,53.39,0.897435897,0.012820513,89.74,1.28,45.51,45,102,2275
53622,İlkay Gündoğan,Midfield,Central Midfield,Germany,281,Manchester City,GB1,premier-league,England,2021,2021-22,31,27,1855,8,3,11,0.388,0.146,0.534,38,2.45,54.24,0.9,0.02,90,2,46,32,102,2241
281963,Lucas Hernández,Defender,Left-Back,France,27,Bayern Munich,L1,bundesliga,Germany,2021,2021-22,26,25,2039,0,2,2,0,0.088,0.088,34,2.26,66.63,0.483870968,0.177419355,48.39,17.74,33.06,46,102,2993
148252,Remo Freuler,Midfield,Central Midfield,Switzerland,800,Atalanta BC,IT1,serie-a,Italy,2021,2021-22,30,29,2377,1,3,4,0.038,0.114,0.151,38,1.55,69.5,0.31147541,0.540983607,31.15,54.1,42.62,40,102,2456
338425,Álex Berenguer,Attack,Left Winger,Spain,621,Athletic Bilbao,ES1,laliga,Spain,2021,2021-22,26,34,2172,3,6,9,0.124,0.249,0.373,38,1.45,63.51,0.282051282,0.487179487,28.21,48.72,38.46,26,103,2714
60889,Gary Medel,Midfield,Defensive Midfield,Chile,1025,Bologna Football Club 1909,IT1,serie-a,Italy,2021,2021-22,34,33,2830,0,1,1,0,0.032,0.032,38,1.21,82.75,0.049180328,0.803278689,4.92,80.33,42.62,41,103,2457
330659,Justin Kluivert,Midfield,Attacking Midfield,Netherlands,417,OGC Nice,FR1,ligue-1,France,2021,2021-22,23,27,1878,4,5,9,0.192,0.24,0.431,38,1.76,54.91,0.790322581,0.112903226,79.03,11.29,45.16,39,103,2293
434224,Maxence Lacroix,Defender,Centre-Back,France,82,VfL Wolfsburg,L1,bundesliga,Germany,2021,2021-22,22,29,2498,0,0,0,0,0,0,34,1.24,81.63,0,0.661290323,0,66.13,33.06,47,103,2995
503981,Tino Livramento,Defender,Right-Back,England,180,Southampton FC,GB1,premier-league,England,2021,2021-22,19,28,2203,1,2,3,0.041,0.082,0.123,38,1.05,64.42,0.602739726,0.315068493,60.27,31.51,45.89,43,103,2250
292417,Demarai Gray,Attack,Left Winger,Jamaica,29,Everton FC,GB1,premier-league,England,2021,2021-22,26,34,2351,5,4,9,0.191,0.153,0.345,38,1.03,68.74,0.404255319,0.510638298,40.43,51.06,45.74,29,104,2259
322305,Jean-Victor Makengo,Midfield,Attacking Midfield,France,410,Udinese Calcio,IT1,serie-a,Italy,2021,2021-22,24,33,2360,1,3,4,0.038,0.114,0.153,38,1.24,69.01,0.327868852,0.508196721,32.79,50.82,41.8,42,104,2509
126557,Jonathan Gradit,Defender,Centre-Back,France,826,RC Lens,FR1,ligue-1,France,2021,2021-22,29,35,3073,0,0,0,0,0,0,38,1.63,89.85,0,0.897435897,0,89.74,44.87,46,104,2310
384553,Luca Kilian,Defender,Centre-Back,Germany,3,1.FC Köln,L1,bundesliga,Germany,2021,2021-22,22,30,2283,1,0,1,0.039,0,0.039,34,1.53,74.61,0.161290323,0.467741935,16.13,46.77,31.45,48,104,3077
349856,Son,Defender,Right-Back,Spain,3368,Levante UD,ES1,laliga,Spain,2021,2021-22,28,26,1989,1,1,2,0.045,0.045,0.09,38,0.92,58.16,0.527777778,0.236111111,52.78,23.61,38.19,47,104,2727
341647,Cengiz Ünder,Attack,Right Winger,Türkiye,244,Olympique Marseille,FR1,ligue-1,France,2021,2021-22,24,32,2208,10,3,13,0.408,0.122,0.53,38,1.87,64.56,0.588235294,0.294117647,58.82,29.41,44.12,20,105,2354
319301,Daniel James,Attack,Right Winger,Wales,399,Leeds United,GB1,premier-league,England,2021,2021-22,24,32,2371,4,5,9,0.152,0.19,0.342,38,1,69.33,0.382978723,0.531914894,38.3,53.19,45.74,30,105,2260
133179,Marten de Roon,Midfield,Defensive Midfield,Netherlands,800,Atalanta BC,IT1,serie-a,Italy,2021,2021-22,31,30,2548,3,0,3,0.106,0,0.106,38,1.55,74.5,0.180327869,0.655737705,18.03,65.57,41.8,43,105,2510
361065,Mitchel Bakker,Midfield,Left Midfield,Netherlands,15,Bayer 04 Leverkusen,L1,bundesliga,Germany,2021,2021-22,22,25,1823,1,4,5,0.049,0.197,0.247,34,1.88,59.58,0.571428571,0.047619048,57.14,4.76,30.95,34,105,3095
31909,Toni Kroos,Midfield,Central Midfield,Germany,418,Real Madrid,ES1,laliga,Spain,2021,2021-22,32,28,2107,1,3,4,0.043,0.128,0.171,38,2.26,61.61,0.543478261,0.217391304,54.35,21.74,38.04,32,105,2744
386047,Axel Disasi,Defender,Centre-Back,France,162,AS Monaco,FR1,ligue-1,France,2021,2021-22,24,32,2724,1,0,1,0.033,0,0.033,38,1.82,79.65,0.166666667,0.705128205,16.67,70.51,43.59,47,106,2389
199248,Bryan Cristante,Midfield,Defensive Midfield,Italy,12,Associazione Sportiva Roma,IT1,serie-a,Italy,2021,2021-22,27,34,2674,2,0,2,0.067,0,0.067,38,1.66,78.19,0.098360656,0.737704918,9.84,73.77,41.8,44,106,2511
191217,Héctor Bellerín,Defender,Right-Back,Spain,150,Real Betis Balompié,ES1,laliga,Spain,2021,2021-22,27,23,1979,0,2,2,0,0.091,0.091,38,1.71,57.87,0.541666667,0.208333333,54.17,20.83,37.5,48,106,2775
417346,Jack Harrison,Attack,Left Winger,England,399,Leeds United,GB1,premier-league,England,2021,2021-22,25,35,2647,8,1,9,0.272,0.034,0.306,38,1,77.4,0.255319149,0.659574468,25.53,65.96,45.74,31,106,2261
289592,Orel Mangala,Midfield,Defensive Midfield,Belgium,79,VfB Stuttgart,L1,bundesliga,Germany,2021,2021-22,24,28,1863,1,4,5,0.048,0.193,0.242,34,0.97,60.88,0.547619048,0.071428571,54.76,7.14,30.95,35,106,3096
192765,Ben Davies,Defender,Centre-Back,Wales,148,Tottenham Hotspur,GB1,premier-league,England,2021,2021-22,29,29,2539,1,1,2,0.035,0.035,0.071,38,1.87,74.24,0.410958904,0.493150685,41.1,49.32,45.21,44,107,2292
238266,Duje Caleta-Car,Defender,Centre-Back,Croatia,244,Olympique Marseille,FR1,ligue-1,France,2021,2021-22,25,26,2061,2,1,3,0.087,0.044,0.131,38,1.87,60.26,0.692307692,0.166666667,69.23,16.67,42.95,48,107,2431
152317,Manuel Prietl,Midfield,Defensive Midfield,Austria,10,Arminia Bielefeld,L1,bundesliga,Germany,2021,2021-22,30,26,2122,0,1,1,0,0.042,0.042,34,0.82,69.35,0.119047619,0.5,11.9,50,30.95,36,107,3099
183841,Petar Stojanović,Midfield,Right Midfield,Slovenia,749,FC Empoli,IT1,serie-a,Italy,2021,2021-22,26,33,2741,1,1,2,0.033,0.033,0.066,38,1.08,80.15,0.081967213,0.754098361,8.2,75.41,41.8,45,107,2512
223053,Quini,Defender,Right-Back,Spain,16795,Granada CF,ES1,laliga,Spain,2021,2021-22,32,32,2306,0,1,1,0,0.039,0.039,38,1,67.43,0.291666667,0.458333333,29.17,45.83,37.5,49,107,2778
579930,Armand Laurienté,Attack,Left Winger,France,1158,FC Lorient,FR1,ligue-1,France,2021,2021-22,23,35,2493,6,2,8,0.217,0.072,0.289,38,0.95,72.89,0.147058824,0.705882353,14.71,70.59,42.65,21,108,2453
256361,Daniele Verde,Attack,Right Winger,Italy,3522,Spezia Calcio,IT1,serie-a,Italy,2021,2021-22,26,33,1957,8,6,14,0.368,0.276,0.644,38,0.95,57.22,0.666666667,0.166666667,66.67,16.67,41.67,25,108,2514
121385,Grant Hanley,Defender,Centre-Back,Scotland,1123,Norwich City,GB1,premier-league,England,2021,2021-22,30,33,2899,1,0,1,0.031,0,0.031,38,0.58,84.77,0.095890411,0.780821918,9.59,78.08,43.84,45,108,2377
573775,Hugo Duro,Attack,Centre-Forward,Spain,1049,Valencia CF,ES1,laliga,Spain,2021,2021-22,22,30,1845,7,3,10,0.341,0.146,0.488,38,1.26,53.95,0.641025641,0.102564103,64.1,10.26,37.18,27,108,2793
284730,Manuel Akanji,Defender,Centre-Back,Switzerland,16,Borussia Dortmund,L1,bundesliga,Germany,2021,2021-22,26,26,2263,1,0,1,0.04,0,0.04,34,2.03,73.95,0.193548387,0.419354839,19.35,41.94,30.65,49,108,3122
250844,Alexander Djiku,Defender,Centre-Back,Ghana,667,RC Strasbourg Alsace,FR1,ligue-1,France,2021,2021-22,27,31,2697,1,0,1,0.033,0,0.033,38,1.66,78.86,0.166666667,0.679487179,16.67,67.95,42.31,49,109,2480
175722,Eric Dier,Defender,Centre-Back,England,148,Tottenham Hotspur,GB1,premier-league,England,2021,2021-22,28,35,3072,0,0,0,0,0,0,38,1.87,89.82,0,0.876712329,0,87.67,43.84,46,109,2378
533295,Patrick Wimmer,Attack,Right Winger,Austria,10,Arminia Bielefeld,L1,bundesliga,Germany,2021,2021-22,21,31,2066,3,8,11,0.131,0.348,0.479,34,0.82,67.52,0.3,0.3,30,30,30,24,109,3145
284595,Tommaso Augello,Defender,Left-Back,Italy,1038,UC Sampdoria,IT1,serie-a,Italy,2021,2021-22,27,36,2396,1,1,2,0.038,0.038,0.075,38,0.95,70.06,0.40625,0.40625,40.63,40.63,40.63,39,109,2596
100131,William Carvalho,Midfield,Defensive Midfield,Portugal,150,Real Betis Balompié,ES1,laliga,Spain,2021,2021-22,30,33,1805,2,3,5,0.1,0.15,0.249,38,1.71,52.78,0.739130435,0,73.91,0,36.96,33,109,2805
237164,Ihlas Bebou,Attack,Centre-Forward,Togo,533,TSG 1899 Hoffenheim,L1,bundesliga,Germany,2021,2021-22,28,28,2108,7,3,10,0.299,0.128,0.427,34,1.35,68.89,0.2,0.4,20,40,30,25,110,3146
480763,Juan Foyth,Defender,Centre-Back,Argentina,1050,Villarreal CF,ES1,laliga,Spain,2021,2021-22,24,25,1932,1,1,2,0.047,0.047,0.093,38,1.55,56.49,0.569444444,0.152777778,56.94,15.28,36.11,50,110,2837
348623,Mason Holgate,Defender,Centre-Back,Jamaica,29,Everton FC,GB1,premier-league,England,2021,2021-22,25,25,2134,2,1,3,0.084,0.042,0.127,38,1.03,62.4,0.616438356,0.246575342,61.64,24.66,43.15,47,110,2419
486624,Musa Barrow,Attack,Left Winger,The Gambia,1025,Bologna Football Club 1909,IT1,serie-a,Italy,2021,2021-22,23,34,2147,6,7,13,0.252,0.293,0.545,38,1.21,62.78,0.444444444,0.361111111,44.44,36.11,40.28,26,110,2615
127182,Thomas Monconduit,Midfield,Defensive Midfield,France,1158,FC Lorient,FR1,ligue-1,France,2021,2021-22,31,34,2254,3,2,5,0.12,0.08,0.2,38,0.95,65.91,0.483870968,0.35483871,48.39,35.48,41.94,40,110,2502
262365,Antonio Puertas,Attack,Right Winger,Spain,16795,Granada CF,ES1,laliga,Spain,2021,2021-22,30,33,2270,6,1,7,0.238,0.04,0.278,38,1,66.37,0.179487179,0.538461538,17.95,53.85,35.9,28,111,2847
75921,Christopher Trimmel,Defender,Right-Back,Austria,89,1.FC Union Berlin,L1,bundesliga,Germany,2021,2021-22,35,25,1995,2,0,2,0.09,0,0.09,34,1.68,65.2,0.5,0.096774194,50,9.68,29.84,50,111,3154
336125,Mërgim Vojvoda,Defender,Right-Back,Kosovo,416,Torino FC,IT1,serie-a,Italy,2021,2021-22,27,29,1980,0,3,3,0,0.136,0.136,38,1.32,57.89,0.671875,0.125,67.19,12.5,39.84,40,111,2637
82873,Pascal Groß,Midfield,Central Midfield,Germany,1237,Brighton & Hove Albion,GB1,premier-league,England,2021,2021-22,31,29,2043,2,4,6,0.088,0.176,0.264,38,1.34,59.74,0.66,0.2,66,20,43,33,111,2427
420465,Tiago Djaló,Defender,Centre-Back,Portugal,1082,LOSC Lille,FR1,ligue-1,France,2021,2021-22,22,28,2328,1,1,2,0.039,0.039,0.077,38,1.45,68.07,0.5,0.333333333,50,33.33,41.67,50,111,2527
256448,Gianluca Mancini,Defender,Centre-Back,Italy,12,Associazione Sportiva Roma,IT1,serie-a,Italy,2021,2021-22,26,33,2883,0,0,0,0,0,0,38,1.66,84.3,0,0.796875,0,79.69,39.84,41,112,2638
263727,Joan Jordán,Midfield,Central Midfield,Spain,368,Sevilla FC,ES1,laliga,Spain,2021,2021-22,27,36,2530,0,1,1,0,0.036,0.036,38,1.84,73.98,0.130434783,0.565217391,13.04,56.52,34.78,34,112,2908
85789,Martin Hinteregger,Defender,Centre-Back,Austria,24,Eintracht Frankfurt,L1,bundesliga,Germany,2021,2021-22,29,27,2220,1,0,1,0.041,0,0.041,34,1.24,72.55,0.209677419,0.387096774,20.97,38.71,29.84,51,112,3155
270171,Vitaly Janelt,Midfield,Defensive Midfield,Germany,1148,Brentford FC,GB1,premier-league,England,2021,2021-22,24,31,2308,4,0,4,0.156,0,0.156,38,1.21,67.49,0.42,0.44,42,44,43,34,112,2428
351843,Yoann Salmier,Defender,Centre-Back,French Guiana,1095,ESTAC Troyes,FR1,ligue-1,France,2021,2021-22,29,31,2671,0,1,1,0,0.034,0.034,38,1,78.1,0.192307692,0.641025641,19.23,64.1,41.67,51,112,2530
290587,Ellyes Skhiri,Midfield,Defensive Midfield,Tunisia,3,1.FC Köln,L1,bundesliga,Germany,2021,2021-22,27,22,1812,4,1,5,0.199,0.05,0.248,34,1.53,59.22,0.595238095,0,59.52,0,29.76,37,113,3158
413403,Ezri Konsa,Defender,Centre-Back,England,405,Aston Villa,GB1,premier-league,England,2021,2021-22,24,29,2481,2,0,2,0.073,0,0.073,38,1.18,72.54,0.424657534,0.424657534,42.47,42.47,42.47,48,113,2460
255501,Iñigo Lekue,Defender,Right-Back,Spain,621,Athletic Bilbao,ES1,laliga,Spain,2021,2021-22,29,25,1926,0,2,2,0,0.093,0.093,38,1.45,56.32,0.569444444,0.125,56.94,12.5,34.72,51,113,2913
357992,Raoul Bellanova,Midfield,Right Midfield,Italy,1390,Cagliari Calcio,IT1,serie-a,Italy,2021,2021-22,22,31,2500,1,2,3,0.036,0.072,0.108,38,0.79,73.1,0.196721311,0.590163934,19.67,59.02,39.34,46,113,2668
340328,Stephy Mavididi,Attack,Left Winger,England,969,Montpellier HSC,FR1,ligue-1,France,2021,2021-22,24,30,2315,8,3,11,0.311,0.117,0.428,38,1.13,67.69,0.352941176,0.470588235,35.29,47.06,41.18,22,113,2546
88262,Dedryck Boyata,Defender,Centre-Back,Belgium,44,Hertha BSC,L1,bundesliga,Germany,2021,2021-22,31,23,1900,0,2,2,0,0.095,0.095,34,0.97,62.09,0.516129032,0.064516129,51.61,6.45,29.03,52,114,3192
127108,Florian Lejeune,Defender,Centre-Back,France,1108,Deportivo Alavés,ES1,laliga,Spain,2021,2021-22,31,30,2700,0,0,0,0,0,0,38,0.82,78.95,0,0.694444444,0,69.44,34.72,52,114,2914
655488,Gabriel Martinelli,Attack,Left Winger,Brazil,11,Arsenal FC,GB1,premier-league,England,2021,2021-22,21,29,1867,6,6,12,0.289,0.289,0.578,38,1.82,54.59,0.723404255,0.106382979,72.34,10.64,41.49,32,114,2538
414908,Marshall Munetsi,Midfield,Central Midfield,Zimbabwe,1421,Stade Reims,FR1,ligue-1,France,2021,2021-22,26,24,1885,5,2,7,0.239,0.095,0.334,38,1.21,55.12,0.693548387,0.129032258,69.35,12.9,41.13,41,114,2553
65278,Pedro,Attack,Right Winger,Spain,398,Società Sportiva Lazio S.p.A.,IT1,serie-a,Italy,2021,2021-22,34,32,2041,9,4,13,0.397,0.176,0.573,38,1.68,59.68,0.527777778,0.25,52.78,25,38.89,27,114,2697
42783,André Hahn,Attack,Right Winger,Germany,167,FC Augsburg,L1,bundesliga,Germany,2021,2021-22,31,32,2112,5,3,8,0.213,0.128,0.341,34,1.12,69.02,0.133333333,0.433333333,13.33,43.33,28.33,26,115,3237
57500,César Azpilicueta,Defender,Centre-Back,Spain,631,Chelsea FC,GB1,premier-league,England,2021,2021-22,32,27,2074,1,2,3,0.043,0.087,0.13,38,1.95,60.64,0.643835616,0.178082192,64.38,17.81,41.1,49,115,2564
362086,Isi Palazón,Attack,Second Striker,Spain,367,Rayo Vallecano,ES1,laliga,Spain,2021,2021-22,27,34,2297,2,4,6,0.078,0.157,0.235,38,1.11,67.16,0.102564103,0.58974359,10.26,58.97,34.62,29,115,2919
463618,Khéphren Thuram,Midfield,Central Midfield,France,417,OGC Nice,FR1,ligue-1,France,2021,2021-22,21,36,1897,4,3,7,0.19,0.142,0.332,38,1.76,55.47,0.677419355,0.14516129,67.74,14.52,41.13,42,115,2554
112302,Roberto Pereyra,Midfield,Central Midfield,Argentina,410,Udinese Calcio,IT1,serie-a,Italy,2021,2021-22,31,24,1801,3,5,8,0.15,0.25,0.4,38,1.24,52.66,0.770491803,0,77.05,0,38.52,47,115,2712
334221,Amos Pieper,Defender,Centre-Back,Germany,10,Arminia Bielefeld,L1,bundesliga,Germany,2021,2021-22,24,27,2382,0,0,0,0,0,0,34,0.82,77.84,0,0.564516129,0,56.45,28.23,53,116,3241
145707,Danilo,Defender,Centre-Back,Brazil,506,Juventus FC,IT1,serie-a,Italy,2021,2021-22,30,22,1895,1,2,3,0.047,0.095,0.142,38,1.84,55.41,0.71875,0.03125,71.88,3.13,37.5,42,116,2772
633992,Enzo Le Fée,Midfield,Central Midfield,France,1158,FC Lorient,FR1,ligue-1,France,2021,2021-22,22,36,2200,2,3,5,0.082,0.123,0.205,38,0.95,64.33,0.5,0.322580645,50,32.26,41.13,43,116,2555
268670,Gerard Gumbau,Midfield,Defensive Midfield,Spain,1531,Elche CF,ES1,laliga,Spain,2021,2021-22,27,31,1888,0,4,4,0,0.191,0.191,38,1.11,55.2,0.586956522,0.086956522,58.7,8.7,33.7,35,116,2971
184573,Victor Lindelöf,Defender,Centre-Back,Sweden,985,Manchester United,GB1,premier-league,England,2021,2021-22,27,28,2354,0,2,2,0,0.076,0.076,38,1.53,68.83,0.438356164,0.383561644,43.84,38.36,41.1,50,116,2566
72121,Johan Gastien,Midfield,Defensive Midfield,France,3524,Clermont Foot 63,FR1,ligue-1,France,2021,2021-22,34,32,2752,0,1,1,0,0.033,0.033,38,0.95,80.47,0.048387097,0.774193548,4.84,77.42,41.13,44,117,2558
353948,Lucas Tousart,Midfield,Central Midfield,France,44,Hertha BSC,L1,bundesliga,Germany,2021,2021-22,25,30,1958,2,0,2,0.092,0,0.092,34,0.97,63.99,0.261904762,0.285714286,26.19,28.57,27.38,38,117,3277
340879,Merih Demiral,Defender,Centre-Back,Türkiye,800,Atalanta BC,IT1,serie-a,Italy,2021,2021-22,24,28,1915,1,2,3,0.047,0.094,0.141,38,1.55,55.99,0.703125,0.046875,70.31,4.69,37.5,43,117,2773
563963,Mohammed Salisu,Defender,Centre-Back,Ghana,180,Southampton FC,GB1,premier-league,England,2021,2021-22,23,34,2972,0,0,0,0,0,0,38,1.05,86.9,0,0.821917808,0,82.19,41.1,51,117,2567
361254,Rafa Mir,Attack,Centre-Forward,Spain,368,Sevilla FC,ES1,laliga,Spain,2021,2021-22,25,34,1801,10,0,10,0.5,0,0.5,38,1.84,52.66,0.666666667,0,66.67,0,33.33,30,117,2979
147038,Cédric Brunner,Defender,Right-Back,Switzerland,10,Arminia Bielefeld,L1,bundesliga,Germany,2021,2021-22,28,27,2187,0,1,1,0,0.041,0.041,34,0.82,71.47,0.209677419,0.322580645,20.97,32.26,26.61,54,118,3312
346779,Ché Adams,Attack,Centre-Forward,Scotland,180,Southampton FC,GB1,premier-league,England,2021,2021-22,25,30,2042,7,3,10,0.309,0.132,0.441,38,1.05,59.71,0.531914894,0.276595745,53.19,27.66,40.43,33,118,2602
474800,Facundo Medina,Defender,Centre-Back,Argentina,826,RC Lens,FR1,ligue-1,France,2021,2021-22,23,31,2596,1,0,1,0.035,0,0.035,38,1.63,75.91,0.217948718,0.602564103,21.79,60.26,41.03,52,118,2573
252667,Fali,Defender,Centre-Back,Spain,2687,Cádiz CF,ES1,laliga,Spain,2021,2021-22,28,28,1809,0,2,2,0,0.1,0.1,38,1.03,52.89,0.652777778,0,65.28,0,32.64,53,118,3012
585949,Pierre Kalulu,Defender,Centre-Back,France,5,AC Milan,IT1,serie-a,Italy,2021,2021-22,22,28,1939,1,2,3,0.046,0.093,0.139,38,2.26,56.7,0.6875,0.0625,68.75,6.25,37.5,44,118,2774
35047,Axel Witsel,Midfield,Defensive Midfield,Belgium,16,Borussia Dortmund,L1,bundesliga,Germany,2021,2021-22,33,29,1947,2,0,2,0.092,0,0.092,34,2.03,63.63,0.261904762,0.261904762,26.19,26.19,26.19,39,119,3324
165513,Berat Djimsiti,Defender,Centre-Back,Albania,800,Atalanta BC,IT1,serie-a,Italy,2021,2021-22,29,31,2257,1,1,2,0.04,0.04,0.08,38,1.55,65.99,0.421875,0.328125,42.19,32.81,37.5,45,119,2776
211637,Kiki Kouyaté,Defender,Centre-Back,Mali,347,FC Metz,FR1,ligue-1,France,2021,2021-22,25,30,2666,1,0,1,0.034,0,0.034,38,0.82,77.95,0.192307692,0.615384615,19.23,61.54,40.38,53,119,2608
328658,Kristoffer Ajer,Defender,Centre-Back,Norway,1148,Brentford FC,GB1,premier-league,England,2021,2021-22,24,24,1987,1,2,3,0.045,0.091,0.136,38,1.21,58.1,0.684931507,0.123287671,68.49,12.33,40.41,52,119,2603
396894,Maxi Gómez,Attack,Centre-Forward,Uruguay,1049,Valencia CF,ES1,laliga,Spain,2021,2021-22,25,29,1870,5,3,8,0.241,0.144,0.385,38,1.26,54.68,0.41025641,0.230769231,41.03,23.08,32.05,31,119,3048
167721,Chimy Ávila,Attack,Centre-Forward,Argentina,331,CA Osasuna,ES1,laliga,Spain,2021,2021-22,28,36,1876,6,2,8,0.288,0.096,0.384,38,1.24,54.85,0.384615385,0.256410256,38.46,25.64,32.05,32,120,3049
476344,Emerson Royal,Defender,Right-Back,Brazil,148,Tottenham Hotspur,GB1,premier-league,England,2021,2021-22,23,31,2289,1,1,2,0.039,0.039,0.079,38,1.87,66.93,0.452054795,0.356164384,45.21,35.62,40.41,53,120,2604
190289,Gerrit Holtmann,Attack,Left Winger,Philippines,80,VfL Bochum,L1,bundesliga,Germany,2021,2021-22,27,29,1830,5,6,11,0.246,0.295,0.541,34,1.24,59.8,0.5,0,50,0,25,27,120,3363
649452,Issa Kaboré,Defender,Right-Back,Burkina Faso,1095,ESTAC Troyes,FR1,ligue-1,France,2021,2021-22,21,31,2260,0,2,2,0,0.08,0.08,38,1,66.08,0.512820513,0.282051282,51.28,28.21,39.74,54,120,2648
174733,Omar Colley,Defender,Centre-Back,The Gambia,1038,UC Sampdoria,IT1,serie-a,Italy,2021,2021-22,29,32,2749,0,0,0,0,0,0,38,0.95,80.38,0,0.75,0,75,37.5,46,120,2779
349066,Alexander Isak,Attack,Centre-Forward,Sweden,681,Real Sociedad,ES1,laliga,Spain,2021,2021-22,22,32,2157,6,2,8,0.25,0.083,0.334,38,1.63,63.07,0.205128205,0.435897436,20.51,43.59,32.05,33,121,3050
74810,Ben Mee,Defender,Centre-Back,England,1132,Burnley FC,GB1,premier-league,England,2021,2021-22,32,21,1840,3,0,3,0.147,0,0.147,38,0.92,53.8,0.726027397,0.04109589,72.6,4.11,38.36,54,121,2720
353366,Benjamin Pavard,Defender,Centre-Back,France,27,Bayern Munich,L1,bundesliga,Germany,2021,2021-22,26,25,2081,0,1,1,0,0.043,0.043,34,2.26,68.01,0.241935484,0.241935484,24.19,24.19,24.19,55,121,3401
457931,Luiz Felipe,Defender,Centre-Back,Italy,398,Società Sportiva Lazio S.p.A.,IT1,serie-a,Italy,2021,2021-22,25,31,2493,0,1,1,0,0.036,0.036,38,1.68,72.89,0.21875,0.515625,21.88,51.56,36.72,47,121,2813
282041,Presnel Kimpembe,Defender,Centre-Back,France,583,Paris Saint-Germain,FR1,ligue-1,France,2021,2021-22,26,30,2579,1,0,1,0.035,0,0.035,38,2.26,75.41,0.217948718,0.576923077,21.79,57.69,39.74,55,121,2649
18944,Gerard Piqué,Defender,Centre-Back,Spain,131,FC Barcelona,ES1,laliga,Spain,2021,2021-22,35,27,2096,1,0,1,0.043,0,0.043,38,1.92,61.29,0.305555556,0.333333333,30.56,33.33,31.94,54,122,3054
309400,Kai Havertz,Attack,Centre-Forward,Germany,631,Chelsea FC,GB1,premier-league,England,2021,2021-22,23,29,1811,8,4,12,0.398,0.199,0.596,38,1.95,52.95,0.744680851,0.021276596,74.47,2.13,38.3,34,122,2722
193867,Liam Henderson,Midfield,Central Midfield,Scotland,749,FC Empoli,IT1,serie-a,Italy,2021,2021-22,26,38,2018,2,4,6,0.089,0.178,0.268,38,1.08,59.01,0.590163934,0.131147541,59.02,13.11,36.07,48,122,2838
353826,Robert Gumny,Defender,Right-Back,Poland,167,FC Augsburg,L1,bundesliga,Germany,2021,2021-22,24,28,2275,0,0,0,0,0,0,34,1.12,74.35,0,0.435483871,0,43.55,21.77,56,122,3487
238639,Steve Mounié,Attack,Centre-Forward,Benin,3911,Stade Brestois 29,FR1,ligue-1,France,2021,2021-22,27,35,2312,9,2,11,0.35,0.078,0.428,38,1.26,67.6,0.352941176,0.441176471,35.29,44.12,39.71,23,122,2650
335721,Ben White,Defender,Right-Back,England,11,Arsenal FC,GB1,premier-league,England,2021,2021-22,24,32,2880,0,0,0,0,0,0,38,1.82,84.21,0,0.739726027,0,73.97,36.99,55,123,2803
206912,Jimmy Cabot,Midfield,Right Midfield,France,1420,Angers SCO,FR1,ligue-1,France,2021,2021-22,28,24,2012,0,6,6,0,0.268,0.268,38,1.08,58.83,0.596774194,0.193548387,59.68,19.35,39.52,45,123,2655
666234,Mohamed Simakan,Defender,Centre-Back,France,23826,RB Leipzig,L1,bundesliga,Germany,2021,2021-22,22,28,2009,1,0,1,0.045,0,0.045,34,1.71,65.65,0.274193548,0.14516129,27.42,14.52,20.97,57,123,3508
517753,Óscar Valentín,Midfield,Central Midfield,Spain,367,Rayo Vallecano,ES1,laliga,Spain,2021,2021-22,27,35,2578,0,0,0,0,0,0,38,1.11,75.38,0,0.630434783,0,63.04,31.52,36,123,3072
360518,Teun Koopmeiners,Midfield,Defensive Midfield,Netherlands,800,Atalanta BC,IT1,serie-a,Italy,2021,2021-22,24,30,2128,4,1,5,0.169,0.042,0.211,38,1.55,62.22,0.508196721,0.213114754,50.82,21.31,36.07,49,123,2839
314940,Dimitri Liénard,Midfield,Left Midfield,France,667,RC Strasbourg Alsace,FR1,ligue-1,France,2021,2021-22,34,33,2046,2,4,6,0.088,0.176,0.264,38,1.66,59.82,0.580645161,0.209677419,58.06,20.97,39.52,46,124,2656
321247,Emiliano Buendía,Attack,Left Winger,Argentina,405,Aston Villa,GB1,premier-league,England,2021,2021-22,25,35,1901,4,6,10,0.189,0.284,0.473,38,1.18,55.58,0.553191489,0.14893617,55.32,14.89,35.11,35,124,2887
303254,Fikayo Tomori,Defender,Centre-Back,England,5,AC Milan,IT1,serie-a,Italy,2021,2021-22,24,31,2719,0,0,0,0,0,0,38,2.26,79.5,0,0.71875,0,71.88,35.94,48,124,2845
358250,Joseph Aidoo,Defender,Centre-Back,Ghana,940,Celta de Vigo,ES1,laliga,Spain,2021,2021-22,26,32,2640,0,0,0,0,0,0,38,1.21,77.19,0,0.625,0,62.5,31.25,55,124,3087
162434,Niklas Stark,Defender,Centre-Back,Germany,44,Hertha BSC,L1,bundesliga,Germany,2021,2021-22,27,26,2028,1,0,1,0.044,0,0.044,34,0.97,66.27,0.258064516,0.161290323,25.81,16.13,20.97,58,124,3509
315145,Azor Matusiwa,Midfield,Defensive Midfield,Netherlands,1421,Stade Reims,FR1,ligue-1,France,2021,2021-22,24,29,2468,1,1,2,0.036,0.036,0.073,38,1.21,72.16,0.225806452,0.564516129,22.58,56.45,39.52,47,125,2657
119905,Hugo Mallo,Defender,Right-Back,Spain,940,Celta de Vigo,ES1,laliga,Spain,2021,2021-22,31,21,1829,1,1,2,0.049,0.049,0.098,38,1.21,53.48,0.597222222,0.013888889,59.72,1.39,30.56,56,125,3127
91059,Joshua King,Attack,Centre-Forward,Norway,1010,Watford FC,GB1,premier-league,England,2021,2021-22,30,32,2249,5,3,8,0.2,0.12,0.32,38,0.61,65.76,0.276595745,0.425531915,27.66,42.55,35.11,36,125,2888
228444,Ridgeciano Haps,Defender,Left-Back,Suriname,607,Venezia FC,IT1,serie-a,Italy,2021,2021-22,29,25,2060,1,1,2,0.044,0.044,0.087,38,0.71,60.23,0.484375,0.21875,48.44,21.88,35.16,49,125,2884
338629,Sebastiaan Bornauw,Defender,Centre-Back,Belgium,82,VfL Wolfsburg,L1,bundesliga,Germany,2021,2021-22,23,27,2007,1,0,1,0.045,0,0.045,34,1.24,65.59,0.274193548,0.129032258,27.42,12.9,20.16,59,125,3532
157506,Jeffrey Schlupp,Midfield,Left Midfield,Ghana,873,Crystal Palace,GB1,premier-league,England,2021,2021-22,29,32,1846,4,2,6,0.195,0.098,0.293,38,1.26,53.98,0.7,0,70,0,35,35,126,2890
364237,Mamadou Loum,Midfield,Defensive Midfield,Senegal,1108,Deportivo Alavés,ES1,laliga,Spain,2021,2021-22,25,32,2317,2,0,2,0.078,0,0.078,38,0.82,67.75,0.260869565,0.347826087,26.09,34.78,30.43,37,126,3132
51100,Peter Pekarík,Defender,Right-Back,Slovakia,44,Hertha BSC,L1,bundesliga,Germany,2021,2021-22,35,27,2239,0,0,0,0,0,0,34,0.97,73.17,0,0.403225806,0,40.32,20.16,60,126,3534
86784,Ricardo Rodríguez,Defender,Left-Back,Switzerland,416,Torino FC,IT1,serie-a,Italy,2021,2021-22,29,34,2472,0,1,1,0,0.036,0.036,38,1.32,72.28,0.21875,0.484375,21.88,48.44,35.16,50,126,2885
711996,Warmed Omari,Defender,Centre-Back,Comoros,273,Stade Rennais FC,FR1,ligue-1,France,2021,2021-22,22,34,2798,0,0,0,0,0,0,38,1.74,81.81,0,0.769230769,0,76.92,38.46,56,126,2717
395234,Batista Mendy,Midfield,Defensive Midfield,France,1420,Angers SCO,FR1,ligue-1,France,2021,2021-22,22,34,2417,1,1,2,0.037,0.037,0.074,38,1.08,70.67,0.241935484,0.516129032,24.19,51.61,37.9,48,127,2748
111455,Granit Xhaka,Midfield,Defensive Midfield,Switzerland,11,Arsenal FC,GB1,premier-league,England,2021,2021-22,29,27,2331,1,2,3,0.039,0.077,0.116,38,1.82,68.16,0.22,0.48,22,48,35,36,127,2892
53418,Kevin Kampl,Midfield,Central Midfield,Slovenia,23826,RB Leipzig,L1,bundesliga,Germany,2021,2021-22,31,27,1909,0,1,1,0,0.047,0.047,34,1.71,62.39,0.142857143,0.238095238,14.29,23.81,19.05,40,127,3575
387129,Róber Pier,Defender,Centre-Back,Spain,3368,Levante UD,ES1,laliga,Spain,2021,2021-22,27,27,2009,1,0,1,0.045,0,0.045,38,0.92,58.74,0.319444444,0.277777778,31.94,27.78,29.86,57,127,3152
412513,Thomas Henry,Attack,Centre-Forward,France,607,Venezia FC,IT1,serie-a,Italy,2021,2021-22,27,33,2121,9,3,12,0.382,0.127,0.509,38,0.71,62.02,0.361111111,0.333333333,36.11,33.33,34.72,28,127,2912
235931,Alessandro Deiola,Midfield,Central Midfield,Italy,1390,Cagliari Calcio,IT1,serie-a,Italy,2021,2021-22,26,33,2144,4,1,5,0.168,0.042,0.21,38,0.79,62.69,0.459016393,0.229508197,45.9,22.95,34.43,50,128,2927
618472,Castello Lukeba,Defender,Centre-Back,France,1041,Olympique Lyon,FR1,ligue-1,France,2021,2021-22,19,24,2096,2,0,2,0.086,0,0.086,38,1.63,61.29,0.564102564,0.192307692,56.41,19.23,37.82,57,128,2755
192300,Max Christiansen,Midfield,Defensive Midfield,Germany,65,SpVgg Greuther Fürth,L1,bundesliga,Germany,2021,2021-22,25,27,2054,0,0,0,0,0,0,34,0.53,67.12,0,0.380952381,0,38.1,19.05,41,128,3576
525247,Maximilian Kilman,Defender,Centre-Back,England,543,Wolverhampton Wanderers,GB1,premier-league,England,2021,2021-22,25,30,2689,1,0,1,0.033,0,0.033,38,1.34,78.63,0.109589041,0.589041096,10.96,58.9,34.93,56,128,2898
64134,Néstor Araújo,Defender,Centre-Back,Mexico,940,Celta de Vigo,ES1,laliga,Spain,2021,2021-22,30,34,2619,0,0,0,0,0,0,38,1.21,76.58,0,0.597222222,0,59.72,29.86,58,128,3153
104597,Bram Nuytinck,Defender,Centre-Back,Netherlands,410,Udinese Calcio,IT1,serie-a,Italy,2021,2021-22,32,27,2034,1,1,2,0.044,0.044,0.088,38,1.24,59.47,0.5,0.1875,50,18.75,34.38,51,129,2928
513245,Jesper Lindstrøm,Attack,Right Winger,Denmark,24,Eintracht Frankfurt,L1,bundesliga,Germany,2021,2021-22,22,29,1992,5,5,10,0.226,0.226,0.452,34,1.24,65.1,0.233333333,0.133333333,23.33,13.33,18.33,28,129,3590
126600,Kenny McLean,Midfield,Central Midfield,Scotland,1123,Norwich City,GB1,premier-league,England,2021,2021-22,30,31,2707,1,0,1,0.033,0,0.033,38,0.58,79.15,0,0.68,0,68,34,37,129,2946
34601,Raúl García,Attack,Centre-Forward,Spain,621,Athletic Bilbao,ES1,laliga,Spain,2021,2021-22,35,35,1818,6,3,9,0.297,0.149,0.446,38,1.45,53.16,0.538461538,0.051282051,53.85,5.13,29.49,34,129,3170
203746,Ruben Aguilar,Defender,Right-Back,France,162,AS Monaco,FR1,ligue-1,France,2021,2021-22,29,28,2138,0,2,2,0,0.084,0.084,38,1.82,62.51,0.551282051,0.205128205,55.13,20.51,37.82,58,129,2756
91317,Ashley Westwood,Midfield,Defensive Midfield,England,1132,Burnley FC,GB1,premier-league,England,2021,2021-22,32,27,2289,0,3,3,0,0.118,0.118,38,0.92,66.93,0.24,0.42,24,42,33,38,130,2999
312862,Dalbert,Defender,Left-Back,Brazil,1390,Cagliari Calcio,IT1,serie-a,Italy,2021,2021-22,28,28,2104,0,2,2,0,0.086,0.086,38,0.79,61.52,0.4375,0.25,43.75,25,34.38,52,130,2929
408471,Javi Puado,Attack,Left Winger,Spain,714,RCD Espanyol Barcelona,ES1,laliga,Spain,2021,2021-22,24,30,2258,4,1,5,0.159,0.04,0.199,38,1.11,66.02,0.076923077,0.512820513,7.69,51.28,29.49,35,130,3171
374954,Kristijan Jakic,Midfield,Defensive Midfield,Croatia,24,Eintracht Frankfurt,L1,bundesliga,Germany,2021,2021-22,25,26,1883,1,0,1,0.048,0,0.048,34,1.24,61.54,0.19047619,0.166666667,19.05,16.67,17.86,42,130,3606
215114,Thomas Foket,Defender,Right-Back,Belgium,1421,Stade Reims,FR1,ligue-1,France,2021,2021-22,27,29,2240,1,1,2,0.04,0.04,0.08,38,1.21,65.5,0.512820513,0.243589744,51.28,24.36,37.82,59,130,2757
232320,Atakan Karazor,Midfield,Defensive Midfield,Türkiye,79,VfB Stuttgart,L1,bundesliga,Germany,2021,2021-22,25,24,1905,0,1,1,0,0.047,0.047,34,0.97,62.25,0.142857143,0.214285714,14.29,21.43,17.86,43,131,3607
63494,Étienne Capoue,Midfield,Defensive Midfield,France,1050,Villarreal CF,ES1,laliga,Spain,2021,2021-22,33,30,2297,1,1,2,0.039,0.039,0.078,38,1.55,67.16,0.260869565,0.326086957,26.09,32.61,29.35,38,131,3178
163639,Federico Ceccherini,Defender,Centre-Back,Italy,276,Hellas Verona,IT1,serie-a,Italy,2021,2021-22,30,34,2367,1,0,1,0.038,0,0.038,38,1.39,69.21,0.25,0.390625,25,39.06,32.03,53,131,3051
148153,Lewis Dunk,Defender,Centre-Back,England,1237,Brighton & Hove Albion,GB1,premier-league,England,2021,2021-22,30,29,2574,1,0,1,0.035,0,0.035,38,1.34,75.26,0.123287671,0.520547945,12.33,52.05,32.19,57,131,3036
494586,Mickaël Nadé,Defender,Centre-Back,France,618,AS Saint-Étienne,FR1,ligue-1,France,2021,2021-22,23,30,2568,1,0,1,0.035,0,0.035,38,0.84,75.09,0.217948718,0.538461538,21.79,53.85,37.82,60,131,2758
564545,Edmond Tapsoba,Defender,Centre-Back,Burkina Faso,15,Bayer 04 Leverkusen,L1,bundesliga,Germany,2021,2021-22,23,22,1813,1,0,1,0.05,0,0.05,34,1.88,59.25,0.306451613,0.016129032,30.65,1.61,16.13,61,132,3662
240934,Filippo Bandinelli,Midfield,Central Midfield,Italy,749,FC Empoli,IT1,serie-a,Italy,2021,2021-22,27,35,1966,2,3,5,0.092,0.137,0.229,38,1.08,57.49,0.524590164,0.098360656,52.46,9.84,31.15,51,132,3090
177907,Harry Maguire,Defender,Centre-Back,England,985,Manchester United,GB1,premier-league,England,2021,2021-22,29,30,2515,1,0,1,0.036,0,0.036,38,1.53,73.54,0.136986301,0.479452055,13.7,47.95,30.82,58,132,3105
182875,Jean-Charles Castelletto,Defender,Centre-Back,Cameroon,995,FC Nantes,FR1,ligue-1,France,2021,2021-22,27,28,2512,1,0,1,0.036,0,0.036,38,1.45,73.45,0.269230769,0.474358974,26.92,47.44,37.18,61,132,2794
610083,Unai Vencedor,Midfield,Central Midfield,Spain,621,Athletic Bilbao,ES1,laliga,Spain,2021,2021-22,21,34,2396,0,1,1,0,0.038,0.038,38,1.45,70.06,0.152173913,0.434782609,15.22,43.48,29.35,39,132,3179
585959,Arnaud Kalimuendo,Attack,Centre-Forward,France,826,RC Lens,FR1,ligue-1,France,2021,2021-22,20,32,2168,12,0,12,0.498,0,0.498,38,1.63,63.39,0.470588235,0.264705882,47.06,26.47,36.76,24,133,2811
595809,Beto,Attack,Centre-Forward,Guinea-Bissau,410,Udinese Calcio,IT1,serie-a,Italy,2021,2021-22,24,28,2177,11,0,11,0.455,0,0.455,38,1.24,63.65,0.166666667,0.444444444,16.67,44.44,30.56,29,133,3126
320141,Çağlar Söyüncü,Defender,Centre-Back,Türkiye,1003,Leicester City,GB1,premier-league,England,2021,2021-22,26,28,2498,1,0,1,0.036,0,0.036,38,1.37,73.04,0.136986301,0.465753425,13.7,46.58,30.14,59,133,3143
99922,Marc Bartra,Defender,Centre-Back,Spain,150,Real Betis Balompié,ES1,laliga,Spain,2021,2021-22,31,23,1994,1,0,1,0.045,0,0.045,38,1.71,58.3,0.319444444,0.263888889,31.94,26.39,29.17,59,133,3188
93081,Nick Viergever,Defender,Centre-Back,Netherlands,65,SpVgg Greuther Fürth,L1,bundesliga,Germany,2021,2021-22,32,24,2134,0,0,0,0,0,0,34,0.53,69.74,0,0.274193548,0,27.42,13.71,62,133,3726
38410,Daniel Caligiuri,Attack,Right Winger,Italy,167,FC Augsburg,L1,bundesliga,Germany,2021,2021-22,34,28,2016,4,3,7,0.179,0.134,0.313,34,1.12,65.88,0.033333333,0.2,3.33,20,11.67,29,134,3774
113133,Germán Pezzella,Defender,Centre-Back,Argentina,150,Real Betis Balompié,ES1,laliga,Spain,2021,2021-22,31,23,1991,1,0,1,0.045,0,0.045,38,1.71,58.22,0.319444444,0.25,31.94,25,28.47,60,134,3226
168157,Leander Dendoncker,Midfield,Defensive Midfield,Belgium,543,Wolverhampton Wanderers,GB1,premier-league,England,2021,2021-22,27,30,1948,2,2,4,0.092,0.092,0.185,38,1.34,56.96,0.5,0.1,50,10,30,39,134,3147
410185,Ronaël Pierre-Gabriel,Defender,Right-Back,France,3911,Stade Brestois 29,FR1,ligue-1,France,2021,2021-22,24,30,2556,0,1,1,0,0.035,0.035,38,1.26,74.74,0.217948718,0.512820513,21.79,51.28,36.54,62,134,2827
278531,Sebastiano Luperto,Defender,Centre-Back,Italy,749,FC Empoli,IT1,serie-a,Italy,2021,2021-22,25,24,1958,0,2,2,0,0.092,0.092,38,1.08,57.25,0.53125,0.078125,53.13,7.81,30.47,54,134,3131
293169,Josip Brekalo,Attack,Left Winger,Croatia,416,Torino FC,IT1,serie-a,Italy,2021,2021-22,24,32,2293,7,2,9,0.275,0.078,0.353,38,1.32,67.05,0.083333333,0.472222222,8.33,47.22,27.78,30,135,3256
284248,Paul Jaeckel,Defender,Centre-Back,Germany,89,1.FC Union Berlin,L1,bundesliga,Germany,2021,2021-22,23,24,2045,0,0,0,0,0,0,34,1.68,66.83,0,0.193548387,0,19.35,9.68,63,135,3810
15452,Raúl Albiol,Defender,Centre-Back,Spain,1050,Villarreal CF,ES1,laliga,Spain,2021,2021-22,36,28,2466,0,0,0,0,0,0,38,1.55,72.11,0,0.569444444,0,56.94,28.47,61,135,3227
131505,Rodrigo,Attack,Centre-Forward,Spain,399,Leeds United,GB1,premier-league,England,2021,2021-22,31,31,2270,6,1,7,0.238,0.04,0.278,38,1,66.37,0.14893617,0.446808511,14.89,44.68,29.79,37,135,3157
103565,Wahbi Khazri,Attack,Left Winger,Tunisia,618,AS Saint-Étienne,FR1,ligue-1,France,2021,2021-22,31,30,2238,10,0,10,0.402,0,0.402,38,0.84,65.44,0.323529412,0.382352941,32.35,38.24,35.29,25,135,2876
495629,Hugo Guillamón,Midfield,Defensive Midfield,Spain,1049,Valencia CF,ES1,laliga,Spain,2021,2021-22,22,31,2365,1,0,1,0.038,0,0.038,38,1.26,69.15,0.152173913,0.413043478,15.22,41.3,28.26,40,136,3239
518505,Jamie Leweling,Attack,Right Winger,Germany,65,SpVgg Greuther Fürth,L1,bundesliga,Germany,2021,2021-22,21,33,1958,5,2,7,0.23,0.092,0.322,34,0.53,63.99,0.1,0.066666667,10,6.67,8.33,30,136,3828
139279,Nicolas Pallois,Defender,Centre-Back,France,995,FC Nantes,FR1,ligue-1,France,2021,2021-22,34,30,2451,1,0,1,0.037,0,0.037,38,1.45,71.67,0.282051282,0.423076923,28.21,42.31,35.26,63,136,2881
205054,Norbert Gyömbér,Defender,Centre-Back,Slovakia,380,US Salernitana 1919,IT1,serie-a,Italy,2021,2021-22,29,31,2568,0,0,0,0,0,0,38,0.82,75.09,0,0.546875,0,54.69,27.34,55,136,3278
410425,Yves Bissouma,Midfield,Defensive Midfield,Mali,1237,Brighton & Hove Albion,GB1,premier-league,England,2021,2021-22,25,26,2116,1,2,3,0.043,0.085,0.128,38,1.34,61.87,0.28,0.3,28,30,29,40,136,3193
392771,Ethan Ampadu,Midfield,Defensive Midfield,Wales,607,Venezia FC,IT1,serie-a,Italy,2021,2021-22,21,29,2289,0,3,3,0,0.118,0.118,38,0.71,66.93,0.213114754,0.327868852,21.31,32.79,27.05,52,137,3294
228917,Jorge Miramón,Defender,Right-Back,Spain,3368,Levante UD,ES1,laliga,Spain,2021,2021-22,33,29,1977,1,0,1,0.046,0,0.046,38,0.92,57.81,0.361111111,0.194444444,36.11,19.44,27.78,62,137,3261
345886,Rubén Vargas,Attack,Left Winger,Switzerland,167,FC Augsburg,L1,bundesliga,Germany,2021,2021-22,23,29,2001,1,3,4,0.045,0.135,0.18,34,1.12,65.39,0,0.166666667,0,16.67,8.33,31,137,3829
315969,Scott McTominay,Midfield,Central Midfield,Scotland,985,Manchester United,GB1,premier-league,England,2021,2021-22,25,30,2391,1,1,2,0.038,0.038,0.075,38,1.53,69.91,0.06,0.52,6,52,29,41,137,3194
569598,Youssouf Fofana,Midfield,Defensive Midfield,France,162,AS Monaco,FR1,ligue-1,France,2021,2021-22,23,33,2185,0,4,4,0,0.165,0.165,38,1.82,63.89,0.419354839,0.274193548,41.94,27.42,34.68,49,137,2915
503733,Anthony Gordon,Attack,Left Winger,England,29,Everton FC,GB1,premier-league,England,2021,2021-22,21,35,2286,4,2,6,0.157,0.079,0.236,38,1.03,66.84,0.085106383,0.489361702,8.51,48.94,28.72,38,138,3215
127189,Geoffrey Kondogbia,Midfield,Defensive Midfield,Central African Republic,13,Atlético de Madrid,ES1,laliga,Spain,2021,2021-22,29,28,1884,1,2,3,0.048,0.096,0.143,38,1.87,55.09,0.47826087,0.065217391,47.83,6.52,27.17,41,138,3286
346561,Luca Ranieri,Defender,Centre-Back,Italy,380,US Salernitana 1919,IT1,serie-a,Italy,2021,2021-22,23,27,2115,1,0,1,0.043,0,0.043,38,0.82,61.84,0.265625,0.265625,26.56,26.56,26.56,56,138,3313
230140,Stian Gregersen,Defender,Centre-Back,Norway,40,FC Girondins Bordeaux,FR1,ligue-1,France,2021,2021-22,27,24,1956,1,1,2,0.046,0.046,0.092,38,0.82,57.19,0.576923077,0.115384615,57.69,11.54,34.62,64,138,2920
59606,Craig Cathcart,Defender,Centre-Back,Northern Ireland,1010,Watford FC,GB1,premier-league,England,2021,2021-22,33,31,2396,0,1,1,0,0.038,0.038,38,0.61,70.06,0.164383562,0.397260274,16.44,39.73,28.08,60,139,3245
91473,Florent Ogier,Defender,Centre-Back,France,3524,Clermont Foot 63,FR1,ligue-1,France,2021,2021-22,33,30,2435,1,0,1,0.037,0,0.037,38,0.95,71.2,0.282051282,0.41025641,28.21,41.03,34.62,65,139,2923
67556,Milan Djuric,Attack,Centre-Forward,Bosnia-Herzegovina,380,US Salernitana 1919,IT1,serie-a,Italy,2021,2021-22,32,33,2172,5,5,10,0.207,0.207,0.414,38,0.82,63.51,0.111111111,0.416666667,11.11,41.67,26.39,31,139,3318
346289,Mouctar Diakhaby,Defender,Centre-Back,Guinea,1049,Valencia CF,ES1,laliga,Spain,2021,2021-22,25,29,1945,0,1,1,0,0.046,0.046,38,1.26,56.87,0.361111111,0.180555556,36.11,18.06,27.08,63,139,3292
92738,Mateusz Klich,Midfield,Defensive Midfield,Poland,399,Leeds United,GB1,premier-league,England,2021,2021-22,32,33,2082,1,2,3,0.043,0.086,0.13,38,1,60.88,0.32,0.24,32,24,28,42,140,3248
353922,Mert Müldür,Defender,Right-Back,Türkiye,6574,US Sassuolo,IT1,serie-a,Italy,2021,2021-22,23,31,2046,0,1,1,0,0.044,0.044,38,1.32,59.82,0.28125,0.203125,28.13,20.31,24.22,57,140,3399
568693,Pape Matar Sarr,Midfield,Central Midfield,Senegal,347,FC Metz,FR1,ligue-1,France,2021,2021-22,19,33,2127,1,3,4,0.042,0.127,0.169,38,0.82,62.19,0.435483871,0.241935484,43.55,24.19,33.87,50,140,2955
107010,Stefan Savic,Defender,Centre-Back,Montenegro,13,Atlético de Madrid,ES1,laliga,Spain,2021,2021-22,31,28,2441,0,0,0,0,0,0,38,1.87,71.37,0,0.541666667,0,54.17,27.08,64,140,3293
234523,Antonio Sanabria,Attack,Centre-Forward,Paraguay,416,Torino FC,IT1,serie-a,Italy,2021,2021-22,26,29,1812,6,5,11,0.298,0.248,0.546,38,1.32,52.98,0.472222222,0,47.22,0,23.61,32,141,3422
142031,Omar Mascarell,Midfield,Defensive Midfield,Equatorial Guinea,1531,Elche CF,ES1,laliga,Spain,2021,2021-22,29,32,2506,0,0,0,0,0,0,38,1.11,73.27,0,0.52173913,0,52.17,26.09,42,141,3329
164770,Raphaël Varane,Defender,Centre-Back,France,985,Manchester United,GB1,premier-league,England,2021,2021-22,29,22,1829,1,1,2,0.049,0.049,0.098,38,1.53,53.48,0.520547945,0.02739726,52.05,2.74,27.4,61,141,3276
688707,Salis Abdul Samed,Midfield,Defensive Midfield,Ghana,3524,Clermont Foot 63,FR1,ligue-1,France,2021,2021-22,22,31,2469,1,0,1,0.036,0,0.036,38,0.95,72.19,0.064516129,0.580645161,6.45,58.06,32.26,51,141,3032
381950,Alexis Saelemaekers,Midfield,Right Midfield,Belgium,5,AC Milan,IT1,serie-a,Italy,2021,2021-22,23,36,1865,1,3,4,0.048,0.145,0.193,38,2.26,54.53,0.442622951,0.016393443,44.26,1.64,22.95,53,142,3441
341110,Franco Cervi,Attack,Left Winger,Argentina,940,Celta de Vigo,ES1,laliga,Spain,2021,2021-22,28,33,1806,4,4,8,0.199,0.199,0.399,38,1.21,52.81,0.435897436,0.025641026,43.59,2.56,23.08,36,142,3434
475188,Kiernan Dewsbury-Hall,Midfield,Central Midfield,England,1003,Leicester City,GB1,premier-league,England,2021,2021-22,23,28,2105,1,2,3,0.043,0.086,0.128,38,1.37,61.55,0.28,0.26,28,26,27,43,142,3295
569389,Sofiane Diop,Attack,Left Winger,Morocco,162,AS Monaco,FR1,ligue-1,France,2021,2021-22,22,30,1954,6,5,11,0.276,0.23,0.507,38,1.82,57.13,0.5,0.117647059,50,11.76,30.88,26,142,3101
184894,Alfred Duncan,Midfield,Central Midfield,Ghana,430,ACF Fiorentina,IT1,serie-a,Italy,2021,2021-22,29,33,1934,2,2,4,0.093,0.093,0.186,38,1.63,56.55,0.393442623,0.06557377,39.34,6.56,22.95,54,143,3442
656441,Jean Onana,Midfield,Defensive Midfield,Cameroon,40,FC Girondins Bordeaux,FR1,ligue-1,France,2021,2021-22,22,23,1845,3,2,5,0.146,0.098,0.244,38,0.82,53.95,0.564516129,0.048387097,56.45,4.84,30.65,52,143,3120
71292,Jonjo Shelvey,Midfield,Central Midfield,England,762,Newcastle United,GB1,premier-league,England,2021,2021-22,30,24,1986,2,1,3,0.091,0.045,0.136,38,1.29,58.07,0.36,0.14,36,14,25,44,143,3371
93936,Kike García,Attack,Centre-Forward,Spain,331,CA Osasuna,ES1,laliga,Spain,2021,2021-22,32,33,1859,5,2,7,0.242,0.097,0.339,38,1.24,54.36,0.230769231,0.205128205,23.08,20.51,21.79,37,143,3484
182913,Adrien Rabiot,Midfield,Central Midfield,France,506,Juventus FC,IT1,serie-a,Italy,2021,2021-22,27,32,2292,0,2,2,0,0.079,0.079,38,1.84,67.02,0.114754098,0.344262295,11.48,34.43,22.95,55,144,3443
51174,Fernando,Midfield,Defensive Midfield,Brazil,368,Sevilla FC,ES1,laliga,Spain,2021,2021-22,34,24,1850,1,1,2,0.049,0.049,0.097,38,1.84,54.09,0.326086957,0.043478261,32.61,4.35,18.48,43,144,3588
102558,Marco Verratti,Midfield,Central Midfield,Italy,583,Paris Saint-Germain,FR1,ligue-1,France,2021,2021-22,29,24,1947,2,2,4,0.092,0.092,0.185,38,2.26,56.93,0.451612903,0.161290323,45.16,16.13,30.65,53,144,3121
230784,Thomas Partey,Midfield,Defensive Midfield,Ghana,11,Arsenal FC,GB1,premier-league,England,2021,2021-22,29,24,2033,2,1,3,0.089,0.044,0.133,38,1.82,59.44,0.34,0.16,34,16,25,45,144,3372
448844,Carlos Neva,Defender,Left-Back,Spain,16795,Granada CF,ES1,laliga,Spain,2021,2021-22,26,26,2116,0,0,0,0,0,0,38,1,61.87,0,0.361111111,0,36.11,18.06,65,145,3601
292818,Jonathan Bamba,Attack,Left Winger,Cote d'Ivoire,1082,LOSC Lille,FR1,ligue-1,France,2021,2021-22,26,31,2444,1,2,3,0.037,0.074,0.11,38,1.45,71.46,0,0.588235294,0,58.82,29.41,27,145,3174
386552,Lassana Coulibaly,Midfield,Central Midfield,Mali,380,US Salernitana 1919,IT1,serie-a,Italy,2021,2021-22,26,31,2338,0,0,0,0,0,0,38,0.82,68.36,0,0.459016393,0,45.9,22.95,56,145,3444
377393,Pierre Lees-Melou,Midfield,Defensive Midfield,France,1123,Norwich City,GB1,premier-league,England,2021,2021-22,29,33,2272,1,1,2,0.04,0.04,0.079,38,0.58,66.43,0.08,0.38,8,38,23,46,145,3439
288318,Adrián Embarba,Attack,Right Winger,Spain,714,RCD Espanyol Barcelona,ES1,laliga,Spain,2021,2021-22,30,32,1998,0,2,2,0,0.09,0.09,38,1.11,58.42,0,0.333333333,0,33.33,16.67,38,146,3648
128904,Ben Gibson,Defender,Centre-Back,England,1123,Norwich City,GB1,premier-league,England,2021,2021-22,29,28,2495,0,0,0,0,0,0,38,0.58,72.95,0,0.452054795,0,45.21,22.6,62,146,3457
200056,Elseid Hysaj,Defender,Right-Back,Albania,398,Società Sportiva Lazio S.p.A.,IT1,serie-a,Italy,2021,2021-22,28,29,2031,1,0,1,0.044,0,0.044,38,1.68,59.39,0.28125,0.171875,28.13,17.19,22.66,58,146,3453
485960,Lilian Brassier,Defender,Centre-Back,France,3911,Stade Brestois 29,FR1,ligue-1,France,2021,2021-22,22,31,2257,1,0,1,0.04,0,0.04,38,1.26,65.99,0.307692308,0.269230769,30.77,26.92,28.85,66,146,3203
126422,Allan,Midfield,Defensive Midfield,Brazil,29,Everton FC,GB1,premier-league,England,2021,2021-22,31,28,2187,0,2,2,0,0.082,0.082,38,1.03,63.95,0.1,0.34,10,34,22,47,147,3474
115763,Koray Günter,Defender,Centre-Back,Germany,276,Hellas Verona,IT1,serie-a,Italy,2021,2021-22,27,30,2413,0,0,0,0,0,0,38,1.39,70.56,0,0.453125,0,45.31,22.66,59,147,3454
47713,Mamadou Sakho,Defender,Centre-Back,France,969,Montpellier HSC,FR1,ligue-1,France,2021,2021-22,32,29,2578,0,0,0,0,0,0,38,1.13,75.38,0,0.564102564,0,56.41,28.21,67,147,3243
85383,Rubén Sobrino,Attack,Centre-Forward,Spain,2687,Cádiz CF,ES1,laliga,Spain,2021,2021-22,30,33,1858,4,1,5,0.194,0.048,0.242,38,1.03,54.33,0.128205128,0.179487179,12.82,17.95,15.38,39,147,3676
88490,Aleix Vidal,Attack,Right Winger,Spain,714,RCD Espanyol Barcelona,ES1,laliga,Spain,2021,2021-22,32,31,1905,2,0,2,0.094,0,0.094,38,1.11,55.7,0.025641026,0.282051282,2.56,28.21,15.38,40,148,3677
216599,Domen Crnigoj,Midfield,Central Midfield,Slovenia,607,Venezia FC,IT1,serie-a,Italy,2021,2021-22,26,34,1887,3,1,4,0.143,0.048,0.191,38,0.71,55.18,0.409836066,0.032786885,40.98,3.28,22.13,57,148,3469
231572,Nélson Semedo,Defender,Right-Back,Portugal,543,Wolverhampton Wanderers,GB1,premier-league,England,2021,2021-22,28,25,2137,0,1,1,0,0.042,0.042,38,1.34,62.49,0.178082192,0.260273973,17.81,26.03,21.92,63,148,3478
296356,Souleyman Doumbia,Defender,Left-Back,Cote d'Ivoire,1420,Angers SCO,FR1,ligue-1,France,2021,2021-22,25,27,2231,0,1,1,0,0.04,0.04,38,1.08,65.23,0.307692308,0.230769231,30.77,23.08,26.92,68,148,3300
466794,Eric García,Defender,Centre-Back,Spain,131,FC Barcelona,ES1,laliga,Spain,2021,2021-22,21,26,2042,0,0,0,0,0,0,38,1.92,59.71,0,0.305555556,0,30.56,15.28,66,149,3681
92572,Joel Ward,Defender,Right-Back,England,873,Crystal Palace,GB1,premier-league,England,2021,2021-22,32,28,2486,0,0,0,0,0,0,38,1.26,72.69,0,0.438356164,0,43.84,21.92,64,149,3479
111196,Stefan de Vrij,Defender,Centre-Back,Netherlands,46,Inter Milan,IT1,serie-a,Italy,2021,2021-22,30,30,2412,0,0,0,0,0,0,38,2.21,70.53,0,0.4375,0,43.75,21.88,60,149,3480
126699,Vincent Pajot,Midfield,Defensive Midfield,France,347,FC Metz,FR1,ligue-1,France,2021,2021-22,31,30,2317,1,0,1,0.039,0,0.039,38,0.82,67.75,0.080645161,0.435483871,8.06,43.55,25.81,54,149,3339
442805,Iddrisu Baba,Midfield,Central Midfield,Ghana,237,RCD Mallorca,ES1,laliga,Spain,2021,2021-22,26,26,1943,1,0,1,0.046,0,0.046,38,1.03,56.81,0.195652174,0.108695652,19.57,10.87,15.22,44,150,3687
127142,Jonas Martin,Midfield,Defensive Midfield,France,273,Stade Rennais FC,FR1,ligue-1,France,2021,2021-22,32,29,2112,1,1,2,0.043,0.043,0.085,38,1.74,61.75,0.258064516,0.225806452,25.81,22.58,24.19,55,150,3400
291739,Milot Rashica,Attack,Right Winger,Kosovo,1123,Norwich City,GB1,premier-league,England,2021,2021-22,26,31,2239,1,2,3,0.04,0.08,0.121,38,0.58,65.47,0.021276596,0.404255319,2.13,40.43,21.28,39,150,3496
497291,Nicolás Domínguez,Midfield,Central Midfield,Argentina,1025,Bologna Football Club 1909,IT1,serie-a,Italy,2021,2021-22,24,28,2025,0,3,3,0,0.133,0.133,38,1.21,59.21,0.262295082,0.147540984,26.23,14.75,20.49,58,150,3521
197473,Alberto Grassi,Midfield,Defensive Midfield,Italy,1390,Cagliari Calcio,IT1,serie-a,Italy,2021,2021-22,27,30,2183,0,2,2,0,0.082,0.082,38,0.79,63.83,0.131147541,0.262295082,13.11,26.23,19.67,59,151,3555
288241,Enock Kwateng,Defender,Right-Back,France,40,FC Girondins Bordeaux,FR1,ligue-1,France,2021,2021-22,25,29,2001,1,0,1,0.045,0,0.045,38,0.82,58.51,0.346153846,0.128205128,34.62,12.82,23.72,69,151,3414
157509,Kurt Zouma,Defender,Centre-Back,France,379,West Ham United,GB1,premier-league,England,2021,2021-22,27,24,2080,1,0,1,0.043,0,0.043,38,1.47,60.82,0.219178082,0.191780822,21.92,19.18,20.55,65,151,3519
85258,Mikel Balenziaga,Defender,Left-Back,Spain,621,Athletic Bilbao,ES1,laliga,Spain,2021,2021-22,34,26,2028,0,0,0,0,0,0,38,1.45,59.3,0,0.291666667,0,29.17,14.58,67,151,3702
198709,Cédric Hountondji,Defender,Centre-Back,Benin,3524,Clermont Foot 63,FR1,ligue-1,France,2021,2021-22,28,23,2035,1,0,1,0.044,0,0.044,38,0.95,59.5,0.333333333,0.141025641,33.33,14.1,23.72,70,152,3415
178425,Dani García,Midfield,Defensive Midfield,Spain,621,Athletic Bilbao,ES1,laliga,Spain,2021,2021-22,32,32,2186,0,0,0,0,0,0,38,1.45,63.92,0,0.260869565,0,26.09,13.04,45,152,3742
262226,Timothy Castagne,Defender,Right-Back,Belgium,1003,Leicester City,GB1,premier-league,England,2021,2021-22,26,27,2126,1,0,1,0.042,0,0.042,38,1.37,62.16,0.178082192,0.232876712,17.81,23.29,20.55,66,152,3520
123261,Vlad Chiricheș,Midfield,Defensive Midfield,Romania,6574,US Sassuolo,IT1,serie-a,Italy,2021,2021-22,32,29,2302,0,0,0,0,0,0,38,1.32,67.31,0,0.393442623,0,39.34,19.67,60,152,3556
34987,Burak Yilmaz,Attack,Centre-Forward,,1082,LOSC Lille,FR1,ligue-1,France,2021,2021-22,36,31,2219,4,3,7,0.162,0.122,0.284,38,1.45,64.88,0.117647059,0.352941176,11.76,35.29,23.53,28,153,3426
369081,Federico Valverde,Midfield,Central Midfield,Uruguay,418,Real Madrid,ES1,laliga,Spain,2021,2021-22,23,31,1833,0,1,1,0,0.049,0.049,38,2.26,53.6,0.217391304,0.02173913,21.74,2.17,11.96,46,153,3763
410225,Ismaïla Sarr,Attack,Right Winger,Senegal,1010,Watford FC,GB1,premier-league,England,2021,2021-22,24,22,1865,5,2,7,0.241,0.097,0.338,38,0.61,54.53,0.319148936,0.085106383,31.91,8.51,20.21,40,153,3529
283735,Mattia Zaccagni,Attack,Left Winger,Italy,398,Società Sportiva Lazio S.p.A.,IT1,serie-a,Italy,2021,2021-22,27,29,1878,4,6,10,0.192,0.288,0.479,38,1.68,54.91,0.277777778,0.111111111,27.78,11.11,19.44,33,153,3561
504209,Gianluca Busio,Midfield,Central Midfield,United States,607,Venezia FC,IT1,serie-a,Italy,2021,2021-22,20,29,1956,1,2,3,0.046,0.092,0.138,38,0.71,57.19,0.295081967,0.081967213,29.51,8.2,18.85,61,154,3579
169497,Juan Cruz,Defender,Left-Back,Spain,331,CA Osasuna,ES1,laliga,Spain,2021,2021-22,29,23,1935,0,0,0,0,0,0,38,1.24,56.58,0,0.166666667,0,16.67,8.33,68,154,3830
170934,Mario Lemina,Midfield,Defensive Midfield,Gabon,417,OGC Nice,FR1,ligue-1,France,2021,2021-22,28,32,1975,2,0,2,0.091,0,0.091,38,1.76,57.75,0.274193548,0.177419355,27.42,17.74,22.58,56,154,3458
186644,Mohamed Elyounoussi,Attack,Second Striker,Norway,180,Southampton FC,GB1,premier-league,England,2021,2021-22,27,30,2045,4,2,6,0.176,0.088,0.264,38,1.05,59.8,0.106382979,0.29787234,10.64,29.79,20.21,41,154,3530
241527,Federico Bonazzoli,Attack,Centre-Forward,Italy,380,US Salernitana 1919,IT1,serie-a,Italy,2021,2021-22,25,32,1865,10,0,10,0.483,0,0.483,38,0.82,54.53,0.305555556,0.055555556,30.56,5.56,18.06,34,155,3599
211389,Helibelton Palacios,Defender,Right-Back,Colombia,1531,Elche CF,ES1,laliga,Spain,2021,2021-22,29,26,1931,0,0,0,0,0,0,38,1.11,56.46,0,0.138888889,0,13.89,6.94,69,155,3855
183318,Jamaal Lascelles,Defender,Centre-Back,England,762,Newcastle United,GB1,premier-league,England,2021,2021-22,28,26,2056,1,0,1,0.044,0,0.044,38,1.29,60.12,0.232876712,0.164383562,23.29,16.44,19.86,67,155,3547
395237,Maxence Caqueret,Midfield,Central Midfield,France,1041,Olympique Lyon,FR1,ligue-1,France,2021,2021-22,22,31,2333,0,0,0,0,0,0,38,1.63,68.22,0,0.451612903,0,45.16,22.58,57,155,3459
126673,Adama Soumaoro,Defender,Centre-Back,France,1025,Bologna Football Club 1909,IT1,serie-a,Italy,2021,2021-22,30,28,2267,0,0,0,0,0,0,38,1.21,66.29,0,0.34375,0,34.38,17.19,61,156,3627
324811,Arnaud Nordin,Attack,Right Winger,France,618,AS Saint-Étienne,FR1,ligue-1,France,2021,2021-22,24,36,1876,4,5,9,0.192,0.24,0.432,38,0.84,54.85,0.411764706,0.029411765,41.18,2.94,22.06,29,156,3471
507700,Brandon Williams,Defender,Left-Back,England,1123,Norwich City,GB1,premier-league,England,2021,2021-22,21,26,2123,0,1,1,0,0.042,0.042,38,0.58,62.08,0.178082192,0.219178082,17.81,21.92,19.86,68,156,3548
328480,Pepelu,Midfield,Defensive Midfield,Spain,3368,Levante UD,ES1,laliga,Spain,2021,2021-22,23,29,2006,0,0,0,0,0,0,38,0.92,58.65,0,0.130434783,0,13.04,6.52,47,156,3864
413605,David Okereke,Attack,Centre-Forward,Nigeria,607,Venezia FC,IT1,serie-a,Italy,2021,2021-22,24,32,2061,7,1,8,0.306,0.044,0.349,38,0.71,60.26,0.055555556,0.277777778,5.56,27.78,16.67,35,157,3642
410708,Pascal Struijk,Defender,Centre-Back,Netherlands,399,Leeds United,GB1,premier-league,England,2021,2021-22,22,29,2051,1,0,1,0.044,0,0.044,38,1,59.97,0.232876712,0.150684932,23.29,15.07,19.18,69,157,3569
125783,Sanjin Prcic,Midfield,Central Midfield,Bosnia-Herzegovina,667,RC Strasbourg Alsace,FR1,ligue-1,France,2021,2021-22,28,32,2206,1,0,1,0.041,0,0.041,38,1.66,64.5,0.096774194,0.338709677,9.68,33.87,21.77,58,157,3486
255488,Yeray Álvarez,Defender,Centre-Back,Spain,621,Athletic Bilbao,ES1,laliga,Spain,2021,2021-22,27,22,1859,0,0,0,0,0,0,38,1.45,54.36,0,0.083333333,0,8.33,4.17,70,157,3893
225015,Carlos Akapo,Defender,Right-Back,Equatorial Guinea,2687,Cádiz CF,ES1,laliga,Spain,2021,2021-22,29,25,1847,0,0,0,0,0,0,38,1.03,54.01,0,0.069444444,0,6.94,3.47,71,158,3905
136514,Charalampos Lykogiannis,Defender,Left-Back,Greece,1390,Cagliari Calcio,IT1,serie-a,Italy,2021,2021-22,28,28,1821,1,0,1,0.049,0,0.049,38,0.79,53.25,0.3125,0,31.25,0,15.63,62,158,3670
138055,Haris Belkebla,Midfield,Central Midfield,Algeria,3911,Stade Brestois 29,FR1,ligue-1,France,2021,2021-22,28,31,2312,0,0,0,0,0,0,38,1.26,67.6,0,0.419354839,0,41.94,20.97,59,158,3510
203460,Jack Grealish,Attack,Left Winger,England,281,Manchester City,GB1,premier-league,England,2021,2021-22,26,26,1916,3,3,6,0.141,0.141,0.282,38,2.45,56.02,0.170212766,0.212765957,17.02,21.28,19.15,42,158,3571
380350,Igor Julio,Defender,Centre-Back,Brazil,430,ACF Fiorentina,IT1,serie-a,Italy,2021,2021-22,24,30,2239,0,0,0,0,0,0,38,1.63,65.47,0,0.3125,0,31.25,15.63,63,159,3671
251845,Sergi Canós,Attack,Left Winger,Spain,1148,Brentford FC,GB1,premier-league,England,2021,2021-22,25,31,2094,3,2,5,0.129,0.086,0.215,38,1.21,61.23,0.063829787,0.319148936,6.38,31.91,19.15,43,159,3572
332889,Valentin Rongier,Midfield,Central Midfield,France,244,Olympique Marseille,FR1,ligue-1,France,2021,2021-22,27,32,2196,0,1,1,0,0.041,0.041,38,1.87,64.21,0.096774194,0.306451613,9.68,30.65,20.16,60,159,3533
495625,Víctor Chust,Defender,Centre-Back,Spain,2687,Cádiz CF,ES1,laliga,Spain,2021,2021-22,22,25,1829,0,0,0,0,0,0,38,1.03,53.48,0,0.013888889,0,1.39,0.69,72,159,3924
481834,Andrea Carboni,Defender,Centre-Back,Italy,1390,Cagliari Calcio,IT1,serie-a,Italy,2021,2021-22,21,30,2215,0,0,0,0,0,0,38,0.79,64.77,0,0.296875,0,29.69,14.84,64,160,3696
463603,Benoît Badiashile,Defender,Centre-Back,France,162,AS Monaco,FR1,ligue-1,France,2021,2021-22,21,24,1838,1,0,1,0.049,0,0.049,38,1.82,53.74,0.358974359,0.038461538,35.9,3.85,19.87,71,160,3546
108354,Jordan Ayew,Attack,Centre-Forward,Ghana,873,Crystal Palace,GB1,premier-league,England,2021,2021-22,30,31,2025,3,3,6,0.133,0.133,0.267,38,1.26,59.21,0.127659574,0.234042553,12.77,23.4,18.09,44,160,3598
340329,Joe Willock,Midfield,Central Midfield,England,762,Newcastle United,GB1,premier-league,England,2021,2021-22,22,29,2045,2,0,2,0.088,0,0.088,38,1.29,59.8,0.14,0.22,14,22,18,48,161,3602
392085,Nicolò Zaniolo,Attack,Second Striker,Italy,12,Associazione Sportiva Roma,IT1,serie-a,Italy,2021,2021-22,22,28,1983,2,5,7,0.091,0.227,0.318,38,1.66,57.98,0.027777778,0.194444444,2.78,19.44,11.11,36,161,3783
135617,Thiago Mendes,Midfield,Defensive Midfield,Brazil,1041,Olympique Lyon,FR1,ligue-1,France,2021,2021-22,30,29,1862,1,1,2,0.048,0.048,0.097,38,1.63,54.44,0.306451613,0.080645161,30.65,8.06,19.35,61,161,3565
354361,Frank Anguissa,Midfield,Central Midfield,Cameroon,6195,SSC Napoli,IT1,serie-a,Italy,2021,2021-22,26,25,1925,0,2,2,0,0.094,0.094,38,2.08,56.29,0.163934426,0.049180328,16.39,4.92,10.66,62,162,3796
505194,Luke Thomas,Defender,Left-Back,England,1003,Leicester City,GB1,premier-league,England,2021,2021-22,21,22,1912,0,1,1,0,0.047,0.047,38,1.37,55.91,0.260273973,0.082191781,26.03,8.22,17.12,70,162,3629
83132,Vincent Manceau,Defender,Centre-Back,France,1420,Angers SCO,FR1,ligue-1,France,2021,2021-22,32,28,2359,0,0,0,0,0,0,38,1.08,68.98,0,0.371794872,0,37.18,18.59,72,162,3586
401173,Jadon Sancho,Attack,Left Winger,England,985,Manchester United,GB1,premier-league,England,2021,2021-22,22,29,1901,3,3,6,0.142,0.142,0.284,38,1.53,55.58,0.191489362,0.14893617,19.15,14.89,17.02,45,163,3635
425918,Jakub Kiwior,Defender,Centre-Back,Poland,3522,Spezia Calcio,IT1,serie-a,Italy,2021,2021-22,22,22,1963,0,0,0,0,0,0,38,0.95,57.4,0,0.09375,0,9.38,4.69,65,163,3884
412829,Léo Pétrot,Defender,Centre-Back,France,1158,FC Lorient,FR1,ligue-1,France,2021,2021-22,25,22,1819,1,0,1,0.049,0,0.049,38,0.95,53.19,0.358974359,0,35.9,0,17.95,73,163,3603
314678,Brahim Díaz,Attack,Right Winger,Morocco,5,AC Milan,IT1,serie-a,Italy,2021,2021-22,22,31,1871,3,3,6,0.144,0.144,0.289,38,2.26,54.71,0,0.083333333,0,8.33,4.17,37,164,3892
355915,Cristian Romero,Defender,Centre-Back,Argentina,148,Tottenham Hotspur,GB1,premier-league,England,2021,2021-22,24,22,1846,1,0,1,0.049,0,0.049,38,1.87,53.98,0.273972603,0.054794521,27.4,5.48,16.44,71,164,3655
257448,Gelson Martins,Attack,Right Winger,Portugal,162,AS Monaco,FR1,ligue-1,France,2021,2021-22,27,32,1920,4,3,7,0.188,0.141,0.328,38,1.82,56.14,0.264705882,0.088235294,26.47,8.82,17.65,30,164,3617
242631,Alex Iwobi,Attack,Left Winger,Nigeria,29,Everton FC,GB1,premier-league,England,2021,2021-22,26,28,2035,2,2,4,0.088,0.088,0.177,38,1.03,59.5,0.042553191,0.255319149,4.26,25.53,14.89,46,165,3695
60540,Valère Germain,Attack,Centre-Forward,France,969,Montpellier HSC,FR1,ligue-1,France,2021,2021-22,32,34,1974,4,3,7,0.182,0.137,0.319,38,1.13,57.72,0.205882353,0.147058824,20.59,14.71,17.65,31,165,3618
75067,Liam Cooper,Defender,Centre-Back,Scotland,399,Leeds United,GB1,premier-league,England,2021,2021-22,30,21,1815,0,1,1,0,0.05,0.05,38,1,53.07,0.287671233,0,28.77,0,14.38,72,166,3709
122116,Nicolas de Préville,Attack,Centre-Forward,France,347,FC Metz,FR1,ligue-1,France,2021,2021-22,31,27,1982,5,2,7,0.227,0.091,0.318,38,0.82,57.95,0.176470588,0.176470588,17.65,17.65,17.65,32,166,3619
292246,Hee-chan Hwang,Attack,Centre-Forward,"Korea, South",543,Wolverhampton Wanderers,GB1,premier-league,England,2021,2021-22,26,30,1822,5,1,6,0.247,0.049,0.296,38,1.34,53.27,0.234042553,0.042553191,23.4,4.26,13.83,47,167,3722
221151,Jodel Dossou,Attack,Right Winger,Benin,3524,Clermont Foot 63,FR1,ligue-1,France,2021,2021-22,30,35,2018,3,1,4,0.134,0.045,0.178,38,0.95,59.01,0.029411765,0.205882353,2.94,20.59,11.76,33,167,3770
395083,Andreaw Gravillon,Defender,Centre-Back,Guadeloupe,1421,Stade Reims,FR1,ligue-1,France,2021,2021-22,24,26,2141,0,0,0,0,0,0,38,1.21,62.6,0,0.217948718,0,21.79,10.9,74,168,3786
129078,Nathan Redmond,Attack,Right Winger,England,180,Southampton FC,GB1,premier-league,England,2021,2021-22,28,27,1832,1,5,6,0.049,0.246,0.295,38,1.05,53.57,0.212765957,0.063829787,21.28,6.38,13.83,48,168,3723
111038,Dennis Appiah,Defender,Right-Back,France,995,FC Nantes,FR1,ligue-1,France,2021,2021-22,30,32,2093,0,0,0,0,0,0,38,1.45,61.2,0,0.179487179,0,17.95,8.97,75,169,3822
74943,Juraj Kucka,Midfield,Central Midfield,Slovakia,1010,Watford FC,GB1,premier-league,England,2021,2021-22,35,26,1923,1,1,2,0.047,0.047,0.094,38,0.61,56.23,0.18,0.08,18,8,13,49,169,3743
214056,Daniel Amartey,Defender,Centre-Back,Ghana,1003,Leicester City,GB1,premier-league,England,2021,2021-22,27,28,2118,0,0,0,0,0,0,38,1.37,61.93,0,0.205479452,0,20.55,10.27,73,170,3797
620313,Lucas Gourna-Douath,Midfield,Defensive Midfield,France,618,AS Saint-Étienne,FR1,ligue-1,France,2021,2021-22,18,31,1806,1,0,1,0.05,0,0.05,38,0.84,52.81,0.129032258,0.016129032,12.9,1.61,7.26,62,170,3850
66934,Cheikhou Kouyaté,Midfield,Defensive Midfield,Senegal,873,Crystal Palace,GB1,premier-league,England,2021,2021-22,32,27,1978,0,1,1,0,0.046,0.046,38,1.26,57.84,0.02,0.12,2,12,7,50,171,3854
234802,Renaud Ripart,Attack,Right Winger,,1095,ESTAC Troyes,FR1,ligue-1,France,2021,2021-22,29,28,1904,2,3,5,0.095,0.142,0.236,38,1,55.67,0.058823529,0.058823529,5.88,5.88,5.88,34,171,3874
343475,Ben Godfrey,Defender,Centre-Back,England,29,Everton FC,GB1,premier-league,England,2021,2021-22,24,23,2031,0,0,0,0,0,0,38,1.03,59.39,0,0.136986301,0,13.7,6.85,74,172,3857
170544,Christophe Hérelle,Defender,Centre-Back,Martinique,3911,Stade Brestois 29,FR1,ligue-1,France,2021,2021-22,29,23,1938,0,0,0,0,0,0,38,1.26,56.67,0,0.102564103,0,10.26,5.13,76,172,3881
423744,Billy Gilmour,Midfield,Defensive Midfield,Scotland,1123,Norwich City,GB1,premier-league,England,2021,2021-22,21,24,1858,0,1,1,0,0.048,0.048,38,0.58,54.33,0.04,0.04,4,4,4,51,173,3896
569384,Lucien Agoumé,Midfield,Defensive Midfield,France,3911,Stade Brestois 29,FR1,ligue-1,France,2021,2021-22,20,27,1872,0,0,0,0,0,0,38,1.26,54.74,0,0.096774194,0,9.68,4.84,63,173,3883
670847,Mohamed-Ali Cho,Attack,Right Winger,France,1420,Angers SCO,FR1,ligue-1,France,2021,2021-22,18,32,1847,4,1,5,0.195,0.049,0.244,38,1.08,54.01,0.088235294,0,8.82,0,4.41,35,174,3888
342877,Enzo Ebosse,Defender,Centre-Back,Cameroon,1420,Angers SCO,FR1,ligue-1,France,2021,2021-22,23,27,1888,0,0,0,0,0,0,38,1.08,55.2,0,0.076923077,0,7.69,3.85,77,175,3901
842341,Maxime Estève,Defender,Centre-Back,France,969,Montpellier HSC,FR1,ligue-1,France,2021,2021-22,20,24,1857,0,0,0,0,0,0,38,1.13,54.3,0,0.051282051,0,5.13,2.56,78,176,3909
249730,Guillermo Maripán,Defender,Centre-Back,Chile,162,AS Monaco,FR1,ligue-1,France,2021,2021-22,28,26,1829,0,0,0,0,0,0,38,1.82,53.48,0,0.025641026,0,2.56,1.28,79,177,3918
125781,Antoine Griezmann,Attack,Second Striker,France,13,Atlético de Madrid,ES1,laliga,Spain,2022,2022-23,32,38,2860,15,17,32,0.472,0.535,1.007,38,2.03,83.63,1,0.833333333,100,83.33,91.67,1,1,65
266359,Benjamin Bourigeaud,Midfield,Central Midfield,France,273,Stade Rennais FC,FR1,ligue-1,France,2022,2022-23,29,37,3086,7,10,17,0.204,0.292,0.496,38,1.79,90.23,0.928571429,0.946428571,92.86,94.64,93.75,1,1,36
132098,Harry Kane,Attack,Centre-Forward,England,148,Tottenham Hotspur,GB1,premier-league,England,2022,2022-23,29,38,3408,30,3,33,0.792,0.079,0.871,38,1.58,99.65,0.953488372,1,95.35,100,97.67,1,1,8
487969,Randal Kolo Muani,Attack,Centre-Forward,France,24,Eintracht Frankfurt,L1,bundesliga,Germany,2022,2022-23,24,32,2647,15,14,29,0.51,0.476,0.986,34,1.47,86.5,0.958333333,0.916666667,95.83,91.67,93.75,1,1,35
266302,Sergej Milinković-Savić,Midfield,Central Midfield,Serbia,398,Società Sportiva Lazio S.p.A.,IT1,serie-a,Italy,2022,2022-23,28,36,3029,9,8,17,0.267,0.238,0.505,38,1.95,88.57,1,0.933333333,100,93.33,96.67,1,1,11
93720,Alexandre Lacazette,Attack,Centre-Forward,France,1041,Olympique Lyon,FR1,ligue-1,France,2022,2022-23,32,35,2935,27,5,32,0.828,0.153,0.981,38,1.63,85.82,0.918918919,0.918918919,91.89,91.89,91.89,1,2,59
484547,Jeremie Frimpong,Defender,Right-Back,Netherlands,15,Bayer 04 Leverkusen,L1,bundesliga,Germany,2022,2022-23,22,34,2722,8,7,15,0.265,0.231,0.496,34,1.47,88.95,0.984615385,0.846153846,98.46,84.62,91.54,1,2,68
557149,Kang-in Lee,Midfield,Attacking Midfield,"Korea, South",237,RCD Mallorca,ES1,laliga,Spain,2022,2022-23,22,36,2843,6,7,13,0.19,0.222,0.412,38,1.32,83.13,0.909090909,0.872727273,90.91,87.27,89.09,1,2,109
95810,Kieran Trippier,Defender,Right-Back,England,762,Newcastle United,GB1,premier-league,England,2022,2022-23,32,38,3348,1,7,8,0.027,0.188,0.215,38,1.87,97.89,0.96,0.973333333,96,97.33,96.67,1,2,12
401923,Victor Osimhen,Attack,Centre-Forward,Nigeria,6195,SSC Napoli,IT1,serie-a,Italy,2022,2022-23,24,32,2581,26,5,31,0.907,0.174,1.081,38,2.37,75.47,1,0.909090909,100,90.91,95.45,1,2,21
585982,Carlos Augusto,Defender,Left-Back,Brazil,2919,AC Monza,IT1,serie-a,Italy,2022,2022-23,24,35,3086,6,5,11,0.175,0.146,0.321,38,1.37,90.23,0.97260274,0.931506849,97.26,93.15,95.21,1,3,23
341264,Fran García,Defender,Left-Back,Spain,367,Rayo Vallecano,ES1,laliga,Spain,2022,2022-23,23,38,3399,2,3,5,0.053,0.079,0.132,38,1.29,99.39,0.761904762,1,76.19,100,88.1,1,3,127
7161,Jonas Hofmann,Midfield,Attacking Midfield,Germany,18,Borussia Mönchengladbach,L1,bundesliga,Germany,2022,2022-23,30,31,2693,12,10,22,0.401,0.334,0.735,34,1.26,88.01,0.976190476,0.785714286,97.62,78.57,88.1,1,3,126
533738,Jonathan David,Attack,Centre-Forward,Canada,1082,LOSC Lille,FR1,ligue-1,France,2022,2022-23,23,37,3179,24,4,28,0.679,0.113,0.793,38,1.76,92.95,0.837837838,1,83.78,100,91.89,2,3,60
148455,Mohamed Salah,Attack,Right Winger,Egypt,31,Liverpool FC,GB1,premier-league,England,2022,2022-23,31,38,3297,19,12,31,0.519,0.328,0.846,38,1.76,96.4,0.930232558,0.953488372,93.02,95.35,94.19,2,3,32
277179,Angeliño,Defender,Left-Back,Spain,533,TSG 1899 Hoffenheim,L1,bundesliga,Germany,2022,2022-23,26,33,2621,0,10,10,0,0.343,0.343,34,1.06,85.65,0.907692308,0.784615385,90.77,78.46,84.62,2,4,199
342229,Kylian Mbappé,Attack,Centre-Forward,France,583,Paris Saint-Germain,FR1,ligue-1,France,2022,2022-23,24,34,2822,29,6,35,0.925,0.191,1.116,38,2.24,82.51,1,0.810810811,100,81.08,90.54,3,4,84
406625,Lautaro Martínez,Attack,Centre-Forward,Argentina,46,Inter Milan,IT1,serie-a,Italy,2022,2022-23,25,38,2574,21,7,28,0.734,0.245,0.979,38,1.89,75.26,0.96969697,0.878787879,96.97,87.88,92.42,2,4,48
316264,Martin Ødegaard,Midfield,Attacking Midfield,Norway,11,Arsenal FC,GB1,premier-league,England,2022,2022-23,24,37,3150,15,8,23,0.429,0.229,0.657,38,2.21,92.11,0.943396226,0.905660377,94.34,90.57,92.45,1,4,47
142021,Sergi Darder,Midfield,Central Midfield,Spain,714,RCD Espanyol Barcelona,ES1,laliga,Spain,2022,2022-23,29,38,3326,6,4,10,0.162,0.108,0.271,38,0.97,97.25,0.745454545,1,74.55,100,87.27,2,4,149
240306,Bruno Fernandes,Midfield,Attacking Midfield,Portugal,985,Manchester United,GB1,premier-league,England,2022,2022-23,28,37,3320,8,8,16,0.217,0.217,0.434,38,1.97,97.08,0.849056604,0.981132075,84.91,98.11,91.51,2,5,69
169880,Giovanni Di Lorenzo,Defender,Right-Back,Italy,6195,SSC Napoli,IT1,serie-a,Italy,2022,2022-23,29,37,3257,3,4,7,0.083,0.111,0.193,38,2.37,95.23,0.849315068,0.98630137,84.93,98.63,91.78,2,5,62
28003,Lionel Messi,Attack,Right Winger,Argentina,583,Paris Saint-Germain,FR1,ligue-1,France,2022,2022-23,36,32,2842,16,16,32,0.507,0.507,1.013,38,2.24,83.1,0.945945946,0.837837838,94.59,83.78,89.19,4,5,105
119211,Mitchell Weiser,Defender,Right-Back,Germany,86,SV Werder Bremen,L1,bundesliga,Germany,2022,2022-23,29,30,2521,2,10,12,0.071,0.357,0.428,34,1.06,82.39,0.969230769,0.692307692,96.92,69.23,83.08,3,5,244
38253,Robert Lewandowski,Attack,Centre-Forward,Poland,131,FC Barcelona,ES1,laliga,Spain,2022,2022-23,34,34,2852,23,7,30,0.726,0.221,0.947,38,2.32,83.39,0.952380952,0.785714286,95.24,78.57,86.9,2,5,156
386047,Axel Disasi,Defender,Centre-Back,France,162,AS Monaco,FR1,ligue-1,France,2022,2022-23,25,38,3330,3,3,6,0.081,0.081,0.162,38,1.71,97.37,0.8,0.957142857,80,95.71,87.86,1,6,132
81999,Joselu,Attack,Centre-Forward,Spain,714,RCD Espanyol Barcelona,ES1,laliga,Spain,2022,2022-23,33,34,2989,16,2,18,0.482,0.06,0.542,38,0.97,87.4,0.738095238,0.976190476,73.81,97.62,85.71,3,6,178
124502,Matthias Ginter,Defender,Centre-Back,Germany,60,SC Freiburg,L1,bundesliga,Germany,2022,2022-23,29,34,3060,4,1,5,0.118,0.029,0.147,34,1.74,100,0.646153846,1,64.62,100,82.31,4,6,268
82873,Pascal Groß,Midfield,Central Midfield,Germany,1237,Brighton & Hove Albion,GB1,premier-league,England,2022,2022-23,32,37,3246,9,8,17,0.25,0.222,0.471,38,1.63,94.91,0.886792453,0.924528302,88.68,92.45,90.57,3,6,83
284595,Tommaso Augello,Defender,Left-Back,Italy,1038,UC Sampdoria,IT1,serie-a,Italy,2022,2022-23,28,37,3065,2,5,7,0.059,0.147,0.206,38,0.5,89.62,0.863013699,0.917808219,86.3,91.78,89.04,3,6,110
145707,Danilo,Defender,Centre-Back,Brazil,506,Juventus FC,IT1,serie-a,Italy,2022,2022-23,31,37,3182,3,3,6,0.085,0.085,0.17,38,1.89,93.04,0.794520548,0.97260274,79.45,97.26,88.36,4,7,123
503770,Folarin Balogun,Attack,Centre-Forward,United States,1421,Stade Reims,FR1,ligue-1,France,2022,2022-23,21,37,3012,21,3,24,0.627,0.09,0.717,38,1.34,88.07,0.810810811,0.945945946,81.08,94.59,87.84,5,7,133
571020,Oihan Sancet,Midfield,Attacking Midfield,Spain,621,Athletic Bilbao,ES1,laliga,Spain,2022,2022-23,23,36,2555,10,2,12,0.352,0.07,0.423,38,1.34,74.71,0.945454545,0.763636364,94.55,76.36,85.45,3,7,185
314353,Trent Alexander-Arnold,Defender,Right-Back,England,31,Liverpool FC,GB1,premier-league,England,2022,2022-23,24,37,2931,2,9,11,0.061,0.276,0.338,38,1.76,85.7,1,0.76,100,76,88,2,7,129
146310,Wataru Endo,Midfield,Defensive Midfield,Japan,79,VfB Stuttgart,L1,bundesliga,Germany,2022,2022-23,30,33,2925,5,5,10,0.154,0.154,0.308,34,0.97,95.59,0.642857143,0.976190476,64.29,97.62,80.95,2,7,308
74810,Ben Mee,Defender,Centre-Back,England,1148,Brentford FC,GB1,premier-league,England,2022,2022-23,33,37,3272,3,2,5,0.083,0.055,0.138,38,1.55,95.67,0.84,0.92,84,92,88,3,8,130
420064,Caio Henrique,Defender,Left-Back,Brazil,162,AS Monaco,FR1,ligue-1,France,2022,2022-23,25,35,2899,1,9,10,0.031,0.279,0.31,38,1.71,84.77,0.957142857,0.757142857,95.71,75.71,85.71,2,8,181
327251,Ridle Baku,Defender,Right-Back,Germany,82,VfL Wolfsburg,L1,bundesliga,Germany,2022,2022-23,25,33,2582,5,3,8,0.174,0.105,0.279,34,1.44,84.38,0.861538462,0.753846154,86.15,75.38,80.77,5,8,314
360518,Teun Koopmeiners,Midfield,Defensive Midfield,Netherlands,800,Atalanta BC,IT1,serie-a,Italy,2022,2022-23,25,33,2861,10,4,14,0.315,0.126,0.44,38,1.68,83.65,0.933333333,0.816666667,93.33,81.67,87.5,2,8,144
256267,Vedat Muriqi,Attack,Centre-Forward,Kosovo,237,RCD Mallorca,ES1,laliga,Spain,2022,2022-23,29,35,2953,15,3,18,0.457,0.091,0.549,38,1.32,86.35,0.761904762,0.928571429,76.19,92.86,84.52,4,8,202
58995,Anthony Jung,Defender,Centre-Back,Germany,86,SV Werder Bremen,L1,bundesliga,Germany,2022,2022-23,31,34,2635,2,5,7,0.068,0.171,0.239,34,1.06,86.11,0.815384615,0.8,81.54,80,80.77,6,9,315
203938,Branco van den Boomen,Midfield,Central Midfield,Netherlands,415,FC Toulouse,FR1,ligue-1,France,2022,2022-23,27,35,2892,5,8,13,0.156,0.249,0.405,38,1.26,84.56,0.839285714,0.839285714,83.93,83.93,83.93,2,9,217
251106,Enes Ünal,Attack,Centre-Forward,Türkiye,3709,Getafe CF,ES1,laliga,Spain,2022,2022-23,26,35,2987,14,3,17,0.422,0.09,0.512,38,1.11,87.34,0.714285714,0.952380952,71.43,95.24,83.33,5,9,237
502670,Khvicha Kvaratskhelia,Attack,Left Winger,Georgia,6195,SSC Napoli,IT1,serie-a,Italy,2022,2022-23,22,34,2539,12,13,25,0.425,0.461,0.886,38,2.37,74.24,0.878787879,0.848484848,87.88,84.85,86.36,3,9,164
262226,Timothy Castagne,Defender,Right-Back,Belgium,1003,Leicester City,GB1,premier-league,England,2022,2022-23,27,37,3257,2,3,5,0.055,0.083,0.138,38,0.89,95.23,0.84,0.906666667,84,90.67,87.33,4,9,147
826224,Arnau Martínez,Defender,Right-Back,Spain,12321,Girona FC,ES1,laliga,Spain,2022,2022-23,20,33,2736,3,4,7,0.099,0.132,0.23,38,1.29,80,0.952380952,0.714285714,95.24,71.43,83.33,2,10,240
626913,Boulaye Dia,Attack,Centre-Forward,Senegal,380,US Salernitana 1919,IT1,serie-a,Italy,2022,2022-23,26,33,2526,16,6,22,0.57,0.214,0.784,38,1.11,73.86,0.848484848,0.818181818,84.85,81.82,83.33,4,10,234
251664,Ivan Toney,Attack,Centre-Forward,England,1148,Brentford FC,GB1,premier-league,England,2022,2022-23,27,33,2955,20,4,24,0.609,0.122,0.731,38,1.55,86.4,0.88372093,0.860465116,88.37,86.05,87.21,3,10,150
94201,Robin Knoche,Defender,Centre-Back,Germany,89,1.FC Union Berlin,L1,bundesliga,Germany,2022,2022-23,31,32,2874,2,3,5,0.063,0.094,0.157,34,1.82,93.92,0.676923077,0.938461538,67.69,93.85,80.77,7,10,316
182893,Seko Fofana,Midfield,Central Midfield,Cote d'Ivoire,826,RC Lens,FR1,ligue-1,France,2022,2022-23,28,35,3079,7,5,12,0.205,0.146,0.351,38,2.21,90.03,0.75,0.928571429,75,92.86,83.93,3,10,218
433177,Bukayo Saka,Attack,Right Winger,England,11,Arsenal FC,GB1,premier-league,England,2022,2022-23,21,38,3194,14,11,25,0.394,0.31,0.704,38,2.21,93.39,0.837209302,0.906976744,83.72,90.7,87.21,4,11,151
457221,Lucas Robertone,Midfield,Central Midfield,Argentina,3302,UD Almería,ES1,laliga,Spain,2022,2022-23,26,37,2861,2,7,9,0.063,0.22,0.283,38,1.08,83.65,0.763636364,0.890909091,76.36,89.09,82.73,4,11,251
125103,Marvin Ducksch,Attack,Centre-Forward,Germany,86,SV Werder Bremen,L1,bundesliga,Germany,2022,2022-23,29,34,2866,12,7,19,0.377,0.22,0.597,34,1.06,93.66,0.583333333,1,58.33,100,79.17,2,11,373
239743,Przemyslaw Frankowski,Defender,Right-Back,Poland,826,RC Lens,FR1,ligue-1,France,2022,2022-23,28,37,2840,5,3,8,0.158,0.095,0.254,38,2.21,83.04,0.914285714,0.714285714,91.43,71.43,81.43,3,11,295
112302,Roberto Pereyra,Midfield,Central Midfield,Argentina,410,Udinese Calcio,IT1,serie-a,Italy,2022,2022-23,32,34,2829,5,8,13,0.159,0.255,0.414,38,1.21,82.72,0.866666667,0.783333333,86.67,78.33,82.5,3,11,262
335721,Ben White,Defender,Right-Back,England,11,Arsenal FC,GB1,premier-league,England,2022,2022-23,25,38,3067,2,5,7,0.059,0.147,0.205,38,2.21,89.68,0.933333333,0.786666667,93.33,78.67,86,5,12,171
161056,Joshua Kimmich,Midfield,Defensive Midfield,Germany,27,Bayern Munich,L1,bundesliga,Germany,2022,2022-23,28,33,2814,5,6,11,0.16,0.192,0.352,34,2.09,91.96,0.69047619,0.880952381,69.05,88.1,78.57,3,12,397
149928,Jubal,Defender,Centre-Back,Brazil,290,AJ Auxerre,FR1,ligue-1,France,2022,2022-23,29,37,3216,3,2,5,0.084,0.056,0.14,38,0.92,94.04,0.728571429,0.9,72.86,90,81.43,4,12,297
424042,Nahuel Molina,Defender,Right-Back,Argentina,13,Atlético de Madrid,ES1,laliga,Spain,2022,2022-23,25,33,2872,4,2,6,0.125,0.063,0.188,38,2.03,83.98,0.841269841,0.793650794,84.13,79.37,81.75,3,12,283
339808,Theo Hernández,Defender,Left-Back,France,5,AC Milan,IT1,serie-a,Italy,2022,2022-23,25,32,2775,4,3,7,0.13,0.097,0.227,38,1.84,81.14,0.876712329,0.739726027,87.67,73.97,80.82,5,12,312
311044,Alfonso Espino,Defender,Left-Back,Uruguay,2687,Cádiz CF,ES1,laliga,Spain,2022,2022-23,31,36,3123,0,4,4,0,0.115,0.115,38,1.11,91.32,0.73015873,0.904761905,73.02,90.48,81.75,4,13,284
93707,Christian Günter,Defender,Left-Back,Germany,60,SC Freiburg,L1,bundesliga,Germany,2022,2022-23,30,33,2748,1,4,5,0.033,0.131,0.164,34,1.74,89.8,0.692307692,0.861538462,69.23,86.15,77.69,8,13,430
418560,Erling Haaland,Attack,Centre-Forward,Norway,281,Manchester City,GB1,premier-league,England,2022,2022-23,22,35,2777,36,8,44,1.167,0.259,1.426,38,2.34,81.2,1,0.697674419,100,69.77,84.88,5,13,192
357164,Rafael Leão,Attack,Left Winger,Portugal,5,AC Milan,IT1,serie-a,Italy,2022,2022-23,24,35,2430,15,10,25,0.556,0.37,0.926,38,1.84,71.05,0.939393939,0.666666667,93.94,66.67,80.3,5,13,337
127156,Téji Savanier,Midfield,Attacking Midfield,France,969,Montpellier HSC,FR1,ligue-1,France,2022,2022-23,31,30,2561,12,4,16,0.422,0.141,0.562,38,1.32,74.88,0.982142857,0.625,98.21,62.5,80.36,4,13,334
633992,Enzo Le Fée,Midfield,Central Midfield,France,1158,FC Lorient,FR1,ligue-1,France,2022,2022-23,23,35,3043,5,5,10,0.148,0.148,0.296,38,1.45,88.98,0.696428571,0.910714286,69.64,91.07,80.36,5,14,335
181579,James Ward-Prowse,Midfield,Central Midfield,England,180,Southampton FC,GB1,premier-league,England,2022,2022-23,28,38,3372,9,4,13,0.24,0.107,0.347,38,0.66,98.6,0.679245283,1,67.92,100,83.96,4,14,215
255942,Nicolò Barella,Midfield,Central Midfield,Italy,46,Inter Milan,IT1,serie-a,Italy,2022,2022-23,26,35,2623,6,7,13,0.206,0.24,0.446,38,1.89,76.7,0.95,0.65,95,65,80,4,14,347
371998,Vinicius Junior,Attack,Left Winger,Brazil,418,Real Madrid,ES1,laliga,Spain,2022,2022-23,22,33,2833,10,10,20,0.318,0.318,0.635,38,2.05,82.84,0.857142857,0.761904762,85.71,76.19,80.95,6,14,307
93740,Willi Orbán,Defender,Centre-Back,Hungary,23826,RB Leipzig,L1,bundesliga,Germany,2022,2022-23,30,33,2951,4,0,4,0.122,0,0.122,34,1.94,96.44,0.584615385,0.969230769,58.46,96.92,77.69,9,14,431
354361,Frank Anguissa,Midfield,Central Midfield,Cameroon,6195,SSC Napoli,IT1,serie-a,Italy,2022,2022-23,27,36,3062,3,5,8,0.088,0.147,0.235,38,2.37,89.53,0.616666667,0.966666667,61.67,96.67,79.17,5,15,374
111455,Granit Xhaka,Midfield,Defensive Midfield,Switzerland,11,Arsenal FC,GB1,premier-league,England,2022,2022-23,30,37,3004,7,7,14,0.21,0.21,0.419,38,2.21,87.84,0.830188679,0.811320755,83.02,81.13,82.08,5,15,275
344888,Habib Diallo,Attack,Centre-Forward,Senegal,667,RC Strasbourg Alsace,FR1,ligue-1,France,2022,2022-23,28,37,2880,20,1,21,0.625,0.031,0.656,38,1.05,84.21,0.72972973,0.864864865,72.97,86.49,79.73,6,15,351
75489,Niclas Füllkrug,Attack,Centre-Forward,Germany,86,SV Werder Bremen,L1,bundesliga,Germany,2022,2022-23,30,28,2479,16,5,21,0.581,0.182,0.762,34,1.06,81.01,0.875,0.666666667,87.5,66.67,77.08,3,15,464
96718,Óscar de Marcos,Defender,Right-Back,Spain,621,Athletic Bilbao,ES1,laliga,Spain,2022,2022-23,34,37,2825,1,5,6,0.032,0.159,0.191,38,1.34,82.6,0.857142857,0.761904762,85.71,76.19,80.95,5,15,309
318528,Marcus Thuram,Attack,Centre-Forward,France,18,Borussia Mönchengladbach,L1,bundesliga,Germany,2022,2022-23,25,30,2518,13,6,19,0.465,0.214,0.679,34,1.26,82.29,0.791666667,0.708333333,79.17,70.83,75,4,16,539
283735,Mattia Zaccagni,Attack,Left Winger,Italy,398,Società Sportiva Lazio S.p.A.,IT1,serie-a,Italy,2022,2022-23,28,35,2783,10,7,17,0.323,0.226,0.55,38,1.95,81.37,0.606060606,0.96969697,60.61,96.97,78.79,6,16,390
251876,Pablo Maffeo,Defender,Right-Back,Argentina,237,RCD Mallorca,ES1,laliga,Spain,2022,2022-23,25,35,2976,2,3,5,0.06,0.091,0.151,38,1.32,87.02,0.80952381,0.80952381,80.95,80.95,80.95,6,16,310
349599,Pervis Estupiñán,Defender,Left-Back,Ecuador,1237,Brighton & Hove Albion,GB1,premier-league,England,2022,2022-23,25,35,2684,1,6,7,0.034,0.201,0.235,38,1.63,78.48,0.973333333,0.653333333,97.33,65.33,81.33,6,16,301
113707,Rémy Cabella,Midfield,Attacking Midfield,France,1082,LOSC Lille,FR1,ligue-1,France,2022,2022-23,33,32,2535,7,10,17,0.249,0.355,0.604,38,1.76,74.12,1,0.589285714,100,58.93,79.46,6,16,362
278296,Antonio Raíllo,Defender,Centre-Back,Spain,237,RCD Mallorca,ES1,laliga,Spain,2022,2022-23,31,31,2766,2,4,6,0.065,0.13,0.195,38,1.32,80.88,0.873015873,0.73015873,87.3,73.02,80.16,7,17,339
556385,Destiny Udogie,Defender,Left-Back,Italy,410,Udinese Calcio,IT1,serie-a,Italy,2022,2022-23,20,33,2711,3,4,7,0.1,0.133,0.232,38,1.21,79.27,0.890410959,0.671232877,89.04,67.12,78.08,6,17,413
135343,Fabian Schär,Defender,Centre-Back,Switzerland,762,Newcastle United,GB1,premier-league,England,2022,2022-23,31,36,3210,1,3,4,0.028,0.084,0.112,38,1.87,93.86,0.746666667,0.866666667,74.67,86.67,80.67,7,17,324
288225,Ludovic Blas,Midfield,Right Midfield,France,995,FC Nantes,FR1,ligue-1,France,2022,2022-23,25,37,2818,7,5,12,0.224,0.16,0.383,38,0.95,82.4,0.803571429,0.767857143,80.36,76.79,78.57,7,17,396
188888,Sheraldo Becker,Attack,Left Winger,Suriname,89,1.FC Union Berlin,L1,bundesliga,Germany,2022,2022-23,28,34,2582,11,7,18,0.383,0.244,0.627,34,1.82,84.38,0.708333333,0.791666667,70.83,79.17,75,5,17,540
401530,Éder Militão,Defender,Centre-Back,Brazil,418,Real Madrid,ES1,laliga,Spain,2022,2022-23,25,33,2704,5,1,6,0.166,0.033,0.2,38,2.05,79.06,0.904761905,0.682539683,90.48,68.25,79.37,8,18,366
175639,Jonathan Clauss,Defender,Right-Back,France,244,Olympique Marseille,FR1,ligue-1,France,2022,2022-23,30,34,2602,2,10,12,0.069,0.346,0.415,38,1.92,76.08,0.985714286,0.557142857,98.57,55.71,77.14,5,18,458
395516,Moussa Diaby,Attack,Right Winger,France,15,Bayer 04 Leverkusen,L1,bundesliga,Germany,2022,2022-23,23,33,2717,9,9,18,0.298,0.298,0.596,34,1.47,88.79,0.541666667,0.958333333,54.17,95.83,75,6,18,543
324358,Ollie Watkins,Attack,Centre-Forward,England,405,Aston Villa,GB1,premier-league,England,2022,2022-23,27,37,3136,15,6,21,0.43,0.172,0.603,38,1.61,91.7,0.720930233,0.88372093,72.09,88.37,80.23,6,18,338
569387,Valentin Gendrey,Defender,Right-Back,France,1005,US Lecce,IT1,serie-a,Italy,2022,2022-23,23,37,3104,0,4,4,0,0.116,0.116,38,0.95,90.76,0.616438356,0.945205479,61.64,94.52,78.08,7,18,414
234803,Andrew Robertson,Defender,Left-Back,Scotland,31,Liverpool FC,GB1,premier-league,England,2022,2022-23,29,34,2590,0,8,8,0,0.278,0.278,38,1.76,75.73,0.986666667,0.6,98.67,60,79.33,8,19,370
351955,Federico Baschirotto,Defender,Centre-Back,Italy,1005,US Lecce,IT1,serie-a,Italy,2022,2022-23,26,37,3330,3,1,4,0.081,0.027,0.108,38,0.95,97.37,0.561643836,1,56.16,100,78.08,8,19,415
362086,Isi Palazón,Attack,Second Striker,Spain,367,Rayo Vallecano,ES1,laliga,Spain,2022,2022-23,28,37,2991,9,5,14,0.271,0.15,0.421,38,1.29,87.46,0.571428571,1,57.14,100,78.57,7,19,395
368887,Loïs Openda,Attack,Centre-Forward,Belgium,826,RC Lens,FR1,ligue-1,France,2022,2022-23,23,38,2532,21,4,25,0.746,0.142,0.889,38,2.21,74.04,0.864864865,0.675675676,86.49,67.57,77.03,7,19,465
284732,Ramy Bensebaini,Defender,Centre-Back,Algeria,18,Borussia Mönchengladbach,L1,bundesliga,Germany,2022,2022-23,28,28,2487,6,1,7,0.217,0.036,0.253,34,1.26,81.27,0.830769231,0.661538462,83.08,66.15,74.62,10,19,575
25488,Antonio Candreva,Midfield,Right Midfield,Italy,380,US Salernitana 1919,IT1,serie-a,Italy,2022,2022-23,36,35,2734,7,5,12,0.23,0.165,0.395,38,1.11,79.94,0.833333333,0.716666667,83.33,71.67,77.5,6,20,441
474800,Facundo Medina,Defender,Centre-Back,Argentina,826,RC Lens,FR1,ligue-1,France,2022,2022-23,24,32,2785,2,4,6,0.065,0.129,0.194,38,2.21,81.43,0.857142857,0.671428571,85.71,67.14,76.43,6,20,483
448628,Javi Galán,Defender,Left-Back,Spain,940,Celta de Vigo,ES1,laliga,Spain,2022,2022-23,28,37,3162,0,3,3,0,0.085,0.085,38,1.13,92.46,0.587301587,0.968253968,58.73,96.83,77.78,9,20,429
429014,Morgan Gibbs-White,Midfield,Attacking Midfield,England,703,Nottingham Forest,GB1,premier-league,England,2022,2022-23,23,35,2979,5,8,13,0.151,0.242,0.393,38,1,87.11,0.773584906,0.79245283,77.36,79.25,78.3,6,20,404
170986,Raphaël Guerreiro,Defender,Left-Back,Portugal,16,Borussia Dortmund,L1,bundesliga,Germany,2022,2022-23,29,27,2296,4,12,16,0.157,0.47,0.627,34,2.09,75.03,1,0.476923077,100,47.69,73.85,11,20,600
182913,Adrien Rabiot,Midfield,Central Midfield,France,506,Juventus FC,IT1,serie-a,Italy,2022,2022-23,28,32,2751,8,4,12,0.262,0.131,0.393,38,1.89,80.44,0.816666667,0.733333333,81.67,73.33,77.5,7,21,442
435338,Gabriel,Defender,Centre-Back,Brazil,11,Arsenal FC,GB1,premier-league,England,2022,2022-23,25,38,3411,3,0,3,0.079,0,0.079,38,2.21,99.74,0.573333333,0.986666667,57.33,98.67,78,9,21,418
72047,Iago Aspas,Attack,Centre-Forward,Spain,940,Celta de Vigo,ES1,laliga,Spain,2022,2022-23,35,37,2866,12,4,16,0.377,0.126,0.502,38,1.13,83.8,0.69047619,0.857142857,69.05,85.71,77.38,8,21,449
581678,Jude Bellingham,Midfield,Attacking Midfield,England,16,Borussia Dortmund,L1,bundesliga,Germany,2022,2022-23,20,31,2692,8,5,13,0.267,0.167,0.435,34,2.09,87.97,0.714285714,0.761904762,71.43,76.19,73.81,4,21,601
557939,Neto Borges,Defender,Left-Back,Brazil,3524,Clermont Foot 63,FR1,ligue-1,France,2022,2022-23,26,33,2838,3,3,6,0.095,0.095,0.19,38,1.55,82.98,0.828571429,0.7,82.86,70,76.43,7,21,484
187492,Julian Brandt,Midfield,Attacking Midfield,Germany,16,Borussia Dortmund,L1,bundesliga,Germany,2022,2022-23,27,32,2412,9,8,17,0.336,0.299,0.634,34,2.09,78.82,0.928571429,0.523809524,92.86,52.38,72.62,5,22,650
263236,Kevin Danso,Defender,Centre-Back,Austria,826,RC Lens,FR1,ligue-1,France,2022,2022-23,24,37,3234,1,3,4,0.028,0.083,0.111,38,2.21,94.56,0.614285714,0.914285714,61.43,91.43,76.43,8,22,485
258923,Marcus Rashford,Attack,Left Winger,England,985,Manchester United,GB1,premier-league,England,2022,2022-23,25,35,2891,17,5,22,0.529,0.156,0.685,38,1.97,84.53,0.790697674,0.76744186,79.07,76.74,77.91,7,22,424
338424,Mikel Merino,Midfield,Central Midfield,Spain,681,Real Sociedad,ES1,laliga,Spain,2022,2022-23,27,33,2498,2,9,11,0.072,0.324,0.396,38,1.87,73.04,0.872727273,0.672727273,87.27,67.27,77.27,5,22,452
255838,Patrick Ciurria,Midfield,Right Midfield,Italy,2919,AC Monza,IT1,serie-a,Italy,2022,2022-23,28,36,2758,6,6,12,0.196,0.196,0.392,38,1.37,80.64,0.8,0.75,80,75,77.5,8,22,443
324278,Christoph Baumgartner,Midfield,Attacking Midfield,Austria,533,TSG 1899 Hoffenheim,L1,bundesliga,Germany,2022,2022-23,23,33,2582,7,7,14,0.244,0.244,0.488,34,1.06,84.38,0.785714286,0.666666667,78.57,66.67,72.62,6,23,651
369081,Federico Valverde,Midfield,Central Midfield,Uruguay,418,Real Madrid,ES1,laliga,Spain,2022,2022-23,24,34,2510,7,4,11,0.251,0.143,0.394,38,2.05,73.39,0.854545455,0.690909091,85.45,69.09,77.27,6,23,453
206746,Kenny Tete,Defender,Right-Back,Netherlands,931,Fulham FC,GB1,premier-league,England,2022,2022-23,27,31,2575,1,5,6,0.035,0.175,0.21,38,1.37,75.29,0.946666667,0.586666667,94.67,58.67,76.67,10,23,475
395237,Maxence Caqueret,Midfield,Central Midfield,France,1041,Olympique Lyon,FR1,ligue-1,France,2022,2022-23,23,36,2778,4,7,11,0.13,0.227,0.356,38,1.63,81.23,0.767857143,0.75,76.79,75,75.89,8,23,508
223974,Stefan Posch,Defender,Centre-Back,Austria,1025,Bologna Football Club 1909,IT1,serie-a,Italy,2022,2022-23,26,30,2540,6,2,8,0.213,0.071,0.283,38,1.42,74.27,0.95890411,0.575342466,95.89,57.53,76.71,9,23,470
203348,Chancel Mbemba,Defender,Centre-Back,DR Congo,244,Olympique Marseille,FR1,ligue-1,France,2022,2022-23,28,36,2850,5,0,5,0.158,0,0.158,38,1.92,83.33,0.785714286,0.728571429,78.57,72.86,75.71,9,24,520
59561,Dani Parejo,Midfield,Central Midfield,Spain,1050,Villarreal CF,ES1,laliga,Spain,2022,2022-23,34,37,3289,3,4,7,0.082,0.109,0.192,38,1.68,96.17,0.563636364,0.981818182,56.36,98.18,77.27,7,24,455
353948,Lucas Tousart,Midfield,Central Midfield,France,44,Hertha BSC,L1,bundesliga,Germany,2022,2022-23,26,33,2948,5,3,8,0.153,0.092,0.244,34,0.85,96.34,0.452380952,1,45.24,100,72.62,7,24,652
503482,Min-jae Kim,Defender,Centre-Back,"Korea, South",6195,SSC Napoli,IT1,serie-a,Italy,2022,2022-23,26,35,3054,2,2,4,0.059,0.059,0.118,38,2.37,89.3,0.630136986,0.904109589,63.01,90.41,76.71,10,24,471
139208,Virgil van Dijk,Defender,Centre-Back,Netherlands,31,Liverpool FC,GB1,premier-league,England,2022,2022-23,31,32,2835,3,1,4,0.095,0.032,0.127,38,1.76,82.89,0.813333333,0.72,81.33,72,76.67,11,24,476
263918,Aleksandr Golovin,Midfield,Attacking Midfield,Russia,162,AS Monaco,FR1,ligue-1,France,2022,2022-23,27,34,2483,8,7,15,0.29,0.254,0.544,38,1.71,72.6,0.964285714,0.535714286,96.43,53.57,75,9,25,545
124555,Cristiano Biraghi,Defender,Left-Back,Italy,430,ACF Fiorentina,IT1,serie-a,Italy,2022,2022-23,30,33,2555,2,5,7,0.07,0.176,0.247,38,1.47,74.71,0.917808219,0.602739726,91.78,60.27,76.03,11,25,505
290587,Ellyes Skhiri,Midfield,Defensive Midfield,Tunisia,3,1.FC Köln,L1,bundesliga,Germany,2022,2022-23,28,32,2857,7,1,8,0.221,0.032,0.252,34,1.24,93.37,0.5,0.928571429,50,92.86,71.43,8,25,697
173504,James Tarkowski,Defender,Centre-Back,England,29,Everton FC,GB1,premier-league,England,2022,2022-23,30,38,3420,1,1,2,0.026,0.026,0.053,38,0.95,100,0.493333333,1,49.33,100,74.67,12,25,570
221322,José Gayà,Defender,Left-Back,Spain,1049,Valencia CF,ES1,laliga,Spain,2022,2022-23,28,31,2715,1,4,5,0.033,0.133,0.166,38,1.11,79.39,0.825396825,0.698412698,82.54,69.84,76.19,10,25,500
368891,Arthur Theate,Defender,Centre-Back,Belgium,273,Stade Rennais FC,FR1,ligue-1,France,2022,2022-23,23,35,3129,4,0,4,0.115,0,0.115,38,1.79,91.49,0.642857143,0.857142857,64.29,85.71,75,10,26,569
447661,Douglas Luiz,Midfield,Central Midfield,Brazil,405,Aston Villa,GB1,premier-league,England,2022,2022-23,25,37,2932,6,6,12,0.184,0.184,0.368,38,1.61,85.73,0.716981132,0.773584906,71.7,77.36,74.53,7,26,579
445126,Emanuele Valeri,Defender,Left-Back,Italy,2239,US Cremonese,IT1,serie-a,Italy,2022,2022-23,24,37,2791,2,3,5,0.064,0.097,0.161,38,0.71,81.61,0.753424658,0.753424658,75.34,75.34,75.34,12,26,531
268670,Gerard Gumbau,Midfield,Defensive Midfield,Spain,1531,Elche CF,ES1,laliga,Spain,2022,2022-23,28,35,2744,1,6,7,0.033,0.197,0.23,38,0.66,80.23,0.672727273,0.836363636,67.27,83.64,75.45,8,26,526
185077,Vincenzo Grifo,Attack,Left Winger,Italy,60,SC Freiburg,L1,bundesliga,Germany,2022,2022-23,30,33,2431,15,5,20,0.555,0.185,0.74,34,1.74,79.44,0.833333333,0.583333333,83.33,58.33,70.83,7,26,726
636688,Alejandro Balde,Defender,Left-Back,Spain,131,FC Barcelona,ES1,laliga,Spain,2022,2022-23,19,33,2476,1,6,7,0.036,0.218,0.254,38,2.32,72.4,0.984126984,0.507936508,98.41,50.79,74.6,11,27,576
413039,Bryan Mbeumo,Attack,Right Winger,Cameroon,1148,Brentford FC,GB1,premier-league,England,2022,2022-23,23,38,2928,9,8,17,0.277,0.246,0.523,38,1.55,85.61,0.674418605,0.813953488,67.44,81.4,74.42,8,27,583
451276,Dominik Szoboszlai,Midfield,Attacking Midfield,Hungary,23826,RB Leipzig,L1,bundesliga,Germany,2022,2022-23,22,31,2453,6,8,14,0.22,0.294,0.514,34,1.94,80.16,0.833333333,0.571428571,83.33,57.14,70.24,9,27,769
659542,Elye Wahi,Attack,Centre-Forward,Cote d'Ivoire,969,Montpellier HSC,FR1,ligue-1,France,2022,2022-23,20,33,2531,19,6,25,0.676,0.213,0.889,38,1.32,74.01,0.864864865,0.621621622,86.49,62.16,74.32,8,27,584
547985,Fabiano Parisi,Defender,Left-Back,Italy,749,FC Empoli,IT1,serie-a,Italy,2022,2022-23,22,33,2834,2,2,4,0.064,0.064,0.127,38,1.13,82.87,0.684931507,0.821917808,68.49,82.19,75.34,13,27,532
534033,Alexis Mac Allister,Midfield,Central Midfield,Argentina,1237,Brighton & Hove Albion,GB1,premier-league,England,2022,2022-23,24,35,2886,10,2,12,0.312,0.062,0.374,38,1.63,84.39,0.735849057,0.735849057,73.58,73.58,73.58,8,28,613
358250,Joseph Aidoo,Defender,Centre-Back,Ghana,940,Celta de Vigo,ES1,laliga,Spain,2022,2022-23,27,35,3121,3,0,3,0.087,0,0.087,38,1.13,91.26,0.603174603,0.888888889,60.32,88.89,74.6,12,28,577
128220,Luis Alberto,Midfield,Attacking Midfield,Spain,398,Società Sportiva Lazio S.p.A.,IT1,serie-a,Italy,2022,2022-23,30,35,2442,6,7,13,0.221,0.258,0.479,38,1.95,71.4,0.983333333,0.516666667,98.33,51.67,75,9,28,550
414908,Marshall Munetsi,Midfield,Central Midfield,Zimbabwe,1421,Stade Reims,FR1,ligue-1,France,2022,2022-23,27,34,2707,7,4,11,0.233,0.133,0.366,38,1.34,79.15,0.785714286,0.696428571,78.57,69.64,74.11,10,28,589
193004,Waldemar Anton,Defender,Centre-Back,Germany,79,VfB Stuttgart,L1,bundesliga,Germany,2022,2022-23,26,34,2941,1,2,3,0.031,0.061,0.092,34,0.97,96.11,0.446153846,0.953846154,44.62,95.38,70,12,28,778
309110,Brais Méndez,Midfield,Attacking Midfield,Spain,681,Real Sociedad,ES1,laliga,Spain,2022,2022-23,26,34,2416,8,4,12,0.298,0.149,0.447,38,1.87,70.64,0.981818182,0.509090909,98.18,50.91,74.55,9,29,578
655488,Gabriel Martinelli,Attack,Left Winger,Brazil,11,Arsenal FC,GB1,premier-league,England,2022,2022-23,22,36,2805,15,5,20,0.481,0.16,0.642,38,2.21,82.02,0.744186047,0.720930233,74.42,72.09,73.26,9,29,623
332179,Matteo Pessina,Midfield,Central Midfield,Italy,2919,AC Monza,IT1,serie-a,Italy,2022,2022-23,26,35,2939,5,3,8,0.153,0.092,0.245,38,1.37,85.94,0.633333333,0.866666667,63.33,86.67,75,10,29,560
557459,Micky van de Ven,Defender,Centre-Back,Netherlands,82,VfL Wolfsburg,L1,bundesliga,Germany,2022,2022-23,22,33,2970,1,2,3,0.03,0.061,0.091,34,1.44,97.06,0.4,0.984615385,40,98.46,69.23,13,29,818
131225,Nicolás Tagliafico,Defender,Left-Back,Argentina,1041,Olympique Lyon,FR1,ligue-1,France,2022,2022-23,30,34,2994,1,3,4,0.03,0.09,0.12,38,1.63,87.54,0.671428571,0.785714286,67.14,78.57,72.86,11,29,637
103427,Chris Smalling,Defender,Centre-Back,England,12,Associazione Sportiva Roma,IT1,serie-a,Italy,2022,2022-23,33,32,2807,3,1,4,0.096,0.032,0.128,38,1.66,82.08,0.698630137,0.794520548,69.86,79.45,74.66,14,30,572
106270,Florian Kainz,Midfield,Attacking Midfield,Austria,3,1.FC Köln,L1,bundesliga,Germany,2022,2022-23,30,32,2370,6,10,16,0.228,0.38,0.608,34,1.24,77.45,0.904761905,0.476190476,90.48,47.62,69.05,10,30,829
496706,Montassar Talbi,Defender,Centre-Back,Tunisia,1158,FC Lorient,FR1,ligue-1,France,2022,2022-23,25,38,3420,1,2,3,0.026,0.053,0.079,38,1.45,100,0.457142857,1,45.71,100,72.86,12,30,640
222805,Srdjan Babic,Defender,Centre-Back,Serbia,3302,UD Almería,ES1,laliga,Spain,2022,2022-23,27,34,2999,3,0,3,0.09,0,0.09,38,1.08,87.69,0.634920635,0.825396825,63.49,82.54,73.02,13,30,633
253677,Tyrone Mings,Defender,Centre-Back,England,405,Aston Villa,GB1,premier-league,England,2022,2022-23,30,35,3150,1,2,3,0.029,0.057,0.086,38,1.61,92.11,0.613333333,0.84,61.33,84,72.67,13,30,649
166677,Brian Oliván,Defender,Left-Back,Spain,714,RCD Espanyol Barcelona,ES1,laliga,Spain,2022,2022-23,29,30,2413,1,7,8,0.037,0.261,0.298,38,0.97,70.56,1,0.444444444,100,44.44,72.22,14,31,668
91845,Heung-min Son,Attack,Left Winger,"Korea, South",148,Tottenham Hotspur,GB1,premier-league,England,2022,2022-23,30,36,2899,10,6,16,0.31,0.186,0.497,38,1.58,84.77,0.627906977,0.790697674,62.79,79.07,70.93,10,31,723
354814,M'Bala Nzola,Attack,Centre-Forward,Angola,3522,Spezia Calcio,IT1,serie-a,Italy,2022,2022-23,26,31,2653,13,2,15,0.441,0.068,0.509,38,0.82,77.57,0.545454545,0.939393939,54.55,93.94,74.24,7,31,586
117674,Maximilian Arnold,Midfield,Central Midfield,Germany,82,VfL Wolfsburg,L1,bundesliga,Germany,2022,2022-23,29,32,2776,5,3,8,0.162,0.097,0.259,34,1.44,90.72,0.523809524,0.857142857,52.38,85.71,69.05,11,31,831
377393,Pierre Lees-Melou,Midfield,Defensive Midfield,France,3911,Stade Brestois 29,FR1,ligue-1,France,2022,2022-23,30,32,2773,5,5,10,0.162,0.162,0.325,38,1.16,81.08,0.714285714,0.732142857,71.43,73.21,72.32,11,31,664
479999,Eberechi Eze,Midfield,Attacking Midfield,England,873,Crystal Palace,GB1,premier-league,England,2022,2022-23,25,38,2645,10,4,14,0.34,0.136,0.476,38,1.18,77.34,0.905660377,0.509433962,90.57,50.94,70.75,9,32,731
354726,Florian Sotoca,Attack,Centre-Forward,France,826,RC Lens,FR1,ligue-1,France,2022,2022-23,32,38,3065,7,10,17,0.206,0.294,0.499,38,2.21,89.62,0.459459459,0.972972973,45.95,97.3,71.62,9,32,686
699704,Gabri Veiga,Midfield,Attacking Midfield,Spain,940,Celta de Vigo,ES1,laliga,Spain,2022,2022-23,21,36,2313,11,4,15,0.428,0.156,0.584,38,1.13,67.63,1,0.418181818,100,41.82,70.91,10,32,724
371851,Jaka Bijol,Defender,Centre-Back,Slovenia,410,Udinese Calcio,IT1,serie-a,Italy,2022,2022-23,24,32,2732,3,2,5,0.099,0.066,0.165,38,1.21,79.88,0.767123288,0.698630137,76.71,69.86,73.29,15,32,622
192635,Nico Elvedi,Defender,Centre-Back,Switzerland,18,Borussia Mönchengladbach,L1,bundesliga,Germany,2022,2022-23,26,32,2827,3,0,3,0.096,0,0.096,34,1.26,92.39,0.461538462,0.907692308,46.15,90.77,68.46,14,32,856
392770,Angel Gomes,Midfield,Attacking Midfield,England,1082,LOSC Lille,FR1,ligue-1,France,2022,2022-23,22,36,2837,2,6,8,0.063,0.19,0.254,38,1.76,82.95,0.642857143,0.785714286,64.29,78.57,71.43,12,33,696
580195,Jamal Musiala,Midfield,Attacking Midfield,Germany,27,Bayern Munich,L1,bundesliga,Germany,2022,2022-23,20,33,2211,12,13,25,0.488,0.529,1.018,34,2.09,72.25,1,0.357142857,100,35.71,67.86,12,33,886
300168,Mikel Vesga,Midfield,Defensive Midfield,Spain,621,Athletic Bilbao,ES1,laliga,Spain,2022,2022-23,30,36,2574,3,3,6,0.105,0.105,0.21,38,1.34,75.26,0.581818182,0.818181818,58.18,81.82,70,11,33,775
293200,Nikola Vlašić,Midfield,Attacking Midfield,Croatia,416,Torino FC,IT1,serie-a,Italy,2022,2022-23,25,34,2731,5,6,11,0.165,0.198,0.363,38,1.39,79.85,0.75,0.7,75,70,72.5,11,33,656
167799,Pierre-Emile Højbjerg,Midfield,Defensive Midfield,Denmark,148,Tottenham Hotspur,GB1,premier-league,England,2022,2022-23,27,35,3133,4,5,9,0.115,0.144,0.259,38,1.58,91.61,0.547169811,0.867924528,54.72,86.79,70.75,10,33,732
516716,Bremer,Defender,Centre-Back,Brazil,506,Juventus FC,IT1,serie-a,Italy,2022,2022-23,26,30,2640,4,1,5,0.136,0.034,0.17,38,1.89,77.19,0.794520548,0.630136986,79.45,63.01,71.23,16,34,705
356141,Daichi Kamada,Midfield,Attacking Midfield,Japan,24,Eintracht Frankfurt,L1,bundesliga,Germany,2022,2022-23,26,32,2271,9,7,16,0.357,0.277,0.634,34,1.47,74.22,0.928571429,0.428571429,92.86,42.86,67.86,13,34,889
16136,Dante,Defender,Centre-Back,Brazil,417,OGC Nice,FR1,ligue-1,France,2022,2022-23,39,37,3300,1,2,3,0.027,0.055,0.082,38,1.53,96.49,0.5,0.928571429,50,92.86,71.43,13,34,700
405398,Takefusa Kubo,Attack,Right Winger,Japan,681,Real Sociedad,ES1,laliga,Spain,2022,2022-23,22,35,2454,9,7,16,0.33,0.257,0.587,38,1.87,71.75,0.80952381,0.571428571,80.95,57.14,69.05,9,34,830
292808,Wout Faes,Defender,Centre-Back,Belgium,1003,Leicester City,GB1,premier-league,England,2022,2022-23,25,31,2787,1,2,3,0.032,0.065,0.097,38,0.89,81.49,0.706666667,0.693333333,70.67,69.33,70,14,34,776
449796,Alejandro Catena,Defender,Centre-Back,Spain,367,Rayo Vallecano,ES1,laliga,Spain,2022,2022-23,28,35,3106,1,1,2,0.029,0.029,0.058,38,1.29,90.82,0.507936508,0.873015873,50.79,87.3,69.05,15,35,832
175722,Eric Dier,Defender,Centre-Back,England,148,Tottenham Hotspur,GB1,premier-league,England,2022,2022-23,29,33,2816,2,1,3,0.064,0.032,0.096,38,1.58,82.34,0.693333333,0.706666667,69.33,70.67,70,15,35,777
159372,Felipe Anderson,Attack,Left Winger,Brazil,398,Società Sportiva Lazio S.p.A.,IT1,serie-a,Italy,2022,2022-23,30,38,2966,9,6,15,0.273,0.182,0.455,38,1.95,86.73,0.424242424,1,42.42,100,71.21,8,35,706
388198,Nico Schlotterbeck,Defender,Centre-Back,Germany,16,Borussia Dortmund,L1,bundesliga,Germany,2022,2022-23,23,28,2256,4,5,9,0.16,0.199,0.359,34,2.09,73.73,0.923076923,0.415384615,92.31,41.54,66.92,15,35,948
199704,Yunis Abdelhamid,Defender,Centre-Back,Morocco,1421,Stade Reims,FR1,ligue-1,France,2022,2022-23,35,37,3330,1,2,3,0.027,0.054,0.081,38,1.34,97.37,0.471428571,0.957142857,47.14,95.71,71.43,14,35,701
690799,Anthony Rouault,Defender,Centre-Back,France,415,FC Toulouse,FR1,ligue-1,France,2022,2022-23,22,37,3316,2,1,3,0.054,0.027,0.081,38,1.26,96.96,0.471428571,0.942857143,47.14,94.29,70.71,15,36,735
353366,Benjamin Pavard,Defender,Centre-Back,France,27,Bayern Munich,L1,bundesliga,Germany,2022,2022-23,27,30,2431,4,1,5,0.148,0.037,0.185,34,2.09,79.44,0.738461538,0.6,73.85,60,66.92,16,36,949
278359,Borja Iglesias,Attack,Centre-Forward,Spain,150,Real Betis Balompié,ES1,laliga,Spain,2022,2022-23,30,35,2381,15,3,18,0.567,0.113,0.68,38,1.58,69.62,0.880952381,0.476190476,88.1,47.62,67.86,10,36,888
161011,Filip Kostić,Midfield,Left Midfield,Serbia,506,Juventus FC,IT1,serie-a,Italy,2022,2022-23,30,37,2579,3,8,11,0.105,0.279,0.384,38,1.89,75.41,0.783333333,0.633333333,78.33,63.33,70.83,12,36,729
339556,Rico Henry,Defender,Left-Back,Jamaica,1148,Brentford FC,GB1,premier-league,England,2022,2022-23,25,37,3246,0,2,2,0,0.055,0.055,38,1.55,94.91,0.506666667,0.893333333,50.67,89.33,70,16,36,780
412363,Rodrygo,Attack,Right Winger,Brazil,418,Real Madrid,ES1,laliga,Spain,2022,2022-23,22,34,2381,9,9,18,0.34,0.34,0.68,38,2.05,69.62,0.880952381,0.476190476,88.1,47.62,67.86,10,36,888
40433,Alexis Sánchez,Attack,Second Striker,Chile,244,Olympique Marseille,FR1,ligue-1,France,2022,2022-23,34,35,2698,14,3,17,0.467,0.1,0.567,38,1.92,78.89,0.648648649,0.756756757,64.86,75.68,70.27,10,37,768
394300,Davide Frattesi,Midfield,Central Midfield,Italy,6574,US Sassuolo,IT1,serie-a,Italy,2022,2022-23,23,36,2891,7,0,7,0.218,0,0.218,38,1.18,84.53,0.566666667,0.833333333,56.67,83.33,70,13,37,774
503749,Jacob Ramsey,Midfield,Central Midfield,England,405,Aston Villa,GB1,premier-league,England,2022,2022-23,22,35,2646,6,7,13,0.204,0.238,0.442,38,1.61,77.37,0.867924528,0.528301887,86.79,52.83,69.81,11,37,788
522784,Taty Castellanos,Attack,Centre-Forward,Argentina,12321,Girona FC,ES1,laliga,Spain,2022,2022-23,24,35,2620,13,1,14,0.447,0.034,0.481,38,1.29,76.61,0.666666667,0.69047619,66.67,69.05,67.86,11,37,890
546213,Tuta,Defender,Centre-Back,Brazil,24,Eintracht Frankfurt,L1,bundesliga,Germany,2022,2022-23,23,31,2717,2,1,3,0.066,0.033,0.099,34,1.47,88.79,0.476923077,0.830769231,47.69,83.08,65.38,17,37,1010
127108,Florian Lejeune,Defender,Centre-Back,France,367,Rayo Vallecano,ES1,laliga,Spain,2022,2022-23,32,31,2569,4,0,4,0.14,0,0.14,38,1.29,75.12,0.777777778,0.571428571,77.78,57.14,67.46,16,38,915
126557,Jonathan Gradit,Defender,Centre-Back,France,826,RC Lens,FR1,ligue-1,France,2022,2022-23,30,33,2830,1,3,4,0.032,0.095,0.127,38,2.21,82.75,0.7,0.685714286,70,68.57,69.29,16,38,815
106872,Kevin Stöger,Midfield,Attacking Midfield,Austria,80,VfL Bochum,L1,bundesliga,Germany,2022,2022-23,29,32,2608,5,3,8,0.173,0.104,0.276,34,1.03,85.23,0.595238095,0.69047619,59.52,69.05,64.29,14,38,1073
319859,Mathias Jensen,Midfield,Central Midfield,Denmark,1148,Brentford FC,GB1,premier-league,England,2022,2022-23,27,37,2831,5,6,11,0.159,0.191,0.35,38,1.55,82.78,0.698113208,0.698113208,69.81,69.81,69.81,12,38,789
397033,Sandro Tonali,Midfield,Defensive Midfield,Italy,5,AC Milan,IT1,serie-a,Italy,2022,2022-23,23,34,2718,2,7,9,0.066,0.232,0.298,38,1.84,79.47,0.7,0.683333333,70,68.33,69.17,14,38,821
418659,Amine Gouiri,Attack,Centre-Forward,Algeria,273,Stade Rennais FC,FR1,ligue-1,France,2022,2022-23,23,33,2531,15,4,19,0.533,0.142,0.676,38,1.79,74.01,0.756756757,0.621621622,75.68,62.16,68.92,11,39,833
442248,Ethan Pinnock,Defender,Centre-Back,Jamaica,1148,Brentford FC,GB1,premier-league,England,2022,2022-23,30,30,2700,3,0,3,0.1,0,0.1,38,1.55,78.95,0.72,0.666666667,72,66.67,69.33,17,39,814
326330,Frenkie de Jong,Midfield,Central Midfield,Netherlands,131,FC Barcelona,ES1,laliga,Spain,2022,2022-23,26,33,2538,2,4,6,0.071,0.142,0.213,38,2.32,74.21,0.636363636,0.709090909,63.64,70.91,67.27,12,39,922
133179,Marten de Roon,Midfield,Defensive Midfield,Netherlands,800,Atalanta BC,IT1,serie-a,Italy,2022,2022-23,32,35,2964,3,3,6,0.091,0.091,0.182,38,1.68,86.67,0.483333333,0.9,48.33,90,69.17,15,39,822
361260,Ozan Kabak,Defender,Centre-Back,Türkiye,533,TSG 1899 Hoffenheim,L1,bundesliga,Germany,2022,2022-23,23,30,2393,2,3,5,0.075,0.113,0.188,34,1.06,78.2,0.753846154,0.523076923,75.38,52.31,63.85,18,39,1082
375382,André Almeida,Midfield,Attacking Midfield,Portugal,1049,Valencia CF,ES1,laliga,Spain,2022,2022-23,23,34,2550,2,4,6,0.071,0.141,0.212,38,1.11,74.56,0.6,0.745454545,60,74.55,67.27,13,40,923
192765,Ben Davies,Defender,Centre-Back,Wales,148,Tottenham Hotspur,GB1,premier-league,England,2022,2022-23,30,31,2290,2,2,4,0.079,0.079,0.157,38,1.58,66.96,0.88,0.493333333,88,49.33,68.67,18,40,837
387047,Danilho Doekhi,Defender,Centre-Back,Netherlands,89,1.FC Union Berlin,L1,bundesliga,Germany,2022,2022-23,25,25,2217,5,2,7,0.203,0.081,0.284,34,1.82,72.45,0.876923077,0.369230769,87.69,36.92,62.31,19,40,1168
164771,Jordan Veretout,Midfield,Central Midfield,France,244,Olympique Marseille,FR1,ligue-1,France,2022,2022-23,30,38,2863,4,3,7,0.126,0.094,0.22,38,1.92,83.71,0.553571429,0.803571429,55.36,80.36,67.86,13,40,891
181136,Piotr Zielinski,Midfield,Central Midfield,Poland,6195,SSC Napoli,IT1,serie-a,Italy,2022,2022-23,29,37,2301,3,9,12,0.117,0.352,0.469,38,2.37,67.28,0.966666667,0.4,96.67,40,68.33,16,40,862
105521,Ciro Immobile,Attack,Centre-Forward,Italy,398,Società Sportiva Lazio S.p.A.,IT1,serie-a,Italy,2022,2022-23,33,31,2225,12,5,17,0.485,0.202,0.688,38,1.95,65.06,0.787878788,0.575757576,78.79,57.58,68.18,9,41,865
357662,Declan Rice,Midfield,Central Midfield,England,379,West Ham United,GB1,premier-league,England,2022,2022-23,24,37,3272,4,2,6,0.11,0.055,0.165,38,1.05,95.67,0.396226415,0.962264151,39.62,96.23,67.92,13,41,882
564545,Edmond Tapsoba,Defender,Centre-Back,Burkina Faso,15,Bayer 04 Leverkusen,L1,bundesliga,Germany,2022,2022-23,24,33,2873,1,1,2,0.031,0.031,0.063,34,1.47,93.89,0.323076923,0.923076923,32.31,92.31,62.31,20,41,1173
525299,Miguel Gutiérrez,Defender,Left-Back,Spain,12321,Girona FC,ES1,laliga,Spain,2022,2022-23,21,34,2397,2,4,6,0.075,0.15,0.225,38,1.29,70.09,0.936507937,0.396825397,93.65,39.68,66.67,17,41,962
569598,Youssouf Fofana,Midfield,Defensive Midfield,France,162,AS Monaco,FR1,ligue-1,France,2022,2022-23,24,36,3089,2,2,4,0.058,0.058,0.117,38,1.71,90.32,0.375,0.964285714,37.5,96.43,66.96,14,41,944
234523,Antonio Sanabria,Attack,Centre-Forward,Paraguay,416,Torino FC,IT1,serie-a,Italy,2022,2022-23,27,33,2443,12,4,16,0.442,0.147,0.589,38,1.39,71.43,0.666666667,0.696969697,66.67,69.7,68.18,10,42,868
646740,Gavi,Midfield,Central Midfield,Spain,131,FC Barcelona,ES1,laliga,Spain,2022,2022-23,18,36,2545,2,4,6,0.071,0.141,0.212,38,2.32,74.42,0.6,0.727272727,60,72.73,66.36,14,42,973
450050,Jean-Ricner Bellegarde,Midfield,Central Midfield,Haiti,667,RC Strasbourg Alsace,FR1,ligue-1,France,2022,2022-23,25,30,2429,2,9,11,0.074,0.333,0.408,38,1.05,71.02,0.857142857,0.464285714,85.71,46.43,66.07,15,42,983
88755,Kevin De Bruyne,Midfield,Attacking Midfield,Belgium,281,Manchester City,GB1,premier-league,England,2022,2022-23,32,32,2425,7,18,25,0.26,0.668,0.928,38,2.34,70.91,1,0.339622642,100,33.96,66.98,14,42,942
236981,Timo Hübers,Defender,Centre-Back,Germany,3,1.FC Köln,L1,bundesliga,Germany,2022,2022-23,26,29,2558,3,0,3,0.106,0,0.106,34,1.24,83.59,0.507692308,0.723076923,50.77,72.31,61.54,21,42,1224
238407,Alexander Sørloth,Attack,Centre-Forward,Norway,681,Real Sociedad,ES1,laliga,Spain,2022,2022-23,27,34,2398,12,3,15,0.45,0.113,0.563,38,1.87,70.12,0.785714286,0.523809524,78.57,52.38,65.48,12,43,1003
297070,Hamari Traoré,Defender,Right-Back,Mali,273,Stade Rennais FC,FR1,ligue-1,France,2022,2022-23,31,31,2531,1,4,5,0.036,0.142,0.178,38,1.79,74.01,0.814285714,0.485714286,81.43,48.57,65,17,43,1030
294057,James Maddison,Midfield,Attacking Midfield,England,1003,Leicester City,GB1,premier-league,England,2022,2022-23,26,30,2486,10,9,19,0.362,0.326,0.688,38,0.89,72.69,0.962264151,0.377358491,96.23,37.74,66.98,15,43,943
108537,Jonas Hector,Defender,Left-Back,Germany,3,1.FC Köln,L1,bundesliga,Germany,2022,2022-23,33,32,2825,0,2,2,0,0.064,0.064,34,1.24,92.32,0.338461538,0.892307692,33.85,89.23,61.54,22,43,1226
401527,Rogério,Defender,Left-Back,Brazil,6574,US Sassuolo,IT1,serie-a,Italy,2022,2022-23,25,36,2998,0,3,3,0,0.09,0.09,38,1.18,87.66,0.465753425,0.890410959,46.58,89.04,67.81,17,43,892
181378,Gaëtan Laborde,Attack,Centre-Forward,France,417,OGC Nice,FR1,ligue-1,France,2022,2022-23,29,33,2511,13,3,16,0.466,0.108,0.573,38,1.53,73.42,0.675675676,0.594594595,67.57,59.46,63.51,12,44,1103
255508,Iñaki Williams,Attack,Right Winger,Ghana,621,Athletic Bilbao,ES1,laliga,Spain,2022,2022-23,29,36,2852,10,3,13,0.316,0.095,0.41,38,1.34,83.39,0.5,0.785714286,50,78.57,64.29,13,44,1072
386552,Lassana Coulibaly,Midfield,Central Midfield,Mali,380,US Salernitana 1919,IT1,serie-a,Italy,2022,2022-23,27,35,2901,3,3,6,0.093,0.093,0.186,38,1.11,84.82,0.5,0.85,50,85,67.5,17,44,914
183288,Luke Shaw,Defender,Left-Back,England,985,Manchester United,GB1,premier-league,England,2022,2022-23,27,31,2556,1,2,3,0.035,0.07,0.106,38,1.97,74.74,0.733333333,0.573333333,73.33,57.33,65.33,19,44,1013
326031,Matthijs de Ligt,Defender,Centre-Back,Netherlands,27,Bayern Munich,L1,bundesliga,Germany,2022,2022-23,23,31,2403,3,1,4,0.112,0.037,0.15,34,2.09,78.53,0.661538462,0.553846154,66.15,55.38,60.77,23,44,1275
111266,Anthony Losilla,Midfield,Defensive Midfield,France,80,VfL Bochum,L1,bundesliga,Germany,2022,2022-23,37,31,2725,2,3,5,0.066,0.099,0.165,34,1.03,89.05,0.380952381,0.80952381,38.1,80.95,59.52,15,45,1337
256448,Gianluca Mancini,Defender,Centre-Back,Italy,12,Associazione Sportiva Roma,IT1,serie-a,Italy,2022,2022-23,27,35,2864,1,2,3,0.031,0.063,0.094,38,1.66,83.74,0.506849315,0.835616438,50.68,83.56,67.12,18,45,930
411975,Jules Koundé,Defender,Right-Back,France,131,FC Barcelona,ES1,laliga,Spain,2022,2022-23,24,29,2428,1,3,4,0.037,0.111,0.148,38,2.32,70.99,0.793650794,0.476190476,79.37,47.62,63.49,18,45,1105
325223,Mama Baldé,Attack,Centre-Forward,Guinea-Bissau,1095,ESTAC Troyes,FR1,ligue-1,France,2022,2022-23,27,34,2671,12,4,16,0.404,0.135,0.539,38,0.63,78.1,0.540540541,0.72972973,54.05,72.97,63.51,13,45,1104
225161,Rúben Neves,Midfield,Defensive Midfield,Portugal,543,Wolverhampton Wanderers,GB1,premier-league,England,2022,2022-23,26,35,3023,6,1,7,0.179,0.03,0.208,38,1.08,88.39,0.471698113,0.830188679,47.17,83.02,65.09,16,45,1023
72121,Johan Gastien,Midfield,Defensive Midfield,France,3524,Clermont Foot 63,FR1,ligue-1,France,2022,2022-23,35,31,2607,4,3,7,0.138,0.104,0.242,38,1.55,76.23,0.607142857,0.642857143,60.71,64.29,62.5,16,46,1154
74842,Mario Götze,Midfield,Attacking Midfield,Germany,24,Eintracht Frankfurt,L1,bundesliga,Germany,2022,2022-23,31,32,2750,3,2,5,0.098,0.065,0.164,34,1.47,89.87,0.357142857,0.833333333,35.71,83.33,59.52,16,46,1338
423440,Martín Zubimendi,Midfield,Defensive Midfield,Spain,681,Real Sociedad,ES1,laliga,Spain,2022,2022-23,24,36,3102,1,3,4,0.029,0.087,0.116,38,1.87,90.7,0.290909091,0.963636364,29.09,96.36,62.73,15,46,1143
268429,Sandi Lovrić,Midfield,Central Midfield,Slovenia,410,Udinese Calcio,IT1,serie-a,Italy,2022,2022-23,25,37,2349,5,6,11,0.192,0.23,0.421,38,1.21,68.68,0.883333333,0.45,88.33,45,66.67,18,46,956
495666,William Saliba,Defender,Centre-Back,France,11,Arsenal FC,GB1,premier-league,England,2022,2022-23,22,27,2416,2,1,3,0.075,0.037,0.112,38,2.21,70.64,0.746666667,0.533333333,74.67,53.33,64,20,46,1079
203394,Andreas Pereira,Midfield,Central Midfield,Brazil,931,Fulham FC,GB1,premier-league,England,2022,2022-23,27,33,2718,4,6,10,0.132,0.199,0.331,38,1.37,79.47,0.660377358,0.603773585,66.04,60.38,63.21,17,47,1117
321528,Denzel Dumfries,Defender,Right-Back,Netherlands,46,Inter Milan,IT1,serie-a,Italy,2022,2022-23,27,34,2223,1,7,8,0.04,0.283,0.324,38,1.89,65,0.98630137,0.342465753,98.63,34.25,66.44,19,47,967
95732,Martin Braithwaite,Attack,Centre-Forward,Denmark,714,RCD Espanyol Barcelona,ES1,laliga,Spain,2022,2022-23,32,31,2469,10,2,12,0.365,0.073,0.437,38,0.97,72.19,0.619047619,0.619047619,61.9,61.9,61.9,14,47,1198
166601,Niklas Süle,Defender,Centre-Back,Germany,16,Borussia Dortmund,L1,bundesliga,Germany,2022,2022-23,27,29,2117,2,4,6,0.085,0.17,0.255,34,2.09,69.18,0.846153846,0.292307692,84.62,29.23,56.92,24,47,1500
146854,Wissam Ben Yedder,Attack,Centre-Forward,France,162,AS Monaco,FR1,ligue-1,France,2022,2022-23,32,32,2128,19,6,25,0.804,0.254,1.057,38,1.71,62.22,0.972972973,0.27027027,97.3,27.03,62.16,14,47,1183
293194,Borna Sosa,Defender,Left-Back,Croatia,79,VfB Stuttgart,L1,bundesliga,Germany,2022,2022-23,25,25,1959,2,7,9,0.092,0.322,0.413,34,0.97,64.02,0.953846154,0.153846154,95.38,15.38,55.38,25,48,1610
139435,Dani Rodríguez,Midfield,Attacking Midfield,Spain,237,RCD Mallorca,ES1,laliga,Spain,2022,2022-23,35,35,2114,3,7,10,0.128,0.298,0.426,38,1.32,61.81,0.963636364,0.272727273,96.36,27.27,61.82,16,48,1208
364857,Falaye Sacko,Defender,Right-Back,Mali,969,Montpellier HSC,FR1,ligue-1,France,2022,2022-23,28,35,2579,1,3,4,0.035,0.105,0.14,38,1.32,75.41,0.728571429,0.514285714,72.86,51.43,62.14,18,48,1186
286297,Lorenzo Pellegrini,Midfield,Attacking Midfield,Italy,12,Associazione Sportiva Roma,IT1,serie-a,Italy,2022,2022-23,27,32,2557,4,5,9,0.141,0.176,0.317,38,1.66,74.77,0.716666667,0.6,71.67,60,65.83,19,48,988
357565,Rodri,Midfield,Defensive Midfield,Spain,281,Manchester City,GB1,premier-league,England,2022,2022-23,27,36,2921,2,6,8,0.062,0.185,0.246,38,2.34,85.41,0.509433962,0.754716981,50.94,75.47,63.21,18,48,1118
202591,Benjamin Henrichs,Defender,Right-Back,Germany,23826,RB Leipzig,L1,bundesliga,Germany,2022,2022-23,26,30,2188,2,3,5,0.082,0.123,0.206,34,1.94,71.5,0.769230769,0.338461538,76.92,33.85,55.38,26,49,1611
245537,Nabil Bentaleb,Midfield,Defensive Midfield,Algeria,1420,Angers SCO,FR1,ligue-1,France,2022,2022-23,28,30,2493,4,4,8,0.144,0.144,0.289,38,0.47,72.89,0.678571429,0.553571429,67.86,55.36,61.61,17,49,1218
524481,Roger Ibañez,Defender,Centre-Back,Brazil,12,Associazione Sportiva Roma,IT1,serie-a,Italy,2022,2022-23,24,33,2796,3,0,3,0.097,0,0.097,38,1.66,81.75,0.520547945,0.780821918,52.05,78.08,65.07,20,49,1024
66106,Sergio Canales,Midfield,Attacking Midfield,Spain,150,Real Betis Balompié,ES1,laliga,Spain,2022,2022-23,32,31,2415,4,3,7,0.149,0.112,0.261,38,1.58,70.61,0.709090909,0.490909091,70.91,49.09,60,17,49,1311
730893,Tyrick Mitchell,Defender,Left-Back,England,873,Crystal Palace,GB1,premier-league,England,2022,2022-23,23,36,2896,0,2,2,0,0.062,0.062,38,1.18,84.68,0.52,0.733333333,52,73.33,62.67,21,49,1149
363205,Gabriel Jesus,Attack,Centre-Forward,Brazil,11,Arsenal FC,GB1,premier-league,England,2022,2022-23,26,26,2075,11,7,18,0.477,0.304,0.781,38,2.21,60.67,0.906976744,0.325581395,90.7,32.56,61.63,11,50,1217
18922,Karim Benzema,Attack,Centre-Forward,France,418,Real Madrid,ES1,laliga,Spain,2022,2022-23,35,24,2044,19,3,22,0.837,0.132,0.969,38,2.05,59.77,0.976190476,0.214285714,97.62,21.43,59.52,15,50,1336
89592,Marvin Plattenhardt,Defender,Left-Back,,44,Hertha BSC,L1,bundesliga,Germany,2022,2022-23,31,31,2407,0,3,3,0,0.112,0.112,34,0.85,78.66,0.523076923,0.569230769,52.31,56.92,54.62,27,50,1663
535955,Nuno Tavares,Defender,Left-Back,Portugal,244,Olympique Marseille,FR1,ligue-1,France,2022,2022-23,23,31,2350,6,0,6,0.23,0,0.23,38,1.92,68.71,0.9,0.328571429,90,32.86,61.43,19,50,1232
72441,Rafael Tolói,Defender,Centre-Back,Italy,800,Atalanta BC,IT1,serie-a,Italy,2022,2022-23,32,32,2791,2,1,3,0.064,0.032,0.097,38,1.68,81.61,0.520547945,0.753424658,52.05,75.34,63.7,21,50,1089
463605,Bafodé Diakité,Defender,Centre-Back,France,1082,LOSC Lille,FR1,ligue-1,France,2022,2022-23,22,33,2655,3,0,3,0.102,0,0.102,38,1.76,77.63,0.6,0.6,60,60,60,20,51,1314
298589,David García,Defender,Centre-Back,Spain,331,CA Osasuna,ES1,laliga,Spain,2022,2022-23,29,32,2683,2,0,2,0.067,0,0.067,38,1.39,78.45,0.523809524,0.666666667,52.38,66.67,59.52,19,51,1339
353892,Hiroki Ito,Defender,Centre-Back,Japan,79,VfB Stuttgart,L1,bundesliga,Germany,2022,2022-23,24,30,2561,1,1,2,0.035,0.035,0.07,34,0.97,83.69,0.353846154,0.738461538,35.38,73.85,54.62,28,51,1664
53622,İlkay Gündoğan,Midfield,Central Midfield,Germany,281,Manchester City,GB1,premier-league,England,2022,2022-23,32,31,2359,8,5,13,0.305,0.191,0.496,38,2.34,68.98,0.924528302,0.301886792,92.45,30.19,61.32,19,51,1236
82442,Olivier Giroud,Attack,Centre-Forward,France,5,AC Milan,IT1,serie-a,Italy,2022,2022-23,36,33,2145,13,5,18,0.545,0.21,0.755,38,1.84,62.72,0.818181818,0.454545455,81.82,45.45,63.64,11,51,1091
261504,Aleix García,Midfield,Central Midfield,Spain,12321,Girona FC,ES1,laliga,Spain,2022,2022-23,26,30,2341,1,6,7,0.038,0.231,0.269,38,1.29,68.45,0.727272727,0.454545455,72.73,45.45,59.09,18,52,1364
250844,Alexander Djiku,Defender,Centre-Back,Ghana,667,RC Strasbourg Alsace,FR1,ligue-1,France,2022,2022-23,28,31,2681,1,2,3,0.034,0.067,0.101,38,1.05,78.39,0.585714286,0.614285714,58.57,61.43,60,21,52,1315
520624,Bruno Guimarães,Midfield,Central Midfield,Brazil,762,Newcastle United,GB1,premier-league,England,2022,2022-23,25,32,2734,4,5,9,0.132,0.165,0.296,38,1.87,79.94,0.603773585,0.622641509,60.38,62.26,61.32,20,52,1237
344381,Christopher Nkunku,Attack,Centre-Forward,France,23826,RB Leipzig,L1,bundesliga,Germany,2022,2022-23,25,25,1897,16,6,22,0.759,0.285,1.044,34,1.94,61.99,1,0.083333333,100,8.33,54.17,8,52,1694
461496,Morten Hjulmand,Midfield,Defensive Midfield,Denmark,1005,US Lecce,IT1,serie-a,Italy,2022,2022-23,24,35,2964,0,4,4,0,0.121,0.121,38,0.95,86.67,0.35,0.9,35,90,62.5,20,52,1161
401529,Dodô,Defender,Right-Back,Brazil,430,ACF Fiorentina,IT1,serie-a,Italy,2022,2022-23,24,33,2338,1,4,5,0.038,0.154,0.192,38,1.47,68.36,0.835616438,0.410958904,83.56,41.1,62.33,22,53,1164
262980,Jefferson Lerma,Midfield,Defensive Midfield,Colombia,989,AFC Bournemouth,GB1,premier-league,England,2022,2022-23,28,37,3255,5,0,5,0.138,0,0.138,38,1.03,95.18,0.283018868,0.943396226,28.3,94.34,61.32,21,53,1238
119234,Karim Onisiwo,Attack,Centre-Forward,Austria,39,1.FSV Mainz 05,L1,bundesliga,Germany,2022,2022-23,31,31,2547,10,3,13,0.353,0.106,0.459,34,1.35,83.24,0.333333333,0.75,33.33,75,54.17,9,53,1696
74294,Nemanja Gudelj,Midfield,Defensive Midfield,Serbia,368,Sevilla FC,ES1,laliga,Spain,2022,2022-23,31,34,2777,3,1,4,0.097,0.032,0.13,38,1.29,81.2,0.327272727,0.854545455,32.73,85.45,59.09,19,53,1367
25557,Sergio Ramos,Defender,Centre-Back,Spain,583,Paris Saint-Germain,FR1,ligue-1,France,2022,2022-23,37,33,2708,2,1,3,0.066,0.033,0.1,38,2.24,79.18,0.557142857,0.642857143,55.71,64.29,60,22,53,1316
386446,Alessandro Buongiorno,Defender,Centre-Back,Italy,416,Torino FC,IT1,serie-a,Italy,2022,2022-23,24,34,2725,1,2,3,0.033,0.066,0.099,38,1.39,79.68,0.547945205,0.684931507,54.79,68.49,61.64,23,54,1216
226973,Harrison Reed,Midfield,Central Midfield,England,931,Fulham FC,GB1,premier-league,England,2022,2022-23,28,37,2879,3,4,7,0.094,0.125,0.219,38,1.37,84.18,0.490566038,0.716981132,49.06,71.7,60.38,22,54,1293
116088,Marius Bülter,Attack,Left Winger,Germany,33,FC Schalke 04,L1,bundesliga,Germany,2022,2022-23,30,33,2605,11,1,12,0.38,0.035,0.415,34,0.91,85.13,0.25,0.833333333,25,83.33,54.17,10,54,1698
181767,Marquinhos,Defender,Centre-Back,Brazil,583,Paris Saint-Germain,FR1,ligue-1,France,2022,2022-23,29,33,2719,2,1,3,0.066,0.033,0.099,38,2.24,79.5,0.542857143,0.657142857,54.29,65.71,60,23,54,1317
346289,Mouctar Diakhaby,Defender,Centre-Back,Guinea,1049,Valencia CF,ES1,laliga,Spain,2022,2022-23,26,29,2449,3,0,3,0.11,0,0.11,38,1.11,71.61,0.682539683,0.492063492,68.25,49.21,58.73,20,54,1388
270051,Andrei Girotto,Defender,Centre-Back,Brazil,995,FC Nantes,FR1,ligue-1,France,2022,2022-23,31,36,3155,1,1,2,0.029,0.029,0.057,38,0.95,92.25,0.328571429,0.871428571,32.86,87.14,60,24,55,1318
369674,Joakim Maehle,Defender,Left-Back,Denmark,800,Atalanta BC,IT1,serie-a,Italy,2022,2022-23,26,34,2212,3,3,6,0.122,0.122,0.244,38,1.68,64.68,0.904109589,0.315068493,90.41,31.51,60.96,24,55,1262
709187,Nico Williams,Attack,Left Winger,Spain,621,Athletic Bilbao,ES1,laliga,Spain,2022,2022-23,20,36,2676,6,5,11,0.202,0.168,0.37,38,1.34,78.25,0.452380952,0.714285714,45.24,71.43,58.33,16,55,1406
320411,Philip Billing,Midfield,Central Midfield,Denmark,989,AFC Bournemouth,GB1,premier-league,England,2022,2022-23,27,36,2787,7,1,8,0.226,0.032,0.258,38,1.03,81.49,0.528301887,0.660377358,52.83,66.04,59.43,23,55,1341
124410,Rani Khedira,Midfield,Defensive Midfield,Tunisia,89,1.FC Union Berlin,L1,bundesliga,Germany,2022,2022-23,29,33,2888,2,0,2,0.062,0,0.062,34,1.82,94.38,0.119047619,0.952380952,11.9,95.24,53.57,17,55,1730
212723,Djibril Sow,Midfield,Central Midfield,Switzerland,24,Eintracht Frankfurt,L1,bundesliga,Germany,2022,2022-23,26,32,2651,4,0,4,0.136,0,0.136,34,1.47,86.63,0.30952381,0.738095238,30.95,73.81,52.38,18,56,1787
258889,Dominic Solanke,Attack,Centre-Forward,England,989,AFC Bournemouth,GB1,premier-league,England,2022,2022-23,25,33,2873,6,7,13,0.188,0.219,0.407,38,1.03,84.01,0.441860465,0.744186047,44.19,74.42,59.3,12,56,1346
30321,Óscar Trejo,Midfield,Attacking Midfield,Argentina,367,Rayo Vallecano,ES1,laliga,Spain,2022,2022-23,35,34,2165,3,4,7,0.125,0.166,0.291,38,1.29,63.3,0.781818182,0.381818182,78.18,38.18,58.18,20,56,1414
278531,Sebastiano Luperto,Defender,Centre-Back,Italy,749,FC Empoli,IT1,serie-a,Italy,2022,2022-23,26,36,3138,2,0,2,0.057,0,0.057,38,1.13,91.75,0.260273973,0.95890411,26.03,95.89,60.96,25,56,1263
241501,Stijn Spierings,Midfield,Central Midfield,Netherlands,415,FC Toulouse,FR1,ligue-1,France,2022,2022-23,27,36,3123,2,1,3,0.058,0.029,0.086,38,1.26,91.32,0.214285714,0.982142857,21.43,98.21,59.82,18,56,1322
126414,Hakan Çalhanoğlu,Midfield,Defensive Midfield,Türkiye,46,Inter Milan,IT1,serie-a,Italy,2022,2022-23,29,33,2374,3,6,9,0.114,0.227,0.341,38,1.89,69.42,0.733333333,0.483333333,73.33,48.33,60.83,21,57,1270
208172,Mateusz Wieteska,Defender,Centre-Back,Poland,3524,Clermont Foot 63,FR1,ligue-1,France,2022,2022-23,26,35,3120,0,2,2,0,0.058,0.058,38,1.55,91.23,0.342857143,0.842857143,34.29,84.29,59.29,25,57,1351
175449,Moi Gómez,Midfield,Attacking Midfield,Spain,331,CA Osasuna,ES1,laliga,Spain,2022,2022-23,29,33,2460,3,2,5,0.11,0.073,0.183,38,1.39,71.93,0.545454545,0.618181818,54.55,61.82,58.18,21,57,1415
410708,Pascal Struijk,Defender,Centre-Back,Netherlands,399,Leeds United,GB1,premier-league,England,2022,2022-23,23,29,2203,2,1,3,0.082,0.041,0.123,38,0.82,64.42,0.773333333,0.4,77.33,40,58.67,22,57,1394
221611,Paulo Otávio,Defender,Left-Back,Brazil,82,VfL Wolfsburg,L1,bundesliga,Germany,2022,2022-23,28,25,2050,0,5,5,0,0.22,0.22,34,1.44,66.99,0.784615385,0.261538462,78.46,26.15,52.31,29,57,1794
70411,Darko Lazović,Midfield,Left Midfield,Serbia,276,Hellas Verona,IT1,serie-a,Italy,2022,2022-23,32,30,2253,4,6,10,0.16,0.24,0.399,38,0.82,65.88,0.85,0.333333333,85,33.33,59.17,22,58,1361
855015,Farès Chaïbi,Midfield,Attacking Midfield,Algeria,415,FC Toulouse,FR1,ligue-1,France,2022,2022-23,20,36,2345,5,5,10,0.192,0.192,0.384,38,1.26,68.57,0.821428571,0.357142857,82.14,35.71,58.93,19,58,1378
380598,Santi Comesaña,Midfield,Central Midfield,Spain,367,Rayo Vallecano,ES1,laliga,Spain,2022,2022-23,26,35,2471,3,2,5,0.109,0.073,0.182,38,1.29,72.25,0.527272727,0.636363636,52.73,63.64,58.18,22,58,1416
159471,Serge Gnabry,Attack,Second Striker,Germany,27,Bayern Munich,L1,bundesliga,Germany,2022,2022-23,27,34,1941,14,6,20,0.649,0.278,0.927,34,2.09,63.43,0.916666667,0.125,91.67,12.5,52.08,11,58,1812
209212,Solly March,Attack,Right Winger,England,1237,Brighton & Hove Albion,GB1,premier-league,England,2022,2022-23,28,33,2728,7,7,14,0.231,0.231,0.462,38,1.63,79.77,0.511627907,0.651162791,51.16,65.12,58.14,13,58,1419
332560,Deiver Machado,Defender,Left-Back,Colombia,826,RC Lens,FR1,ligue-1,France,2022,2022-23,29,33,2205,4,3,7,0.163,0.122,0.286,38,2.21,64.47,0.942857143,0.214285714,94.29,21.43,57.86,26,59,1438
357147,Diogo Dalot,Defender,Right-Back,Portugal,985,Manchester United,GB1,premier-league,England,2022,2022-23,24,26,2155,1,2,3,0.042,0.084,0.125,38,1.97,63.01,0.786666667,0.36,78.67,36,57.33,23,59,1471
250845,José María Giménez,Defender,Centre-Back,Uruguay,13,Atlético de Madrid,ES1,laliga,Spain,2022,2022-23,28,28,2421,2,1,3,0.074,0.037,0.112,38,2.03,70.79,0.698412698,0.46031746,69.84,46.03,57.94,21,59,1427
192565,Leroy Sané,Attack,Right Winger,Germany,27,Bayern Munich,L1,bundesliga,Germany,2022,2022-23,27,32,2010,8,7,15,0.358,0.313,0.672,34,2.09,65.69,0.75,0.291666667,75,29.17,52.08,12,59,1813
131731,Mehdi Bourabia,Midfield,Central Midfield,Morocco,3522,Spezia Calcio,IT1,serie-a,Italy,2022,2022-23,31,37,2791,1,3,4,0.032,0.097,0.129,38,0.82,81.61,0.4,0.766666667,40,76.67,58.33,23,59,1409
257376,Domingos Duarte,Defender,Centre-Back,Portugal,3709,Getafe CF,ES1,laliga,Spain,2022,2022-23,28,31,2657,0,2,2,0,0.068,0.068,38,1.11,77.69,0.53968254,0.619047619,53.97,61.9,57.94,22,60,1428
198116,Federico Dimarco,Defender,Left-Back,Italy,46,Inter Milan,IT1,serie-a,Italy,2022,2022-23,25,33,2085,4,5,9,0.173,0.216,0.388,38,1.89,60.96,1,0.164383562,100,16.44,58.22,26,60,1410
398065,Harvey Barnes,Attack,Left Winger,England,1003,Leicester City,GB1,premier-league,England,2022,2022-23,25,34,2718,13,1,14,0.43,0.033,0.464,38,0.89,79.47,0.558139535,0.581395349,55.81,58.14,56.98,14,60,1493
120205,Michael Gregoritsch,Attack,Centre-Forward,Austria,60,SC Freiburg,L1,bundesliga,Germany,2022,2022-23,29,30,2175,10,5,15,0.414,0.207,0.621,34,1.74,71.08,0.666666667,0.375,66.67,37.5,52.08,13,60,1814
283227,Rasmus Nicolaisen,Defender,Centre-Back,Denmark,415,FC Toulouse,FR1,ligue-1,France,2022,2022-23,26,34,2996,0,2,2,0,0.06,0.06,38,1.26,87.6,0.357142857,0.8,35.71,80,57.86,27,60,1440
84301,Benjamin André,Midfield,Defensive Midfield,France,1082,LOSC Lille,FR1,ligue-1,France,2022,2022-23,32,34,2920,1,2,3,0.031,0.062,0.092,38,1.76,85.38,0.267857143,0.875,26.79,87.5,57.14,20,61,1478
566723,Michael Olise,Attack,Right Winger,France,873,Crystal Palace,GB1,premier-league,England,2022,2022-23,21,37,2756,2,11,13,0.065,0.359,0.425,38,1.18,80.58,0.465116279,0.674418605,46.51,67.44,56.98,15,61,1494
119037,Philipp Hofmann,Attack,Centre-Forward,Germany,80,VfL Bochum,L1,bundesliga,Germany,2022,2022-23,30,34,2643,8,2,10,0.272,0.068,0.341,34,1.03,86.37,0.166666667,0.875,16.67,87.5,52.08,14,61,1815
192735,Stanislav Lobotka,Midfield,Defensive Midfield,Slovakia,6195,SSC Napoli,IT1,serie-a,Italy,2022,2022-23,28,38,3114,1,1,2,0.029,0.029,0.058,38,2.37,91.05,0.166666667,0.983333333,16.67,98.33,57.5,24,61,1457
338285,Unai Núñez,Defender,Centre-Back,Spain,940,Celta de Vigo,ES1,laliga,Spain,2022,2022-23,26,36,3151,0,1,1,0,0.029,0.029,38,1.13,92.13,0.206349206,0.936507937,20.63,93.65,57.14,23,61,1480
197747,Alessio Romagnoli,Defender,Centre-Back,Italy,398,Società Sportiva Lazio S.p.A.,IT1,serie-a,Italy,2022,2022-23,28,34,2925,2,0,2,0.062,0,0.062,38,1.95,85.53,0.273972603,0.863013699,27.4,86.3,56.85,27,62,1505
424204,Alphonso Davies,Defender,Left-Back,Canada,27,Bayern Munich,L1,bundesliga,Germany,2022,2022-23,22,26,2047,1,4,5,0.044,0.176,0.22,34,2.09,66.9,0.784615385,0.246153846,78.46,24.62,51.54,30,62,1849
203853,Oleksandr Zinchenko,Defender,Left-Back,Ukraine,11,Arsenal FC,GB1,premier-league,England,2022,2022-23,26,27,2136,1,2,3,0.042,0.084,0.126,38,2.21,62.46,0.8,0.333333333,80,33.33,56.67,24,62,1516
176140,Rodrigo Ely,Defender,Centre-Back,Brazil,3302,UD Almería,ES1,laliga,Spain,2022,2022-23,29,36,3158,0,1,1,0,0.028,0.028,38,1.08,92.34,0.19047619,0.952380952,19.05,95.24,57.14,24,62,1481
332889,Valentin Rongier,Midfield,Central Midfield,France,244,Olympique Marseille,FR1,ligue-1,France,2022,2022-23,28,36,3036,1,2,3,0.03,0.059,0.089,38,1.92,88.77,0.25,0.892857143,25,89.29,57.14,21,62,1479
398073,Achraf Hakimi,Defender,Right-Back,Morocco,583,Paris Saint-Germain,FR1,ligue-1,France,2022,2022-23,24,28,2052,5,4,9,0.219,0.175,0.395,38,2.24,60,0.971428571,0.157142857,97.14,15.71,56.43,28,63,1535
51152,Aleksandar Mitrović,Attack,Centre-Forward,Serbia,931,Fulham FC,GB1,premier-league,England,2022,2022-23,28,24,2016,14,2,16,0.625,0.089,0.714,38,1.37,58.95,0.860465116,0.255813953,86.05,25.58,55.81,16,63,1577
343959,Erhan Masovic,Defender,Centre-Back,Serbia,80,VfL Bochum,L1,bundesliga,Germany,2022,2022-23,24,29,2174,4,0,4,0.166,0,0.166,34,1.03,71.05,0.707692308,0.323076923,70.77,32.31,51.54,31,63,1850
66100,Oriol Romeu,Midfield,Defensive Midfield,Spain,12321,Girona FC,ES1,laliga,Spain,2022,2022-23,31,33,2952,2,0,2,0.061,0,0.061,38,1.29,86.32,0.181818182,0.945454545,18.18,94.55,56.36,23,63,1546
295183,Răzvan Marin,Midfield,Central Midfield,Romania,749,FC Empoli,IT1,serie-a,Italy,2022,2022-23,27,33,2540,2,4,6,0.071,0.142,0.213,38,1.13,74.27,0.55,0.583333333,55,58.33,56.67,25,63,1515
395685,Gédéon Kalulu,Defender,Right-Back,DR Congo,1158,FC Lorient,FR1,ligue-1,France,2022,2022-23,25,29,2442,0,4,4,0,0.147,0.147,38,1.45,71.4,0.757142857,0.371428571,75.71,37.14,56.43,29,64,1536
314398,Jae-sung Lee,Midfield,Attacking Midfield,"Korea, South",39,1.FSV Mainz 05,L1,bundesliga,Germany,2022,2022-23,30,34,1904,7,4,11,0.331,0.189,0.52,34,1.35,62.22,0.857142857,0.166666667,85.71,16.67,51.19,19,64,1873
340329,Joe Willock,Midfield,Central Midfield,England,762,Newcastle United,GB1,premier-league,England,2022,2022-23,23,35,2578,3,6,9,0.105,0.209,0.314,38,1.87,75.38,0.641509434,0.471698113,64.15,47.17,55.66,24,64,1589
411295,Raphinha,Attack,Left Winger,Brazil,131,FC Barcelona,ES1,laliga,Spain,2022,2022-23,26,36,2084,7,7,14,0.302,0.302,0.605,38,2.32,60.94,0.833333333,0.285714286,83.33,28.57,55.95,17,64,1565
410158,Rodrigo Becão,Defender,Centre-Back,Brazil,410,Udinese Calcio,IT1,serie-a,Italy,2022,2022-23,27,28,2487,2,1,3,0.072,0.036,0.109,38,1.21,72.72,0.575342466,0.547945205,57.53,54.79,56.16,28,64,1558
618472,Castello Lukeba,Defender,Centre-Back,France,1041,Olympique Lyon,FR1,ligue-1,France,2022,2022-23,20,34,2986,2,0,2,0.06,0,0.06,38,1.63,87.31,0.357142857,0.771428571,35.71,77.14,56.43,30,65,1538
106405,Jeffrey Gouweleeuw,Defender,Centre-Back,Netherlands,167,FC Augsburg,L1,bundesliga,Germany,2022,2022-23,31,32,2797,0,1,1,0,0.032,0.032,34,1,91.41,0.138461538,0.876923077,13.85,87.69,50.77,32,65,1905
413565,Jhon Lucumí,Defender,Centre-Back,Colombia,1025,Bologna Football Club 1909,IT1,serie-a,Italy,2022,2022-23,25,33,2901,0,2,2,0,0.062,0.062,38,1.42,84.82,0.273972603,0.849315068,27.4,84.93,56.16,29,65,1559
333241,Joelinton,Midfield,Central Midfield,Brazil,762,Newcastle United,GB1,premier-league,England,2022,2022-23,26,32,2663,6,2,8,0.203,0.068,0.27,38,1.87,77.87,0.566037736,0.547169811,56.6,54.72,55.66,25,65,1590
281769,Mario Hermoso,Defender,Centre-Back,Spain,13,Atlético de Madrid,ES1,laliga,Spain,2022,2022-23,28,26,2112,3,2,5,0.128,0.085,0.213,38,2.03,61.75,0.920634921,0.19047619,92.06,19.05,55.56,25,65,1601
46580,Andrej Kramaric,Attack,Second Striker,Croatia,533,TSG 1899 Hoffenheim,L1,bundesliga,Germany,2022,2022-23,32,32,2393,12,3,15,0.451,0.113,0.564,34,1.06,78.2,0.5,0.5,50,50,50,15,66,1931
457673,Gabriel Strefezza,Attack,Right Winger,Brazil,1005,US Lecce,IT1,serie-a,Italy,2022,2022-23,26,35,2462,8,4,12,0.292,0.146,0.439,38,0.95,71.99,0.393939394,0.727272727,39.39,72.73,56.06,12,66,1563
463618,Khéphren Thuram,Midfield,Central Midfield,France,417,OGC Nice,FR1,ligue-1,France,2022,2022-23,22,35,2558,2,4,6,0.07,0.141,0.211,38,1.53,74.8,0.517857143,0.607142857,51.79,60.71,56.25,22,66,1552
67420,Luke Ayling,Defender,Right-Back,,399,Leeds United,GB1,premier-league,England,2022,2022-23,31,29,2049,2,1,3,0.088,0.044,0.132,38,0.82,59.91,0.826666667,0.28,82.67,28,55.33,25,66,1616
61812,Yuri Berchiche,Defender,Left-Back,Spain,621,Athletic Bilbao,ES1,laliga,Spain,2022,2022-23,33,29,2406,1,2,3,0.037,0.075,0.112,38,1.34,70.35,0.698412698,0.412698413,69.84,41.27,55.56,26,66,1602
255450,Aleksey Miranchuk,Midfield,Attacking Midfield,Russia,416,Torino FC,IT1,serie-a,Italy,2022,2022-23,27,29,2094,4,6,10,0.172,0.258,0.43,38,1.39,61.23,0.9,0.216666667,90,21.67,55.83,26,67,1576
229853,Birama Touré,Midfield,Defensive Midfield,Mali,290,AJ Auxerre,FR1,ligue-1,France,2022,2022-23,31,38,3404,2,0,2,0.053,0,0.053,38,0.92,99.53,0.125,1,12.5,100,56.25,23,67,1556
303259,Dodi Lukébakio,Attack,Right Winger,Belgium,44,Hertha BSC,L1,bundesliga,Germany,2022,2022-23,25,32,2407,11,4,15,0.411,0.15,0.561,34,0.85,78.66,0.458333333,0.541666667,45.83,54.17,50,16,67,1932
423444,Fran Beltrán,Midfield,Central Midfield,Spain,940,Celta de Vigo,ES1,laliga,Spain,2022,2022-23,24,36,2863,0,2,2,0,0.063,0.063,38,1.13,83.71,0.2,0.909090909,20,90.91,55.45,24,67,1607
392757,Marc Guéhi,Defender,Centre-Back,England,873,Crystal Palace,GB1,premier-league,England,2022,2022-23,22,37,3330,1,0,1,0.027,0,0.027,38,1.18,97.37,0.146666667,0.96,14.67,96,55.33,26,67,1617
251878,Aarón Martín,Defender,Left-Back,Spain,39,1.FSV Mainz 05,L1,bundesliga,Germany,2022,2022-23,26,28,1846,5,3,8,0.244,0.146,0.39,34,1.35,60.33,0.938461538,0.061538462,93.85,6.15,50,33,68,1944
257062,Álvaro García,Attack,Left Winger,Spain,367,Rayo Vallecano,ES1,laliga,Spain,2022,2022-23,30,35,2896,5,5,10,0.155,0.155,0.311,38,1.29,84.68,0.214285714,0.880952381,21.43,88.1,54.76,18,68,1654
340707,Leonardo Sernicola,Defender,Left-Back,Italy,2239,US Cremonese,IT1,serie-a,Italy,2022,2022-23,25,32,2318,2,2,4,0.078,0.078,0.155,38,0.71,67.78,0.739726027,0.369863014,73.97,36.99,55.48,30,68,1605
601883,Matheus Nunes,Defender,Right-Back,Portugal,543,Wolverhampton Wanderers,GB1,premier-league,England,2022,2022-23,24,34,2478,1,1,2,0.036,0.036,0.073,38,1.08,72.46,0.546666667,0.546666667,54.67,54.67,54.67,27,68,1656
94005,Sead Kolasinac,Defender,Centre-Back,Bosnia-Herzegovina,244,Olympique Marseille,FR1,ligue-1,France,2022,2022-23,30,33,2219,4,1,5,0.162,0.041,0.203,38,1.92,64.88,0.871428571,0.242857143,87.14,24.29,55.71,31,68,1584
789082,Vanderson,Defender,Right-Back,Brazil,162,AS Monaco,FR1,ligue-1,France,2022,2022-23,22,31,2219,1,4,5,0.041,0.162,0.203,38,1.71,64.88,0.871428571,0.242857143,87.14,24.29,55.71,31,68,1584
355628,Igor Zubeldia,Defender,Centre-Back,Spain,681,Real Sociedad,ES1,laliga,Spain,2022,2022-23,26,31,2547,1,1,2,0.035,0.035,0.071,38,1.87,74.47,0.555555556,0.53968254,55.56,53.97,54.76,27,69,1655
292818,Jonathan Bamba,Attack,Left Winger,Cote d'Ivoire,1082,LOSC Lille,FR1,ligue-1,France,2022,2022-23,27,34,2789,6,7,13,0.194,0.226,0.42,38,1.76,81.55,0.324324324,0.783783784,32.43,78.38,55.41,15,69,1609
357233,Leandro Barreiro,Midfield,Central Midfield,Luxembourg,39,1.FSV Mainz 05,L1,bundesliga,Germany,2022,2022-23,23,31,2144,4,4,8,0.168,0.168,0.336,34,1.35,70.07,0.666666667,0.333333333,66.67,33.33,50,20,69,1952
469781,Marcos Senesi,Defender,Centre-Back,Argentina,989,AFC Bournemouth,GB1,premier-league,England,2022,2022-23,26,31,2495,2,0,2,0.072,0,0.072,38,1.03,72.95,0.533333333,0.56,53.33,56,54.67,28,69,1657
491693,Nehuén Pérez,Defender,Centre-Back,Argentina,410,Udinese Calcio,IT1,serie-a,Italy,2022,2022-23,23,34,2826,2,0,2,0.064,0,0.064,38,1.21,82.63,0.301369863,0.808219178,30.14,80.82,55.48,31,69,1606
634131,Aimar Oroz,Midfield,Attacking Midfield,Spain,331,CA Osasuna,ES1,laliga,Spain,2022,2022-23,21,31,2022,3,6,9,0.134,0.267,0.401,38,1.39,59.12,0.890909091,0.2,89.09,20,54.55,25,70,1671
123682,Callum Wilson,Attack,Centre-Forward,England,762,Newcastle United,GB1,premier-league,England,2022,2022-23,31,31,1887,18,5,23,0.859,0.238,1.097,38,1.87,55.18,0.976744186,0.11627907,97.67,11.63,54.65,17,70,1658
428563,Lewis Ferguson,Midfield,Central Midfield,Scotland,1025,Bologna Football Club 1909,IT1,serie-a,Italy,2022,2022-23,23,32,2321,7,0,7,0.271,0,0.271,38,1.42,67.87,0.666666667,0.433333333,66.67,43.33,55,27,70,1640
202228,Milos Veljkovic,Defender,Centre-Back,Serbia,86,SV Werder Bremen,L1,bundesliga,Germany,2022,2022-23,27,29,2263,1,2,3,0.04,0.08,0.119,34,1.06,73.95,0.569230769,0.430769231,56.92,43.08,50,34,70,1964
422281,Muhammed Cham,Midfield,Attacking Midfield,Austria,3524,Clermont Foot 63,FR1,ligue-1,France,2022,2022-23,22,38,1974,7,4,11,0.319,0.182,0.502,38,1.55,57.72,0.946428571,0.160714286,94.64,16.07,55.36,24,70,1614
257732,Amir Rrahmani,Defender,Centre-Back,Kosovo,6195,SSC Napoli,IT1,serie-a,Italy,2022,2022-23,29,29,2449,2,1,3,0.073,0.037,0.11,38,2.37,71.61,0.589041096,0.506849315,58.9,50.68,54.79,32,71,1651
118847,Dominik Kohr,Defender,Centre-Back,Germany,39,1.FSV Mainz 05,L1,bundesliga,Germany,2022,2022-23,29,30,2293,3,0,3,0.118,0,0.118,34,1.35,74.93,0.538461538,0.461538462,53.85,46.15,50,35,71,1965
504849,Kaoru Mitoma,Attack,Left Winger,Japan,1237,Brighton & Hove Albion,GB1,premier-league,England,2022,2022-23,26,33,2318,7,6,13,0.272,0.233,0.505,38,1.63,67.78,0.651162791,0.441860465,65.12,44.19,54.65,18,71,1659
270411,Saîf-Eddine Khaoui,Midfield,Attacking Midfield,Tunisia,3524,Clermont Foot 63,FR1,ligue-1,France,2022,2022-23,28,34,2034,7,4,11,0.31,0.177,0.487,38,1.55,59.47,0.910714286,0.196428571,91.07,19.64,55.36,25,71,1615
438001,Santiago Bueno,Defender,Centre-Back,Uruguay,12321,Girona FC,ES1,laliga,Spain,2022,2022-23,24,34,3012,0,1,1,0,0.03,0.03,38,1.29,88.07,0.238095238,0.841269841,23.81,84.13,53.97,28,71,1706
128223,Álvaro Morata,Attack,Centre-Forward,Spain,13,Atlético de Madrid,ES1,laliga,Spain,2022,2022-23,30,36,1906,13,2,15,0.614,0.094,0.708,38,2.03,55.73,0.928571429,0.142857143,92.86,14.29,53.57,19,72,1727
272999,Miguel Almirón,Attack,Right Winger,Paraguay,762,Newcastle United,GB1,premier-league,England,2022,2022-23,29,34,2508,11,2,13,0.395,0.072,0.467,38,1.87,73.33,0.581395349,0.511627907,58.14,51.16,54.65,19,72,1661
659813,Piero Hincapié,Defender,Centre-Back,Ecuador,15,Bayer 04 Leverkusen,L1,bundesliga,Germany,2022,2022-23,21,30,2468,1,1,2,0.036,0.036,0.073,34,1.47,80.65,0.369230769,0.630769231,36.92,63.08,50,36,72,1972
368482,Riccardo Orsolini,Attack,Right Winger,Italy,1025,Bologna Football Club 1909,IT1,serie-a,Italy,2022,2022-23,26,32,2126,11,4,15,0.466,0.169,0.635,38,1.42,62.16,0.727272727,0.363636364,72.73,36.36,54.55,13,72,1669
393238,Zakaria Aboukhlal,Attack,Right Winger,Morocco,415,FC Toulouse,FR1,ligue-1,France,2022,2022-23,23,37,2479,10,5,15,0.363,0.182,0.545,38,1.26,72.49,0.567567568,0.513513514,56.76,51.35,54.05,16,72,1704
579930,Armand Laurienté,Attack,Left Winger,France,6574,US Sassuolo,IT1,serie-a,Italy,2022,2022-23,24,28,2190,7,6,13,0.288,0.247,0.534,38,1.18,64.04,0.575757576,0.515151515,57.58,51.52,54.55,14,73,1670
314875,Jarrod Bowen,Attack,Right Winger,England,379,West Ham United,GB1,premier-league,England,2022,2022-23,26,38,3237,6,6,12,0.167,0.167,0.334,38,1.05,94.65,0.162790698,0.930232558,16.28,93.02,54.65,20,73,1662
348791,Junya Ito,Attack,Right Winger,Japan,1421,Stade Reims,FR1,ligue-1,France,2022,2022-23,30,35,2931,6,5,11,0.184,0.154,0.338,38,1.34,85.7,0.189189189,0.891891892,18.92,89.19,54.05,17,73,1705
415912,Konstantinos Mavropanos,Defender,Centre-Back,Greece,79,VfB Stuttgart,L1,bundesliga,Germany,2022,2022-23,25,28,2288,2,1,3,0.079,0.039,0.118,34,0.97,74.77,0.538461538,0.446153846,53.85,44.62,49.23,37,73,2010
334222,Lucas Boyé,Attack,Centre-Forward,Argentina,1531,Elche CF,ES1,laliga,Spain,2022,2022-23,27,35,2472,7,3,10,0.255,0.109,0.364,38,0.66,72.28,0.404761905,0.666666667,40.48,66.67,53.57,20,73,1728
242631,Alex Iwobi,Attack,Left Winger,Nigeria,29,Everton FC,GB1,premier-league,England,2022,2022-23,27,38,3382,2,8,10,0.053,0.213,0.266,38,0.95,98.89,0.093023256,0.976744186,9.3,97.67,53.49,21,74,1734
371149,Evan Ndicka,Defender,Centre-Back,Cote d'Ivoire,24,Eintracht Frankfurt,L1,bundesliga,Germany,2022,2022-23,23,30,2693,1,0,1,0.033,0,0.033,34,1.47,88.01,0.153846154,0.815384615,15.38,81.54,48.46,38,74,2078
324282,Fabio Depaoli,Defender,Right-Back,Italy,276,Hellas Verona,IT1,serie-a,Italy,2022,2022-23,26,31,2173,2,2,4,0.083,0.083,0.166,38,0.82,63.54,0.780821918,0.287671233,78.08,28.77,53.42,33,74,1736
357072,Faitout Maouassa,Defender,Left-Back,France,969,Montpellier HSC,FR1,ligue-1,France,2022,2022-23,24,33,1933,5,5,10,0.233,0.233,0.466,38,1.32,56.52,1,0.057142857,100,5.71,52.86,32,74,1762
694928,Samuel Lino,Attack,Left Winger,Brazil,1049,Valencia CF,ES1,laliga,Spain,2022,2022-23,23,38,2899,6,2,8,0.186,0.062,0.248,38,1.11,84.77,0.166666667,0.904761905,16.67,90.48,53.57,21,74,1729
395242,Alexis Flips,Midfield,Attacking Midfield,France,1421,Stade Reims,FR1,ligue-1,France,2022,2022-23,23,33,1996,4,6,10,0.18,0.271,0.451,38,1.34,58.36,0.875,0.178571429,87.5,17.86,52.68,26,75,1768
453016,Anthony Caci,Defender,Right-Back,France,39,1.FSV Mainz 05,L1,bundesliga,Germany,2022,2022-23,25,31,2035,2,2,4,0.088,0.088,0.177,34,1.35,66.5,0.723076923,0.230769231,72.31,23.08,47.69,39,75,2126
199248,Bryan Cristante,Midfield,Defensive Midfield,Italy,12,Associazione Sportiva Roma,IT1,serie-a,Italy,2022,2022-23,28,36,2942,1,1,2,0.031,0.031,0.061,38,1.66,86.02,0.183333333,0.883333333,18.33,88.33,53.33,28,75,1741
399776,Pau Torres,Defender,Centre-Back,Spain,1050,Villarreal CF,ES1,laliga,Spain,2022,2022-23,26,34,3055,1,0,1,0.029,0,0.029,38,1.68,89.33,0.206349206,0.857142857,20.63,85.71,53.17,29,75,1752
29241,Thiago Silva,Defender,Centre-Back,Brazil,631,Chelsea FC,GB1,premier-league,England,2022,2022-23,38,27,2352,0,2,2,0,0.077,0.077,38,1.16,68.77,0.56,0.506666667,56,50.67,53.33,29,75,1740
239802,Adam Marusic,Defender,Right-Back,Montenegro,398,Società Sportiva Lazio S.p.A.,IT1,serie-a,Italy,2022,2022-23,30,33,2766,0,2,2,0,0.065,0.065,38,1.95,80.88,0.315068493,0.726027397,31.51,72.6,52.05,34,76,1817
624037,Joris Chotard,Midfield,Defensive Midfield,France,969,Montpellier HSC,FR1,ligue-1,France,2022,2022-23,21,35,2465,0,6,6,0,0.219,0.219,38,1.32,72.08,0.535714286,0.517857143,53.57,51.79,52.68,27,76,1769
279009,Marco Richter,Midfield,Attacking Midfield,Germany,44,Hertha BSC,L1,bundesliga,Germany,2022,2022-23,25,29,1844,6,5,11,0.293,0.244,0.537,34,0.85,60.26,0.880952381,0.047619048,88.1,4.76,46.43,21,76,2209
369684,Rasmus Nissen Kristensen,Defender,Right-Back,Denmark,399,Leeds United,GB1,premier-league,England,2022,2022-23,25,26,1961,3,1,4,0.138,0.046,0.184,38,0.82,57.34,0.893333333,0.16,89.33,16,52.67,30,76,1771
31909,Toni Kroos,Midfield,Central Midfield,Germany,418,Real Madrid,ES1,laliga,Spain,2022,2022-23,33,30,2164,2,4,6,0.083,0.166,0.25,38,2.05,63.27,0.690909091,0.363636364,69.09,36.36,52.73,26,76,1767
417346,Jack Harrison,Attack,Left Winger,England,399,Leeds United,GB1,premier-league,England,2022,2022-23,26,36,2727,5,7,12,0.165,0.231,0.396,38,0.82,79.74,0.418604651,0.627906977,41.86,62.79,52.33,22,77,1793
118284,Jordan Ferri,Midfield,Central Midfield,France,969,Montpellier HSC,FR1,ligue-1,France,2022,2022-23,31,34,2748,1,2,3,0.033,0.066,0.098,38,1.32,80.35,0.303571429,0.714285714,30.36,71.43,50.89,28,77,1893
55099,Nicolas Höfler,Midfield,Defensive Midfield,Germany,60,SC Freiburg,L1,bundesliga,Germany,2022,2022-23,33,32,2822,0,1,1,0,0.032,0.032,34,1.74,92.22,0.023809524,0.904761905,2.38,90.48,46.43,22,77,2216
505674,Sergio Camello,Attack,Centre-Forward,Spain,367,Rayo Vallecano,ES1,laliga,Spain,2022,2022-23,22,38,2413,6,5,11,0.224,0.186,0.41,38,1.29,70.56,0.5,0.547619048,50,54.76,52.38,22,77,1786
323954,Walace,Midfield,Defensive Midfield,Brazil,410,Udinese Calcio,IT1,serie-a,Italy,2022,2022-23,28,37,3199,0,1,1,0,0.028,0.028,38,1.21,93.54,0.033333333,1,3.33,100,51.67,29,77,1842
654539,Adrien Truffert,Defender,Left-Back,France,273,Stade Rennais FC,FR1,ligue-1,France,2022,2022-23,21,28,1960,0,6,6,0,0.276,0.276,38,1.79,57.31,0.928571429,0.085714286,92.86,8.57,50.71,33,78,1910
75921,Christopher Trimmel,Defender,Right-Back,Austria,89,1.FC Union Berlin,L1,bundesliga,Germany,2022,2022-23,36,25,1809,0,6,6,0,0.299,0.299,34,1.82,59.12,0.892307692,0.015384615,89.23,1.54,45.38,40,78,2283
177843,Domenico Berardi,Attack,Right Winger,Italy,6574,US Sassuolo,IT1,serie-a,Italy,2022,2022-23,28,26,1872,12,7,19,0.577,0.337,0.913,38,1.18,54.74,0.909090909,0.121212121,90.91,12.12,51.52,15,78,1851
74229,Koke,Midfield,Central Midfield,Spain,13,Atlético de Madrid,ES1,laliga,Spain,2022,2022-23,31,33,2560,0,3,3,0,0.105,0.105,38,2.03,74.85,0.254545455,0.781818182,25.45,78.18,51.82,27,78,1829
148153,Lewis Dunk,Defender,Centre-Back,England,1237,Brighton & Hove Albion,GB1,premier-league,England,2022,2022-23,31,36,3240,1,0,1,0.028,0,0.028,38,1.63,94.74,0.16,0.88,16,88,52,31,78,1820
201737,Christopher Jullien,Defender,Centre-Back,Guadeloupe,969,Montpellier HSC,FR1,ligue-1,France,2022,2022-23,30,30,2696,0,2,2,0,0.067,0.067,38,1.32,78.83,0.385714286,0.628571429,38.57,62.86,50.71,34,79,1911
221150,Dakonam Djené,Defender,Centre-Back,Togo,3709,Getafe CF,ES1,laliga,Spain,2022,2022-23,31,33,2843,0,1,1,0,0.032,0.032,38,1.11,83.13,0.253968254,0.777777778,25.4,77.78,51.59,30,79,1847
344695,Dayot Upamecano,Defender,Centre-Back,France,27,Bayern Munich,L1,bundesliga,Germany,2022,2022-23,24,29,2349,0,2,2,0,0.077,0.077,34,2.09,76.76,0.384615385,0.507692308,38.46,50.77,44.62,41,79,2329
331726,Tammy Abraham,Attack,Centre-Forward,England,12,Associazione Sportiva Roma,IT1,serie-a,Italy,2022,2022-23,25,38,2194,8,4,12,0.328,0.164,0.492,38,1.66,64.15,0.484848485,0.545454545,48.48,54.55,51.52,16,79,1852
283628,Tomáš Souček,Midfield,Defensive Midfield,Czech Republic,379,West Ham United,GB1,premier-league,England,2022,2022-23,28,36,2819,2,3,5,0.064,0.096,0.16,38,1.05,82.43,0.358490566,0.679245283,35.85,67.92,51.89,26,79,1824
324811,Arnaud Nordin,Attack,Right Winger,France,969,Montpellier HSC,FR1,ligue-1,France,2022,2022-23,25,36,2420,9,5,14,0.335,0.186,0.521,38,1.32,70.76,0.513513514,0.486486486,51.35,48.65,50,18,80,1936
335457,Ermedin Demirovic,Attack,Centre-Forward,Bosnia-Herzegovina,167,FC Augsburg,L1,bundesliga,Germany,2022,2022-23,25,30,2381,8,6,14,0.302,0.227,0.529,34,1,77.81,0.416666667,0.458333333,41.67,45.83,43.75,17,80,2379
250153,Pasquale Mazzocchi,Defender,Right-Back,Italy,380,US Salernitana 1919,IT1,serie-a,Italy,2022,2022-23,27,27,1966,2,4,6,0.092,0.183,0.275,38,1.11,57.49,0.931506849,0.095890411,93.15,9.59,51.37,35,80,1864
401922,Samuel Chukwueze,Attack,Right Winger,Nigeria,1050,Villarreal CF,ES1,laliga,Spain,2022,2022-23,24,37,2348,6,5,11,0.23,0.192,0.422,38,1.68,68.65,0.595238095,0.428571429,59.52,42.86,51.19,23,80,1874
228948,Thilo Kehrer,Defender,Centre-Back,Germany,379,West Ham United,GB1,premier-league,England,2022,2022-23,26,27,2230,0,2,2,0,0.081,0.081,38,1.05,65.2,0.586666667,0.44,58.67,44,51.33,32,80,1867
470607,Brennan Johnson,Attack,Right Winger,Wales,703,Nottingham Forest,GB1,premier-league,England,2022,2022-23,22,38,2941,8,3,11,0.245,0.092,0.337,38,1,85.99,0.186046512,0.837209302,18.6,83.72,51.16,23,81,1877
571604,Giorgio Scalvini,Defender,Centre-Back,Italy,800,Atalanta BC,IT1,serie-a,Italy,2022,2022-23,19,32,2343,2,1,3,0.077,0.038,0.115,38,1.68,68.51,0.602739726,0.424657534,60.27,42.47,51.37,36,81,1865
490426,Krépin Diatta,Midfield,Right Midfield,Senegal,162,AS Monaco,FR1,ligue-1,France,2022,2022-23,24,31,2078,4,4,8,0.173,0.173,0.346,38,1.71,60.76,0.732142857,0.267857143,73.21,26.79,50,29,81,1948
119277,Yannick Gerhardt,Midfield,Central Midfield,Germany,82,VfL Wolfsburg,L1,bundesliga,Germany,2022,2022-23,29,29,1868,6,4,10,0.289,0.193,0.482,34,1.44,61.05,0.761904762,0.095238095,76.19,9.52,42.86,23,81,2435
568157,Yéremy Pino,Attack,Right Winger,Spain,1050,Villarreal CF,ES1,laliga,Spain,2022,2022-23,20,36,2464,4,6,10,0.146,0.219,0.365,38,1.68,72.05,0.428571429,0.595238095,42.86,59.52,51.19,24,81,1875
298976,Borja Mayoral,Attack,Centre-Forward,Spain,3709,Getafe CF,ES1,laliga,Spain,2022,2022-23,26,35,2776,8,2,10,0.259,0.065,0.324,38,1.11,81.17,0.285714286,0.738095238,28.57,73.81,51.19,25,82,1876
303254,Fikayo Tomori,Defender,Centre-Back,England,5,AC Milan,IT1,serie-a,Italy,2022,2022-23,25,33,2764,1,1,2,0.033,0.033,0.065,38,1.84,80.82,0.315068493,0.712328767,31.51,71.23,51.37,37,82,1866
190284,Maximilian Eggestein,Midfield,Central Midfield,Germany,60,SC Freiburg,L1,bundesliga,Germany,2022,2022-23,26,31,2459,1,2,3,0.037,0.073,0.11,34,1.74,80.36,0.261904762,0.595238095,26.19,59.52,42.86,24,82,2439
406635,Phil Foden,Midfield,Attacking Midfield,England,281,Manchester City,GB1,premier-league,England,2022,2022-23,23,32,1842,11,5,16,0.537,0.244,0.782,38,2.34,53.86,0.981132075,0.037735849,98.11,3.77,50.94,27,82,1892
118278,Xavier Chavalerin,Midfield,Central Midfield,France,1095,ESTAC Troyes,FR1,ligue-1,France,2022,2022-23,32,34,2420,4,2,6,0.149,0.074,0.223,38,0.63,70.76,0.571428571,0.428571429,57.14,42.86,50,30,82,1956
241641,Bernardo Silva,Midfield,Attacking Midfield,Portugal,281,Manchester City,GB1,premier-league,England,2022,2022-23,28,34,2202,4,6,10,0.163,0.245,0.409,38,2.34,64.39,0.811320755,0.188679245,81.13,18.87,50,28,83,1942
624690,Manu Koné,Midfield,Central Midfield,France,18,Borussia Mönchengladbach,L1,bundesliga,Germany,2022,2022-23,22,30,2620,1,1,2,0.034,0.034,0.069,34,1.26,85.62,0.142857143,0.714285714,14.29,71.43,42.86,25,83,2442
60410,Marcos Acuña,Defender,Left-Back,Argentina,368,Sevilla FC,ES1,laliga,Spain,2022,2022-23,31,30,1910,3,2,5,0.141,0.094,0.236,38,1.29,55.85,0.968253968,0.047619048,96.83,4.76,50.79,31,83,1903
688707,Salis Abdul Samed,Midfield,Defensive Midfield,Ghana,826,RC Lens,FR1,ligue-1,France,2022,2022-23,23,33,2897,1,1,2,0.031,0.031,0.062,38,2.21,84.71,0.142857143,0.857142857,14.29,85.71,50,31,83,1983
309944,Tyronne Ebuehi,Defender,Right-Back,Nigeria,749,FC Empoli,IT1,serie-a,Italy,2022,2022-23,27,26,1928,2,4,6,0.093,0.187,0.28,38,1.13,56.37,0.945205479,0.054794521,94.52,5.48,50,38,83,1955
134270,Dan Burn,Defender,Centre-Back,England,762,Newcastle United,GB1,premier-league,England,2022,2022-23,31,38,3116,1,0,1,0.029,0,0.029,38,1.87,91.11,0.173333333,0.813333333,17.33,81.33,49.33,33,84,1995
357796,Domagoj Bradarić,Defender,Left-Back,Croatia,380,US Salernitana 1919,IT1,serie-a,Italy,2022,2022-23,23,31,2254,0,3,3,0,0.12,0.12,38,1.11,65.91,0.643835616,0.356164384,64.38,35.62,50,39,84,1963
225657,Philipp Lienhart,Defender,Centre-Back,Austria,60,SC Freiburg,L1,bundesliga,Germany,2022,2022-23,26,29,2498,1,0,1,0.036,0,0.036,34,1.74,81.63,0.169230769,0.676923077,16.92,67.69,42.31,42,84,2479
255901,Rodrigo De Paul,Midfield,Central Midfield,Argentina,13,Atlético de Madrid,ES1,laliga,Spain,2022,2022-23,29,30,1935,2,7,9,0.093,0.326,0.419,38,2.03,56.58,0.927272727,0.072727273,92.73,7.27,50,28,84,1941
487469,Vitinha,Midfield,Defensive Midfield,Portugal,583,Paris Saint-Germain,FR1,ligue-1,France,2022,2022-23,23,36,2460,2,3,5,0.073,0.11,0.183,38,2.24,71.93,0.5,0.482142857,50,48.21,49.11,32,84,2019
241076,Emmanuel Gyasi,Midfield,Right Midfield,Ghana,3522,Spezia Calcio,IT1,serie-a,Italy,2022,2022-23,29,35,2833,2,0,2,0.064,0,0.064,38,0.82,82.84,0.2,0.8,20,80,50,30,85,1981
229006,Franck Honorat,Attack,Right Winger,France,3911,Stade Brestois 29,FR1,ligue-1,France,2022,2022-23,26,33,2544,6,5,11,0.212,0.177,0.389,38,1.16,74.39,0.27027027,0.702702703,27.03,70.27,48.65,19,85,2054
342385,Guido Rodríguez,Midfield,Defensive Midfield,Argentina,150,Real Betis Balompié,ES1,laliga,Spain,2022,2022-23,29,34,2877,1,0,1,0.031,0,0.031,38,1.58,84.12,0.072727273,0.927272727,7.27,92.73,50,29,85,1987
358504,Ritsu Doan,Attack,Right Winger,Japan,60,SC Freiburg,L1,bundesliga,Germany,2022,2022-23,25,33,2449,5,6,11,0.184,0.22,0.404,34,1.74,80.03,0.208333333,0.625,20.83,62.5,41.67,18,85,2517
171424,Riyad Mahrez,Attack,Right Winger,Algeria,281,Manchester City,GB1,premier-league,England,2022,2022-23,32,30,1924,5,10,15,0.234,0.468,0.702,38,2.34,56.26,0.813953488,0.162790698,81.4,16.28,48.84,24,85,2040
292772,Dimitrios Nikolaou,Defender,Centre-Back,Greece,3522,Spezia Calcio,IT1,serie-a,Italy,2022,2022-23,24,36,2963,1,0,1,0.03,0,0.03,38,0.82,86.64,0.095890411,0.876712329,9.59,87.67,48.63,40,86,2056
683895,Emmanuel Agbadou,Defender,Centre-Back,Cote d'Ivoire,1421,Stade Reims,FR1,ligue-1,France,2022,2022-23,26,29,2389,0,3,3,0,0.113,0.113,38,1.34,69.85,0.628571429,0.342857143,62.86,34.29,48.57,35,86,2062
85295,Iván Balliu,Defender,Right-Back,Albania,367,Rayo Vallecano,ES1,laliga,Spain,2022,2022-23,31,37,3238,0,0,0,0,0,0,38,1.29,94.68,0,0.984126984,0,98.41,49.21,32,86,2012
203460,Jack Grealish,Attack,Left Winger,England,281,Manchester City,GB1,premier-league,England,2022,2022-23,27,28,2063,5,7,12,0.218,0.305,0.524,38,2.34,60.32,0.697674419,0.279069767,69.77,27.91,48.84,25,86,2042
261905,Suat Serdar,Midfield,Central Midfield,Germany,44,Hertha BSC,L1,bundesliga,Germany,2022,2022-23,26,32,2032,4,2,6,0.177,0.089,0.266,34,0.85,66.41,0.547619048,0.285714286,54.76,28.57,41.67,26,86,2521
177779,Janik Haberer,Midfield,Central Midfield,Germany,89,1.FC Union Berlin,L1,bundesliga,Germany,2022,2022-23,29,32,2214,5,1,6,0.203,0.041,0.244,34,1.82,72.35,0.452380952,0.380952381,45.24,38.1,41.67,27,87,2522
111195,Joël Veltman,Defender,Right-Back,Netherlands,1237,Brighton & Hove Albion,GB1,premier-league,England,2022,2022-23,31,31,2193,1,1,2,0.041,0.041,0.082,38,1.63,64.12,0.6,0.373333333,60,37.33,48.67,34,87,2051
552425,Jon Moncayola,Midfield,Central Midfield,Spain,331,CA Osasuna,ES1,laliga,Spain,2022,2022-23,25,37,2443,1,3,4,0.037,0.111,0.147,38,1.39,71.43,0.436363636,0.545454545,43.64,54.55,49.09,30,87,2020
120651,Vincent Le Goff,Defender,Left-Back,France,1158,FC Lorient,FR1,ligue-1,France,2022,2022-23,33,37,3330,0,0,0,0,0,0,38,1.45,97.37,0,0.957142857,0,95.71,47.86,36,87,2112
648779,Wilfried Singo,Defender,Right-Back,Cote d'Ivoire,416,Torino FC,IT1,serie-a,Italy,2022,2022-23,22,31,2055,2,2,4,0.088,0.088,0.175,38,1.39,60.09,0.821917808,0.136986301,82.19,13.7,47.95,41,87,2104
61841,Adam Smith,Defender,Right-Back,England,989,AFC Bournemouth,GB1,premier-league,England,2022,2022-23,32,37,2948,0,1,1,0,0.031,0.031,38,1.03,86.2,0.2,0.773333333,20,77.33,48.67,35,88,2052
528833,Lazar Samardžić,Midfield,Attacking Midfield,Serbia,410,Udinese Calcio,IT1,serie-a,Italy,2022,2022-23,21,37,1850,5,4,9,0.243,0.195,0.438,38,1.21,54.09,0.916666667,0.033333333,91.67,3.33,47.5,31,88,2142
618809,Manu Sánchez,Defender,Left-Back,Spain,331,CA Osasuna,ES1,laliga,Spain,2022,2022-23,22,31,2117,0,3,3,0,0.128,0.128,38,1.39,61.9,0.746031746,0.206349206,74.6,20.63,47.62,33,88,2130
607223,Rayan Cherki,Midfield,Attacking Midfield,France,1041,Olympique Lyon,FR1,ligue-1,France,2022,2022-23,19,34,1871,4,6,10,0.192,0.289,0.481,38,1.63,54.71,0.892857143,0.053571429,89.29,5.36,47.32,33,88,2162
159088,Robert Andrich,Midfield,Defensive Midfield,Germany,15,Bayer 04 Leverkusen,L1,bundesliga,Germany,2022,2022-23,28,29,2410,2,2,4,0.075,0.075,0.149,34,1.47,78.76,0.333333333,0.5,33.33,50,41.67,28,88,2523
157507,Adrien Tamèze,Midfield,Defensive Midfield,France,276,Hellas Verona,IT1,serie-a,Italy,2022,2022-23,29,37,3039,0,0,0,0,0,0,38,0.82,88.86,0,0.95,0,95,47.5,32,89,2143
349701,Antonee Robinson,Defender,Left-Back,United States,931,Fulham FC,GB1,premier-league,England,2022,2022-23,25,35,3089,0,1,1,0,0.029,0.029,38,1.37,90.32,0.173333333,0.8,17.33,80,48.67,36,89,2053
247555,Edimilson Fernandes,Midfield,Defensive Midfield,Switzerland,39,1.FSV Mainz 05,L1,bundesliga,Germany,2022,2022-23,27,32,2442,0,3,3,0,0.111,0.111,34,1.35,79.8,0.285714286,0.547619048,28.57,54.76,41.67,29,89,2524
465830,Mattéo Guendouzi,Midfield,Central Midfield,France,244,Olympique Marseille,FR1,ligue-1,France,2022,2022-23,24,33,2110,2,4,6,0.085,0.171,0.256,38,1.92,61.7,0.660714286,0.285714286,66.07,28.57,47.32,34,89,2163
683840,Pedri,Midfield,Central Midfield,Spain,131,FC Barcelona,ES1,laliga,Spain,2022,2022-23,20,26,1982,6,1,7,0.272,0.045,0.318,38,2.32,57.95,0.8,0.145454545,80,14.55,47.27,31,89,2165
314678,Brahim Díaz,Attack,Right Winger,Morocco,5,AC Milan,IT1,serie-a,Italy,2022,2022-23,23,33,1946,6,7,13,0.277,0.324,0.601,38,1.84,56.9,0.696969697,0.242424242,69.7,24.24,46.97,17,90,2179
35518,David Silva,Midfield,Attacking Midfield,Spain,681,Real Sociedad,ES1,laliga,Spain,2022,2022-23,37,28,1958,2,5,7,0.092,0.23,0.322,38,1.87,57.25,0.818181818,0.109090909,81.82,10.91,46.36,32,90,2217
118850,Ivan Ordets,Defender,Centre-Back,Ukraine,80,VfL Bochum,L1,bundesliga,Germany,2022,2022-23,30,30,2450,0,1,1,0,0.037,0.037,34,1.03,80.07,0.2,0.615384615,20,61.54,40.77,43,90,2587
257455,João Palhinha,Midfield,Defensive Midfield,Portugal,931,Fulham FC,GB1,premier-league,England,2022,2022-23,27,35,3113,3,0,3,0.087,0,0.087,38,1.37,91.02,0.113207547,0.849056604,11.32,84.91,48.11,29,90,2094
221873,Mikkel Desler,Defender,Right-Back,Denmark,415,FC Toulouse,FR1,ligue-1,France,2022,2022-23,28,27,2262,1,2,3,0.04,0.08,0.119,38,1.26,66.14,0.657142857,0.285714286,65.71,28.57,47.14,37,90,2170
321647,Grejohn Kyei,Attack,Centre-Forward,France,3524,Clermont Foot 63,FR1,ligue-1,France,2022,2022-23,27,37,2242,10,4,14,0.401,0.161,0.562,38,1.55,65.56,0.594594595,0.324324324,59.46,32.43,45.95,20,91,2248
196357,Jonathan Tah,Defender,Centre-Back,Germany,15,Bayer 04 Leverkusen,L1,bundesliga,Germany,2022,2022-23,27,33,2485,1,0,1,0.036,0,0.036,34,1.47,81.21,0.169230769,0.646153846,16.92,64.62,40.77,44,91,2588
687626,Moisés Caicedo,Midfield,Defensive Midfield,Ecuador,1237,Brighton & Hove Albion,GB1,premier-league,England,2022,2022-23,21,37,3141,1,1,2,0.029,0.029,0.057,38,1.63,91.84,0.075471698,0.886792453,7.55,88.68,48.11,30,91,2095
497291,Nicolás Domínguez,Midfield,Central Midfield,Argentina,1025,Bologna Football Club 1909,IT1,serie-a,Italy,2022,2022-23,25,31,2308,3,2,5,0.117,0.078,0.195,38,1.42,67.49,0.516666667,0.416666667,51.67,41.67,46.67,33,91,2194
65230,Sergio Busquets,Midfield,Defensive Midfield,Spain,131,FC Barcelona,ES1,laliga,Spain,2022,2022-23,34,30,2348,0,4,4,0,0.153,0.153,38,2.32,68.65,0.454545455,0.472727273,45.45,47.27,46.36,33,91,2218
459658,Andrea Cambiaso,Defender,Left-Back,Italy,1025,Bologna Football Club 1909,IT1,serie-a,Italy,2022,2022-23,23,32,2170,0,3,3,0,0.124,0.124,38,1.42,63.45,0.657534247,0.260273973,65.75,26.03,45.89,42,92,2249
102423,Leandro Cabrera,Defender,Centre-Back,Uruguay,714,RCD Espanyol Barcelona,ES1,laliga,Spain,2022,2022-23,32,32,2672,0,1,1,0,0.034,0.034,38,0.97,78.13,0.26984127,0.650793651,26.98,65.08,46.03,34,92,2239
342405,Mattias Svanberg,Midfield,Central Midfield,Sweden,82,VfL Wolfsburg,L1,bundesliga,Germany,2022,2022-23,24,32,1834,4,6,10,0.196,0.294,0.491,34,1.44,59.93,0.80952381,0,80.95,0,40.48,30,92,2599
318523,Romain Perraud,Defender,Left-Back,France,180,Southampton FC,GB1,premier-league,England,2022,2022-23,25,29,1837,2,2,4,0.098,0.098,0.196,38,0.66,53.71,0.92,0.04,92,4,48,37,92,2101
538964,Thijs Dallinga,Attack,Centre-Forward,Netherlands,415,FC Toulouse,FR1,ligue-1,France,2022,2022-23,22,36,2368,12,1,13,0.456,0.038,0.494,38,1.26,69.24,0.432432432,0.459459459,43.24,45.95,44.59,21,92,2331
296397,Arne Maier,Midfield,Central Midfield,Germany,167,FC Augsburg,L1,bundesliga,Germany,2022,2022-23,24,30,1971,5,1,6,0.228,0.046,0.274,34,1,64.41,0.571428571,0.238095238,57.14,23.81,40.48,31,93,2600
282199,Erik Palmer-Brown,Defender,Centre-Back,United States,1095,ESTAC Troyes,FR1,ligue-1,France,2022,2022-23,26,38,3193,0,0,0,0,0,0,38,0.63,93.36,0,0.885714286,0,88.57,44.29,38,93,2348
186590,John Stones,Defender,Centre-Back,England,281,Manchester City,GB1,premier-league,England,2022,2022-23,29,23,1848,2,2,4,0.097,0.097,0.195,38,2.34,54.04,0.906666667,0.053333333,90.67,5.33,48,38,93,2102
62945,Luis Hernández,Defender,Centre-Back,Spain,2687,Cádiz CF,ES1,laliga,Spain,2022,2022-23,34,35,3150,0,0,0,0,0,0,38,1.11,92.11,0,0.920634921,0,92.06,46.03,35,93,2240
413507,Nikola Milenković,Defender,Centre-Back,Serbia,430,ACF Fiorentina,IT1,serie-a,Italy,2022,2022-23,25,27,2136,2,1,3,0.084,0.042,0.126,38,1.47,62.46,0.671232877,0.232876712,67.12,23.29,45.21,43,93,2291
59016,David Alaba,Defender,Centre-Back,Austria,418,Real Madrid,ES1,laliga,Spain,2022,2022-23,31,23,1839,1,3,4,0.049,0.147,0.196,38,2.05,53.77,0.888888889,0.015873016,88.89,1.59,45.24,36,94,2289
353826,Robert Gumny,Defender,Right-Back,Poland,167,FC Augsburg,L1,bundesliga,Germany,2022,2022-23,25,29,2015,1,2,3,0.045,0.089,0.134,34,1,65.85,0.6,0.2,60,20,40,45,94,2630
131505,Rodrigo,Attack,Centre-Forward,Spain,399,Leeds United,GB1,premier-league,England,2022,2022-23,32,31,1943,13,1,14,0.602,0.046,0.648,38,0.82,56.81,0.76744186,0.186046512,76.74,18.6,47.67,26,94,2128
276896,Samuel Gigot,Defender,Centre-Back,France,244,Olympique Marseille,FR1,ligue-1,France,2022,2022-23,29,26,1886,2,2,4,0.095,0.095,0.191,38,1.92,55.15,0.842857143,0.028571429,84.29,2.86,43.57,39,94,2390
182581,Tonny Vilhena,Midfield,Central Midfield,Netherlands,380,US Salernitana 1919,IT1,serie-a,Italy,2022,2022-23,28,33,2274,4,1,5,0.158,0.04,0.198,38,1.11,66.49,0.533333333,0.35,53.33,35,44.17,34,94,2353
249730,Guillermo Maripán,Defender,Centre-Back,Chile,162,AS Monaco,FR1,ligue-1,France,2022,2022-23,29,26,2160,3,0,3,0.125,0,0.125,38,1.71,63.16,0.685714286,0.185714286,68.57,18.57,43.57,40,95,2392
112343,Manolo Gabbiadini,Attack,Centre-Forward,Italy,1038,UC Sampdoria,IT1,serie-a,Italy,2022,2022-23,31,35,2360,7,3,10,0.267,0.114,0.381,38,0.5,69.01,0.242424242,0.636363636,24.24,63.64,43.94,18,95,2372
145466,Tim Ream,Defender,Centre-Back,United States,931,Fulham FC,GB1,premier-league,England,2022,2022-23,35,33,2900,1,0,1,0.031,0,0.031,38,1.37,84.8,0.2,0.746666667,20,74.67,47.33,39,95,2160
170527,Timo Werner,Attack,Centre-Forward,Germany,23826,RB Leipzig,L1,bundesliga,Germany,2022,2022-23,27,27,1950,9,4,13,0.415,0.185,0.6,34,1.94,63.73,0.625,0.166666667,62.5,16.67,39.58,19,95,2653
255488,Yeray Álvarez,Defender,Centre-Back,Spain,621,Athletic Bilbao,ES1,laliga,Spain,2022,2022-23,28,28,2337,1,1,2,0.039,0.039,0.077,38,1.34,68.33,0.571428571,0.333333333,57.14,33.33,45.24,37,95,2290
32113,Armando Izzo,Defender,Centre-Back,Italy,2919,AC Monza,IT1,serie-a,Italy,2022,2022-23,31,30,2476,1,1,2,0.036,0.036,0.073,38,1.37,72.4,0.356164384,0.520547945,35.62,52.05,43.84,44,96,2375
413403,Ezri Konsa,Defender,Centre-Back,England,405,Aston Villa,GB1,premier-league,England,2022,2022-23,25,38,3323,0,0,0,0,0,0,38,1.61,97.16,0,0.946666667,0,94.67,47.33,40,96,2161
344864,Jean-Kévin Duverne,Defender,Centre-Back,Haiti,3911,Stade Brestois 29,FR1,ligue-1,France,2022,2022-23,25,34,2513,0,2,2,0,0.072,0.072,38,1.16,73.48,0.4,0.471428571,40,47.14,43.57,41,96,2393
405687,Tom Krauß,Midfield,Defensive Midfield,Germany,33,FC Schalke 04,L1,bundesliga,Germany,2022,2022-23,22,32,2528,2,0,2,0.071,0,0.071,34,0.91,82.61,0.166666667,0.619047619,16.67,61.9,39.29,32,96,2675
140776,Yannick Carrasco,Attack,Left Winger,Belgium,13,Atlético de Madrid,ES1,laliga,Spain,2022,2022-23,29,35,2330,7,3,10,0.27,0.116,0.386,38,2.03,68.13,0.476190476,0.404761905,47.62,40.48,44.05,26,96,2367
392516,Antonino Gallo,Defender,Left-Back,Italy,1005,US Lecce,IT1,serie-a,Italy,2022,2022-23,23,32,2486,0,2,2,0,0.072,0.072,38,0.95,72.69,0.342465753,0.534246575,34.25,53.42,43.84,45,97,2376
160968,Benno Schmitz,Defender,Right-Back,Germany,3,1.FC Köln,L1,bundesliga,Germany,2022,2022-23,28,31,2430,1,0,1,0.037,0,0.037,34,1.24,79.41,0.2,0.584615385,20,58.46,39.23,46,97,2682
525247,Maximilian Kilman,Defender,Centre-Back,England,543,Wolverhampton Wanderers,GB1,premier-league,England,2022,2022-23,26,37,3308,0,0,0,0,0,0,38,1.08,96.73,0,0.933333333,0,93.33,46.67,41,97,2195
544106,Óscar Gil,Defender,Right-Back,Spain,714,RCD Espanyol Barcelona,ES1,laliga,Spain,2022,2022-23,25,33,2567,0,1,1,0,0.035,0.035,38,0.97,75.06,0.317460317,0.555555556,31.75,55.56,43.65,38,97,2383
420465,Tiago Djaló,Defender,Centre-Back,Portugal,1082,LOSC Lille,FR1,ligue-1,France,2022,2022-23,23,25,2021,2,1,3,0.089,0.045,0.134,38,1.76,59.09,0.714285714,0.142857143,71.43,14.29,42.86,42,97,2438
193784,Carlos Clerc,Defender,Left-Back,Spain,1531,Elche CF,ES1,laliga,Spain,2022,2022-23,31,32,2647,0,1,1,0,0.034,0.034,38,0.66,77.4,0.26984127,0.603174603,26.98,60.32,43.65,39,98,2384
128901,Conor Coady,Defender,Centre-Back,England,29,Everton FC,GB1,premier-league,England,2022,2022-23,30,24,2095,1,1,2,0.043,0.043,0.086,38,0.95,61.26,0.613333333,0.306666667,61.33,30.67,46,42,98,2242
156990,Marco Friedl,Defender,Centre-Back,Austria,86,SV Werder Bremen,L1,bundesliga,Germany,2022,2022-23,25,30,2597,0,0,0,0,0,0,34,1.06,84.87,0,0.769230769,0,76.92,38.46,47,98,2716
389837,Nicolò Casale,Defender,Centre-Back,Italy,398,Società Sportiva Lazio S.p.A.,IT1,serie-a,Italy,2022,2022-23,25,29,2436,1,1,2,0.037,0.037,0.074,38,1.95,71.23,0.369863014,0.493150685,36.99,49.32,43.15,46,98,2420
374040,Vincent Marchetti,Midfield,Central Midfield,France,1147,AC Ajaccio,FR1,ligue-1,France,2022,2022-23,25,31,2462,0,3,3,0,0.11,0.11,38,0.68,71.99,0.339285714,0.5,33.93,50,41.96,35,98,2497
357498,Dušan Vlahović,Attack,Centre-Forward,Serbia,506,Juventus FC,IT1,serie-a,Italy,2022,2022-23,23,27,1932,10,2,12,0.466,0.093,0.559,38,1.89,56.49,0.636363636,0.212121212,63.64,21.21,42.42,19,99,2464
406640,Felix Nmecha,Midfield,Central Midfield,Germany,82,VfL Wolfsburg,L1,bundesliga,Germany,2022,2022-23,22,30,1836,3,6,9,0.147,0.294,0.441,34,1.44,60,0.738095238,0.023809524,73.81,2.38,38.1,33,99,2735
162056,Gonzalo Melero,Midfield,Central Midfield,Spain,3302,UD Almería,ES1,laliga,Spain,2022,2022-23,29,27,1877,4,3,7,0.192,0.144,0.336,38,1.08,54.88,0.836363636,0.036363636,83.64,3.64,43.64,34,99,2385
138055,Haris Belkebla,Midfield,Central Midfield,Algeria,3911,Stade Brestois 29,FR1,ligue-1,France,2022,2022-23,29,38,2658,2,0,2,0.068,0,0.068,38,1.16,77.72,0.178571429,0.660714286,17.86,66.07,41.96,36,99,2498
480116,Lloyd Kelly,Defender,Centre-Back,England,989,AFC Bournemouth,GB1,premier-league,England,2022,2022-23,24,23,2041,0,2,2,0,0.088,0.088,38,1.03,59.68,0.64,0.266666667,64,26.67,45.33,43,99,2287
334221,Amos Pieper,Defender,Centre-Back,Germany,86,SV Werder Bremen,L1,bundesliga,Germany,2022,2022-23,25,29,1956,2,1,3,0.092,0.046,0.138,34,1.06,63.92,0.615384615,0.138461538,61.54,13.85,37.69,48,100,2765
595809,Beto,Attack,Centre-Forward,Guinea-Bissau,410,Udinese Calcio,IT1,serie-a,Italy,2022,2022-23,25,33,2131,10,1,11,0.422,0.042,0.465,38,1.21,62.31,0.454545455,0.393939394,45.45,39.39,42.42,20,100,2465
260827,Joachim Andersen,Defender,Centre-Back,Denmark,873,Crystal Palace,GB1,premier-league,England,2022,2022-23,27,32,2783,1,0,1,0.032,0,0.032,38,1.18,81.37,0.226666667,0.68,22.67,68,45.33,44,100,2288
282727,Monchu,Midfield,Central Midfield,Spain,366,Real Valladolid CF,ES1,laliga,Spain,2022,2022-23,23,33,2033,3,2,5,0.133,0.089,0.221,38,1.05,59.44,0.654545455,0.218181818,65.45,21.82,43.64,35,100,2386
277635,Rominigue Kouamé,Midfield,Central Midfield,Mali,1095,ESTAC Troyes,FR1,ligue-1,France,2022,2022-23,26,32,2669,1,1,2,0.034,0.034,0.067,38,0.63,78.04,0.160714286,0.678571429,16.07,67.86,41.96,37,100,2499
344069,Anton Stach,Midfield,Defensive Midfield,Germany,39,1.FSV Mainz 05,L1,bundesliga,Germany,2022,2022-23,24,30,2078,1,4,5,0.043,0.173,0.217,34,1.35,67.91,0.428571429,0.30952381,42.86,30.95,36.9,34,101,2806
182904,Clément Lenglet,Defender,Centre-Back,France,148,Tottenham Hotspur,GB1,premier-league,England,2022,2022-23,28,26,2027,0,2,2,0,0.089,0.089,38,1.58,59.27,0.653333333,0.24,65.33,24,44.67,45,101,2322
146752,Gianluca Caprari,Attack,Second Striker,Italy,2919,AC Monza,IT1,serie-a,Italy,2022,2022-23,29,37,2463,5,2,7,0.183,0.073,0.256,38,1.37,72.02,0.090909091,0.757575758,9.09,75.76,42.42,21,101,2466
65318,Jaume Costa,Defender,Left-Back,Spain,237,RCD Mallorca,ES1,laliga,Spain,2022,2022-23,35,32,2609,0,1,1,0,0.034,0.034,38,1.32,76.29,0.26984127,0.587301587,26.98,58.73,42.86,40,101,2443
737781,Jérémy Le Douaron,Attack,Centre-Forward,France,3911,Stade Brestois 29,FR1,ligue-1,France,2022,2022-23,25,32,2078,10,3,13,0.433,0.13,0.563,38,1.16,60.76,0.621621622,0.216216216,62.16,21.62,41.89,22,101,2505
198709,Cédric Hountondji,Defender,Centre-Back,Benin,1420,Angers SCO,FR1,ligue-1,France,2022,2022-23,29,36,3097,0,0,0,0,0,0,38,0.47,90.56,0,0.828571429,0,82.86,41.43,43,102,2541
119296,Emre Can,Defender,Centre-Back,Germany,16,Borussia Dortmund,L1,bundesliga,Germany,2022,2022-23,29,27,1896,2,1,3,0.095,0.047,0.142,34,2.09,61.96,0.630769231,0.092307692,63.08,9.23,36.15,49,102,2835
54906,Matteo Darmian,Defender,Right-Back,Italy,46,Inter Milan,IT1,serie-a,Italy,2022,2022-23,33,31,2031,1,2,3,0.044,0.089,0.133,38,1.89,59.39,0.712328767,0.123287671,71.23,12.33,41.78,47,102,2513
100131,William Carvalho,Midfield,Defensive Midfield,Portugal,150,Real Betis Balompié,ES1,laliga,Spain,2022,2022-23,31,33,2452,3,0,3,0.11,0,0.11,38,1.58,71.7,0.272727273,0.581818182,27.27,58.18,42.73,36,102,2450
52769,Willian,Attack,Left Winger,Brazil,931,Fulham FC,GB1,premier-league,England,2022,2022-23,34,27,2144,5,6,11,0.21,0.252,0.462,38,1.37,62.69,0.511627907,0.372093023,51.16,37.21,44.19,27,102,2352
395234,Batista Mendy,Midfield,Defensive Midfield,France,1420,Angers SCO,FR1,ligue-1,France,2022,2022-23,23,35,2871,0,0,0,0,0,0,38,0.47,83.95,0,0.821428571,0,82.14,41.07,38,103,2569
57280,Giacomo Bonaventura,Midfield,Attacking Midfield,Italy,430,ACF Fiorentina,IT1,serie-a,Italy,2022,2022-23,33,30,1916,5,3,8,0.235,0.141,0.376,38,1.47,56.02,0.766666667,0.066666667,76.67,6.67,41.67,35,103,2518
408471,Javi Puado,Attack,Left Winger,Spain,714,RCD Espanyol Barcelona,ES1,laliga,Spain,2022,2022-23,25,37,2349,7,2,9,0.268,0.077,0.345,38,0.97,68.68,0.380952381,0.452380952,38.1,45.24,41.67,27,103,2519
93128,Kalidou Koulibaly,Defender,Centre-Back,Senegal,631,Chelsea FC,GB1,premier-league,England,2022,2022-23,32,23,1800,2,1,3,0.1,0.05,0.15,38,1.16,52.63,0.866666667,0,86.67,0,43.33,46,103,2409
335103,Linton Maina,Attack,Left Winger,Germany,3,1.FC Köln,L1,bundesliga,Germany,2022,2022-23,24,33,2260,3,8,11,0.119,0.319,0.438,34,1.24,73.86,0.291666667,0.416666667,29.17,41.67,35.42,20,103,2874
284854,Carles Aleñá,Midfield,Central Midfield,Spain,3709,Getafe CF,ES1,laliga,Spain,2022,2022-23,25,35,2126,2,2,4,0.085,0.085,0.169,38,1.11,62.16,0.490909091,0.327272727,49.09,32.73,40.91,37,104,2581
157509,Kurt Zouma,Defender,Centre-Back,France,379,West Ham United,GB1,premier-league,England,2022,2022-23,28,25,1990,2,0,2,0.09,0,0.09,38,1.05,58.19,0.666666667,0.2,66.67,20,43.33,47,104,2410
81789,Maya Yoshida,Defender,Centre-Back,Japan,33,FC Schalke 04,L1,bundesliga,Germany,2022,2022-23,34,29,2554,0,0,0,0,0,0,34,0.91,83.46,0,0.707692308,0,70.77,35.38,50,104,2875
75942,Tomás Rincón,Midfield,Defensive Midfield,Venezuela,1038,UC Sampdoria,IT1,serie-a,Italy,2022,2022-23,35,34,2566,0,2,2,0,0.07,0.07,38,0.5,75.03,0.216666667,0.616666667,21.67,61.67,41.67,36,104,2529
351843,Yoann Salmier,Defender,Centre-Back,French Guiana,1095,ESTAC Troyes,FR1,ligue-1,France,2022,2022-23,30,32,2650,1,0,1,0.034,0,0.034,38,0.63,77.49,0.228571429,0.585714286,22.86,58.57,40.71,44,104,2589
289835,Jens Stage,Midfield,Central Midfield,Denmark,86,SV Werder Bremen,L1,bundesliga,Germany,2022,2022-23,26,32,1860,3,3,6,0.145,0.145,0.29,34,1.06,60.78,0.619047619,0.071428571,61.9,7.14,34.52,35,105,2925
341051,Kyle Walker-Peters,Defender,Right-Back,England,180,Southampton FC,GB1,premier-league,England,2022,2022-23,26,31,2653,1,0,1,0.034,0,0.034,38,0.66,77.57,0.24,0.626666667,24,62.67,43.33,48,105,2411
485960,Lilian Brassier,Defender,Centre-Back,France,3911,Stade Brestois 29,FR1,ligue-1,France,2022,2022-23,23,36,3093,0,0,0,0,0,0,38,1.16,90.44,0,0.814285714,0,81.43,40.71,45,105,2590
88680,Luca Caldirola,Defender,Centre-Back,Italy,2919,AC Monza,IT1,serie-a,Italy,2022,2022-23,32,31,2360,2,0,2,0.076,0,0.076,38,1.37,69.01,0.383561644,0.438356164,38.36,43.84,41.1,48,105,2565
214775,Óliver Torres,Midfield,Central Midfield,Spain,368,Sevilla FC,ES1,laliga,Spain,2022,2022-23,28,32,2149,3,1,4,0.126,0.042,0.168,38,1.29,62.84,0.472727273,0.345454545,47.27,34.55,40.91,38,105,2582
413112,Aurélien Tchouaméni,Midfield,Defensive Midfield,France,418,Real Madrid,ES1,laliga,Spain,2022,2022-23,23,33,2120,0,4,4,0,0.17,0.17,38,2.05,61.99,0.509090909,0.290909091,50.91,29.09,40,39,106,2629
237662,Breel Embolo,Attack,Centre-Forward,Switzerland,162,AS Monaco,FR1,ligue-1,France,2022,2022-23,26,32,1854,12,2,14,0.583,0.097,0.68,38,1.71,54.21,0.783783784,0.027027027,78.38,2.7,40.54,23,106,2597
280575,Elvis Rexhbecaj,Midfield,Central Midfield,Kosovo,167,FC Augsburg,L1,bundesliga,Germany,2022,2022-23,25,31,2536,0,0,0,0,0,0,34,1,82.88,0,0.642857143,0,64.29,32.14,36,106,3046
231572,Nélson Semedo,Defender,Right-Back,Portugal,543,Wolverhampton Wanderers,GB1,premier-league,England,2022,2022-23,29,36,2635,0,1,1,0,0.034,0.034,38,1.08,77.05,0.24,0.613333333,24,61.33,42.67,49,106,2451
610442,Rasmus Højlund,Attack,Centre-Forward,Denmark,800,Atalanta BC,IT1,serie-a,Italy,2022,2022-23,20,32,1835,9,4,13,0.441,0.196,0.638,38,1.68,53.65,0.757575758,0.060606061,75.76,6.06,40.91,22,106,2576
357156,Diogo Leite,Defender,Centre-Back,Portugal,89,1.FC Union Berlin,L1,bundesliga,Germany,2022,2022-23,24,28,2253,0,1,1,0,0.04,0.04,34,1.82,73.63,0.230769231,0.4,23.08,40,31.54,51,107,3070
517753,Óscar Valentín,Midfield,Central Midfield,Spain,367,Rayo Vallecano,ES1,laliga,Spain,2022,2022-23,28,34,2567,0,0,0,0,0,0,38,1.29,75.06,0,0.8,0,80,40,40,107,2636
328784,Robin Koch,Defender,Centre-Back,Germany,399,Leeds United,GB1,premier-league,England,2022,2022-23,26,36,3177,0,0,0,0,0,0,38,0.82,92.89,0,0.853333333,0,85.33,42.67,50,107,2452
308279,Rolando Mandragora,Midfield,Defensive Midfield,Italy,430,ACF Fiorentina,IT1,serie-a,Italy,2022,2022-23,26,29,1954,2,4,6,0.092,0.184,0.276,38,1.47,57.13,0.683333333,0.116666667,68.33,11.67,40,37,107,2628
174694,Rony Lopes,Attack,Right Winger,Portugal,1095,ESTAC Troyes,FR1,ligue-1,France,2022,2022-23,27,32,2359,7,5,12,0.267,0.191,0.458,38,0.63,68.98,0.378378378,0.432432432,37.84,43.24,40.54,24,107,2598
431755,Dejan Kulusevski,Midfield,Attacking Midfield,Sweden,148,Tottenham Hotspur,GB1,premier-league,England,2022,2022-23,23,30,2079,2,7,9,0.087,0.303,0.39,38,1.58,60.79,0.754716981,0.094339623,75.47,9.43,42.45,31,108,2461
251309,Dennis Geiger,Midfield,Central Midfield,Germany,533,TSG 1899 Hoffenheim,L1,bundesliga,Germany,2022,2022-23,25,27,1970,1,3,4,0.046,0.137,0.183,34,1.06,64.38,0.404761905,0.214285714,40.48,21.43,30.95,37,108,3097
347900,Jerdy Schouten,Midfield,Defensive Midfield,Netherlands,1025,Bologna Football Club 1909,IT1,serie-a,Italy,2022,2022-23,26,33,2516,0,2,2,0,0.072,0.072,38,1.42,73.57,0.233333333,0.566666667,23.33,56.67,40,38,108,2632
353032,Omar Alderete,Defender,Centre-Back,Paraguay,3709,Getafe CF,ES1,laliga,Spain,2022,2022-23,26,25,2050,1,1,2,0.044,0.044,0.088,38,1.11,59.94,0.619047619,0.158730159,61.9,15.87,38.89,41,108,2700
344576,Rayan Raveloson,Midfield,Defensive Midfield,Madagascar,290,AJ Auxerre,FR1,ligue-1,France,2022,2022-23,26,34,2428,2,1,3,0.074,0.037,0.111,38,0.92,70.99,0.357142857,0.446428571,35.71,44.64,40.18,39,108,2624
86202,Antonio Rüdiger,Defender,Centre-Back,Germany,418,Real Madrid,ES1,laliga,Spain,2022,2022-23,30,33,2411,1,0,1,0.037,0,0.037,38,2.05,70.5,0.333333333,0.428571429,33.33,42.86,38.1,42,109,2741
258883,Jonjoe Kenny,Defender,Right-Back,England,44,Hertha BSC,L1,bundesliga,Germany,2022,2022-23,26,29,2242,0,1,1,0,0.04,0.04,34,0.85,73.27,0.230769231,0.384615385,23.08,38.46,30.77,52,109,3108
313094,Jordan Lotomba,Defender,Right-Back,Switzerland,417,OGC Nice,FR1,ligue-1,France,2022,2022-23,24,33,2456,0,2,2,0,0.073,0.073,38,1.53,71.81,0.414285714,0.385714286,41.43,38.57,40,46,109,2631
486624,Musa Barrow,Attack,Left Winger,The Gambia,1025,Bologna Football Club 1909,IT1,serie-a,Italy,2022,2022-23,24,32,1969,3,8,11,0.137,0.366,0.503,38,1.42,57.57,0.515151515,0.272727273,51.52,27.27,39.39,23,109,2665
346707,Sean Longstaff,Midfield,Central Midfield,England,762,Newcastle United,GB1,premier-league,England,2022,2022-23,25,33,2516,1,4,5,0.036,0.143,0.179,38,1.87,73.57,0.41509434,0.433962264,41.51,43.4,42.45,32,109,2462
76746,Damián Suárez,Defender,Right-Back,Uruguay,3709,Getafe CF,ES1,laliga,Spain,2022,2022-23,35,28,1958,1,1,2,0.046,0.046,0.092,38,1.11,57.25,0.650793651,0.095238095,65.08,9.52,37.3,43,110,2783
413605,David Okereke,Attack,Centre-Forward,Nigeria,2239,US Cremonese,IT1,serie-a,Italy,2022,2022-23,25,33,2276,7,2,9,0.277,0.079,0.356,38,0.71,66.55,0.181818182,0.606060606,18.18,60.61,39.39,24,110,2666
193116,John McGinn,Midfield,Central Midfield,Scotland,405,Aston Villa,GB1,premier-league,England,2022,2022-23,28,34,2698,1,3,4,0.033,0.1,0.133,38,1.61,78.89,0.264150943,0.58490566,26.42,58.49,42.45,33,110,2463
33829,José Fonte,Defender,Centre-Back,Portugal,1082,LOSC Lille,FR1,ligue-1,France,2022,2022-23,39,31,2592,1,0,1,0.035,0,0.035,38,1.76,75.79,0.257142857,0.542857143,25.71,54.29,40,47,110,2633
355816,Ko Itakura,Defender,Centre-Back,Japan,18,Borussia Mönchengladbach,L1,bundesliga,Germany,2022,2022-23,26,24,1982,0,2,2,0,0.091,0.091,34,1.26,64.77,0.4,0.184615385,40,18.46,29.23,53,110,3186
69633,Christian Eriksen,Midfield,Attacking Midfield,Denmark,985,Manchester United,GB1,premier-league,England,2022,2022-23,31,28,2063,1,8,9,0.044,0.349,0.393,38,1.97,60.32,0.773584906,0.056603774,77.36,5.66,41.51,34,111,2537
289182,Christopher Antwi-Adjei,Attack,Left Winger,Ghana,80,VfL Bochum,L1,bundesliga,Germany,2022,2022-23,29,29,1989,3,8,11,0.136,0.362,0.498,34,1.03,65,0.375,0.208333333,37.5,20.83,29.17,21,111,3187
575998,Leonardo Balerdi,Defender,Centre-Back,Argentina,244,Olympique Marseille,FR1,ligue-1,France,2022,2022-23,24,35,2642,0,1,1,0,0.034,0.034,38,1.92,77.25,0.228571429,0.571428571,22.86,57.14,40,48,111,2634
348601,Mehdi Léris,Attack,Right Winger,Algeria,1038,UC Sampdoria,IT1,serie-a,Italy,2022,2022-23,25,32,2465,1,1,2,0.037,0.037,0.073,38,0.5,72.08,0,0.787878788,0,78.79,39.39,25,111,2667
351809,Robin Le Normand,Defender,Centre-Back,Spain,681,Real Sociedad,ES1,laliga,Spain,2022,2022-23,26,33,2795,0,0,0,0,0,0,38,1.87,81.73,0,0.746031746,0,74.6,37.3,44,111,2784
592979,Himad Abdelli,Midfield,Attacking Midfield,Algeria,1420,Angers SCO,FR1,ligue-1,France,2022,2022-23,23,30,2141,2,2,4,0.084,0.084,0.168,38,0.47,62.6,0.482142857,0.303571429,48.21,30.36,39.29,40,112,2672
527698,Kike Pérez,Midfield,Central Midfield,Spain,366,Real Valladolid CF,ES1,laliga,Spain,2022,2022-23,26,36,2316,1,2,3,0.039,0.078,0.117,38,1.05,67.72,0.309090909,0.436363636,30.91,43.64,37.27,41,112,2788
548348,Kiliann Sildillia,Defender,Right-Back,France,60,SC Freiburg,L1,bundesliga,Germany,2022,2022-23,21,27,1978,0,2,2,0,0.091,0.091,34,1.74,64.64,0.4,0.169230769,40,16.92,28.46,54,112,3228
265088,Manuel Locatelli,Midfield,Defensive Midfield,Italy,506,Juventus FC,IT1,serie-a,Italy,2022,2022-23,25,32,2458,0,2,2,0,0.073,0.073,38,1.89,71.87,0.25,0.533333333,25,53.33,39.17,39,112,2686
361093,Sven Botman,Defender,Centre-Back,Netherlands,762,Newcastle United,GB1,premier-league,England,2022,2022-23,23,36,3129,0,0,0,0,0,0,38,1.87,91.49,0,0.826666667,0,82.67,41.33,51,112,2542
186186,Bobby De Cordova-Reid,Midfield,Attacking Midfield,Jamaica,931,Fulham FC,GB1,premier-league,England,2022,2022-23,30,36,2485,4,1,5,0.145,0.036,0.181,38,1.37,72.66,0.433962264,0.358490566,43.4,35.85,39.62,35,113,2651
475959,Josko Gvardiol,Defender,Centre-Back,Croatia,23826,RB Leipzig,L1,bundesliga,Germany,2022,2022-23,21,30,2170,1,0,1,0.041,0,0.041,34,1.94,70.92,0.261538462,0.307692308,26.15,30.77,28.46,55,113,3229
418543,Perr Schuurs,Defender,Centre-Back,Netherlands,416,Torino FC,IT1,serie-a,Italy,2022,2022-23,23,30,2329,0,2,2,0,0.077,0.077,38,1.39,68.1,0.397260274,0.383561644,39.73,38.36,39.04,49,113,2691
557613,Quentin Merlin,Defender,Left-Back,France,995,FC Nantes,FR1,ligue-1,France,2022,2022-23,21,24,1803,1,2,3,0.05,0.1,0.15,38,0.95,52.72,0.771428571,0.014285714,77.14,1.43,39.29,49,113,2673
663581,Vini Souza,Midfield,Defensive Midfield,Brazil,714,RCD Espanyol Barcelona,ES1,laliga,Spain,2022,2022-23,24,34,2433,1,1,2,0.037,0.037,0.074,38,0.97,71.14,0.218181818,0.527272727,21.82,52.73,37.27,42,113,2789
543387,Cheick Doucouré,Midfield,Defensive Midfield,Mali,873,Crystal Palace,GB1,premier-league,England,2022,2022-23,23,34,2786,0,3,3,0,0.097,0.097,38,1.18,81.46,0.150943396,0.641509434,15.09,64.15,39.62,36,114,2652
141050,Danilo Pereira,Defender,Centre-Back,Portugal,583,Paris Saint-Germain,FR1,ligue-1,France,2022,2022-23,31,33,2411,2,0,2,0.075,0,0.075,38,2.24,70.5,0.428571429,0.357142857,42.86,35.71,39.29,50,114,2674
129674,Jeremy Toljan,Defender,Right-Back,Germany,6574,US Sassuolo,IT1,serie-a,Italy,2022,2022-23,28,31,2672,0,1,1,0,0.034,0.034,38,1.18,78.13,0.109589041,0.643835616,10.96,64.38,37.67,50,114,2767
213670,Lucas Torró,Midfield,Defensive Midfield,Spain,331,CA Osasuna,ES1,laliga,Spain,2022,2022-23,28,33,2488,1,0,1,0.036,0,0.036,38,1.39,72.75,0.090909091,0.654545455,9.09,65.45,37.27,43,114,2790
82350,Stefan Bell,Defender,Centre-Back,Germany,39,1.FSV Mainz 05,L1,bundesliga,Germany,2022,2022-23,31,30,2395,0,0,0,0,0,0,34,1.35,78.27,0,0.538461538,0,53.85,26.92,56,114,3303
337333,Alex Král,Midfield,Central Midfield,Czech Republic,33,FC Schalke 04,L1,bundesliga,Germany,2022,2022-23,25,29,2357,0,1,1,0,0.038,0.038,34,0.91,77.03,0.047619048,0.452380952,4.76,45.24,25,38,115,3377
355915,Cristian Romero,Defender,Centre-Back,Argentina,148,Tottenham Hotspur,GB1,premier-league,England,2022,2022-23,25,27,2365,0,1,1,0,0.038,0.038,38,1.58,69.15,0.266666667,0.52,26.67,52,39.33,52,115,2669
786436,Ismaël Doukouré,Defender,Centre-Back,France,667,RC Strasbourg Alsace,FR1,ligue-1,France,2022,2022-23,19,28,2301,1,1,2,0.039,0.039,0.078,38,1.05,67.28,0.442857143,0.314285714,44.29,31.43,37.86,51,115,2753
340853,Javi Sánchez,Defender,Centre-Back,Spain,366,Real Valladolid CF,ES1,laliga,Spain,2022,2022-23,26,32,2395,1,0,1,0.038,0,0.038,38,1.05,70.03,0.349206349,0.380952381,34.92,38.1,36.51,45,115,2828
345189,Luka Lochoshvili,Defender,Centre-Back,Georgia,2239,US Cremonese,IT1,serie-a,Italy,2022,2022-23,25,25,1848,1,2,3,0.049,0.097,0.146,38,0.71,54.04,0.726027397,0.01369863,72.6,1.37,36.99,51,115,2802
548111,Álex Baena,Attack,Left Winger,Spain,1050,Villarreal CF,ES1,laliga,Spain,2022,2022-23,21,35,1943,6,3,9,0.278,0.139,0.417,38,1.68,56.81,0.547619048,0.166666667,54.76,16.67,35.71,28,116,2856
467563,Armel Bella-Kotchap,Defender,Centre-Back,Germany,180,Southampton FC,GB1,premier-league,England,2022,2022-23,21,24,1885,0,2,2,0,0.095,0.095,38,0.66,55.12,0.68,0.093333333,68,9.33,38.67,53,116,2706
585959,Arnaud Kalimuendo,Attack,Centre-Forward,France,273,Stade Rennais FC,FR1,ligue-1,France,2022,2022-23,21,30,1863,7,5,12,0.338,0.242,0.58,38,1.79,54.47,0.702702703,0.054054054,70.27,5.41,37.84,25,116,2754
303219,Jeff Chabot,Defender,Centre-Back,Germany,3,1.FC Köln,L1,bundesliga,Germany,2022,2022-23,25,21,1806,0,2,2,0,0.1,0.1,34,1.24,59.02,0.492307692,0,49.23,0,24.62,57,116,3384
692209,Joan González,Midfield,Central Midfield,Spain,1005,US Lecce,IT1,serie-a,Italy,2022,2022-23,21,35,2207,1,3,4,0.041,0.122,0.163,38,0.95,64.53,0.433333333,0.3,43.33,30,36.67,40,116,2819
584769,Dwight McNeil,Attack,Left Winger,England,29,Everton FC,GB1,premier-league,England,2022,2022-23,23,36,2499,7,3,10,0.252,0.108,0.36,38,0.95,73.07,0.279069767,0.488372093,27.91,48.84,38.37,28,117,2719
605184,Jean-Clair Todibo,Defender,Centre-Back,France,417,OGC Nice,FR1,ligue-1,France,2022,2022-23,23,34,2872,0,0,0,0,0,0,38,1.53,83.98,0,0.742857143,0,74.29,37.14,52,117,2799
39728,Mats Hummels,Defender,Centre-Back,Germany,16,Borussia Dortmund,L1,bundesliga,Germany,2022,2022-23,34,30,2019,1,0,1,0.045,0,0.045,34,2.09,65.98,0.276923077,0.215384615,27.69,21.54,24.62,58,117,3385
85383,Rubén Sobrino,Attack,Centre-Forward,Spain,2687,Cádiz CF,ES1,laliga,Spain,2022,2022-23,31,33,2470,3,2,5,0.109,0.073,0.182,38,1.11,72.22,0.071428571,0.642857143,7.14,64.29,35.71,29,117,2857
164913,Soualiho Meïté,Midfield,Defensive Midfield,France,2239,US Cremonese,IT1,serie-a,Italy,2022,2022-23,29,31,2370,0,2,2,0,0.076,0.076,38,0.71,69.3,0.266666667,0.466666667,26.67,46.67,36.67,41,117,2820
147038,Cédric Brunner,Defender,Right-Back,Switzerland,33,FC Schalke 04,L1,bundesliga,Germany,2022,2022-23,29,28,2323,0,0,0,0,0,0,34,0.91,75.92,0,0.492307692,0,49.23,24.62,59,118,3386
524000,Dani Vivian,Defender,Centre-Back,Spain,621,Athletic Bilbao,ES1,laliga,Spain,2022,2022-23,23,29,2374,1,0,1,0.038,0,0.038,38,1.34,69.42,0.349206349,0.365079365,34.92,36.51,35.71,46,118,2859
55735,Henrikh Mkhitaryan,Midfield,Central Midfield,Armenia,46,Inter Milan,IT1,serie-a,Italy,2022,2022-23,34,31,2000,3,2,5,0.135,0.09,0.225,38,1.89,58.48,0.583333333,0.133333333,58.33,13.33,35.83,42,118,2850
92572,Joel Ward,Defender,Right-Back,England,873,Crystal Palace,GB1,premier-league,England,2022,2022-23,33,28,2255,1,0,1,0.04,0,0.04,38,1.18,65.94,0.293333333,0.466666667,29.33,46.67,38,54,118,2746
543382,Mohamed Camara,Midfield,Defensive Midfield,Mali,162,AS Monaco,FR1,ligue-1,France,2022,2022-23,23,29,2200,0,3,3,0,0.123,0.123,38,1.71,64.33,0.392857143,0.321428571,39.29,32.14,35.71,41,118,2858
341647,Cengiz Ünder,Attack,Right Winger,Türkiye,244,Olympique Marseille,FR1,ligue-1,France,2022,2022-23,25,37,2495,5,4,9,0.18,0.144,0.325,38,1.92,72.95,0.162162162,0.540540541,16.22,54.05,35.14,26,119,2886
82097,Christoph Kramer,Midfield,Defensive Midfield,Germany,18,Borussia Mönchengladbach,L1,bundesliga,Germany,2022,2022-23,32,29,2230,0,1,1,0,0.04,0.04,34,1.26,72.88,0.071428571,0.404761905,7.14,40.48,23.81,39,119,3411
392771,Ethan Ampadu,Midfield,Defensive Midfield,Wales,3522,Spezia Calcio,IT1,serie-a,Italy,2022,2022-23,22,31,2648,0,1,1,0,0.034,0.034,38,0.82,77.43,0.05,0.666666667,5,66.67,35.83,43,119,2851
126751,Iñigo Ruiz de Galarreta,Midfield,Central Midfield,Spain,237,RCD Mallorca,ES1,laliga,Spain,2022,2022-23,29,30,2457,0,1,1,0,0.037,0.037,38,1.32,71.84,0.109090909,0.6,10.91,60,35.45,44,119,2873
284730,Manuel Akanji,Defender,Centre-Back,Switzerland,281,Manchester City,GB1,premier-league,England,2022,2022-23,27,29,2286,0,1,1,0,0.039,0.039,38,2.34,66.84,0.28,0.48,28,48,38,55,119,2747
597000,Eric Martel,Midfield,Defensive Midfield,Germany,3,1.FC Köln,L1,bundesliga,Germany,2022,2022-23,21,29,2019,1,1,2,0.045,0.045,0.089,34,1.24,65.98,0.19047619,0.261904762,19.05,26.19,22.62,40,120,3456
322655,Flavius Daniliuc,Defender,Centre-Back,Austria,380,US Salernitana 1919,IT1,serie-a,Italy,2022,2022-23,22,27,2196,0,2,2,0,0.082,0.082,38,1.11,64.21,0.410958904,0.301369863,41.1,30.14,35.62,52,120,2861
221321,Joaquín Fernández,Defender,Centre-Back,Spain,366,Real Valladolid CF,ES1,laliga,Spain,2022,2022-23,27,27,2158,1,0,1,0.042,0,0.042,38,1.05,63.1,0.444444444,0.253968254,44.44,25.4,34.92,47,120,2899
444523,Lucas Paquetá,Midfield,Attacking Midfield,Brazil,379,West Ham United,GB1,premier-league,England,2022,2022-23,25,28,2172,4,3,7,0.166,0.124,0.29,38,1.05,63.51,0.58490566,0.169811321,58.49,16.98,37.74,37,120,2761
709482,Thierno Baldé,Defender,Right-Back,France,1095,ESTAC Troyes,FR1,ligue-1,France,2022,2022-23,21,31,2159,0,2,2,0,0.083,0.083,38,0.63,63.13,0.514285714,0.171428571,51.43,17.14,34.29,53,120,2931
350219,Fabián Ruiz,Midfield,Central Midfield,Spain,583,Paris Saint-Germain,FR1,ligue-1,France,2022,2022-23,27,27,1898,3,2,5,0.142,0.095,0.237,38,2.24,55.5,0.589285714,0.089285714,58.93,8.93,33.93,42,121,2949
157506,Jeffrey Schlupp,Midfield,Left Midfield,Ghana,873,Crystal Palace,GB1,premier-league,England,2022,2022-23,30,34,2547,3,1,4,0.106,0.035,0.141,38,1.18,74.47,0.301886792,0.452830189,30.19,45.28,37.74,38,121,2762
520840,José Copete,Defender,Centre-Back,Spain,237,RCD Mallorca,ES1,laliga,Spain,2022,2022-23,23,28,2215,1,0,1,0.041,0,0.041,38,1.32,64.77,0.396825397,0.301587302,39.68,30.16,34.92,48,121,2900
585949,Pierre Kalulu,Defender,Centre-Back,France,5,AC Milan,IT1,serie-a,Italy,2022,2022-23,23,34,2543,1,0,1,0.035,0,0.035,38,1.84,74.36,0.123287671,0.589041096,12.33,58.9,35.62,53,121,2862
338629,Sebastiaan Bornauw,Defender,Centre-Back,Belgium,82,VfL Wolfsburg,L1,bundesliga,Germany,2022,2022-23,24,26,1927,1,0,1,0.047,0,0.047,34,1.44,62.97,0.292307692,0.107692308,29.23,10.77,20,60,121,3540
407098,Jakub Kamiński,Attack,Left Winger,Poland,82,VfL Wolfsburg,L1,bundesliga,Germany,2022,2022-23,21,31,2071,4,3,7,0.174,0.13,0.304,34,1.44,67.68,0.041666667,0.333333333,4.17,33.33,18.75,22,122,3580
552549,Matheus Henrique,Midfield,Central Midfield,Brazil,6574,US Sassuolo,IT1,serie-a,Italy,2022,2022-23,25,30,1952,4,1,5,0.184,0.046,0.231,38,1.18,57.08,0.6,0.1,60,10,35,44,122,2891
627163,Mounaïm El Idrissy,Attack,Centre-Forward,France,1147,AC Ajaccio,FR1,ligue-1,France,2022,2022-23,24,32,2510,6,1,7,0.215,0.036,0.251,38,0.68,73.39,0.108108108,0.567567568,10.81,56.76,33.78,27,122,2962
476352,Renan Lodi,Defender,Left-Back,Brazil,703,Nottingham Forest,GB1,premier-league,England,2022,2022-23,25,28,2220,0,1,1,0,0.041,0.041,38,1,64.91,0.32,0.426666667,32,42.67,37.33,56,122,2780
355627,Sergio Akieme,Defender,Left-Back,Spain,3302,UD Almería,ES1,laliga,Spain,2022,2022-23,25,29,2298,1,0,1,0.039,0,0.039,38,1.08,67.19,0.380952381,0.317460317,38.1,31.75,34.92,49,122,2901
92571,Aaron Cresswell,Defender,Left-Back,England,379,West Ham United,GB1,premier-league,England,2022,2022-23,33,28,2237,0,1,1,0,0.04,0.04,38,1.05,65.41,0.293333333,0.453333333,29.33,45.33,37.33,57,123,2781
159098,Brecht Dejaegere,Midfield,Central Midfield,Belgium,415,FC Toulouse,FR1,ligue-1,France,2022,2022-23,32,30,1830,4,1,5,0.197,0.049,0.246,38,1.26,53.51,0.625,0.035714286,62.5,3.57,33.04,43,123,2996
58396,Christian Groß,Midfield,Defensive Midfield,Germany,86,SV Werder Bremen,L1,bundesliga,Germany,2022,2022-23,34,26,1903,1,1,2,0.047,0.047,0.095,34,1.06,62.19,0.214285714,0.142857143,21.43,14.29,17.86,41,123,3605
390688,Juan Iglesias,Defender,Right-Back,Spain,3709,Getafe CF,ES1,laliga,Spain,2022,2022-23,24,32,2143,1,0,1,0.042,0,0.042,38,1.11,62.66,0.444444444,0.238095238,44.44,23.81,34.13,50,123,2938
373373,Lucas Martínez Quarta,Defender,Centre-Back,Argentina,430,ACF Fiorentina,IT1,serie-a,Italy,2022,2022-23,27,27,2172,1,1,2,0.041,0.041,0.083,38,1.47,63.51,0.424657534,0.273972603,42.47,27.4,34.93,54,123,2896
254037,Iza Carcelén,Defender,Right-Back,Spain,2687,Cádiz CF,ES1,laliga,Spain,2022,2022-23,30,27,2204,0,1,1,0,0.041,0.041,38,1.11,64.44,0.396825397,0.285714286,39.68,28.57,34.13,51,124,2939
27389,Kévin Gameiro,Attack,Centre-Forward,France,667,RC Strasbourg Alsace,FR1,ligue-1,France,2022,2022-23,36,34,2103,10,1,11,0.428,0.043,0.471,38,1.05,61.49,0.405405405,0.243243243,40.54,24.32,32.43,28,124,3025
388363,Maximilian Bauer,Defender,Centre-Back,Germany,167,FC Augsburg,L1,bundesliga,Germany,2022,2022-23,23,27,1845,0,1,1,0,0.049,0.049,34,1,60.29,0.307692308,0.046153846,30.77,4.62,17.69,61,124,3614
210178,Pablo Marí,Defender,Centre-Back,Spain,2919,AC Monza,IT1,serie-a,Italy,2022,2022-23,29,30,2489,1,0,1,0.036,0,0.036,38,1.37,72.78,0.136986301,0.561643836,13.7,56.16,34.93,55,124,2897
249565,Youri Tielemans,Midfield,Central Midfield,Belgium,1003,Leicester City,GB1,premier-league,England,2022,2022-23,26,31,2351,3,2,5,0.115,0.077,0.191,38,0.89,68.74,0.452830189,0.283018868,45.28,28.3,36.79,39,124,2810
315853,Alessandro Bastoni,Defender,Centre-Back,Italy,46,Inter Milan,IT1,serie-a,Italy,2022,2022-23,24,29,2165,0,2,2,0,0.083,0.083,38,1.89,63.3,0.424657534,0.246575342,42.47,24.66,33.56,56,125,2975
190393,Corentin Tolisso,Midfield,Central Midfield,France,1041,Olympique Lyon,FR1,ligue-1,France,2022,2022-23,28,30,2045,1,2,3,0.044,0.088,0.132,38,1.63,59.8,0.410714286,0.232142857,41.07,23.21,32.14,44,125,3041
504153,Joe Scally,Defender,Right-Back,United States,18,Borussia Mönchengladbach,L1,bundesliga,Germany,2022,2022-23,20,28,2216,0,0,0,0,0,0,34,1.26,72.42,0,0.353846154,0,35.38,17.69,62,125,3615
415970,Joe Worrall,Defender,Centre-Back,England,703,Nottingham Forest,GB1,premier-league,England,2022,2022-23,26,30,2216,1,0,1,0.041,0,0.041,38,1,64.8,0.32,0.413333333,32,41.33,36.67,58,125,2821
142031,Omar Mascarell,Midfield,Defensive Midfield,Equatorial Guinea,1531,Elche CF,ES1,laliga,Spain,2022,2022-23,30,28,2450,0,1,1,0,0.037,0.037,38,0.66,71.64,0.109090909,0.563636364,10.91,56.36,33.64,45,125,2972
16306,Casemiro,Midfield,Defensive Midfield,Brazil,985,Manchester United,GB1,premier-league,England,2022,2022-23,31,28,2127,4,3,7,0.169,0.127,0.296,38,1.97,62.19,0.603773585,0.113207547,60.38,11.32,35.85,40,126,2849
179806,Miha Blazic,Defender,Centre-Back,,1420,Angers SCO,FR1,ligue-1,France,2022,2022-23,30,24,1979,2,0,2,0.091,0,0.091,38,0.47,57.87,0.528571429,0.1,52.86,10,31.43,54,126,3078
86784,Ricardo Rodríguez,Defender,Left-Back,Switzerland,416,Torino FC,IT1,serie-a,Italy,2022,2022-23,30,35,2675,0,0,0,0,0,0,38,1.39,78.22,0,0.657534247,0,65.75,32.88,57,126,3005
480267,Ronald Araujo,Defender,Centre-Back,Uruguay,131,FC Barcelona,ES1,laliga,Spain,2022,2022-23,24,22,1804,0,2,2,0,0.1,0.1,38,2.32,52.75,0.666666667,0,66.67,0,33.33,52,126,2981
612826,Silas,Attack,Right Winger,DR Congo,79,VfB Stuttgart,L1,bundesliga,Germany,2022,2022-23,24,30,2006,5,2,7,0.224,0.09,0.314,34,0.97,65.56,0.083333333,0.25,8.33,25,16.67,23,126,3643
67063,Danny Welbeck,Attack,Centre-Forward,England,1237,Brighton & Hove Albion,GB1,premier-league,England,2022,2022-23,32,31,1856,6,4,10,0.291,0.194,0.485,38,1.63,54.27,0.604651163,0.093023256,60.47,9.3,34.88,29,127,2902
119905,Hugo Mallo,Defender,Right-Back,Spain,940,Celta de Vigo,ES1,laliga,Spain,2022,2022-23,32,26,2172,0,1,1,0,0.041,0.041,38,1.13,63.51,0.396825397,0.26984127,39.68,26.98,33.33,53,127,2987
196792,Julian Weigl,Midfield,Defensive Midfield,Germany,18,Borussia Mönchengladbach,L1,bundesliga,Germany,2022,2022-23,27,23,1896,1,1,2,0.047,0.047,0.095,34,1.26,61.96,0.214285714,0.119047619,21.43,11.9,16.67,42,127,3647
462348,Mostafa Mohamed,Attack,Centre-Forward,Egypt,995,FC Nantes,FR1,ligue-1,France,2022,2022-23,25,36,1934,8,3,11,0.372,0.14,0.512,38,0.95,56.55,0.486486486,0.135135135,48.65,13.51,31.08,29,127,3092
74683,Nemanja Matić,Midfield,Defensive Midfield,Serbia,12,Associazione Sportiva Roma,IT1,serie-a,Italy,2022,2022-23,34,35,1838,2,3,5,0.098,0.147,0.245,38,1.66,53.74,0.633333333,0.016666667,63.33,1.67,32.5,45,127,3017
46413,Ante Budimir,Attack,Centre-Forward,Croatia,331,CA Osasuna,ES1,laliga,Spain,2022,2022-23,31,31,1809,8,1,9,0.398,0.05,0.448,38,1.39,52.89,0.642857143,0,64.29,0,32.14,30,128,3037
232320,Atakan Karazor,Midfield,Defensive Midfield,Türkiye,79,VfB Stuttgart,L1,bundesliga,Germany,2022,2022-23,26,29,1962,0,1,1,0,0.046,0.046,34,0.97,64.12,0.095238095,0.19047619,9.52,19.05,14.29,43,128,3711
42460,Ivan Perišić,Attack,Left Winger,Croatia,148,Tottenham Hotspur,GB1,premier-league,England,2022,2022-23,34,34,2111,1,8,9,0.043,0.341,0.384,38,1.58,61.73,0.348837209,0.348837209,34.88,34.88,34.88,30,128,2903
91970,Juan Cuadrado,Midfield,Right Midfield,Colombia,506,Juventus FC,IT1,serie-a,Italy,2022,2022-23,35,31,2084,1,3,4,0.043,0.13,0.173,38,1.89,60.94,0.45,0.2,45,20,32.5,46,128,3018
274862,Moses Simon,Attack,Left Winger,Nigeria,995,FC Nantes,FR1,ligue-1,France,2022,2022-23,27,34,2358,5,4,9,0.191,0.153,0.344,38,0.95,68.95,0.216216216,0.405405405,21.62,40.54,31.08,30,128,3093
282810,Carles Pérez,Attack,Right Winger,Spain,940,Celta de Vigo,ES1,laliga,Spain,2022,2022-23,25,35,2146,3,5,8,0.126,0.21,0.336,38,1.13,62.75,0.333333333,0.30952381,33.33,30.95,32.14,31,129,3039
94307,Filip Djuricic,Midfield,Attacking Midfield,Serbia,1038,UC Sampdoria,IT1,serie-a,Italy,2022,2022-23,31,32,2187,3,0,3,0.123,0,0.123,38,0.5,63.95,0.383333333,0.266666667,38.33,26.67,32.5,47,129,3020
162434,Niklas Stark,Defender,Centre-Back,Germany,86,SV Werder Bremen,L1,bundesliga,Germany,2022,2022-23,28,27,2082,0,0,0,0,0,0,34,1.06,68.04,0,0.276923077,0,27.69,13.85,63,129,3721
353403,Samuel Moutoussamy,Midfield,Central Midfield,DR Congo,995,FC Nantes,FR1,ligue-1,France,2022,2022-23,26,35,2400,0,2,2,0,0.075,0.075,38,0.95,70.18,0.196428571,0.410714286,19.64,41.07,30.36,45,129,3133
157672,Vladimír Coufal,Defender,Right-Back,Czech Republic,379,West Ham United,GB1,premier-league,England,2022,2022-23,30,27,2139,0,1,1,0,0.042,0.042,38,1.05,62.54,0.346666667,0.346666667,34.67,34.67,34.67,59,129,2917
272278,Chris Führich,Attack,Left Winger,Germany,79,VfB Stuttgart,L1,bundesliga,Germany,2022,2022-23,25,33,1891,5,2,7,0.238,0.095,0.333,34,0.97,61.8,0.125,0.041666667,12.5,4.17,8.33,24,130,3827
480762,Lisandro Martínez,Defender,Centre-Back,Argentina,985,Manchester United,GB1,premier-league,England,2022,2022-23,25,27,2117,1,0,1,0.043,0,0.043,38,1.97,61.9,0.36,0.32,36,32,34,60,130,2945
550108,Nicola Zalewski,Midfield,Left Midfield,Poland,12,Associazione Sportiva Roma,IT1,serie-a,Italy,2022,2022-23,21,33,2206,2,1,3,0.082,0.041,0.122,38,1.66,64.5,0.366666667,0.283333333,36.67,28.33,32.5,48,130,3021
461617,Rodrigo Riquelme,Attack,Left Winger,Spain,12321,Girona FC,ES1,laliga,Spain,2022,2022-23,23,34,2188,4,4,8,0.165,0.165,0.329,38,1.29,63.98,0.30952381,0.333333333,30.95,33.33,32.14,32,130,3040
554251,Yasser Larouci,Defender,Left-Back,Algeria,1095,ESTAC Troyes,FR1,ligue-1,France,2022,2022-23,22,30,1800,1,1,2,0.05,0.05,0.1,38,0.63,52.63,0.557142857,0,55.71,0,27.86,55,130,3254
240934,Filippo Bandinelli,Midfield,Central Midfield,Italy,749,FC Empoli,IT1,serie-a,Italy,2022,2022-23,28,35,2280,2,0,2,0.079,0,0.079,38,1.13,66.67,0.283333333,0.366666667,28.33,36.67,32.5,49,131,3022
585973,Johann Lepenant,Midfield,Defensive Midfield,France,1041,Olympique Lyon,FR1,ligue-1,France,2022,2022-23,20,31,1934,1,2,3,0.047,0.093,0.14,38,1.63,56.55,0.428571429,0.125,42.86,12.5,27.68,46,131,3262
160241,Kevin Akpoguma,Defender,Centre-Back,Nigeria,533,TSG 1899 Hoffenheim,L1,bundesliga,Germany,2022,2022-23,28,28,1952,0,0,0,0,0,0,34,1.06,63.79,0,0.123076923,0,12.31,6.15,64,131,3869
277384,Martin Valjent,Defender,Centre-Back,Slovakia,237,RCD Mallorca,ES1,laliga,Spain,2022,2022-23,27,30,2659,0,0,0,0,0,0,38,1.32,77.75,0,0.634920635,0,63.49,31.75,54,131,3061
290532,Saïd Benrahma,Attack,Left Winger,Algeria,379,West Ham United,GB1,premier-league,England,2022,2022-23,27,35,2071,6,3,9,0.261,0.13,0.391,38,1.05,60.56,0.372093023,0.302325581,37.21,30.23,33.72,31,131,2965
315145,Azor Matusiwa,Midfield,Defensive Midfield,Netherlands,1421,Stade Reims,FR1,ligue-1,France,2022,2022-23,25,30,2493,0,0,0,0,0,0,38,1.34,72.89,0,0.553571429,0,55.36,27.68,47,132,3263
644676,Bruno Amione,Defender,Centre-Back,Argentina,1038,UC Sampdoria,IT1,serie-a,Italy,2022,2022-23,21,26,2092,1,1,2,0.043,0.043,0.086,38,0.5,61.17,0.452054795,0.191780822,45.21,19.18,32.19,58,132,3035
592735,Gonzalo Plata,Attack,Right Winger,Ecuador,366,Real Valladolid CF,ES1,laliga,Spain,2022,2022-23,22,34,2309,1,7,8,0.039,0.273,0.312,38,1.05,67.51,0.238095238,0.380952381,23.81,38.1,30.95,33,132,3094
570160,Henning Matriciani,Defender,Centre-Back,Germany,33,FC Schalke 04,L1,bundesliga,Germany,2022,2022-23,23,22,1867,0,0,0,0,0,0,34,0.91,61.01,0,0.076923077,0,7.69,3.85,65,132,3899
145988,Wilfried Zaha,Attack,Left Winger,Cote d'Ivoire,873,Crystal Palace,GB1,premier-league,England,2022,2022-23,30,27,2294,7,2,9,0.275,0.078,0.353,38,1.18,67.08,0.255813953,0.418604651,25.58,41.86,33.72,32,132,2966
309400,Kai Havertz,Attack,Centre-Forward,Germany,631,Chelsea FC,GB1,premier-league,England,2022,2022-23,24,35,2579,7,1,8,0.244,0.035,0.279,38,1.16,75.41,0.11627907,0.558139535,11.63,55.81,33.72,33,133,2967
327757,Krzysztof Piatek,Attack,Centre-Forward,Poland,380,US Salernitana 1919,IT1,serie-a,Italy,2022,2022-23,27,33,2143,4,5,9,0.168,0.21,0.378,38,1.11,62.66,0.212121212,0.424242424,21.21,42.42,31.82,26,133,3058
288429,Mads Pedersen,Defender,Left-Back,Denmark,167,FC Augsburg,L1,bundesliga,Germany,2022,2022-23,26,28,1837,0,0,0,0,0,0,34,1,60.03,0,0.030769231,0,3.08,1.54,66,133,3915
369267,Maximiliano Caufriez,Defender,Centre-Back,Belgium,3524,Clermont Foot 63,FR1,ligue-1,France,2022,2022-23,26,26,2224,1,0,1,0.04,0,0.04,38,1.55,65.03,0.271428571,0.271428571,27.14,27.14,27.14,56,133,3289
203043,Pedro Bigas,Defender,Centre-Back,Spain,1531,Elche CF,ES1,laliga,Spain,2022,2022-23,33,28,2025,0,1,1,0,0.044,0.044,38,0.66,59.21,0.476190476,0.142857143,47.62,14.29,30.95,55,133,3098
225693,Fabinho,Midfield,Defensive Midfield,Brazil,31,Liverpool FC,GB1,premier-league,England,2022,2022-23,29,36,2677,0,2,2,0,0.067,0.067,38,1.76,78.27,0.094339623,0.566037736,9.43,56.6,33.02,41,134,2998
351816,Ismaël Bennacer,Midfield,Defensive Midfield,Algeria,5,AC Milan,IT1,serie-a,Italy,2022,2022-23,25,28,2012,2,2,4,0.089,0.089,0.179,38,1.84,58.83,0.466666667,0.166666667,46.67,16.67,31.67,50,134,3062
480763,Juan Foyth,Defender,Centre-Back,Argentina,1050,Villarreal CF,ES1,laliga,Spain,2022,2022-23,25,24,1961,1,0,1,0.046,0,0.046,38,1.68,57.34,0.492063492,0.111111111,49.21,11.11,30.16,56,134,3141
388795,Oumar Gonzalez,Defender,Centre-Back,Cameroon,1147,AC Ajaccio,FR1,ligue-1,France,2022,2022-23,25,30,2580,0,0,0,0,0,0,38,0.68,75.44,0,0.528571429,0,52.86,26.43,57,134,3315
36284,Simon Terodde,Attack,Centre-Forward,Germany,33,FC Schalke 04,L1,bundesliga,Germany,2022,2022-23,35,32,1825,5,1,6,0.247,0.049,0.296,34,0.91,59.64,0,0,0,0,0,25,134,3927
560593,Hicham Boudaoui,Midfield,Central Midfield,Algeria,417,OGC Nice,FR1,ligue-1,France,2022,2022-23,23,27,1882,1,2,3,0.048,0.096,0.143,38,1.53,55.03,0.446428571,0.071428571,44.64,7.14,25.89,48,135,3336
344072,Kelvin Amian,Defender,Right-Back,France,3522,Spezia Calcio,IT1,serie-a,Italy,2022,2022-23,25,30,2373,0,1,1,0,0.038,0.038,38,0.82,69.39,0.178082192,0.452054795,17.81,45.21,31.51,59,135,3073
247250,Rubén Alcaraz,Midfield,Central Midfield,Spain,2687,Cádiz CF,ES1,laliga,Spain,2022,2022-23,32,31,2049,3,0,3,0.132,0,0.132,38,1.11,59.91,0.345454545,0.236363636,34.55,23.64,29.09,46,135,3190
258878,Tosin Adarabioyo,Defender,Centre-Back,England,931,Fulham FC,GB1,premier-league,England,2022,2022-23,25,25,2084,1,0,1,0.043,0,0.043,38,1.37,60.94,0.36,0.293333333,36,29.33,32.67,61,135,3011
108354,Jordan Ayew,Attack,Centre-Forward,Ghana,873,Crystal Palace,GB1,premier-league,England,2022,2022-23,31,38,2722,4,3,7,0.132,0.099,0.231,38,1.18,79.59,0.046511628,0.604651163,4.65,60.47,32.56,34,136,3016
183031,Koffi Djidji,Defender,Centre-Back,Cote d'Ivoire,416,Torino FC,IT1,serie-a,Italy,2022,2022-23,30,34,2423,1,0,1,0.037,0,0.037,38,1.39,70.85,0.150684932,0.479452055,15.07,47.95,31.51,60,136,3074
139279,Nicolas Pallois,Defender,Centre-Back,France,995,FC Nantes,FR1,ligue-1,France,2022,2022-23,35,26,2217,1,0,1,0.041,0,0.041,38,0.95,64.82,0.285714286,0.228571429,28.57,22.86,25.71,58,136,3344
503991,Yunus Musah,Midfield,Central Midfield,United States,1049,Valencia CF,ES1,laliga,Spain,2022,2022-23,20,33,2121,0,2,2,0,0.085,0.085,38,1.11,62.02,0.236363636,0.309090909,23.64,30.91,27.27,47,136,3281
203507,Adrien Hunou,Attack,Centre-Forward,France,1420,Angers SCO,FR1,ligue-1,France,2022,2022-23,29,34,2249,4,3,7,0.16,0.12,0.28,38,0.47,65.76,0.135135135,0.378378378,13.51,37.84,25.68,31,137,3345
393323,Brenden Aaronson,Midfield,Attacking Midfield,United States,399,Leeds United,GB1,premier-league,England,2022,2022-23,22,36,2383,1,3,4,0.038,0.113,0.151,38,0.82,69.68,0.320754717,0.320754717,32.08,32.08,32.08,42,137,3047
607854,Éderson,Midfield,Central Midfield,Brazil,800,Atalanta BC,IT1,serie-a,Italy,2022,2022-23,23,35,2221,1,1,2,0.041,0.041,0.081,38,1.68,64.94,0.3,0.316666667,30,31.67,30.83,51,137,3102
657430,Samú Costa,Midfield,Defensive Midfield,Portugal,3302,UD Almería,ES1,laliga,Spain,2022,2022-23,22,32,1986,1,2,3,0.045,0.091,0.136,38,1.08,58.07,0.363636364,0.163636364,36.36,16.36,26.36,48,137,3319
14086,Ashley Young,Defender,Right-Back,England,405,Aston Villa,GB1,premier-league,England,2022,2022-23,37,29,2038,1,0,1,0.044,0,0.044,38,1.61,59.59,0.386666667,0.253333333,38.67,25.33,32,62,138,3052
243879,Charles Pickel,Midfield,Defensive Midfield,DR Congo,2239,US Cremonese,IT1,serie-a,Italy,2022,2022-23,26,33,2492,1,0,1,0.036,0,0.036,38,0.71,72.87,0.066666667,0.55,6.67,55,30.83,52,138,3103
113133,Germán Pezzella,Defender,Centre-Back,Argentina,150,Real Betis Balompié,ES1,laliga,Spain,2022,2022-23,32,31,2516,0,0,0,0,0,0,38,1.58,73.57,0,0.523809524,0,52.38,26.19,57,138,3325
182875,Jean-Charles Castelletto,Defender,Centre-Back,Cameroon,995,FC Nantes,FR1,ligue-1,France,2022,2022-23,28,32,2569,0,0,0,0,0,0,38,0.95,75.12,0,0.5,0,50,25,59,138,3378
338425,Álex Berenguer,Attack,Left Winger,Spain,621,Athletic Bilbao,ES1,laliga,Spain,2022,2022-23,27,37,2301,4,2,6,0.156,0.078,0.235,38,1.34,67.28,0.142857143,0.357142857,14.29,35.71,25,34,139,3368
131075,Francesco Acerbi,Defender,Centre-Back,Italy,46,Inter Milan,IT1,serie-a,Italy,2022,2022-23,35,31,2420,0,1,1,0,0.037,0.037,38,1.89,70.76,0.150684932,0.465753425,15.07,46.58,30.82,61,139,3104
324795,Mahdi Camara,Midfield,Central Midfield,France,3911,Stade Brestois 29,FR1,ligue-1,France,2022,2022-23,25,31,1826,2,1,3,0.099,0.049,0.148,38,1.16,53.39,0.464285714,0.017857143,46.43,1.79,24.11,49,139,3403
404842,Vitaliy Mykolenko,Defender,Left-Back,Ukraine,29,Everton FC,GB1,premier-league,England,2022,2022-23,24,34,2655,0,0,0,0,0,0,38,0.95,77.63,0,0.64,0,64,32,63,139,3053
63494,Étienne Capoue,Midfield,Defensive Midfield,France,1050,Villarreal CF,ES1,laliga,Spain,2022,2022-23,34,28,1957,3,0,3,0.138,0,0.138,38,1.68,57.22,0.381818182,0.090909091,38.18,9.09,23.64,49,140,3421
503075,Isak Hien,Defender,Centre-Back,Sweden,276,Hellas Verona,IT1,serie-a,Italy,2022,2022-23,24,32,2607,0,0,0,0,0,0,38,0.82,76.23,0,0.616438356,0,61.64,30.82,62,140,3106
134425,Raheem Sterling,Attack,Right Winger,England,631,Chelsea FC,GB1,premier-league,England,2022,2022-23,28,28,1902,6,3,9,0.284,0.142,0.426,38,1.16,55.61,0.488372093,0.139534884,48.84,13.95,31.4,35,140,3082
135617,Thiago Mendes,Midfield,Defensive Midfield,Brazil,1041,Olympique Lyon,FR1,ligue-1,France,2022,2022-23,31,31,2062,1,1,2,0.044,0.044,0.087,38,1.63,60.29,0.232142857,0.25,23.21,25,24.11,50,140,3404
449496,Álvaro Aguado,Midfield,Central Midfield,Spain,366,Real Valladolid CF,ES1,laliga,Spain,2022,2022-23,27,34,1882,1,2,3,0.048,0.096,0.143,38,1.05,55.03,0.4,0.054545455,40,5.45,22.73,50,141,3452
272622,Issa Diop,Defender,Centre-Back,Morocco,931,Fulham FC,GB1,premier-league,England,2022,2022-23,26,25,2009,1,0,1,0.045,0,0.045,38,1.37,58.74,0.4,0.226666667,40,22.67,31.33,64,141,3086
324690,Jonathan Ikoné,Attack,Right Winger,France,430,ACF Fiorentina,IT1,serie-a,Italy,2022,2022-23,25,33,2007,4,5,9,0.179,0.224,0.404,38,1.47,58.68,0.303030303,0.303030303,30.3,30.3,30.3,27,141,3134
238626,Laurent Abergel,Midfield,Defensive Midfield,France,1158,FC Lorient,FR1,ligue-1,France,2022,2022-23,30,29,2350,0,1,1,0,0.038,0.038,38,1.45,68.71,0.107142857,0.375,10.71,37.5,24.11,51,141,3405
485706,Amadou Onana,Midfield,Defensive Midfield,Belgium,29,Everton FC,GB1,premier-league,England,2022,2022-23,21,33,2496,1,2,3,0.036,0.072,0.108,38,0.95,72.98,0.20754717,0.41509434,20.75,41.51,31.13,43,142,3091
306166,Nuno da Costa,Attack,Centre-Forward,Cape Verde,290,AJ Auxerre,FR1,ligue-1,France,2022,2022-23,32,33,2015,5,4,9,0.223,0.179,0.402,38,0.92,58.92,0.297297297,0.162162162,29.73,16.22,22.97,32,142,3440
467992,Samuele Ricci,Midfield,Defensive Midfield,Italy,416,Torino FC,IT1,serie-a,Italy,2022,2022-23,21,28,2073,2,1,3,0.087,0.043,0.13,38,1.39,60.61,0.416666667,0.183333333,41.67,18.33,30,53,142,3148
280701,Théo Bongonda,Attack,Right Winger,DR Congo,2687,Cádiz CF,ES1,laliga,Spain,2022,2022-23,27,31,1951,4,3,7,0.185,0.138,0.323,38,1.11,57.05,0.261904762,0.19047619,26.19,19.05,22.62,35,142,3455
236041,Alexis Blin,Midfield,Defensive Midfield,France,1005,US Lecce,IT1,serie-a,Italy,2022,2022-23,26,35,2381,1,0,1,0.038,0,0.038,38,0.95,69.62,0.083333333,0.5,8.33,50,29.17,54,143,3189
281989,Luis Milla,Midfield,Central Midfield,Spain,3709,Getafe CF,ES1,laliga,Spain,2022,2022-23,28,27,1863,0,3,3,0,0.145,0.145,38,1.11,54.47,0.418181818,0.018181818,41.82,1.82,21.82,51,143,3483
230784,Thomas Partey,Midfield,Defensive Midfield,Ghana,11,Arsenal FC,GB1,premier-league,England,2022,2022-23,30,33,2486,3,0,3,0.109,0,0.109,38,2.21,72.69,0.226415094,0.377358491,22.64,37.74,30.19,44,143,3140
406008,Yan Valery,Defender,Right-Back,Tunisia,1420,Angers SCO,FR1,ligue-1,France,2022,2022-23,24,30,2504,0,0,0,0,0,0,38,0.47,73.22,0,0.457142857,0,45.71,22.86,60,143,3447
250779,Brendan Chardonnet,Defender,Centre-Back,France,3911,Stade Brestois 29,FR1,ligue-1,France,2022,2022-23,28,30,2489,0,0,0,0,0,0,38,1.16,72.78,0,0.442857143,0,44.29,22.14,61,144,3468
487834,Lorenzo Pirola,Defender,Centre-Back,Italy,380,US Salernitana 1919,IT1,serie-a,Italy,2022,2022-23,21,26,1949,2,0,2,0.092,0,0.092,38,1.11,56.99,0.493150685,0.082191781,49.32,8.22,28.77,63,144,3213
563963,Mohammed Salisu,Defender,Centre-Back,Ghana,180,Southampton FC,GB1,premier-league,England,2022,2022-23,24,22,1973,0,1,1,0,0.046,0.046,38,0.66,57.69,0.413333333,0.173333333,41.33,17.33,29.33,65,144,3180
225593,Pere Milla,Attack,Left Winger,Spain,1531,Elche CF,ES1,laliga,Spain,2022,2022-23,30,31,1873,6,1,7,0.288,0.048,0.336,38,0.66,54.77,0.333333333,0.071428571,33.33,7.14,20.24,36,144,3528
35047,Axel Witsel,Midfield,Defensive Midfield,Belgium,13,Atlético de Madrid,ES1,laliga,Spain,2022,2022-23,34,33,2254,0,0,0,0,0,0,38,2.03,65.91,0,0.4,0,40,20,52,145,3545
200056,Elseid Hysaj,Defender,Right-Back,Albania,398,Società Sportiva Lazio S.p.A.,IT1,serie-a,Italy,2022,2022-23,29,34,1994,1,1,2,0.045,0.045,0.09,38,1.95,58.3,0.465753425,0.109589041,46.58,10.96,28.77,64,145,3214
289802,Rafael Ratão,Attack,Second Striker,Brazil,415,FC Toulouse,FR1,ligue-1,France,2022,2022-23,27,30,1869,5,4,9,0.241,0.193,0.433,38,1.26,54.65,0.351351351,0.081081081,35.14,8.11,21.62,33,145,3490
270171,Vitaly Janelt,Midfield,Defensive Midfield,Germany,1148,Brentford FC,GB1,premier-league,England,2022,2022-23,25,35,2210,3,1,4,0.122,0.041,0.163,38,1.55,64.62,0.377358491,0.20754717,37.74,20.75,29.25,45,145,3184
798404,Alidu Seidu,Defender,Centre-Back,Ghana,3524,Clermont Foot 63,FR1,ligue-1,France,2022,2022-23,23,28,2463,0,0,0,0,0,0,38,1.55,72.02,0,0.428571429,0,42.86,21.43,62,146,3494
268178,Arkadiusz Reca,Midfield,Left Midfield,Poland,3522,Spezia Calcio,IT1,serie-a,Italy,2022,2022-23,28,30,2173,1,1,2,0.041,0.041,0.083,38,0.82,63.54,0.316666667,0.25,31.67,25,28.33,55,146,3238
475188,Kiernan Dewsbury-Hall,Midfield,Central Midfield,England,1003,Leicester City,GB1,premier-league,England,2022,2022-23,24,31,2316,2,2,4,0.078,0.078,0.155,38,0.89,67.72,0.339622642,0.245283019,33.96,24.53,29.25,46,146,3185
92947,Sergi Gómez,Defender,Centre-Back,Spain,714,RCD Espanyol Barcelona,ES1,laliga,Spain,2022,2022-23,31,29,2342,0,0,0,0,0,0,38,0.97,68.48,0,0.349206349,0,34.92,17.46,58,146,3621
591949,Aaron Hickey,Defender,Right-Back,Scotland,1148,Brentford FC,GB1,premier-league,England,2022,2022-23,21,26,1931,0,1,1,0,0.047,0.047,38,1.55,56.46,0.44,0.12,44,12,28,66,147,3249
315865,Andrea Pinamonti,Attack,Centre-Forward,Italy,6574,US Sassuolo,IT1,serie-a,Italy,2022,2022-23,24,32,2174,5,1,6,0.207,0.041,0.248,38,1.18,63.57,0.060606061,0.484848485,6.06,48.48,27.27,28,147,3280
640428,Eduardo Camavinga,Midfield,Central Midfield,France,418,Real Madrid,ES1,laliga,Spain,2022,2022-23,20,37,2002,0,1,1,0,0.045,0.045,38,2.05,58.54,0.145454545,0.181818182,14.55,18.18,16.36,53,147,3656
215114,Thomas Foket,Defender,Right-Back,Belgium,1421,Stade Reims,FR1,ligue-1,France,2022,2022-23,28,24,1982,0,1,1,0,0.045,0.045,38,1.34,57.95,0.3,0.114285714,30,11.43,20.71,63,147,3515
292417,Demarai Gray,Attack,Left Winger,Jamaica,29,Everton FC,GB1,premier-league,England,2022,2022-23,27,33,2511,4,1,5,0.143,0.036,0.179,38,0.95,73.42,0.023255814,0.534883721,2.33,53.49,27.91,36,148,3253
277167,Gian Marco Ferrari,Defender,Centre-Back,Italy,6574,US Sassuolo,IT1,serie-a,Italy,2022,2022-23,31,33,2220,1,0,1,0.041,0,0.041,38,1.18,64.91,0.191780822,0.328767123,19.18,32.88,26.03,65,148,3331
57482,Mohamed Youssouf,Defender,Right-Back,Comoros,1147,AC Ajaccio,FR1,ligue-1,France,2022,2022-23,35,30,2459,0,0,0,0,0,0,38,0.68,71.9,0,0.414285714,0,41.43,20.71,64,148,3516
339816,Tete Morente,Attack,Left Winger,Spain,1531,Elche CF,ES1,laliga,Spain,2022,2022-23,26,32,2073,4,0,4,0.174,0,0.174,38,0.66,60.61,0.047619048,0.261904762,4.76,26.19,15.48,37,148,3673
532775,Melvin Bard,Defender,Left-Back,France,417,OGC Nice,FR1,ligue-1,France,2022,2022-23,22,33,2458,0,0,0,0,0,0,38,1.53,71.87,0,0.4,0,40,20,65,149,3544
273152,Nemanja Maksimovic,Midfield,Central Midfield,Serbia,3709,Getafe CF,ES1,laliga,Spain,2022,2022-23,28,29,2068,0,0,0,0,0,0,38,1.11,60.47,0,0.254545455,0,25.45,12.73,54,149,3746
65278,Pedro,Attack,Right Winger,Spain,398,Società Sportiva Lazio S.p.A.,IT1,serie-a,Italy,2022,2022-23,35,36,1895,4,5,9,0.19,0.237,0.427,38,1.95,55.41,0.363636364,0.151515152,36.36,15.15,25.76,29,149,3340
127032,Serge Aurier,Defender,Right-Back,Cote d'Ivoire,703,Nottingham Forest,GB1,premier-league,England,2022,2022-23,30,24,1949,1,0,1,0.046,0,0.046,38,1,56.99,0.413333333,0.133333333,41.33,13.33,27.33,67,149,3279
347253,Dany Mota,Attack,Centre-Forward,Portugal,2919,AC Monza,IT1,serie-a,Italy,2022,2022-23,25,29,1922,5,4,9,0.234,0.187,0.421,38,1.37,56.2,0.333333333,0.181818182,33.33,18.18,25.76,30,150,3341
111630,Erik Lamela,Attack,Right Winger,Argentina,368,Sevilla FC,ES1,laliga,Spain,2022,2022-23,31,32,1845,6,0,6,0.293,0,0.293,38,1.29,53.95,0.19047619,0.047619048,19.05,4.76,11.9,38,150,3766
387626,Leon Bailey,Attack,Right Winger,Jamaica,405,Aston Villa,GB1,premier-league,England,2022,2022-23,25,33,1984,4,4,8,0.181,0.181,0.363,38,1.61,58.01,0.325581395,0.209302326,32.56,20.93,26.74,37,150,3306
46001,Moussa Sissoko,Midfield,Central Midfield,France,995,FC Nantes,FR1,ligue-1,France,2022,2022-23,33,30,1924,2,0,2,0.094,0,0.094,38,0.95,56.26,0.285714286,0.107142857,28.57,10.71,19.64,52,150,3558
346779,Ché Adams,Attack,Centre-Forward,Scotland,180,Southampton FC,GB1,premier-league,England,2022,2022-23,26,28,1997,5,3,8,0.225,0.135,0.361,38,0.66,58.39,0.302325581,0.23255814,30.23,23.26,26.74,38,151,3307
160986,Matteo Bianchetti,Defender,Centre-Back,Italy,2239,US Cremonese,IT1,serie-a,Italy,2022,2022-23,30,25,2131,1,0,1,0.042,0,0.042,38,0.71,62.31,0.205479452,0.219178082,20.55,21.92,21.23,66,151,3498
221309,Óscar Plano,Attack,Right Winger,Spain,366,Real Valladolid CF,ES1,laliga,Spain,2022,2022-23,32,33,2049,1,2,3,0.044,0.088,0.132,38,1.05,59.91,0,0.238095238,0,23.81,11.9,39,151,3767
594997,Yohann Magnin,Midfield,Defensive Midfield,France,3524,Clermont Foot 63,FR1,ligue-1,France,2022,2022-23,26,38,2391,0,0,0,0,0,0,38,1.55,69.91,0,0.392857143,0,39.29,19.64,53,151,3559
149579,Elbasan Rashani,Attack,Left Winger,Kosovo,3524,Clermont Foot 63,FR1,ligue-1,France,2022,2022-23,30,32,2175,3,3,6,0.124,0.124,0.248,38,1.55,63.6,0.081081081,0.297297297,8.11,29.73,18.92,34,152,3578
321247,Emiliano Buendía,Attack,Left Winger,Argentina,405,Aston Villa,GB1,premier-league,England,2022,2022-23,26,38,2422,5,2,7,0.186,0.074,0.26,38,1.61,70.82,0.069767442,0.465116279,6.98,46.51,26.74,39,152,3308
357003,Martin Erlić,Defender,Centre-Back,Croatia,6574,US Sassuolo,IT1,serie-a,Italy,2022,2022-23,25,28,2332,0,0,0,0,0,0,38,1.18,68.19,0,0.397260274,0,39.73,19.86,67,152,3549
15452,Raúl Albiol,Defender,Centre-Back,Spain,1050,Villarreal CF,ES1,laliga,Spain,2022,2022-23,37,25,2119,0,0,0,0,0,0,38,1.68,61.96,0,0.222222222,0,22.22,11.11,59,152,3784
569388,Clément Vidal,Defender,Centre-Back,France,1147,AC Ajaccio,FR1,ligue-1,France,2022,2022-23,23,26,1900,1,0,1,0.047,0,0.047,38,0.68,55.56,0.314285714,0.042857143,31.43,4.29,17.86,66,153,3608
341110,Franco Cervi,Attack,Left Winger,Argentina,940,Celta de Vigo,ES1,laliga,Spain,2022,2022-23,29,36,1895,0,4,4,0,0.19,0.19,38,1.13,55.41,0.095238095,0.119047619,9.52,11.9,10.71,40,153,3793
290862,Maxime Lopez,Midfield,Defensive Midfield,France,6574,US Sassuolo,IT1,serie-a,Italy,2022,2022-23,25,30,2297,0,0,0,0,0,0,38,1.18,67.16,0,0.383333333,0,38.33,19.17,56,153,3570
177476,Nathan Aké,Defender,Centre-Back,Netherlands,281,Manchester City,GB1,premier-league,England,2022,2022-23,28,26,1877,1,0,1,0.048,0,0.048,38,2.34,54.88,0.453333333,0.08,45.33,8,26.67,68,153,3311
337725,Christian Kouamé,Attack,Centre-Forward,Cote d'Ivoire,430,ACF Fiorentina,IT1,serie-a,Italy,2022,2022-23,25,28,1871,4,4,8,0.192,0.192,0.385,38,1.47,54.71,0.272727273,0.090909091,27.27,9.09,18.18,31,154,3592
126665,Idrissa Gueye,Midfield,Defensive Midfield,Senegal,29,Everton FC,GB1,premier-league,England,2022,2022-23,33,33,2593,0,1,1,0,0.035,0.035,38,0.95,75.82,0.037735849,0.490566038,3.77,49.06,26.42,47,154,3317
646733,Jim Allevinah,Attack,Right Winger,Gabon,3524,Clermont Foot 63,FR1,ligue-1,France,2022,2022-23,28,36,2247,1,1,2,0.04,0.04,0.08,38,1.55,65.7,0,0.351351351,0,35.14,17.57,35,154,3620
169497,Juan Cruz,Defender,Left-Back,Spain,331,CA Osasuna,ES1,laliga,Spain,2022,2022-23,30,27,2058,0,0,0,0,0,0,38,1.39,60.18,0,0.174603175,0,17.46,8.73,60,154,3824
307519,Fede San Emeterio,Midfield,Central Midfield,Spain,2687,Cádiz CF,ES1,laliga,Spain,2022,2022-23,26,33,1855,0,1,1,0,0.049,0.049,38,1.11,54.24,0.163636364,0,16.36,0,8.18,55,155,3831
38607,Federico Di Francesco,Attack,Left Winger,Italy,1005,US Lecce,IT1,serie-a,Italy,2022,2022-23,29,36,2037,2,3,5,0.088,0.133,0.221,38,0.95,59.56,0.03030303,0.333333333,3.03,33.33,18.18,32,155,3594
102558,Marco Verratti,Midfield,Central Midfield,Italy,583,Paris Saint-Germain,FR1,ligue-1,France,2022,2022-23,30,29,2206,0,0,0,0,0,0,38,2.24,64.5,0,0.339285714,0,33.93,16.96,54,155,3637
503680,Neco Williams,Defender,Left-Back,Wales,703,Nottingham Forest,GB1,premier-league,England,2022,2022-23,22,31,1876,1,0,1,0.048,0,0.048,38,1,54.85,0.453333333,0.066666667,45.33,6.67,26,69,155,3332
272261,Antonín Barák,Midfield,Attacking Midfield,Czech Republic,430,ACF Fiorentina,IT1,serie-a,Italy,2022,2022-23,28,30,1807,2,0,2,0.1,0,0.1,38,1.47,52.84,0.333333333,0,33.33,0,16.67,57,156,3646
285323,Baptiste Santamaria,Midfield,Defensive Midfield,France,273,Stade Rennais FC,FR1,ligue-1,France,2022,2022-23,28,25,1813,2,0,2,0.099,0,0.099,38,1.79,53.01,0.321428571,0,32.14,0,16.07,55,156,3664
800175,Luiz Henrique,Attack,Right Winger,Brazil,150,Real Betis Balompié,ES1,laliga,Spain,2022,2022-23,22,33,1811,1,3,4,0.05,0.149,0.199,38,1.58,52.95,0.119047619,0.023809524,11.9,2.38,7.14,41,156,3851
336869,Marc Roca,Midfield,Defensive Midfield,Spain,399,Leeds United,GB1,premier-league,England,2022,2022-23,26,32,2330,1,2,3,0.039,0.077,0.116,38,0.82,68.13,0.245283019,0.264150943,24.53,26.42,25.47,48,156,3354
397171,Gideon Mensah,Defender,Left-Back,Ghana,290,AJ Auxerre,FR1,ligue-1,France,2022,2022-23,24,26,2264,0,0,0,0,0,0,38,0.92,66.2,0,0.3,0,30,15,67,157,3691
15956,Jesús Navas,Midfield,Right Midfield,Spain,368,Sevilla FC,ES1,laliga,Spain,2022,2022-23,37,32,1980,0,0,0,0,0,0,38,1.29,57.89,0,0.127272727,0,12.73,6.36,56,157,3866
587458,Kevin Agudelo,Midfield,Attacking Midfield,Colombia,3522,Spezia Calcio,IT1,serie-a,Italy,2022,2022-23,24,34,2137,0,1,1,0,0.042,0.042,38,0.82,62.49,0.1,0.233333333,10,23.33,16.67,58,157,3653
425334,Matty Cash,Defender,Right-Back,Poland,405,Aston Villa,GB1,premier-league,England,2022,2022-23,25,26,1821,0,1,1,0,0.049,0.049,38,1.61,53.25,0.48,0.026666667,48,2.67,25.33,70,157,3362
776798,Abdallah Sima,Attack,Left Winger,Senegal,1420,Angers SCO,FR1,ligue-1,France,2022,2022-23,22,34,1833,5,2,7,0.245,0.098,0.344,38,0.47,53.6,0.216216216,0,21.62,0,10.81,36,158,3789
104124,Michail Antonio,Attack,Centre-Forward,Jamaica,379,West Ham United,GB1,premier-league,England,2022,2022-23,33,33,1838,5,3,8,0.245,0.147,0.392,38,1.05,53.74,0.395348837,0.046511628,39.53,4.65,22.09,40,158,3470
111196,Stefan de Vrij,Defender,Centre-Back,Netherlands,46,Inter Milan,IT1,serie-a,Italy,2022,2022-23,31,27,1943,1,0,1,0.046,0,0.046,38,1.89,56.81,0.219178082,0.068493151,21.92,6.85,14.38,68,158,3710
367466,Thierry Correia,Defender,Right-Back,Portugal,1049,Valencia CF,ES1,laliga,Spain,2022,2022-23,24,27,2016,0,0,0,0,0,0,38,1.11,58.95,0,0.126984127,0,12.7,6.35,61,158,3867
341272,Álex Pozo,Attack,Right Winger,Spain,3302,UD Almería,ES1,laliga,Spain,2022,2022-23,24,30,1875,0,3,3,0,0.144,0.144,38,1.08,54.82,0.023809524,0.095238095,2.38,9.52,5.95,42,159,3873
267147,Cyrille Bayala,Attack,Right Winger,Burkina Faso,1147,AC Ajaccio,FR1,ligue-1,France,2022,2022-23,27,33,2017,1,1,2,0.045,0.045,0.089,38,0.68,58.98,0.027027027,0.189189189,2.7,18.92,10.81,37,159,3790
331401,Manuel Lazzari,Defender,Right-Back,Italy,398,Società Sportiva Lazio S.p.A.,IT1,serie-a,Italy,2022,2022-23,29,28,1885,0,1,1,0,0.048,0.048,38,1.95,55.12,0.232876712,0.04109589,23.29,4.11,13.7,69,159,3727
186644,Mohamed Elyounoussi,Attack,Second Striker,Norway,180,Southampton FC,GB1,premier-league,England,2022,2022-23,28,33,2179,1,1,2,0.041,0.041,0.083,38,0.66,63.71,0,0.395348837,0,39.53,19.77,41,159,3552
480987,Chris Mepham,Defender,Centre-Back,Wales,989,AFC Bournemouth,GB1,premier-league,England,2022,2022-23,25,26,2198,0,0,0,0,0,0,38,1.03,64.27,0,0.386666667,0,38.67,19.33,71,160,3566
242273,Pedro Chirivella,Midfield,Defensive Midfield,Spain,995,FC Nantes,FR1,ligue-1,France,2022,2022-23,26,26,2041,0,0,0,0,0,0,38,0.95,59.68,0,0.214285714,0,21.43,10.71,56,160,3794
287579,Sofyan Amrabat,Midfield,Defensive Midfield,Morocco,430,ACF Fiorentina,IT1,serie-a,Italy,2022,2022-23,26,29,2004,0,1,1,0,0.045,0.045,38,1.47,58.6,0.116666667,0.15,11.67,15,13.33,59,160,3733
107010,Stefan Savic,Defender,Centre-Back,Montenegro,13,Atlético de Madrid,ES1,laliga,Spain,2022,2022-23,32,22,1946,0,0,0,0,0,0,38,2.03,56.9,0,0.079365079,0,7.94,3.97,62,160,3897
211389,Helibelton Palacios,Defender,Right-Back,Colombia,1531,Elche CF,ES1,laliga,Spain,2022,2022-23,30,24,1919,0,0,0,0,0,0,38,0.66,56.11,0,0.063492063,0,6.35,3.17,63,161,3907
375881,Ismaël Diallo,Defender,Left-Back,Cote d'Ivoire,1147,AC Ajaccio,FR1,ligue-1,France,2022,2022-23,26,28,2182,0,0,0,0,0,0,38,0.68,63.8,0,0.2,0,20,10,68,161,3806
532937,Johan Vásquez,Defender,Centre-Back,Mexico,2239,US Cremonese,IT1,serie-a,Italy,2022,2022-23,24,25,1809,1,0,1,0.05,0,0.05,38,0.71,52.89,0.246575342,0,24.66,0,12.33,70,161,3755
628451,Roméo Lavia,Midfield,Defensive Midfield,Belgium,180,Southampton FC,GB1,premier-league,England,2022,2022-23,19,29,2231,1,0,1,0.04,0,0.04,38,0.66,65.23,0.056603774,0.226415094,5.66,22.64,14.15,49,161,3712
199733,Danilo Cataldi,Midfield,Defensive Midfield,Italy,398,Società Sportiva Lazio S.p.A.,IT1,serie-a,Italy,2022,2022-23,28,29,1941,0,1,1,0,0.046,0.046,38,1.95,56.75,0.133333333,0.083333333,13.33,8.33,10.83,60,162,3788
344892,Gauthier Hein,Attack,Right Winger,France,290,AJ Auxerre,FR1,ligue-1,France,2022,2022-23,26,35,1883,2,0,2,0.096,0,0.096,38,0.92,55.06,0.054054054,0.108108108,5.41,10.81,8.11,38,162,3833
197838,Jamie Vardy,Attack,Centre-Forward,England,1003,Leicester City,GB1,premier-league,England,2022,2022-23,36,37,1852,3,4,7,0.146,0.194,0.34,38,0.89,54.15,0.209302326,0.069767442,20.93,6.98,13.95,42,162,3717
240692,Reinildo Mandava,Defender,Left-Back,Mozambique,13,Atlético de Madrid,ES1,laliga,Spain,2022,2022-23,29,22,1861,0,0,0,0,0,0,38,2.03,54.42,0,0.031746032,0,3.17,1.59,64,162,3914
39914,Mathieu Coutadeur,Midfield,Central Midfield,,1147,AC Ajaccio,FR1,ligue-1,France,2022,2022-23,37,27,1951,0,0,0,0,0,0,38,0.68,57.05,0,0.142857143,0,14.29,7.14,57,163,3853
344152,Odsonne Édouard,Attack,Centre-Forward,France,873,Crystal Palace,GB1,premier-league,England,2022,2022-23,25,35,1806,5,2,7,0.249,0.1,0.349,38,1.18,52.81,0.23255814,0,23.26,0,11.63,43,163,3775
126540,Samuel Umtiti,Defender,Centre-Back,France,1005,US Lecce,IT1,serie-a,Italy,2022,2022-23,29,25,2116,0,0,0,0,0,0,38,0.95,61.87,0,0.205479452,0,20.55,10.27,71,163,3798
225873,Karol Linetty,Midfield,Central Midfield,Poland,416,Torino FC,IT1,serie-a,Italy,2022,2022-23,28,32,1889,1,0,1,0.048,0,0.048,38,1.39,55.23,0.15,0.05,15,5,10,61,164,3805
60558,Maxime Le Marchand,Defender,Centre-Back,France,667,RC Strasbourg Alsace,FR1,ligue-1,France,2022,2022-23,33,26,2016,0,0,0,0,0,0,38,1.05,58.95,0,0.128571429,0,12.86,6.43,69,164,3865
258004,Rúben Dias,Defender,Centre-Back,Portugal,281,Manchester City,GB1,premier-league,England,2022,2022-23,26,26,1998,0,0,0,0,0,0,38,2.34,58.42,0,0.213333333,0,21.33,10.67,72,164,3795
295331,Isaac Success,Attack,Centre-Forward,Nigeria,410,Udinese Calcio,IT1,serie-a,Italy,2022,2022-23,27,30,1822,1,6,7,0.049,0.296,0.346,38,1.21,53.27,0.151515152,0.03030303,15.15,3.03,9.09,33,165,3820
188077,Ryan Christie,Midfield,Central Midfield,Scotland,989,AFC Bournemouth,GB1,premier-league,England,2022,2022-23,28,32,1841,1,1,2,0.049,0.049,0.098,38,1.03,53.83,0.169811321,0.018867925,16.98,1.89,9.43,50,165,3814
702441,Sinaly Diomandé,Defender,Centre-Back,Cote d'Ivoire,1041,Olympique Lyon,FR1,ligue-1,France,2022,2022-23,22,24,1959,0,0,0,0,0,0,38,1.63,57.28,0,0.071428571,0,7.14,3.57,70,165,3904
435228,Ardian Ismajli,Defender,Centre-Back,Albania,749,FC Empoli,IT1,serie-a,Italy,2022,2022-23,26,25,2091,0,0,0,0,0,0,38,1.13,61.14,0,0.178082192,0,17.81,8.9,72,166,3823
61651,Jordan Henderson,Midfield,Defensive Midfield,England,31,Liverpool FC,GB1,premier-league,England,2022,2022-23,33,35,2072,0,2,2,0,0.087,0.087,38,1.76,60.58,0.113207547,0.075471698,11.32,7.55,9.43,51,166,3815
212847,Adam Webster,Defender,Centre-Back,England,1237,Brighton & Hove Albion,GB1,premier-league,England,2022,2022-23,28,27,1987,0,0,0,0,0,0,38,1.63,58.1,0,0.186666667,0,18.67,9.33,73,167,3816
380350,Igor Julio,Defender,Centre-Back,Brazil,430,ACF Fiorentina,IT1,serie-a,Italy,2022,2022-23,25,27,2059,0,0,0,0,0,0,38,1.47,60.2,0,0.150684932,0,15.07,7.53,73,167,3847
388382,Assan Ceesay,Attack,Centre-Forward,The Gambia,1005,US Lecce,IT1,serie-a,Italy,2022,2022-23,29,34,1814,6,0,6,0.298,0,0.298,38,0.95,53.04,0.121212121,0,12.12,0,6.06,34,168,3870
425902,Ryan Yates,Midfield,Central Midfield,England,703,Nottingham Forest,GB1,premier-league,England,2022,2022-23,25,26,1839,0,2,2,0,0.098,0.098,38,1,53.77,0.169811321,0,16.98,0,8.49,52,168,3826
126673,Adama Soumaoro,Defender,Centre-Back,France,1025,Bologna Football Club 1909,IT1,serie-a,Italy,2022,2022-23,31,23,1870,0,0,0,0,0,0,38,1.42,54.68,0,0.02739726,0,2.74,1.37,74,169,3917
602105,Antony,Attack,Right Winger,Brazil,985,Manchester United,GB1,premier-league,England,2022,2022-23,23,25,1818,4,2,6,0.198,0.099,0.297,38,1.97,53.16,0.139534884,0.023255814,13.95,2.33,8.14,44,169,3832
148252,Remo Freuler,Midfield,Central Midfield,Switzerland,703,Nottingham Forest,GB1,premier-league,England,2022,2022-23,31,28,2165,0,0,0,0,0,0,38,1,63.3,0,0.150943396,0,15.09,7.55,53,170,3846
95424,Kyle Walker,Defender,Right-Back,England,281,Manchester City,GB1,premier-league,England,2022,2022-23,33,27,1956,0,0,0,0,0,0,38,2.34,57.19,0,0.146666667,0,14.67,7.33,74,171,3849
332705,Tyler Adams,Midfield,Defensive Midfield,United States,399,Leeds United,GB1,premier-league,England,2022,2022-23,24,24,2157,0,0,0,0,0,0,38,0.82,63.07,0,0.132075472,0,13.21,6.6,54,172,3862
164770,Raphaël Varane,Defender,Centre-Back,France,985,Manchester United,GB1,premier-league,England,2022,2022-23,30,24,1917,0,0,0,0,0,0,38,1.97,56.05,0,0.106666667,0,10.67,5.33,75,173,3878
469050,Nathan Collins,Defender,Centre-Back,Ireland,543,Wolverhampton Wanderers,GB1,premier-league,England,2022,2022-23,22,26,1812,0,0,0,0,0,0,38,1.08,52.98,0,0.013333333,0,1.33,0.67,76,174,3925
169880,Giovanni Di Lorenzo,Defender,Right-Back,Italy,6195,SSC Napoli,IT1,serie-a,Italy,2023,2023-24,30,36,3235,1,6,7,0.028,0.167,0.195,38,1.39,94.59,0.895522388,0.955223881,89.55,95.52,92.54,1,1,46
132098,Harry Kane,Attack,Centre-Forward,England,27,Bayern Munich,L1,bundesliga,Germany,2023,2023-24,30,32,2843,36,8,44,1.14,0.253,1.393,34,2.12,92.91,1,0.925925926,100,92.59,96.3,1,1,15
525299,Miguel Gutiérrez,Defender,Left-Back,Spain,12321,Girona FC,ES1,laliga,Spain,2023,2023-24,22,35,3037,2,7,9,0.059,0.207,0.267,38,2.13,88.8,0.957142857,0.942857143,95.71,94.29,95,1,1,24
324358,Ollie Watkins,Attack,Centre-Forward,England,405,Aston Villa,GB1,premier-league,England,2023,2023-24,28,37,3226,19,13,32,0.53,0.363,0.893,38,1.79,94.33,0.934782609,0.97826087,93.48,97.83,95.65,1,1,19
127156,Téji Savanier,Midfield,Attacking Midfield,France,969,Montpellier HSC,FR1,ligue-1,France,2023,2023-24,32,32,2778,9,7,16,0.292,0.227,0.518,34,1.24,90.78,0.973684211,0.947368421,97.37,94.74,96.05,1,1,16
193082,Alejandro Grimaldo,Defender,Left-Back,Spain,15,Bayer 04 Leverkusen,L1,bundesliga,Germany,2023,2023-24,28,33,2788,10,15,25,0.323,0.484,0.807,34,2.65,91.11,1,0.86440678,100,86.44,93.22,1,2,40
357662,Declan Rice,Midfield,Central Midfield,England,11,Arsenal FC,GB1,premier-league,England,2023,2023-24,25,38,3231,7,9,16,0.195,0.251,0.446,38,2.34,94.47,0.859649123,0.98245614,85.96,98.25,92.11,1,2,52
53622,İlkay Gündoğan,Midfield,Central Midfield,Germany,131,FC Barcelona,ES1,laliga,Spain,2023,2023-24,33,36,2998,5,9,14,0.15,0.27,0.42,38,2.24,87.66,0.93877551,0.897959184,93.88,89.8,91.84,1,2,61
58864,Pierre-Emerick Aubameyang,Attack,Centre-Forward,Gabon,244,Olympique Marseille,FR1,ligue-1,France,2023,2023-24,35,34,2628,17,8,25,0.582,0.274,0.856,34,1.47,85.88,0.92,0.92,92,92,92,1,2,55
339808,Theo Hernández,Defender,Left-Back,France,5,AC Milan,IT1,serie-a,Italy,2023,2023-24,26,32,2795,5,4,9,0.161,0.129,0.29,38,1.97,81.73,0.985074627,0.805970149,98.51,80.6,89.55,2,2,101
385394,Alberto Dossena,Defender,Centre-Back,Italy,1390,Cagliari Calcio,IT1,serie-a,Italy,2023,2023-24,25,35,2979,2,4,6,0.06,0.121,0.181,38,0.95,87.11,0.850746269,0.880597015,85.07,88.06,86.57,3,3,158
533738,Jonathan David,Attack,Centre-Forward,Canada,1082,LOSC Lille,FR1,ligue-1,France,2023,2023-24,24,34,2642,19,4,23,0.647,0.136,0.783,34,1.74,86.34,0.88,0.96,88,96,92,2,3,56
316264,Martin Ødegaard,Midfield,Attacking Midfield,Norway,11,Arsenal FC,GB1,premier-league,England,2023,2023-24,25,35,3104,8,10,18,0.232,0.29,0.522,38,2.34,90.76,0.912280702,0.894736842,91.23,89.47,90.35,2,3,86
38253,Robert Lewandowski,Attack,Centre-Forward,Poland,131,FC Barcelona,ES1,laliga,Spain,2023,2023-24,35,35,2759,19,8,27,0.62,0.261,0.881,38,2.24,80.67,0.909090909,0.863636364,90.91,86.36,88.64,1,3,118
566931,Xavi Simons,Midfield,Attacking Midfield,Netherlands,23826,RB Leipzig,L1,bundesliga,Germany,2023,2023-24,21,32,2676,8,13,21,0.269,0.437,0.706,34,1.91,87.45,0.95,0.875,95,87.5,91.25,1,3,71
343537,Artem Dovbyk,Attack,Centre-Forward,Ukraine,12321,Girona FC,ES1,laliga,Spain,2023,2023-24,27,36,2605,24,8,32,0.829,0.276,1.106,38,2.13,76.17,1,0.727272727,100,72.73,86.36,2,4,163
240306,Bruno Fernandes,Midfield,Attacking Midfield,Portugal,985,Manchester United,GB1,premier-league,England,2023,2023-24,29,35,3120,10,8,18,0.288,0.231,0.519,38,1.58,91.23,0.877192982,0.929824561,87.72,92.98,90.35,3,4,87
318204,David Raum,Defender,Left-Back,Germany,23826,RB Leipzig,L1,bundesliga,Germany,2023,2023-24,26,31,2745,2,10,12,0.066,0.328,0.393,34,1.91,89.71,0.966101695,0.830508475,96.61,83.05,89.83,2,4,97
174196,Kenny Lala,Defender,Right-Back,France,3911,Stade Brestois 29,FR1,ligue-1,France,2023,2023-24,32,33,2970,2,3,5,0.061,0.091,0.152,34,1.79,97.06,0.813559322,0.966101695,81.36,96.61,88.98,1,4,111
406625,Lautaro Martínez,Attack,Centre-Forward,Argentina,46,Inter Milan,IT1,serie-a,Italy,2023,2023-24,26,33,2667,24,6,30,0.81,0.202,1.012,38,2.47,77.98,1,0.709677419,100,70.97,85.48,1,4,183
368887,Loïs Openda,Attack,Centre-Forward,Belgium,23826,RB Leipzig,L1,bundesliga,Germany,2023,2023-24,24,34,2716,24,7,31,0.795,0.232,1.027,34,1.91,88.76,0.888888889,0.888888889,88.89,88.89,88.89,2,5,112
282411,Marcos Llorente,Defender,Right-Back,Spain,13,Atlético de Madrid,ES1,laliga,Spain,2023,2023-24,29,37,2570,6,4,10,0.21,0.14,0.35,38,2,75.15,0.985714286,0.714285714,98.57,71.43,85,2,5,189
344886,Matthieu Udol,Defender,Left-Back,France,347,FC Metz,FR1,ligue-1,France,2023,2023-24,28,30,2700,3,3,6,0.1,0.1,0.2,34,0.85,88.24,0.898305085,0.830508475,89.83,83.05,86.44,2,5,161
429014,Morgan Gibbs-White,Midfield,Attacking Midfield,England,703,Nottingham Forest,GB1,premier-league,England,2023,2023-24,24,37,3162,5,10,15,0.142,0.285,0.427,38,0.95,92.46,0.842105263,0.964912281,84.21,96.49,90.35,4,5,88
360518,Teun Koopmeiners,Midfield,Defensive Midfield,Netherlands,800,Atalanta BC,IT1,serie-a,Italy,2023,2023-24,26,34,2633,12,5,17,0.41,0.171,0.581,38,1.82,76.99,0.985294118,0.691176471,98.53,69.12,83.82,1,5,224
266359,Benjamin Bourigeaud,Midfield,Central Midfield,France,273,Stade Rennais FC,FR1,ligue-1,France,2023,2023-24,30,32,2437,9,6,15,0.332,0.222,0.554,34,1.35,79.64,1,0.710526316,100,71.05,85.53,2,6,182
520624,Bruno Guimarães,Midfield,Central Midfield,Brazil,762,Newcastle United,GB1,premier-league,England,2023,2023-24,26,37,3269,7,8,15,0.193,0.22,0.413,38,1.58,95.58,0.789473684,1,78.95,100,89.47,5,6,102
55735,Henrikh Mkhitaryan,Midfield,Central Midfield,Armenia,46,Inter Milan,IT1,serie-a,Italy,2023,2023-24,35,36,2804,2,10,12,0.064,0.321,0.385,38,2.47,81.99,0.852941176,0.823529412,85.29,82.35,83.82,2,6,225
488626,Jesús Areso,Defender,Right-Back,Spain,331,CA Osasuna,ES1,laliga,Spain,2023,2023-24,24,37,2661,1,6,7,0.034,0.203,0.237,38,1.18,77.81,0.9,0.757142857,90,75.71,82.86,3,6,248
106872,Kevin Stöger,Midfield,Attacking Midfield,Austria,80,VfL Bochum,L1,bundesliga,Germany,2023,2023-24,30,32,2678,7,9,16,0.235,0.302,0.538,34,0.97,87.52,0.875,0.9,87.5,90,88.75,2,6,116
93720,Alexandre Lacazette,Attack,Centre-Forward,France,1041,Olympique Lyon,FR1,ligue-1,France,2023,2023-24,33,29,2305,19,3,22,0.742,0.117,0.859,34,1.56,75.33,0.96,0.72,96,72,84,3,7,213
25488,Antonio Candreva,Midfield,Right Midfield,Italy,380,US Salernitana 1919,IT1,serie-a,Italy,2023,2023-24,37,34,2757,6,6,12,0.196,0.196,0.392,38,0.45,80.61,0.882352941,0.779411765,88.24,77.94,83.09,3,7,243
335457,Ermedin Demirovic,Attack,Centre-Forward,Bosnia-Herzegovina,167,FC Augsburg,L1,bundesliga,Germany,2023,2023-24,26,33,2884,15,10,25,0.468,0.312,0.78,34,1.15,94.25,0.740740741,1,74.07,100,87.04,3,7,153
127108,Florian Lejeune,Defender,Centre-Back,France,367,Rayo Vallecano,ES1,laliga,Spain,2023,2023-24,33,37,3328,3,1,4,0.081,0.027,0.108,38,1,97.31,0.657142857,1,65.71,100,82.86,4,7,249
91845,Heung-min Son,Attack,Left Winger,"Korea, South",148,Tottenham Hotspur,GB1,premier-league,England,2023,2023-24,31,35,2948,17,10,27,0.519,0.305,0.824,38,1.74,86.2,0.847826087,0.934782609,84.78,93.48,89.13,2,7,106
256448,Gianluca Mancini,Defender,Centre-Back,Italy,12,Associazione Sportiva Roma,IT1,serie-a,Italy,2023,2023-24,28,36,2874,4,1,5,0.125,0.031,0.157,38,1.66,84.04,0.805970149,0.850746269,80.6,85.07,82.84,4,8,250
341278,Iván Martín,Midfield,Central Midfield,Spain,12321,Girona FC,ES1,laliga,Spain,2023,2023-24,25,36,2747,5,4,9,0.164,0.131,0.295,38,2.13,80.32,0.836734694,0.816326531,83.67,81.63,82.65,2,8,253
119211,Mitchell Weiser,Defender,Right-Back,Germany,86,SV Werder Bremen,L1,bundesliga,Germany,2023,2023-24,30,30,2640,3,7,10,0.102,0.239,0.341,34,1.24,86.27,0.915254237,0.762711864,91.53,76.27,83.9,3,8,219
553875,Pedro Porro,Defender,Right-Back,Spain,148,Tottenham Hotspur,GB1,premier-league,England,2023,2023-24,24,35,3093,3,7,10,0.087,0.204,0.291,38,1.74,90.44,0.953846154,0.8,95.38,80,87.69,1,8,138
199704,Yunis Abdelhamid,Defender,Centre-Back,Morocco,1421,Stade Reims,FR1,ligue-1,France,2023,2023-24,36,31,2782,4,0,4,0.129,0,0.129,34,1.38,90.92,0.745762712,0.898305085,74.58,89.83,82.2,3,8,271
261504,Aleix García,Midfield,Central Midfield,Spain,12321,Girona FC,ES1,laliga,Spain,2023,2023-24,27,37,3201,3,6,9,0.084,0.169,0.253,38,2.13,93.6,0.714285714,0.93877551,71.43,93.88,82.65,3,9,254
349701,Antonee Robinson,Defender,Left-Back,United States,931,Fulham FC,GB1,premier-league,England,2023,2023-24,26,37,3270,0,6,6,0,0.165,0.165,38,1.24,95.61,0.830769231,0.923076923,83.08,92.31,87.69,2,9,139
598577,Florian Wirtz,Midfield,Attacking Midfield,Germany,15,Bayer 04 Leverkusen,L1,bundesliga,Germany,2023,2023-24,21,32,2384,11,12,23,0.415,0.453,0.868,34,2.65,77.91,1,0.65,100,65,82.5,3,9,261
422281,Muhammed Cham,Midfield,Attacking Midfield,Austria,3524,Clermont Foot 63,FR1,ligue-1,France,2023,2023-24,23,33,2565,8,4,12,0.281,0.14,0.421,34,0.74,83.82,0.868421053,0.763157895,86.84,76.32,81.58,3,9,289
569387,Valentin Gendrey,Defender,Right-Back,France,1005,US Lecce,IT1,serie-a,Italy,2023,2023-24,24,37,3051,2,3,5,0.059,0.088,0.147,38,1,89.21,0.746268657,0.895522388,74.63,89.55,82.09,5,9,274
392959,Andrea Colpani,Midfield,Attacking Midfield,Italy,2919,AC Monza,IT1,serie-a,Italy,2023,2023-24,25,38,2680,8,4,12,0.269,0.134,0.403,38,1.18,78.36,0.897058824,0.735294118,89.71,73.53,81.62,4,10,287
433177,Bukayo Saka,Attack,Right Winger,England,11,Arsenal FC,GB1,premier-league,England,2023,2023-24,22,35,2936,16,9,25,0.49,0.276,0.766,38,2.34,85.85,0.826086957,0.913043478,82.61,91.3,86.96,3,10,154
328480,Pepelu,Midfield,Defensive Midfield,Spain,1049,Valencia CF,ES1,laliga,Spain,2023,2023-24,25,37,3305,7,1,8,0.191,0.027,0.218,38,1.29,96.64,0.653061224,1,65.31,100,82.65,4,10,255
346853,Romano Schmid,Midfield,Attacking Midfield,Austria,86,SV Werder Bremen,L1,bundesliga,Germany,2023,2023-24,24,33,2615,4,7,11,0.138,0.241,0.379,34,1.24,85.46,0.75,0.825,75,82.5,78.75,4,10,391
569598,Youssouf Fofana,Midfield,Defensive Midfield,France,162,AS Monaco,FR1,ligue-1,France,2023,2023-24,25,32,2703,4,4,8,0.133,0.133,0.266,34,1.97,88.33,0.710526316,0.921052632,71.05,92.11,81.58,4,10,291
474800,Facundo Medina,Defender,Centre-Back,Argentina,826,RC Lens,FR1,ligue-1,France,2023,2023-24,25,31,2714,1,3,4,0.033,0.099,0.133,34,1.5,88.69,0.762711864,0.847457627,76.27,84.75,80.51,4,11,332
125103,Marvin Ducksch,Attack,Centre-Forward,Germany,86,SV Werder Bremen,L1,bundesliga,Germany,2023,2023-24,30,33,2713,12,10,22,0.398,0.332,0.73,34,1.24,88.66,0.703703704,0.851851852,70.37,85.19,77.78,4,11,428
332179,Matteo Pessina,Midfield,Central Midfield,Italy,2919,AC Monza,IT1,serie-a,Italy,2023,2023-24,27,37,3229,6,3,9,0.167,0.084,0.251,38,1.18,94.42,0.661764706,0.955882353,66.18,95.59,80.88,5,11,311
743591,Savinho,Attack,Left Winger,Brazil,12321,Girona FC,ES1,laliga,Spain,2023,2023-24,20,37,2993,9,10,19,0.271,0.301,0.571,38,2.13,87.51,0.659090909,0.977272727,65.91,97.73,81.82,3,11,280
157672,Vladimír Coufal,Defender,Right-Back,Czech Republic,379,West Ham United,GB1,premier-league,England,2023,2023-24,31,36,3139,0,7,7,0,0.201,0.201,38,1.37,91.78,0.892307692,0.846153846,89.23,84.62,86.92,3,11,155
418560,Erling Haaland,Attack,Centre-Forward,Norway,281,Manchester City,GB1,premier-league,England,2023,2023-24,23,31,2558,27,4,31,0.95,0.141,1.091,38,2.39,74.8,1,0.717391304,100,71.74,85.87,4,12,175
566574,Kirian Rodríguez,Midfield,Attacking Midfield,Spain,472,UD Las Palmas,ES1,laliga,Spain,2023,2023-24,28,37,3220,6,2,8,0.168,0.056,0.224,38,1.05,94.15,0.673469388,0.959183673,67.35,95.92,81.63,5,12,286
318528,Marcus Thuram,Attack,Centre-Forward,France,46,Inter Milan,IT1,serie-a,Italy,2023,2023-24,26,35,2707,13,13,26,0.432,0.432,0.864,38,2.47,79.15,0.870967742,0.741935484,87.1,74.19,80.65,2,12,325
388198,Nico Schlotterbeck,Defender,Centre-Back,Germany,16,Borussia Dortmund,L1,bundesliga,Germany,2023,2023-24,24,33,2861,2,3,5,0.063,0.094,0.157,34,1.85,93.5,0.627118644,0.915254237,62.71,91.53,77.12,4,12,462
146854,Wissam Ben Yedder,Attack,Centre-Forward,France,162,AS Monaco,FR1,ligue-1,France,2023,2023-24,33,32,2322,16,2,18,0.62,0.078,0.698,34,1.97,75.88,0.84,0.76,84,76,80,4,12,345
125781,Antoine Griezmann,Attack,Second Striker,France,13,Atlético de Madrid,ES1,laliga,Spain,2023,2023-24,33,33,2654,16,6,22,0.543,0.203,0.746,38,2,77.6,0.840909091,0.772727273,84.09,77.27,80.68,4,13,321
469976,Christopher Operi,Defender,Left-Back,Cote d'Ivoire,738,Le Havre AC,FR1,ligue-1,France,2023,2023-24,27,28,2447,3,5,8,0.11,0.184,0.294,34,0.94,79.97,0.966101695,0.610169492,96.61,61.02,78.81,5,13,388
126414,Hakan Çalhanoğlu,Midfield,Defensive Midfield,Türkiye,46,Inter Milan,IT1,serie-a,Italy,2023,2023-24,30,32,2576,13,3,16,0.454,0.105,0.559,38,2.47,75.32,0.955882353,0.602941176,95.59,60.29,77.94,6,13,421
484547,Jeremie Frimpong,Defender,Right-Back,Netherlands,15,Bayer 04 Leverkusen,L1,bundesliga,Germany,2023,2023-24,23,31,2266,9,9,18,0.357,0.357,0.715,34,2.65,74.05,0.983050847,0.525423729,98.31,52.54,75.42,5,13,527
82873,Pascal Groß,Midfield,Central Midfield,Germany,1237,Brighton & Hove Albion,GB1,premier-league,England,2023,2023-24,33,36,3114,4,10,14,0.116,0.289,0.405,38,1.26,91.05,0.771929825,0.912280702,77.19,91.23,84.21,6,13,206
335721,Ben White,Defender,Right-Back,England,11,Arsenal FC,GB1,premier-league,England,2023,2023-24,26,37,2995,4,4,8,0.12,0.12,0.24,38,2.34,87.57,0.938461538,0.738461538,93.85,73.85,83.85,4,14,223
369081,Federico Valverde,Midfield,Central Midfield,Uruguay,418,Real Madrid,ES1,laliga,Spain,2023,2023-24,25,37,2911,2,7,9,0.062,0.216,0.278,38,2.5,85.12,0.755102041,0.857142857,75.51,85.71,80.61,6,14,329
342229,Kylian Mbappé,Attack,Centre-Forward,France,583,Paris Saint-Germain,FR1,ligue-1,France,2023,2023-24,25,29,2159,27,7,34,1.126,0.292,1.417,34,2.24,70.56,1,0.56,100,56,78,5,14,416
428563,Lewis Ferguson,Midfield,Central Midfield,Scotland,1025,Bologna Football Club 1909,IT1,serie-a,Italy,2023,2023-24,24,31,2718,6,4,10,0.199,0.132,0.331,38,1.79,79.47,0.779411765,0.764705882,77.94,76.47,77.21,7,14,456
273132,Robin Gosens,Defender,Left-Back,Germany,89,1.FC Union Berlin,L1,bundesliga,Germany,2023,2023-24,29,30,2297,6,4,10,0.235,0.157,0.392,34,0.97,75.07,0.949152542,0.559322034,94.92,55.93,75.42,6,14,528
202591,Benjamin Henrichs,Defender,Right-Back,Germany,23826,RB Leipzig,L1,bundesliga,Germany,2023,2023-24,27,33,2531,1,5,6,0.036,0.178,0.213,34,1.91,82.71,0.796610169,0.677966102,79.66,67.8,73.73,7,15,604
148455,Mohamed Salah,Attack,Right Winger,Egypt,31,Liverpool FC,GB1,premier-league,England,2023,2023-24,32,32,2536,18,10,28,0.639,0.355,0.994,38,2.16,74.15,0.97826087,0.673913043,97.83,67.39,82.61,5,15,257
255942,Nicolò Barella,Midfield,Central Midfield,Italy,46,Inter Milan,IT1,serie-a,Italy,2023,2023-24,27,37,2859,2,6,8,0.063,0.189,0.252,38,2.47,83.6,0.676470588,0.867647059,67.65,86.76,77.21,8,15,457
331505,Óscar Mingueza,Defender,Right-Back,Spain,940,Celta de Vigo,ES1,laliga,Spain,2023,2023-24,25,38,3002,2,2,4,0.06,0.06,0.12,38,1.08,87.78,0.671428571,0.928571429,67.14,92.86,80,5,15,348
538964,Thijs Dallinga,Attack,Centre-Forward,Netherlands,415,FC Toulouse,FR1,ligue-1,France,2023,2023-24,23,33,2514,14,3,17,0.501,0.107,0.609,34,1.26,82.16,0.76,0.8,76,80,78,6,15,417
392770,Angel Gomes,Midfield,Attacking Midfield,England,1082,LOSC Lille,FR1,ligue-1,France,2023,2023-24,23,31,2585,0,8,8,0,0.279,0.279,34,1.74,84.48,0.736842105,0.815789474,73.68,81.58,77.63,5,16,438
573775,Hugo Duro,Attack,Centre-Forward,Spain,1049,Valencia CF,ES1,laliga,Spain,2023,2023-24,24,37,2996,13,4,17,0.391,0.12,0.511,38,1.29,87.6,0.590909091,1,59.09,100,79.55,5,16,357
314875,Jarrod Bowen,Attack,Right Winger,England,379,West Ham United,GB1,premier-league,England,2023,2023-24,27,34,3022,16,6,22,0.477,0.179,0.655,38,1.37,88.36,0.695652174,0.956521739,69.57,95.65,82.61,6,16,258
369674,Joakim Maehle,Defender,Left-Back,Denmark,82,VfL Wolfsburg,L1,bundesliga,Germany,2023,2023-24,27,30,2455,2,4,6,0.073,0.147,0.22,34,1.09,80.23,0.830508475,0.610169492,83.05,61.02,72.03,8,16,671
357992,Raoul Bellanova,Midfield,Right Midfield,Italy,416,Torino FC,IT1,serie-a,Italy,2023,2023-24,24,37,3065,1,7,8,0.029,0.206,0.235,38,1.39,89.62,0.602941176,0.926470588,60.29,92.65,76.47,9,16,479
305947,Albert Gudmundsson,Attack,Second Striker,Iceland,252,Genoa CFC,IT1,serie-a,Italy,2023,2023-24,27,35,3023,14,4,18,0.417,0.119,0.536,38,1.29,88.39,0.580645161,0.935483871,58.06,93.55,75.81,3,17,510
249513,Diego Rico,Defender,Left-Back,Spain,3709,Getafe CF,ES1,laliga,Spain,2023,2023-24,31,32,2536,0,7,7,0,0.248,0.248,38,1.13,74.15,0.942857143,0.628571429,94.29,62.86,78.57,6,17,398
711544,Jake O'Brien,Defender,Right-Back,Ireland,1041,Olympique Lyon,FR1,ligue-1,France,2023,2023-24,23,27,2370,4,2,6,0.152,0.076,0.228,34,1.56,77.45,0.949152542,0.593220339,94.92,59.32,77.12,6,17,461
187492,Julian Brandt,Midfield,Attacking Midfield,Germany,16,Borussia Dortmund,L1,bundesliga,Germany,2023,2023-24,28,32,2232,7,12,19,0.282,0.484,0.766,34,1.85,72.94,0.975,0.45,97.5,45,71.25,5,17,704
357565,Rodri,Midfield,Defensive Midfield,Spain,281,Manchester City,GB1,premier-league,England,2023,2023-24,28,34,2938,8,9,17,0.245,0.276,0.521,38,2.39,85.91,0.894736842,0.754385965,89.47,75.44,82.46,7,17,263
238407,Alexander Sørloth,Attack,Centre-Forward,Norway,1050,Villarreal CF,ES1,laliga,Spain,2023,2023-24,28,34,2491,23,6,29,0.831,0.217,1.048,38,1.39,72.84,0.977272727,0.590909091,97.73,59.09,78.41,6,18,400
805908,Bradley Locko,Defender,Left-Back,France,3911,Stade Brestois 29,FR1,ligue-1,France,2023,2023-24,22,33,2961,0,3,3,0,0.091,0.091,34,1.79,96.76,0.593220339,0.949152542,59.32,94.92,77.12,7,18,463
616631,Matteo Ruggeri,Defender,Left-Back,Italy,800,Atalanta BC,IT1,serie-a,Italy,2023,2023-24,21,34,2467,0,5,5,0,0.182,0.182,38,1.82,72.13,0.865671642,0.597014925,86.57,59.7,73.13,6,18,628
342967,Niklas Beste,Attack,Right Winger,Germany,2036,1. Fußballclub Heidenheim 1846,L1,bundesliga,Germany,2023,2023-24,25,31,2629,8,13,21,0.274,0.445,0.719,34,1.24,85.92,0.666666667,0.740740741,66.67,74.07,70.37,5,18,760
406635,Phil Foden,Midfield,Attacking Midfield,England,281,Manchester City,GB1,premier-league,England,2023,2023-24,24,35,2871,19,8,27,0.596,0.251,0.846,38,2.39,83.95,0.98245614,0.649122807,98.25,64.91,81.58,8,18,288
516716,Bremer,Defender,Centre-Back,Brazil,506,Juventus FC,IT1,serie-a,Italy,2023,2023-24,27,36,3234,3,0,3,0.083,0,0.083,38,1.87,94.56,0.52238806,0.940298507,52.24,94.03,73.13,7,19,629
488362,Conor Gallagher,Midfield,Central Midfield,England,631,Chelsea FC,GB1,premier-league,England,2023,2023-24,24,37,3136,5,7,12,0.143,0.201,0.344,38,1.66,91.7,0.684210526,0.947368421,68.42,94.74,81.58,9,19,290
466794,Eric García,Defender,Centre-Back,Spain,12321,Girona FC,ES1,laliga,Spain,2023,2023-24,23,30,2641,5,0,5,0.17,0,0.17,38,2.13,77.22,0.8,0.742857143,80,74.29,77.14,7,19,459
196357,Jonathan Tah,Defender,Centre-Back,Germany,15,Bayer 04 Leverkusen,L1,bundesliga,Germany,2023,2023-24,28,31,2632,4,1,5,0.137,0.034,0.171,34,2.65,86.01,0.644067797,0.745762712,64.41,74.58,69.49,9,19,801
353399,Romain Del Castillo,Attack,Right Winger,France,3911,Stade Brestois 29,FR1,ligue-1,France,2023,2023-24,28,33,2521,8,8,16,0.286,0.286,0.571,34,1.79,82.39,0.64,0.84,64,84,74,7,19,594
401320,Dara O'Shea,Defender,Centre-Back,Ireland,1132,Burnley FC,GB1,premier-league,England,2023,2023-24,25,33,2895,3,4,7,0.093,0.124,0.218,38,0.63,84.65,0.907692308,0.723076923,90.77,72.31,81.54,5,20,292
72047,Iago Aspas,Attack,Centre-Forward,Spain,940,Celta de Vigo,ES1,laliga,Spain,2023,2023-24,36,35,2717,9,10,19,0.298,0.331,0.629,38,1.08,79.44,0.681818182,0.840909091,68.18,84.09,76.14,7,20,501
502670,Khvicha Kvaratskhelia,Attack,Left Winger,Georgia,6195,SSC Napoli,IT1,serie-a,Italy,2023,2023-24,23,34,2753,11,8,19,0.36,0.262,0.621,38,1.39,80.5,0.677419355,0.774193548,67.74,77.42,72.58,4,20,653
485960,Lilian Brassier,Defender,Centre-Back,France,3911,Stade Brestois 29,FR1,ligue-1,France,2023,2023-24,24,30,2679,3,0,3,0.101,0,0.101,34,1.79,87.55,0.644067797,0.796610169,64.41,79.66,72.03,8,20,673
541231,Sepp van den Berg,Defender,Centre-Back,Netherlands,39,1.FSV Mainz 05,L1,bundesliga,Germany,2023,2023-24,22,33,2838,3,0,3,0.095,0,0.095,34,1.03,92.75,0.491525424,0.898305085,49.15,89.83,69.49,10,20,803
429983,Jørgen Strand Larsen,Attack,Centre-Forward,Norway,940,Celta de Vigo,ES1,laliga,Spain,2023,2023-24,24,37,2888,13,3,16,0.405,0.093,0.499,38,1.08,84.44,0.545454545,0.954545455,54.55,95.45,75,8,21,549
166237,Leandro Paredes,Midfield,Defensive Midfield,Argentina,12,Associazione Sportiva Roma,IT1,serie-a,Italy,2023,2023-24,30,34,2644,3,5,8,0.102,0.17,0.272,38,1.66,77.31,0.735294118,0.705882353,73.53,70.59,72.06,10,21,670
532775,Melvin Bard,Defender,Left-Back,France,417,OGC Nice,FR1,ligue-1,France,2023,2023-24,23,32,2661,1,2,3,0.034,0.068,0.101,34,1.62,86.96,0.644067797,0.762711864,64.41,76.27,70.34,9,21,764
730893,Tyrick Mitchell,Defender,Left-Back,England,873,Crystal Palace,GB1,premier-league,England,2023,2023-24,24,37,3210,2,3,5,0.056,0.084,0.14,38,1.29,93.86,0.723076923,0.907692308,72.31,90.77,81.54,6,21,293
193004,Waldemar Anton,Defender,Centre-Back,Germany,79,VfB Stuttgart,L1,bundesliga,Germany,2023,2023-24,27,33,2888,0,3,3,0,0.093,0.093,34,2.15,94.38,0.457627119,0.93220339,45.76,93.22,69.49,11,21,804
357147,Diogo Dalot,Defender,Right-Back,Portugal,985,Manchester United,GB1,premier-league,England,2023,2023-24,25,36,3174,2,3,5,0.057,0.085,0.142,38,1.58,92.81,0.738461538,0.876923077,73.85,87.69,80.77,7,22,317
509022,Federico Gatti,Defender,Centre-Back,Italy,506,Juventus FC,IT1,serie-a,Italy,2023,2023-24,26,32,2640,4,0,4,0.136,0,0.136,38,1.87,77.19,0.686567164,0.746268657,68.66,74.63,71.64,8,22,685
354726,Florian Sotoca,Attack,Centre-Forward,France,826,RC Lens,FR1,ligue-1,France,2023,2023-24,33,32,2605,7,6,13,0.242,0.207,0.449,34,1.5,85.13,0.52,0.88,52,88,70,8,22,773
289257,Jon Guridi,Midfield,Central Midfield,Spain,1108,Deportivo Alavés,ES1,laliga,Spain,2023,2023-24,29,36,2700,3,4,7,0.1,0.133,0.233,38,1.21,78.95,0.693877551,0.775510204,69.39,77.55,73.47,7,22,616
153084,Leon Goretzka,Midfield,Central Midfield,Germany,27,Bayern Munich,L1,bundesliga,Germany,2023,2023-24,29,30,2243,6,9,15,0.241,0.361,0.602,34,2.12,73.3,0.9,0.475,90,47.5,68.75,6,22,835
182913,Adrien Rabiot,Midfield,Central Midfield,France,506,Juventus FC,IT1,serie-a,Italy,2023,2023-24,29,31,2652,5,3,8,0.17,0.102,0.271,38,1.87,77.54,0.705882353,0.720588235,70.59,72.06,71.32,11,23,702
263918,Aleksandr Golovin,Midfield,Attacking Midfield,Russia,162,AS Monaco,FR1,ligue-1,France,2023,2023-24,28,25,2156,6,6,12,0.25,0.25,0.501,34,1.97,70.46,0.947368421,0.447368421,94.74,44.74,69.74,6,23,791
260827,Joachim Andersen,Defender,Centre-Back,Denmark,873,Crystal Palace,GB1,premier-league,England,2023,2023-24,28,38,3417,2,3,5,0.053,0.079,0.132,38,1.29,99.91,0.661538462,0.953846154,66.15,95.38,80.77,8,23,318
411975,Jules Koundé,Defender,Right-Back,France,131,FC Barcelona,ES1,laliga,Spain,2023,2023-24,25,35,2899,1,2,3,0.031,0.062,0.093,38,2.24,84.77,0.571428571,0.885714286,57.14,88.57,72.86,8,23,638
193033,Tim Kleindienst,Attack,Centre-Forward,Germany,2036,1. Fußballclub Heidenheim 1846,L1,bundesliga,Germany,2023,2023-24,28,33,2878,12,5,17,0.375,0.156,0.532,34,1.24,94.05,0.407407407,0.962962963,40.74,96.3,68.52,6,23,854
12282,Daley Blind,Defender,Centre-Back,Netherlands,12321,Girona FC,ES1,laliga,Spain,2023,2023-24,34,34,2972,1,2,3,0.03,0.061,0.091,38,2.13,86.9,0.557142857,0.9,55.71,90,72.86,9,24,639
447661,Douglas Luiz,Midfield,Central Midfield,Brazil,405,Aston Villa,GB1,premier-league,England,2023,2023-24,26,35,3002,9,5,14,0.27,0.15,0.42,38,1.79,87.78,0.824561404,0.789473684,82.46,78.95,80.7,10,24,319
385105,Gabriel Suazo,Defender,Left-Back,Chile,415,FC Toulouse,FR1,ligue-1,France,2023,2023-24,26,31,2362,0,4,4,0,0.152,0.152,34,1.26,77.19,0.813559322,0.559322034,81.36,55.93,68.64,10,24,841
7161,Jonas Hofmann,Midfield,Attacking Midfield,Germany,15,Bayer 04 Leverkusen,L1,bundesliga,Germany,2023,2023-24,31,32,2216,5,10,15,0.203,0.406,0.609,34,2.65,72.42,0.925,0.425,92.5,42.5,67.5,7,24,911
503871,Morten Frendrup,Midfield,Defensive Midfield,Denmark,252,Genoa CFC,IT1,serie-a,Italy,2023,2023-24,23,37,3147,2,5,7,0.057,0.143,0.2,38,1.29,92.02,0.485294118,0.941176471,48.53,94.12,71.32,12,24,703
315779,Christian Pulisic,Attack,Right Winger,United States,5,AC Milan,IT1,serie-a,Italy,2023,2023-24,25,36,2621,12,9,21,0.412,0.309,0.721,38,1.97,76.64,0.774193548,0.64516129,77.42,64.52,70.97,5,25,720
569366,Enzo Millot,Midfield,Attacking Midfield,France,79,VfB Stuttgart,L1,bundesliga,Germany,2023,2023-24,21,31,2255,5,8,13,0.2,0.319,0.519,34,2.15,73.69,0.85,0.5,85,50,67.5,8,25,912
181579,James Ward-Prowse,Midfield,Central Midfield,England,379,West Ham United,GB1,premier-league,England,2023,2023-24,29,37,3004,7,7,14,0.21,0.21,0.419,38,1.37,87.84,0.807017544,0.807017544,80.7,80.7,80.7,11,25,320
581678,Jude Bellingham,Midfield,Attacking Midfield,England,418,Real Madrid,ES1,laliga,Spain,2023,2023-24,21,28,2324,19,6,25,0.736,0.232,0.968,38,2.5,67.95,1,0.428571429,100,42.86,71.43,8,25,692
557939,Neto Borges,Defender,Left-Back,Brazil,3524,Clermont Foot 63,FR1,ligue-1,France,2023,2023-24,27,28,2517,0,3,3,0,0.107,0.107,34,0.74,82.25,0.677966102,0.677966102,67.8,67.8,67.8,11,25,895
443710,Angelo Stiller,Midfield,Defensive Midfield,Germany,79,VfB Stuttgart,L1,bundesliga,Germany,2023,2023-24,23,31,2697,1,5,6,0.033,0.167,0.2,34,2.15,88.14,0.425,0.925,42.5,92.5,67.5,9,26,913
309110,Brais Méndez,Midfield,Attacking Midfield,Spain,681,Real Sociedad,ES1,laliga,Spain,2023,2023-24,27,32,2419,5,6,11,0.186,0.223,0.409,38,1.58,70.73,0.918367347,0.510204082,91.84,51.02,71.43,9,26,693
258889,Dominic Solanke,Attack,Centre-Forward,England,989,AFC Bournemouth,GB1,premier-league,England,2023,2023-24,26,38,3333,19,3,22,0.513,0.081,0.594,38,1.26,97.46,0.586956522,1,58.7,100,79.35,7,26,367
607854,Éderson,Midfield,Central Midfield,Brazil,800,Atalanta BC,IT1,serie-a,Italy,2023,2023-24,24,36,2874,6,1,7,0.188,0.031,0.219,38,1.82,84.04,0.529411765,0.882352941,52.94,88.24,70.59,13,26,739
280387,Vincent Sierro,Midfield,Central Midfield,Switzerland,415,FC Toulouse,FR1,ligue-1,France,2023,2023-24,28,30,2270,6,2,8,0.238,0.079,0.317,34,1.26,74.18,0.763157895,0.578947368,76.32,57.89,67.11,7,26,931
503733,Anthony Gordon,Attack,Left Winger,England,762,Newcastle United,GB1,premier-league,England,2023,2023-24,23,35,2906,11,10,21,0.341,0.31,0.65,38,1.58,84.97,0.673913043,0.891304348,67.39,89.13,78.26,8,27,406
59561,Dani Parejo,Midfield,Central Midfield,Spain,1050,Villarreal CF,ES1,laliga,Spain,2023,2023-24,35,33,2586,3,5,8,0.104,0.174,0.278,38,1.39,75.61,0.755102041,0.673469388,75.51,67.35,71.43,10,27,695
434224,Maxence Lacroix,Defender,Centre-Back,France,82,VfL Wolfsburg,L1,bundesliga,Germany,2023,2023-24,24,28,2365,4,1,5,0.152,0.038,0.19,34,1.09,77.29,0.728813559,0.593220339,72.88,59.32,66.1,12,27,981
239743,Przemyslaw Frankowski,Defender,Right-Back,Poland,826,RC Lens,FR1,ligue-1,France,2023,2023-24,29,30,2193,3,2,5,0.123,0.082,0.205,34,1.5,71.67,0.915254237,0.406779661,91.53,40.68,66.1,12,27,980
460939,Tijjani Reijnders,Midfield,Central Midfield,Netherlands,5,AC Milan,IT1,serie-a,Italy,2023,2023-24,25,36,2829,3,4,7,0.095,0.127,0.223,38,1.97,82.72,0.544117647,0.852941176,54.41,85.29,69.85,14,27,786
453016,Anthony Caci,Defender,Right-Back,France,39,1.FSV Mainz 05,L1,bundesliga,Germany,2023,2023-24,26,31,2493,2,3,5,0.072,0.108,0.181,34,1.03,81.47,0.661016949,0.661016949,66.1,66.1,66.1,13,28,982
199248,Bryan Cristante,Midfield,Defensive Midfield,Italy,12,Associazione Sportiva Roma,IT1,serie-a,Italy,2023,2023-24,29,37,3292,3,4,7,0.082,0.109,0.191,38,1.66,96.26,0.411764706,0.985294118,41.18,98.53,69.85,15,28,787
135343,Fabian Schär,Defender,Centre-Back,Switzerland,762,Newcastle United,GB1,premier-league,England,2023,2023-24,32,36,3056,4,1,5,0.118,0.029,0.147,38,1.58,89.36,0.769230769,0.769230769,76.92,76.92,76.92,9,28,468
182712,João Cancelo,Defender,Right-Back,Portugal,131,FC Barcelona,ES1,laliga,Spain,2023,2023-24,30,32,2508,2,4,6,0.072,0.144,0.215,38,2.24,73.33,0.871428571,0.542857143,87.14,54.29,70.71,10,28,733
395237,Maxence Caqueret,Midfield,Central Midfield,France,1041,Olympique Lyon,FR1,ligue-1,France,2023,2023-24,24,34,3026,1,3,4,0.03,0.089,0.119,34,1.56,98.89,0.315789474,1,31.58,100,65.79,8,28,991
576024,Julián Alvarez,Attack,Centre-Forward,Argentina,281,Manchester City,GB1,premier-league,England,2023,2023-24,24,36,2659,11,9,20,0.372,0.305,0.677,38,2.39,77.75,0.717391304,0.804347826,71.74,80.43,76.09,9,29,502
388294,Omar Traoré,Defender,Right-Back,Germany,2036,1. Fußballclub Heidenheim 1846,L1,bundesliga,Germany,2023,2023-24,26,31,2478,0,5,5,0,0.182,0.182,34,1.24,80.98,0.677966102,0.627118644,67.8,62.71,65.25,14,29,1019
502821,Riccardo Calafiori,Defender,Left-Back,Italy,1025,Bologna Football Club 1909,IT1,serie-a,Italy,2023,2023-24,22,30,2338,2,5,7,0.077,0.192,0.269,38,1.79,68.36,0.970149254,0.417910448,97.01,41.79,69.4,9,29,807
678406,Sergi Cardona,Defender,Left-Back,Spain,472,UD Las Palmas,ES1,laliga,Spain,2023,2023-24,24,35,2816,1,2,3,0.032,0.064,0.096,38,1.05,82.34,0.585714286,0.828571429,58.57,82.86,70.71,11,29,734
487469,Vitinha,Midfield,Defensive Midfield,Portugal,583,Paris Saint-Germain,FR1,ligue-1,France,2023,2023-24,24,28,2129,7,4,11,0.296,0.169,0.465,34,2.24,69.58,0.894736842,0.394736842,89.47,39.47,64.47,9,29,1056
203348,Chancel Mbemba,Defender,Centre-Back,DR Congo,244,Olympique Marseille,FR1,ligue-1,France,2023,2023-24,29,25,2209,2,2,4,0.081,0.081,0.163,34,1.47,72.19,0.847457627,0.440677966,84.75,44.07,64.41,13,30,1065
124555,Cristiano Biraghi,Defender,Left-Back,Italy,430,ACF Fiorentina,IT1,serie-a,Italy,2023,2023-24,31,29,2359,2,5,7,0.076,0.191,0.267,38,1.58,68.98,0.955223881,0.432835821,95.52,43.28,69.4,10,30,808
255508,Iñaki Williams,Attack,Right Winger,Ghana,621,Athletic Bilbao,ES1,laliga,Spain,2023,2023-24,30,34,2856,12,3,15,0.378,0.095,0.473,38,1.79,83.51,0.5,0.909090909,50,90.91,70.45,9,30,748
309400,Kai Havertz,Attack,Centre-Forward,Germany,11,Arsenal FC,GB1,premier-league,England,2023,2023-24,25,37,2640,13,7,20,0.443,0.239,0.682,38,2.34,77.19,0.739130435,0.760869565,73.91,76.09,75,10,30,538
270541,Serhou Guirassy,Attack,Centre-Forward,Guinea,79,VfB Stuttgart,L1,bundesliga,Germany,2023,2023-24,28,28,2214,28,2,30,1.138,0.081,1.22,34,2.15,72.35,0.962962963,0.333333333,96.3,33.33,64.81,7,30,1038
349066,Alexander Isak,Attack,Centre-Forward,Sweden,762,Newcastle United,GB1,premier-league,England,2023,2023-24,24,30,2266,21,2,23,0.834,0.079,0.914,38,1.58,66.26,0.956521739,0.52173913,95.65,52.17,73.91,11,31,596
392569,Gabriele Zappa,Defender,Right-Back,Italy,1390,Cagliari Calcio,IT1,serie-a,Italy,2023,2023-24,24,38,2559,1,3,4,0.035,0.106,0.141,38,0.95,74.82,0.701492537,0.686567164,70.15,68.66,69.4,11,31,809
85288,Isco,Midfield,Attacking Midfield,Spain,150,Real Betis Balompié,ES1,laliga,Spain,2023,2023-24,32,29,2339,8,5,13,0.308,0.192,0.5,38,1.5,68.39,0.959183673,0.448979592,95.92,44.9,70.41,11,31,756
578392,Maximilian Beier,Attack,Centre-Forward,Germany,533,TSG 1899 Hoffenheim,L1,bundesliga,Germany,2023,2023-24,21,33,2435,16,3,19,0.591,0.111,0.702,34,1.35,79.58,0.62962963,0.666666667,62.96,66.67,64.81,8,31,1039
165793,Takumi Minamino,Attack,Left Winger,Japan,162,AS Monaco,FR1,ligue-1,France,2023,2023-24,29,30,2127,9,6,15,0.381,0.254,0.635,34,1.97,69.51,0.8,0.48,80,48,64,9,31,1078
420002,Jean-Philippe Mateta,Attack,Centre-Forward,France,873,Crystal Palace,GB1,premier-league,England,2023,2023-24,27,35,2285,16,5,21,0.63,0.197,0.827,38,1.29,66.81,0.891304348,0.565217391,89.13,56.52,72.83,12,32,641
391004,Jonas Wind,Attack,Centre-Forward,Denmark,82,VfL Wolfsburg,L1,bundesliga,Germany,2023,2023-24,25,34,2663,11,7,18,0.372,0.237,0.608,34,1.09,87.03,0.518518519,0.777777778,51.85,77.78,64.81,9,32,1040
175639,Jonathan Clauss,Defender,Right-Back,France,244,Olympique Marseille,FR1,ligue-1,France,2023,2023-24,31,27,2071,3,4,7,0.13,0.174,0.304,34,1.47,67.68,0.983050847,0.288135593,98.31,28.81,63.56,14,32,1095
338424,Mikel Merino,Midfield,Central Midfield,Spain,681,Real Sociedad,ES1,laliga,Spain,2023,2023-24,28,32,2485,5,3,8,0.181,0.109,0.29,38,1.58,72.66,0.795918367,0.591836735,79.59,59.18,69.39,12,32,811
278531,Sebastiano Luperto,Defender,Centre-Back,Italy,749,FC Empoli,IT1,serie-a,Italy,2023,2023-24,27,38,3407,1,1,2,0.026,0.026,0.053,38,0.95,99.62,0.388059701,1,38.81,100,69.4,12,32,810
449796,Alejandro Catena,Defender,Centre-Back,Spain,331,CA Osasuna,ES1,laliga,Spain,2023,2023-24,29,30,2536,1,3,4,0.035,0.106,0.142,38,1.18,74.15,0.742857143,0.628571429,74.29,62.86,68.57,12,33,850
568177,Cole Palmer,Midfield,Attacking Midfield,England,631,Chelsea FC,GB1,premier-league,England,2023,2023-24,22,33,2618,22,11,33,0.756,0.378,1.134,38,1.66,76.55,1,0.456140351,100,45.61,72.81,12,33,645
73794,Duván Zapata,Attack,Centre-Forward,Colombia,416,Torino FC,IT1,serie-a,Italy,2023,2023-24,33,35,2892,12,4,16,0.373,0.124,0.498,38,1.39,84.56,0.516129032,0.870967742,51.61,87.1,69.35,6,33,812
413843,Keven Schlotterbeck,Defender,Centre-Back,Germany,80,VfL Bochum,L1,bundesliga,Germany,2023,2023-24,27,27,2184,5,3,8,0.206,0.124,0.33,34,0.97,71.37,0.898305085,0.389830508,89.83,38.98,64.41,15,33,1063
131225,Nicolás Tagliafico,Defender,Left-Back,Argentina,1041,Olympique Lyon,FR1,ligue-1,France,2023,2023-24,31,25,2127,3,2,5,0.127,0.085,0.212,34,1.56,69.51,0.93220339,0.338983051,93.22,33.9,63.56,15,33,1096
355915,Cristian Romero,Defender,Centre-Back,Argentina,148,Tottenham Hotspur,GB1,premier-league,England,2023,2023-24,26,33,2792,5,0,5,0.161,0,0.161,38,1.74,81.64,0.815384615,0.630769231,81.54,63.08,72.31,10,34,665
668951,Matías Soulé,Attack,Right Winger,Argentina,8970,Frosinone Calcio,IT1,serie-a,Italy,2023,2023-24,21,36,3141,11,3,14,0.315,0.086,0.401,38,0.92,91.84,0.387096774,1,38.71,100,69.35,7,34,813
361260,Ozan Kabak,Defender,Centre-Back,Türkiye,533,TSG 1899 Hoffenheim,L1,bundesliga,Germany,2023,2023-24,24,28,2291,4,1,5,0.157,0.039,0.196,34,1.35,74.87,0.745762712,0.542372881,74.58,54.24,64.41,16,34,1064
816580,Tiago Santos,Defender,Right-Back,Portugal,1082,LOSC Lille,FR1,ligue-1,France,2023,2023-24,21,29,2363,1,2,3,0.038,0.076,0.114,34,1.74,77.22,0.694915254,0.576271186,69.49,57.63,63.56,16,34,1098
433049,Youssef En-Nesyri,Attack,Centre-Forward,Morocco,368,Sevilla FC,ES1,laliga,Spain,2023,2023-24,27,33,2576,16,2,18,0.559,0.07,0.629,38,1.08,75.32,0.681818182,0.681818182,68.18,68.18,68.18,10,34,867
448844,Carlos Neva,Defender,Left-Back,Spain,16795,Granada CF,ES1,laliga,Spain,2023,2023-24,28,36,3156,0,2,2,0,0.057,0.057,38,0.55,92.28,0.371428571,0.971428571,37.14,97.14,67.14,13,35,929
504153,Joe Scally,Defender,Right-Back,United States,18,Borussia Mönchengladbach,L1,bundesliga,Germany,2023,2023-24,21,31,2236,1,4,5,0.04,0.161,0.201,34,1,73.07,0.762711864,0.508474576,76.27,50.85,63.56,17,35,1097
128220,Luis Alberto,Midfield,Attacking Midfield,Spain,398,Società Sportiva Lazio S.p.A.,IT1,serie-a,Italy,2023,2023-24,31,33,2323,5,8,13,0.194,0.31,0.504,38,1.61,67.92,0.926470588,0.455882353,92.65,45.59,69.12,16,35,824
414908,Marshall Munetsi,Midfield,Central Midfield,Zimbabwe,1421,Stade Reims,FR1,ligue-1,France,2023,2023-24,28,27,2178,4,4,8,0.165,0.165,0.331,34,1.38,71.18,0.789473684,0.473684211,78.95,47.37,63.16,10,35,1120
776890,Nicolas Jackson,Attack,Centre-Forward,Senegal,631,Chelsea FC,GB1,premier-league,England,2023,2023-24,23,35,2810,14,5,19,0.448,0.16,0.609,38,1.66,82.16,0.608695652,0.826086957,60.87,82.61,71.74,13,35,683
386446,Alessandro Buongiorno,Defender,Centre-Back,Italy,416,Torino FC,IT1,serie-a,Italy,2023,2023-24,25,29,2530,3,1,4,0.107,0.036,0.142,38,1.39,73.98,0.731343284,0.641791045,73.13,64.18,68.66,13,36,838
46413,Ante Budimir,Attack,Centre-Forward,Croatia,331,CA Osasuna,ES1,laliga,Spain,2023,2023-24,32,33,2449,17,2,19,0.625,0.073,0.698,38,1.18,71.61,0.818181818,0.522727273,81.82,52.27,67.05,11,36,937
250779,Brendan Chardonnet,Defender,Centre-Back,France,3911,Stade Brestois 29,FR1,ligue-1,France,2023,2023-24,29,33,2970,1,1,2,0.03,0.03,0.061,34,1.79,97.06,0.288135593,0.966101695,28.81,96.61,62.71,17,36,1147
546213,Tuta,Defender,Centre-Back,Brazil,24,Eintracht Frankfurt,L1,bundesliga,Germany,2023,2023-24,24,30,2607,1,2,3,0.035,0.069,0.104,34,1.38,85.2,0.542372881,0.728813559,54.24,72.88,63.56,18,36,1099
139208,Virgil van Dijk,Defender,Centre-Back,Netherlands,31,Liverpool FC,GB1,premier-league,England,2023,2023-24,32,36,3178,2,2,4,0.057,0.057,0.113,38,2.16,92.92,0.538461538,0.892307692,53.85,89.23,71.54,11,36,690
548111,Álex Baena,Attack,Left Winger,Spain,1050,Villarreal CF,ES1,laliga,Spain,2023,2023-24,22,34,2601,2,14,16,0.069,0.484,0.554,38,1.39,76.05,0.613636364,0.704545455,61.36,70.45,65.91,12,37,987
496857,Edon Zhegrova,Attack,Right Winger,Kosovo,1082,LOSC Lille,FR1,ligue-1,France,2023,2023-24,25,33,2301,6,6,12,0.235,0.235,0.469,34,1.74,75.2,0.56,0.68,56,68,62,10,37,1191
571604,Giorgio Scalvini,Defender,Centre-Back,Italy,800,Atalanta BC,IT1,serie-a,Italy,2023,2023-24,20,33,2553,1,3,4,0.035,0.106,0.141,38,1.82,74.65,0.701492537,0.671641791,70.15,67.16,68.66,14,37,839
193116,John McGinn,Midfield,Central Midfield,Scotland,405,Aston Villa,GB1,premier-league,England,2023,2023-24,29,35,3010,6,4,10,0.179,0.12,0.299,38,1.79,88.01,0.561403509,0.859649123,56.14,85.96,71.05,13,37,714
661171,Willian Pacho,Defender,Centre-Back,Ecuador,24,Eintracht Frankfurt,L1,bundesliga,Germany,2023,2023-24,22,33,2970,0,2,2,0,0.061,0.061,34,1.38,97.06,0.288135593,0.983050847,28.81,98.31,63.56,19,37,1101
654539,Adrien Truffert,Defender,Left-Back,France,273,Stade Rennais FC,FR1,ligue-1,France,2023,2023-24,22,30,2145,1,3,4,0.042,0.126,0.168,34,1.35,70.1,0.86440678,0.372881356,86.44,37.29,61.86,18,38,1201
459658,Andrea Cambiaso,Defender,Left-Back,Italy,506,Juventus FC,IT1,serie-a,Italy,2023,2023-24,24,34,2389,2,3,5,0.075,0.113,0.188,38,1.87,69.85,0.880597015,0.47761194,88.06,47.76,67.91,15,38,883
517894,Matheus Cunha,Attack,Centre-Forward,Brazil,543,Wolverhampton Wanderers,GB1,premier-league,England,2023,2023-24,25,32,2454,12,7,19,0.44,0.257,0.697,38,1.21,71.75,0.782608696,0.608695652,78.26,60.87,69.57,14,38,797
133731,Patrick Mainka,Defender,Centre-Back,Germany,2036,1. Fußballclub Heidenheim 1846,L1,bundesliga,Germany,2023,2023-24,29,34,3060,2,0,2,0.059,0,0.059,34,1.24,100,0.271186441,1,27.12,100,63.56,20,38,1102
627228,Yan Couto,Defender,Right-Back,Brazil,12321,Girona FC,ES1,laliga,Spain,2023,2023-24,22,34,2244,1,10,11,0.04,0.401,0.441,38,2.13,65.61,1,0.314285714,100,31.43,65.71,14,38,996
139435,Dani Rodríguez,Midfield,Attacking Midfield,Spain,237,RCD Mallorca,ES1,laliga,Spain,2023,2023-24,36,36,2634,2,4,6,0.068,0.137,0.205,38,1.05,77.02,0.612244898,0.693877551,61.22,69.39,65.31,13,39,1016
16136,Dante,Defender,Centre-Back,Brazil,417,OGC Nice,FR1,ligue-1,France,2023,2023-24,40,32,2844,1,1,2,0.032,0.032,0.063,34,1.62,92.94,0.322033898,0.915254237,32.2,91.53,61.86,19,39,1203
357796,Domagoj Bradarić,Defender,Left-Back,Croatia,380,US Salernitana 1919,IT1,serie-a,Italy,2023,2023-24,24,34,2751,0,3,3,0,0.098,0.098,38,0.45,80.44,0.582089552,0.776119403,58.21,77.61,67.91,16,39,884
661053,Jarrad Branthwaite,Defender,Centre-Back,England,29,Everton FC,GB1,premier-league,England,2023,2023-24,22,35,3117,3,1,4,0.087,0.029,0.115,38,1.26,91.14,0.553846154,0.830769231,55.38,83.08,69.23,12,39,817
524285,Luca Netz,Defender,Left-Back,Germany,18,Borussia Mönchengladbach,L1,bundesliga,Germany,2023,2023-24,21,30,2232,0,5,5,0,0.202,0.202,34,1,72.94,0.779661017,0.474576271,77.97,47.46,62.71,21,39,1145
278343,Felix Uduokhai,Defender,Centre-Back,Germany,167,FC Augsburg,L1,bundesliga,Germany,2023,2023-24,26,33,2922,2,0,2,0.062,0,0.062,34,1.15,95.49,0.305084746,0.949152542,30.51,94.92,62.71,22,40,1146
70245,Ignasi Miquel,Defender,Centre-Back,Spain,16795,Granada CF,ES1,laliga,Spain,2023,2023-24,31,34,2991,1,1,2,0.03,0.03,0.06,38,0.55,87.46,0.385714286,0.914285714,38.57,91.43,65,15,40,1031
238626,Laurent Abergel,Midfield,Defensive Midfield,France,1158,FC Lorient,FR1,ligue-1,France,2023,2023-24,31,33,2862,2,1,3,0.063,0.031,0.094,34,0.85,93.53,0.263157895,0.973684211,26.32,97.37,61.84,11,40,1206
86784,Ricardo Rodríguez,Defender,Left-Back,Switzerland,416,Torino FC,IT1,serie-a,Italy,2023,2023-24,31,35,2784,1,2,3,0.032,0.065,0.097,38,1.39,81.4,0.567164179,0.791044776,56.72,79.1,67.91,17,40,885
495666,William Saliba,Defender,Centre-Back,France,11,Arsenal FC,GB1,premier-league,England,2023,2023-24,23,38,3420,2,1,3,0.053,0.026,0.079,38,2.34,100,0.415384615,0.969230769,41.54,96.92,69.23,13,40,819
187718,Clinton Mata,Defender,Centre-Back,Angola,1041,Olympique Lyon,FR1,ligue-1,France,2023,2023-24,31,28,2222,0,3,3,0,0.122,0.122,34,1.56,72.61,0.728813559,0.491525424,72.88,49.15,61.02,20,41,1257
435338,Gabriel,Defender,Centre-Back,Brazil,11,Arsenal FC,GB1,premier-league,England,2023,2023-24,26,36,3044,4,0,4,0.118,0,0.118,38,2.34,89.01,0.6,0.753846154,60,75.38,67.69,14,41,905
709187,Nico Williams,Attack,Left Winger,Spain,621,Athletic Bilbao,ES1,laliga,Spain,2023,2023-24,21,31,2282,5,14,19,0.197,0.552,0.749,38,1.79,66.73,0.863636364,0.431818182,86.36,43.18,64.77,13,41,1041
82442,Olivier Giroud,Attack,Centre-Forward,France,5,AC Milan,IT1,serie-a,Italy,2023,2023-24,37,35,2372,15,8,23,0.569,0.304,0.873,38,1.97,69.36,0.903225806,0.451612903,90.32,45.16,67.74,8,41,900
143798,Pavel Kaderabek,Midfield,Right Midfield,Czech Republic,533,TSG 1899 Hoffenheim,L1,bundesliga,Germany,2023,2023-24,32,29,2422,3,5,8,0.111,0.186,0.297,34,1.35,79.15,0.55,0.675,55,67.5,61.25,10,41,1243
241641,Bernardo Silva,Midfield,Attacking Midfield,Portugal,281,Manchester City,GB1,premier-league,England,2023,2023-24,29,33,2582,6,9,15,0.209,0.314,0.523,38,2.39,75.5,0.929824561,0.421052632,92.98,42.11,67.54,14,42,909
340205,Gorka Guruzeta,Attack,Centre-Forward,Spain,621,Athletic Bilbao,ES1,laliga,Spain,2023,2023-24,27,32,2241,14,5,19,0.562,0.201,0.763,38,1.79,65.53,0.886363636,0.386363636,88.64,38.64,63.64,14,42,1090
435648,Joshua Zirkzee,Attack,Centre-Forward,Netherlands,1025,Bologna Football Club 1909,IT1,serie-a,Italy,2023,2023-24,23,34,2774,11,5,16,0.357,0.162,0.519,38,1.79,81.11,0.548387097,0.806451613,54.84,80.65,67.74,9,42,901
196792,Julian Weigl,Midfield,Defensive Midfield,Germany,18,Borussia Mönchengladbach,L1,bundesliga,Germany,2023,2023-24,28,31,2766,2,3,5,0.065,0.098,0.163,34,1,90.39,0.275,0.95,27.5,95,61.25,11,42,1244
575998,Leonardo Balerdi,Defender,Centre-Back,Argentina,244,Olympique Marseille,FR1,ligue-1,France,2023,2023-24,25,27,2275,2,1,3,0.079,0.04,0.119,34,1.47,74.35,0.711864407,0.508474576,71.19,50.85,61.02,21,42,1258
424204,Alphonso Davies,Defender,Left-Back,Canada,27,Bayern Munich,L1,bundesliga,Germany,2023,2023-24,23,29,2067,2,6,8,0.087,0.261,0.348,34,2.12,67.55,0.93220339,0.288135593,93.22,28.81,61.02,23,43,1253
431755,Dejan Kulusevski,Midfield,Attacking Midfield,Sweden,148,Tottenham Hotspur,GB1,premier-league,England,2023,2023-24,24,36,2766,8,3,11,0.26,0.098,0.358,38,1.74,80.88,0.719298246,0.614035088,71.93,61.4,66.67,15,43,957
249636,Gautier Lloris,Defender,Centre-Back,France,738,Le Havre AC,FR1,ligue-1,France,2023,2023-24,28,31,2780,2,0,2,0.065,0,0.065,34,0.94,90.85,0.338983051,0.881355932,33.9,88.14,61.02,22,43,1259
57280,Giacomo Bonaventura,Midfield,Attacking Midfield,Italy,430,ACF Fiorentina,IT1,serie-a,Italy,2023,2023-24,34,31,2287,8,3,11,0.315,0.118,0.433,38,1.58,66.87,0.911764706,0.426470588,91.18,42.65,66.91,17,43,950
532826,Mason Greenwood,Attack,Right Winger,England,3709,Getafe CF,ES1,laliga,Spain,2023,2023-24,22,33,2668,8,6,14,0.27,0.202,0.472,38,1.13,78.01,0.477272727,0.795454545,47.73,79.55,63.64,15,43,1092
315865,Andrea Pinamonti,Attack,Centre-Forward,Italy,6574,US Sassuolo,IT1,serie-a,Italy,2023,2023-24,25,38,3097,11,2,13,0.32,0.058,0.378,38,0.79,90.56,0.35483871,0.967741935,35.48,96.77,66.13,10,44,976
322985,Gustavo Hamer,Midfield,Central Midfield,Netherlands,350,Sheffield United,GB1,premier-league,England,2023,2023-24,27,36,2924,4,6,10,0.123,0.185,0.308,38,0.42,85.5,0.614035088,0.719298246,61.4,71.93,66.67,16,44,959
282660,Maximilian Mittelstädt,Defender,Left-Back,Germany,79,VfB Stuttgart,L1,bundesliga,Germany,2023,2023-24,27,31,2102,2,4,6,0.086,0.171,0.257,34,2.15,68.69,0.881355932,0.338983051,88.14,33.9,61.02,24,44,1254
273152,Nemanja Maksimovic,Midfield,Central Midfield,Serbia,3709,Getafe CF,ES1,laliga,Spain,2023,2023-24,29,37,3273,4,0,4,0.11,0,0.11,38,1.13,95.7,0.285714286,0.979591837,28.57,97.96,63.27,14,44,1114
283227,Rasmus Nicolaisen,Defender,Centre-Back,Denmark,415,FC Toulouse,FR1,ligue-1,France,2023,2023-24,27,33,2927,2,0,2,0.061,0,0.061,34,1.26,95.65,0.288135593,0.93220339,28.81,93.22,61.02,23,44,1260
585959,Arnaud Kalimuendo,Attack,Centre-Forward,France,273,Stade Rennais FC,FR1,ligue-1,France,2023,2023-24,22,30,2155,10,4,14,0.418,0.167,0.585,34,1.35,70.42,0.68,0.52,68,52,60,11,45,1306
181778,Emerson,Defender,Left-Back,Italy,379,West Ham United,GB1,premier-league,England,2023,2023-24,29,36,3143,1,2,3,0.029,0.057,0.086,38,1.37,91.9,0.461538462,0.861538462,46.15,86.15,66.15,15,45,974
373373,Lucas Martínez Quarta,Defender,Centre-Back,Argentina,430,ACF Fiorentina,IT1,serie-a,Italy,2023,2023-24,28,29,2292,5,1,6,0.196,0.039,0.236,38,1.58,67.02,0.925373134,0.373134328,92.54,37.31,64.93,18,45,1032
666234,Mohamed Simakan,Defender,Centre-Back,France,23826,RB Leipzig,L1,bundesliga,Germany,2023,2023-24,24,32,2140,2,4,6,0.084,0.168,0.252,34,1.91,69.93,0.86440678,0.355932203,86.44,35.59,61.02,25,45,1255
96718,Óscar de Marcos,Defender,Right-Back,Spain,621,Athletic Bilbao,ES1,laliga,Spain,2023,2023-24,35,28,2261,1,5,6,0.04,0.199,0.239,38,1.79,66.11,0.914285714,0.342857143,91.43,34.29,62.86,16,45,1130
608175,Alfie Doughty,Midfield,Left Midfield,England,1031,Luton Town,GB1,premier-league,England,2023,2023-24,24,37,2937,2,8,10,0.061,0.245,0.306,38,0.68,85.88,0.578947368,0.736842105,57.89,73.68,65.79,17,46,990
257732,Amir Rrahmani,Defender,Centre-Back,Kosovo,6195,SSC Napoli,IT1,serie-a,Italy,2023,2023-24,30,30,2602,3,0,3,0.104,0,0.104,38,1.39,76.08,0.597014925,0.701492537,59.7,70.15,64.93,19,46,1033
346849,Christoph Klarer,Defender,Centre-Back,Austria,105,SV Darmstadt 98,L1,bundesliga,Germany,2023,2023-24,24,30,2356,2,2,4,0.076,0.076,0.153,34,0.5,76.99,0.610169492,0.576271186,61.02,57.63,59.32,26,46,1344
138927,Daniel Carvajal,Defender,Right-Back,Spain,418,Real Madrid,ES1,laliga,Spain,2023,2023-24,32,28,2175,4,3,7,0.166,0.124,0.29,38,2.5,63.6,0.971428571,0.257142857,97.14,25.71,61.43,17,46,1230
348791,Junya Ito,Attack,Right Winger,Japan,1421,Stade Reims,FR1,ligue-1,France,2023,2023-24,31,31,2723,3,7,10,0.099,0.231,0.331,34,1.38,88.99,0.2,1,20,100,60,12,46,1310
435772,Charles De Ketelaere,Midfield,Attacking Midfield,Belgium,800,Atalanta BC,IT1,serie-a,Italy,2023,2023-24,23,35,2042,10,8,18,0.441,0.353,0.793,38,1.82,59.71,1,0.294117647,100,29.41,64.71,18,47,1046
568158,Javi López,Defender,Left-Back,Spain,1108,Deportivo Alavés,ES1,laliga,Spain,2023,2023-24,22,32,2387,1,3,4,0.038,0.113,0.151,38,1.21,69.8,0.771428571,0.457142857,77.14,45.71,61.43,18,47,1233
148153,Lewis Dunk,Defender,Centre-Back,England,1237,Brighton & Hove Albion,GB1,premier-league,England,2023,2023-24,32,33,2872,3,1,4,0.094,0.031,0.125,38,1.26,83.98,0.615384615,0.692307692,61.54,69.23,65.38,16,47,1008
75489,Niclas Füllkrug,Attack,Centre-Forward,Germany,16,Borussia Dortmund,L1,bundesliga,Germany,2023,2023-24,31,29,2227,12,8,20,0.485,0.323,0.808,34,1.85,72.78,0.814814815,0.37037037,81.48,37.04,59.26,10,47,1352
409153,Teddy Teuma,Midfield,Central Midfield,Malta,1421,Stade Reims,FR1,ligue-1,France,2023,2023-24,30,28,2124,6,3,9,0.254,0.127,0.381,34,1.38,69.41,0.815789474,0.368421053,81.58,36.84,59.21,12,47,1357
46580,Andrej Kramaric,Attack,Second Striker,Croatia,533,TSG 1899 Hoffenheim,L1,bundesliga,Germany,2023,2023-24,33,30,2207,15,6,21,0.612,0.245,0.856,34,1.35,72.12,0.851851852,0.296296296,85.19,29.63,57.41,11,48,1464
246963,Carlton Morris,Attack,Centre-Forward,England,1031,Luton Town,GB1,premier-league,England,2023,2023-24,28,38,2868,11,4,15,0.345,0.126,0.471,38,0.68,83.86,0.413043478,0.847826087,41.3,84.78,63.04,15,48,1122
377393,Pierre Lees-Melou,Midfield,Defensive Midfield,France,3911,Stade Brestois 29,FR1,ligue-1,France,2023,2023-24,31,29,2521,4,0,4,0.143,0,0.143,34,1.79,82.39,0.447368421,0.736842105,44.74,73.68,59.21,13,48,1358
357164,Rafael Leão,Attack,Left Winger,Portugal,5,AC Milan,IT1,serie-a,Italy,2023,2023-24,25,34,2525,9,10,19,0.321,0.356,0.677,38,1.97,73.83,0.741935484,0.548387097,74.19,54.84,64.52,11,48,1050
31909,Toni Kroos,Midfield,Central Midfield,Germany,418,Real Madrid,ES1,laliga,Spain,2023,2023-24,34,33,2130,1,8,9,0.042,0.338,0.38,38,2.5,62.28,0.87755102,0.346938776,87.76,34.69,61.22,15,48,1245
84301,Benjamin André,Midfield,Defensive Midfield,France,1082,LOSC Lille,FR1,ligue-1,France,2023,2023-24,33,30,2575,4,0,4,0.14,0,0.14,34,1.74,84.15,0.394736842,0.789473684,39.47,78.95,59.21,14,49,1359
556385,Destiny Udogie,Defender,Left-Back,Italy,148,Tottenham Hotspur,GB1,premier-league,England,2023,2023-24,21,28,2398,2,3,5,0.075,0.113,0.188,38,1.74,70.12,0.876923077,0.369230769,87.69,36.92,62.31,17,49,1169
645774,Eren Dinkçi,Attack,Right Winger,Türkiye,2036,1. Fußballclub Heidenheim 1846,L1,bundesliga,Germany,2023,2023-24,22,33,2676,10,5,15,0.336,0.168,0.504,34,1.24,87.45,0.333333333,0.814814815,33.33,81.48,57.41,12,49,1466
96341,Romelu Lukaku,Attack,Centre-Forward,Belgium,12,Associazione Sportiva Roma,IT1,serie-a,Italy,2023,2023-24,31,32,2644,13,3,16,0.443,0.102,0.545,38,1.66,77.31,0.612903226,0.677419355,61.29,67.74,64.52,12,49,1051
247250,Rubén Alcaraz,Midfield,Central Midfield,Spain,2687,Cádiz CF,ES1,laliga,Spain,2023,2023-24,33,36,3140,3,1,4,0.086,0.029,0.115,38,0.87,91.81,0.306122449,0.918367347,30.61,91.84,61.22,16,49,1246
422466,Javi Hernández,Defender,Left-Back,Spain,2687,Cádiz CF,ES1,laliga,Spain,2023,2023-24,26,30,2518,1,2,3,0.036,0.071,0.107,38,0.87,73.63,0.628571429,0.585714286,62.86,58.57,60.71,19,50,1282
528833,Lazar Samardžić,Midfield,Attacking Midfield,Serbia,410,Udinese Calcio,IT1,serie-a,Italy,2023,2023-24,22,34,2382,6,2,8,0.227,0.076,0.302,38,0.97,69.65,0.764705882,0.514705882,76.47,51.47,63.97,19,50,1080
324795,Mahdi Camara,Midfield,Central Midfield,France,3911,Stade Brestois 29,FR1,ligue-1,France,2023,2023-24,26,32,2038,7,4,11,0.309,0.177,0.486,34,1.79,66.6,0.921052632,0.236842105,92.11,23.68,57.89,15,50,1430
328784,Robin Koch,Defender,Centre-Back,Germany,24,Eintracht Frankfurt,L1,bundesliga,Germany,2023,2023-24,27,31,2740,2,0,2,0.066,0,0.066,34,1.38,89.54,0.322033898,0.813559322,32.2,81.36,56.78,27,50,1514
262226,Timothy Castagne,Defender,Right-Back,Belgium,931,Fulham FC,GB1,premier-league,England,2023,2023-24,28,34,2634,1,3,4,0.034,0.103,0.137,38,1.24,77.02,0.707692308,0.538461538,70.77,53.85,62.31,18,50,1170
315853,Alessandro Bastoni,Defender,Centre-Back,Italy,46,Inter Milan,IT1,serie-a,Italy,2023,2023-24,25,28,2282,1,4,5,0.039,0.158,0.197,38,2.47,66.73,0.910447761,0.358208955,91.04,35.82,63.43,20,51,1109
134270,Dan Burn,Defender,Centre-Back,England,762,Newcastle United,GB1,premier-league,England,2023,2023-24,32,33,2732,2,2,4,0.066,0.066,0.132,38,1.58,79.88,0.661538462,0.584615385,66.15,58.46,62.31,19,51,1171
569390,Julien Ponceau,Midfield,Attacking Midfield,France,1158,FC Lorient,FR1,ligue-1,France,2023,2023-24,23,32,2253,3,2,5,0.12,0.08,0.2,34,0.85,73.63,0.631578947,0.526315789,63.16,52.63,57.89,16,51,1432
357233,Leandro Barreiro,Midfield,Central Midfield,Luxembourg,39,1.FSV Mainz 05,L1,bundesliga,Germany,2023,2023-24,24,31,2607,4,1,5,0.138,0.035,0.173,34,1.03,85.2,0.325,0.8,32.5,80,56.25,12,51,1553
537762,Sergio Arribas,Midfield,Attacking Midfield,Spain,3302,UD Almería,ES1,laliga,Spain,2023,2023-24,22,34,2057,9,4,13,0.394,0.175,0.569,38,0.55,60.15,0.979591837,0.224489796,97.96,22.45,60.2,17,51,1302
918969,Lamine Camara,Midfield,Central Midfield,Senegal,347,FC Metz,FR1,ligue-1,France,2023,2023-24,20,31,2266,1,4,5,0.04,0.159,0.199,34,0.85,74.05,0.605263158,0.552631579,60.53,55.26,57.89,17,52,1433
54906,Matteo Darmian,Defender,Right-Back,Italy,46,Inter Milan,IT1,serie-a,Italy,2023,2023-24,34,33,2411,2,2,4,0.075,0.075,0.149,38,2.47,70.5,0.76119403,0.507462687,76.12,50.75,63.43,21,52,1110
263361,Maximilian Wöber,Defender,Centre-Back,Austria,18,Borussia Mönchengladbach,L1,bundesliga,Germany,2023,2023-24,26,25,2072,2,3,5,0.087,0.13,0.217,34,1,67.71,0.813559322,0.305084746,81.36,30.51,55.93,28,52,1567
25557,Sergio Ramos,Defender,Centre-Back,Spain,368,Sevilla FC,ES1,laliga,Spain,2023,2023-24,38,28,2517,3,0,3,0.107,0,0.107,38,1.08,73.6,0.628571429,0.571428571,62.86,57.14,60,20,52,1313
606718,Toti,Defender,Centre-Back,Portugal,543,Wolverhampton Wanderers,GB1,premier-league,England,2023,2023-24,25,35,2776,1,3,4,0.032,0.097,0.13,38,1.21,81.17,0.630769231,0.615384615,63.08,61.54,62.31,20,52,1172
339314,Deniz Undav,Attack,Centre-Forward,Germany,79,VfB Stuttgart,L1,bundesliga,Germany,2023,2023-24,27,30,2097,18,10,28,0.773,0.429,1.202,34,2.15,68.53,0.925925926,0.185185185,92.59,18.52,55.56,13,53,1593
876631,Habib Diarra,Midfield,Central Midfield,Senegal,667,RC Strasbourg Alsace,FR1,ligue-1,France,2023,2023-24,20,31,2313,3,1,4,0.117,0.039,0.156,34,1.15,75.59,0.5,0.657894737,50,65.79,57.89,18,53,1435
294057,James Maddison,Midfield,Attacking Midfield,England,148,Tottenham Hotspur,GB1,premier-league,England,2023,2023-24,27,28,2154,4,9,13,0.167,0.376,0.543,38,1.74,62.98,0.947368421,0.298245614,94.74,29.82,62.28,18,53,1175
377042,Michael Folorunsho,Midfield,Central Midfield,Italy,276,Hellas Verona,IT1,serie-a,Italy,2023,2023-24,26,34,2794,5,1,6,0.161,0.032,0.193,38,1,81.7,0.455882353,0.808823529,45.59,80.88,63.24,20,53,1116
388545,Ricard Sánchez,Defender,Right-Back,Spain,16795,Granada CF,ES1,laliga,Spain,2023,2023-24,24,33,2300,3,1,4,0.117,0.039,0.157,38,0.55,67.25,0.785714286,0.4,78.57,40,59.29,21,53,1347
398073,Achraf Hakimi,Defender,Right-Back,Morocco,583,Paris Saint-Germain,FR1,ligue-1,France,2023,2023-24,25,25,1930,4,5,9,0.187,0.233,0.42,34,2.24,63.07,1,0.152542373,100,15.25,57.63,24,54,1448
86202,Antonio Rüdiger,Defender,Centre-Back,Germany,418,Real Madrid,ES1,laliga,Spain,2023,2023-24,31,33,2707,1,1,2,0.033,0.033,0.066,38,2.5,79.15,0.4,0.785714286,40,78.57,59.29,22,54,1349
289835,Jens Stage,Midfield,Central Midfield,Denmark,86,SV Werder Bremen,L1,bundesliga,Germany,2023,2023-24,27,30,2336,3,3,6,0.116,0.116,0.231,34,1.24,76.34,0.475,0.625,47.5,62.5,55,13,54,1641
95424,Kyle Walker,Defender,Right-Back,England,281,Manchester City,GB1,premier-league,England,2023,2023-24,34,32,2768,0,4,4,0,0.13,0.13,38,2.39,80.94,0.630769231,0.6,63.08,60,61.54,21,54,1223
205938,Mario Pašalić,Midfield,Central Midfield,Croatia,800,Atalanta BC,IT1,serie-a,Italy,2023,2023-24,29,34,2046,6,6,12,0.264,0.264,0.528,38,1.82,59.82,0.941176471,0.308823529,94.12,30.88,62.5,21,54,1152
95810,Kieran Trippier,Defender,Right-Back,England,762,Newcastle United,GB1,premier-league,England,2023,2023-24,33,28,2240,1,10,11,0.04,0.402,0.442,38,1.58,65.5,1,0.215384615,100,21.54,60.77,22,55,1272
923831,Leny Yoro,Defender,Centre-Back,France,1082,LOSC Lille,FR1,ligue-1,France,2023,2023-24,18,32,2672,2,0,2,0.067,0,0.067,34,1.74,87.32,0.355932203,0.779661017,35.59,77.97,56.78,25,55,1513
142021,Sergi Darder,Midfield,Central Midfield,Spain,237,RCD Mallorca,ES1,laliga,Spain,2023,2023-24,30,36,2155,2,5,7,0.084,0.209,0.292,38,1.05,63.01,0.816326531,0.367346939,81.63,36.73,59.18,18,55,1360
332697,Weston McKennie,Midfield,Central Midfield,United States,506,Juventus FC,IT1,serie-a,Italy,2023,2023-24,25,34,2602,0,7,7,0,0.242,0.242,38,1.87,76.08,0.617647059,0.632352941,61.76,63.24,62.5,22,55,1155
223979,Xaver Schlager,Midfield,Central Midfield,Austria,23826,RB Leipzig,L1,bundesliga,Germany,2023,2023-24,26,29,2484,0,5,5,0,0.181,0.181,34,1.91,81.18,0.375,0.725,37.5,72.5,55,14,55,1642
222859,Florent Mollet,Midfield,Attacking Midfield,France,995,FC Nantes,FR1,ligue-1,France,2023,2023-24,32,29,2091,4,5,9,0.172,0.215,0.387,34,0.97,68.33,0.842105263,0.289473684,84.21,28.95,56.58,19,56,1519
131075,Francesco Acerbi,Defender,Centre-Back,Italy,46,Inter Milan,IT1,serie-a,Italy,2023,2023-24,36,29,2386,3,1,4,0.113,0.038,0.151,38,2.47,69.77,0.776119403,0.462686567,77.61,46.27,61.94,22,56,1196
111455,Granit Xhaka,Midfield,Defensive Midfield,Switzerland,15,Bayer 04 Leverkusen,L1,bundesliga,Germany,2023,2023-24,31,33,2827,3,0,3,0.096,0,0.096,34,2.65,92.39,0.125,0.975,12.5,97.5,55,15,56,1643
282421,Javi Muñoz,Midfield,Central Midfield,Spain,472,UD Las Palmas,ES1,laliga,Spain,2023,2023-24,29,37,2646,2,3,5,0.068,0.102,0.17,38,1.05,77.37,0.448979592,0.714285714,44.9,71.43,58.16,19,56,1417
469781,Marcos Senesi,Defender,Centre-Back,Argentina,989,AFC Bournemouth,GB1,premier-league,England,2023,2023-24,27,31,2247,4,5,9,0.16,0.2,0.36,38,1.26,65.7,0.984615385,0.230769231,98.46,23.08,60.77,23,56,1273
532937,Johan Vásquez,Defender,Centre-Back,Mexico,252,Genoa CFC,IT1,serie-a,Italy,2023,2023-24,25,37,2853,1,1,2,0.032,0.032,0.063,38,1.29,83.42,0.402985075,0.835820896,40.3,83.58,61.94,23,57,1197
624037,Joris Chotard,Midfield,Defensive Midfield,France,969,Montpellier HSC,FR1,ligue-1,France,2023,2023-24,22,31,2593,0,3,3,0,0.104,0.104,34,1.24,84.74,0.289473684,0.842105263,28.95,84.21,56.58,20,57,1522
475959,Josko Gvardiol,Defender,Centre-Back,Croatia,281,Manchester City,GB1,premier-league,England,2023,2023-24,22,28,2329,4,2,6,0.155,0.077,0.232,38,2.39,68.1,0.923076923,0.292307692,92.31,29.23,60.77,24,57,1274
423440,Martín Zubimendi,Midfield,Defensive Midfield,Spain,681,Real Sociedad,ES1,laliga,Spain,2023,2023-24,25,31,2655,4,1,5,0.136,0.034,0.169,38,1.58,77.63,0.428571429,0.734693878,42.86,73.47,58.16,20,57,1418
190284,Maximilian Eggestein,Midfield,Central Midfield,Germany,60,SC Freiburg,L1,bundesliga,Germany,2023,2023-24,27,33,2919,1,2,3,0.031,0.062,0.092,34,1.24,95.39,0.1,1,10,100,55,16,57,1644
278296,Antonio Raíllo,Defender,Centre-Back,Spain,237,RCD Mallorca,ES1,laliga,Spain,2023,2023-24,32,26,2198,3,2,5,0.123,0.082,0.205,38,1.05,64.27,0.857142857,0.285714286,85.71,28.57,57.14,23,58,1477
683895,Emmanuel Agbadou,Defender,Centre-Back,Cote d'Ivoire,1421,Stade Reims,FR1,ligue-1,France,2023,2023-24,27,32,2595,1,1,2,0.035,0.035,0.069,34,1.38,84.8,0.406779661,0.694915254,40.68,69.49,55.08,26,58,1633
564785,Kristian Thorstvedt,Midfield,Central Midfield,Norway,6574,US Sassuolo,IT1,serie-a,Italy,2023,2023-24,25,34,2412,6,1,7,0.224,0.037,0.261,38,0.79,70.53,0.691176471,0.544117647,69.12,54.41,61.76,23,58,1212
387106,Lovro Majer,Midfield,Attacking Midfield,Croatia,82,VfL Wolfsburg,L1,bundesliga,Germany,2023,2023-24,26,32,2119,5,5,10,0.212,0.212,0.425,34,1.09,69.25,0.825,0.25,82.5,25,53.75,17,58,1718
29241,Thiago Silva,Defender,Centre-Back,Brazil,631,Chelsea FC,GB1,premier-league,England,2023,2023-24,39,31,2528,3,1,4,0.107,0.036,0.142,38,1.66,73.92,0.738461538,0.476923077,73.85,47.69,60.77,25,58,1276
357498,Dušan Vlahović,Attack,Centre-Forward,Serbia,506,Juventus FC,IT1,serie-a,Italy,2023,2023-24,24,33,2319,16,3,19,0.621,0.116,0.737,38,1.87,67.81,0.806451613,0.419354839,80.65,41.94,61.29,13,59,1239
177467,Gerard Moreno,Attack,Centre-Forward,Spain,1050,Villarreal CF,ES1,laliga,Spain,2023,2023-24,32,30,2276,10,6,16,0.395,0.237,0.633,38,1.39,66.55,0.727272727,0.409090909,72.73,40.91,56.82,16,59,1508
314398,Jae-sung Lee,Midfield,Attacking Midfield,"Korea, South",39,1.FSV Mainz 05,L1,bundesliga,Germany,2023,2023-24,31,29,2128,6,4,10,0.254,0.169,0.423,34,1.03,69.54,0.8,0.275,80,27.5,53.75,18,59,1719
605184,Jean-Clair Todibo,Defender,Centre-Back,France,417,OGC Nice,FR1,ligue-1,France,2023,2023-24,24,30,2654,0,2,2,0,0.068,0.068,34,1.62,86.73,0.372881356,0.728813559,37.29,72.88,55.08,27,59,1634
126664,Lucas Digne,Defender,Left-Back,France,405,Aston Villa,GB1,premier-league,England,2023,2023-24,30,33,2413,1,3,4,0.037,0.112,0.149,38,1.79,70.56,0.8,0.384615385,80,38.46,59.23,26,59,1354
392516,Antonino Gallo,Defender,Left-Back,Italy,1005,US Lecce,IT1,serie-a,Italy,2023,2023-24,24,35,2502,0,3,3,0,0.108,0.108,38,1,73.16,0.611940299,0.611940299,61.19,61.19,61.19,24,60,1247
195736,Florian Grillitsch,Midfield,Defensive Midfield,Austria,533,TSG 1899 Hoffenheim,L1,bundesliga,Germany,2023,2023-24,28,30,2297,1,6,7,0.039,0.235,0.274,34,1.35,75.07,0.525,0.55,52.5,55,53.75,19,60,1720
124028,Ismaily,Defender,Left-Back,Brazil,1082,LOSC Lille,FR1,ligue-1,France,2023,2023-24,34,30,2467,1,1,2,0.036,0.036,0.073,34,1.74,80.62,0.440677966,0.644067797,44.07,64.41,54.24,28,60,1690
173504,James Tarkowski,Defender,Centre-Back,England,29,Everton FC,GB1,premier-league,England,2023,2023-24,31,38,3420,1,1,2,0.026,0.026,0.053,38,1.26,100,0.215384615,0.969230769,21.54,96.92,59.23,27,60,1355
525247,Maximilian Kilman,Defender,Centre-Back,England,543,Wolverhampton Wanderers,GB1,premier-league,England,2023,2023-24,27,38,3420,2,0,2,0.053,0,0.053,38,1.21,100,0.215384615,0.969230769,21.54,96.92,59.23,27,60,1355
412363,Rodrygo,Attack,Right Winger,Brazil,418,Real Madrid,ES1,laliga,Spain,2023,2023-24,23,34,2391,10,5,15,0.376,0.188,0.565,38,2.5,69.91,0.636363636,0.5,63.64,50,56.82,17,60,1509
510396,Álex Suárez,Defender,Centre-Back,Spain,472,UD Las Palmas,ES1,laliga,Spain,2023,2023-24,31,32,2569,2,0,2,0.07,0,0.07,38,1.05,75.12,0.414285714,0.7,41.43,70,55.71,24,61,1585
344069,Anton Stach,Midfield,Defensive Midfield,Germany,533,TSG 1899 Hoffenheim,L1,bundesliga,Germany,2023,2023-24,25,31,2326,2,4,6,0.077,0.155,0.232,34,1.35,76.01,0.5,0.575,50,57.5,53.75,20,61,1721
354352,Frédéric Guilbert,Defender,Right-Back,France,667,RC Strasbourg Alsace,FR1,ligue-1,France,2023,2023-24,29,32,2493,2,0,2,0.072,0,0.072,34,1.15,81.47,0.423728814,0.661016949,42.37,66.1,54.24,29,61,1691
283628,Tomáš Souček,Midfield,Defensive Midfield,Czech Republic,379,West Ham United,GB1,premier-league,England,2023,2023-24,29,37,2874,7,2,9,0.219,0.063,0.282,38,1.37,84.04,0.50877193,0.666666667,50.88,66.67,58.77,19,61,1387
564529,Victor Kristiansen,Defender,Left-Back,Denmark,1025,Bologna Football Club 1909,IT1,serie-a,Italy,2023,2023-24,21,32,2312,0,4,4,0,0.156,0.156,38,1.79,67.6,0.791044776,0.402985075,79.1,40.3,59.7,25,61,1326
232320,Atakan Karazor,Midfield,Defensive Midfield,Türkiye,79,VfB Stuttgart,L1,bundesliga,Germany,2023,2023-24,27,33,2630,0,4,4,0,0.137,0.137,34,2.15,85.95,0.225,0.85,22.5,85,53.75,21,62,1722
484988,Logan Costa,Defender,Centre-Back,Cape Verde,415,FC Toulouse,FR1,ligue-1,France,2023,2023-24,23,31,2645,1,1,2,0.034,0.034,0.068,34,1.26,86.44,0.372881356,0.711864407,37.29,71.19,54.24,30,62,1692
265088,Manuel Locatelli,Midfield,Defensive Midfield,Italy,506,Juventus FC,IT1,serie-a,Italy,2023,2023-24,26,36,3011,1,4,5,0.03,0.12,0.149,38,1.87,88.04,0.279411765,0.911764706,27.94,91.18,59.56,24,62,1335
617060,Mika Mármol,Defender,Centre-Back,Spain,472,UD Las Palmas,ES1,laliga,Spain,2023,2023-24,22,36,3181,0,1,1,0,0.028,0.028,38,1.05,93.01,0.128571429,0.985714286,12.86,98.57,55.71,25,62,1586
388165,Yoane Wissa,Attack,Centre-Forward,DR Congo,1148,Brentford FC,GB1,premier-league,England,2023,2023-24,27,34,2508,12,3,15,0.431,0.108,0.538,38,1.03,73.33,0.52173913,0.652173913,52.17,65.22,58.7,16,62,1389
298976,Borja Mayoral,Attack,Centre-Forward,Spain,3709,Getafe CF,ES1,laliga,Spain,2023,2023-24,27,27,2165,15,1,16,0.624,0.042,0.665,38,1.13,63.3,0.772727273,0.340909091,77.27,34.09,55.68,18,63,1587
198116,Federico Dimarco,Defender,Left-Back,Italy,46,Inter Milan,IT1,serie-a,Italy,2023,2023-24,26,30,2104,5,6,11,0.214,0.257,0.471,38,2.47,61.52,1,0.179104478,100,17.91,58.96,26,63,1374
182875,Jean-Charles Castelletto,Defender,Centre-Back,Cameroon,995,FC Nantes,FR1,ligue-1,France,2023,2023-24,29,28,2466,2,0,2,0.073,0,0.073,34,0.97,80.59,0.440677966,0.627118644,44.07,62.71,53.39,31,63,1738
157509,Kurt Zouma,Defender,Centre-Back,France,379,West Ham United,GB1,premier-league,England,2023,2023-24,29,33,2839,3,0,3,0.095,0,0.095,38,1.37,83.01,0.492307692,0.676923077,49.23,67.69,58.46,28,63,1400
185077,Vincenzo Grifo,Attack,Left Winger,Italy,60,SC Freiburg,L1,bundesliga,Germany,2023,2023-24,31,32,2345,8,8,16,0.307,0.307,0.614,34,1.24,76.63,0.555555556,0.518518519,55.56,51.85,53.7,14,63,1724
272278,Chris Führich,Attack,Left Winger,Germany,79,VfB Stuttgart,L1,bundesliga,Germany,2023,2023-24,26,34,2595,8,7,15,0.277,0.243,0.52,34,2.15,84.8,0.37037037,0.703703704,37.04,70.37,53.7,15,64,1725
465717,Jayden Bogle,Defender,Right-Back,England,350,Sheffield United,GB1,premier-league,England,2023,2023-24,23,34,2793,3,0,3,0.097,0,0.097,38,0.42,81.67,0.507692308,0.646153846,50.77,64.62,57.69,29,64,1446
255901,Rodrigo De Paul,Midfield,Central Midfield,Argentina,13,Atlético de Madrid,ES1,laliga,Spain,2023,2023-24,30,34,2085,3,5,8,0.129,0.216,0.345,38,2,60.96,0.857142857,0.244897959,85.71,24.49,55.1,21,64,1631
203746,Ruben Aguilar,Defender,Right-Back,France,826,RC Lens,FR1,ligue-1,France,2023,2023-24,31,25,1925,1,3,4,0.047,0.14,0.187,34,1.5,62.91,0.881355932,0.13559322,88.14,13.56,50.85,32,64,1897
88706,Simone Romagnoli,Defender,Centre-Back,Italy,8970,Frosinone Calcio,IT1,serie-a,Italy,2023,2023-24,34,33,2716,1,1,2,0.033,0.033,0.066,38,0.92,79.42,0.417910448,0.76119403,41.79,76.12,58.96,27,64,1375
106405,Jeffrey Gouweleeuw,Defender,Centre-Back,Netherlands,167,FC Augsburg,L1,bundesliga,Germany,2023,2023-24,32,30,2594,1,1,2,0.035,0.035,0.069,34,1.15,84.77,0.338983051,0.711864407,33.9,71.19,52.54,29,65,1780
352392,Lucas Perrin,Defender,Centre-Back,France,667,RC Strasbourg Alsace,FR1,ligue-1,France,2023,2023-24,25,31,2723,0,1,1,0,0.033,0.033,34,1.15,88.99,0.152542373,0.86440678,15.25,86.44,50.85,33,65,1899
480692,Luis Díaz,Attack,Left Winger,Colombia,31,Liverpool FC,GB1,premier-league,England,2023,2023-24,27,37,2646,8,5,13,0.272,0.17,0.442,38,2.16,77.37,0.369565217,0.782608696,36.96,78.26,57.61,17,65,1451
223725,Munir El Haddadi,Midfield,Attacking Midfield,Morocco,472,UD Las Palmas,ES1,laliga,Spain,2023,2023-24,28,38,2469,3,2,5,0.109,0.073,0.182,38,1.05,72.19,0.530612245,0.571428571,53.06,57.14,55.1,22,65,1632
540333,Tomas Suslov,Midfield,Attacking Midfield,Slovakia,276,Hellas Verona,IT1,serie-a,Italy,2023,2023-24,22,32,2097,3,5,8,0.129,0.215,0.343,38,1,61.32,0.823529412,0.352941176,82.35,35.29,58.82,25,65,1386
368891,Arthur Theate,Defender,Centre-Back,Belgium,273,Stade Rennais FC,FR1,ligue-1,France,2023,2023-24,24,28,2299,2,0,2,0.078,0,0.078,34,1.35,75.13,0.474576271,0.525423729,47.46,52.54,50,34,66,1970
617081,Diego López,Attack,Right Winger,Spain,1049,Valencia CF,ES1,laliga,Spain,2023,2023-24,22,36,2672,3,6,9,0.101,0.202,0.303,38,1.29,78.13,0.272727273,0.818181818,27.27,81.82,54.55,19,66,1672
479999,Eberechi Eze,Midfield,Attacking Midfield,England,873,Crystal Palace,GB1,premier-league,England,2023,2023-24,26,27,2066,11,4,15,0.479,0.174,0.653,38,1.29,60.41,0.964912281,0.175438596,96.49,17.54,57.02,20,66,1485
192565,Leroy Sané,Attack,Right Winger,Germany,27,Bayern Munich,L1,bundesliga,Germany,2023,2023-24,28,27,2137,8,11,19,0.337,0.463,0.8,34,2.12,69.84,0.777777778,0.259259259,77.78,25.93,51.85,16,66,1825
202886,Ruben Loftus-Cheek,Midfield,Central Midfield,England,5,AC Milan,IT1,serie-a,Italy,2023,2023-24,28,29,2081,6,2,8,0.259,0.086,0.346,38,1.97,60.85,0.838235294,0.323529412,83.82,32.35,58.09,26,66,1420
534033,Alexis Mac Allister,Midfield,Central Midfield,Argentina,31,Liverpool FC,GB1,premier-league,England,2023,2023-24,25,33,2612,5,5,10,0.172,0.172,0.345,38,2.16,76.37,0.701754386,0.438596491,70.18,43.86,57.02,21,67,1487
834764,Javi Guerra,Midfield,Central Midfield,Spain,1049,Valencia CF,ES1,laliga,Spain,2023,2023-24,21,36,2502,4,1,5,0.144,0.036,0.18,38,1.29,73.16,0.469387755,0.612244898,46.94,61.22,54.08,23,67,1703
445939,Omar Marmoush,Attack,Centre-Forward,Egypt,24,Eintracht Frankfurt,L1,bundesliga,Germany,2023,2023-24,25,29,2313,12,6,18,0.467,0.233,0.7,34,1.38,75.59,0.592592593,0.444444444,59.26,44.44,51.85,17,67,1826
242273,Pedro Chirivella,Midfield,Defensive Midfield,Spain,995,FC Nantes,FR1,ligue-1,France,2023,2023-24,27,32,2601,1,1,2,0.035,0.035,0.069,34,0.97,85,0.131578947,0.868421053,13.16,86.84,50,21,67,1976
223974,Stefan Posch,Defender,Centre-Back,Austria,1025,Bologna Football Club 1909,IT1,serie-a,Italy,2023,2023-24,27,31,2418,1,2,3,0.037,0.074,0.112,38,1.79,70.7,0.626865672,0.52238806,62.69,52.24,57.46,28,67,1458
203394,Andreas Pereira,Midfield,Central Midfield,Brazil,931,Fulham FC,GB1,premier-league,England,2023,2023-24,28,37,2639,3,7,10,0.102,0.239,0.341,38,1.24,77.16,0.649122807,0.49122807,64.91,49.12,57.02,22,68,1488
494236,Andy Pelmard,Defender,Centre-Back,Madagascar,3524,Clermont Foot 63,FR1,ligue-1,France,2023,2023-24,24,34,2988,0,0,0,0,0,0,34,0.74,97.65,0,1,0,100,50,35,68,1991
444523,Lucas Paquetá,Midfield,Attacking Midfield,Brazil,379,West Ham United,GB1,premier-league,England,2023,2023-24,26,31,2639,4,6,10,0.136,0.205,0.341,38,1.37,77.16,0.649122807,0.49122807,64.91,49.12,57.02,22,68,1488
491693,Nehuén Pérez,Defender,Centre-Back,Argentina,410,Udinese Calcio,IT1,serie-a,Italy,2023,2023-24,24,36,3240,0,1,1,0,0.028,0.028,38,0.97,94.74,0.179104478,0.970149254,17.91,97.01,57.46,29,68,1459
571020,Oihan Sancet,Midfield,Attacking Midfield,Spain,621,Athletic Bilbao,ES1,laliga,Spain,2023,2023-24,24,30,1993,4,5,9,0.181,0.226,0.406,38,1.79,58.27,0.897959184,0.163265306,89.8,16.33,53.06,24,68,1753
467434,Rocco Reitz,Midfield,Central Midfield,Germany,18,Borussia Mönchengladbach,L1,bundesliga,Germany,2023,2023-24,22,34,2144,6,3,9,0.252,0.126,0.378,34,1,70.07,0.725,0.3,72.5,30,51.25,22,68,1870
351955,Federico Baschirotto,Defender,Centre-Back,Italy,1005,US Lecce,IT1,serie-a,Italy,2023,2023-24,27,37,3295,0,1,1,0,0.027,0.027,38,1,96.35,0.164179104,0.985074627,16.42,98.51,57.46,30,69,1460
577486,Gastón Álvarez,Defender,Centre-Back,Uruguay,3709,Getafe CF,ES1,laliga,Spain,2023,2023-24,24,34,2536,2,0,2,0.071,0,0.071,38,1.13,74.15,0.428571429,0.628571429,42.86,62.86,52.86,26,69,1764
234029,Grischa Prömel,Midfield,Central Midfield,Germany,533,TSG 1899 Hoffenheim,L1,bundesliga,Germany,2023,2023-24,29,28,2147,4,5,9,0.168,0.21,0.377,34,1.35,70.16,0.7,0.325,70,32.5,51.25,23,69,1871
57216,Ismaël Traoré,Defender,Centre-Back,Cote d'Ivoire,347,FC Metz,FR1,ligue-1,France,2023,2023-24,37,26,2221,2,0,2,0.081,0,0.081,34,0.85,72.58,0.491525424,0.474576271,49.15,47.46,48.31,36,69,2088
314353,Trent Alexander-Arnold,Defender,Right-Back,England,31,Liverpool FC,GB1,premier-league,England,2023,2023-24,25,28,2163,3,4,7,0.125,0.166,0.291,38,2.16,63.25,0.953846154,0.184615385,95.38,18.46,56.92,30,69,1499
546543,Darwin Núñez,Attack,Centre-Forward,Uruguay,31,Liverpool FC,GB1,premier-league,England,2023,2023-24,25,36,2045,11,8,19,0.484,0.352,0.836,38,2.16,59.8,0.913043478,0.217391304,91.3,21.74,56.52,18,70,1524
106270,Florian Kainz,Midfield,Attacking Midfield,Austria,3,1.FC Köln,L1,bundesliga,Germany,2023,2023-24,31,33,2213,5,4,9,0.203,0.163,0.366,34,0.79,72.32,0.625,0.4,62.5,40,51.25,24,70,1872
165895,Matteo Politano,Attack,Right Winger,Italy,6195,SSC Napoli,IT1,serie-a,Italy,2023,2023-24,30,37,2385,8,8,16,0.302,0.302,0.604,38,1.39,69.74,0.64516129,0.483870968,64.52,48.39,56.45,14,70,1529
538874,Terem Moffi,Attack,Centre-Forward,Nigeria,417,OGC Nice,FR1,ligue-1,France,2023,2023-24,25,30,1961,11,2,13,0.505,0.092,0.597,34,1.62,64.08,0.72,0.24,72,24,48,13,70,2100
371998,Vinicius Junior,Attack,Left Winger,Brazil,418,Real Madrid,ES1,laliga,Spain,2023,2023-24,23,26,1875,15,6,21,0.72,0.288,1.008,38,2.5,54.82,0.954545455,0.090909091,95.45,9.09,52.27,20,70,1795
128223,Álvaro Morata,Attack,Centre-Forward,Spain,13,Atlético de Madrid,ES1,laliga,Spain,2023,2023-24,31,32,1909,15,4,19,0.707,0.189,0.896,38,2,55.82,0.931818182,0.113636364,93.18,11.36,52.27,21,71,1796
364258,Bernardo,Defender,Left-Back,Brazil,80,VfL Bochum,L1,bundesliga,Germany,2023,2023-24,29,33,2925,1,0,1,0.031,0,0.031,34,0.97,95.59,0.050847458,0.966101695,5.08,96.61,50.85,30,71,1900
334526,Denis Zakaria,Midfield,Defensive Midfield,Switzerland,162,AS Monaco,FR1,ligue-1,France,2023,2023-24,27,25,2142,4,0,4,0.168,0,0.168,34,1.97,70,0.526315789,0.421052632,52.63,42.11,47.37,22,71,2155
387626,Leon Bailey,Attack,Right Winger,Jamaica,405,Aston Villa,GB1,premier-league,England,2023,2023-24,26,35,2076,10,9,19,0.434,0.39,0.824,38,1.79,60.7,0.847826087,0.282608696,84.78,28.26,56.52,19,71,1525
323954,Walace,Midfield,Defensive Midfield,Brazil,410,Udinese Calcio,IT1,serie-a,Italy,2023,2023-24,29,37,3243,2,0,2,0.056,0,0.056,38,0.97,94.82,0.147058824,0.970588235,14.71,97.06,55.88,27,71,1575
127187,Abdoulaye Doucouré,Midfield,Attacking Midfield,Mali,29,Everton FC,GB1,premier-league,England,2023,2023-24,31,32,2642,7,2,9,0.238,0.068,0.307,38,1.26,77.25,0.596491228,0.526315789,59.65,52.63,56.14,23,72,1560
262523,Davide Calabria,Defender,Right-Back,Italy,5,AC Milan,IT1,serie-a,Italy,2023,2023-24,27,29,2194,1,3,4,0.041,0.123,0.164,38,1.97,64.15,0.820895522,0.28358209,82.09,28.36,55.22,31,72,1623
229006,Franck Honorat,Attack,Right Winger,France,18,Borussia Mönchengladbach,L1,bundesliga,Germany,2023,2023-24,27,32,2358,3,11,14,0.115,0.42,0.534,34,1,77.06,0.444444444,0.555555556,44.44,55.56,50,18,72,1934
263236,Kevin Danso,Defender,Centre-Back,Austria,826,RC Lens,FR1,ligue-1,France,2023,2023-24,25,30,2655,1,0,1,0.034,0,0.034,34,1.5,86.76,0.169491525,0.745762712,16.95,74.58,45.76,37,72,2257
189441,Lucas Ocampos,Attack,Left Winger,Argentina,368,Sevilla FC,ES1,laliga,Spain,2023,2023-24,29,35,2887,4,3,7,0.125,0.094,0.218,38,1.08,84.42,0.113636364,0.931818182,11.36,93.18,52.27,22,72,1803
239802,Adam Marusic,Defender,Right-Back,Montenegro,398,Società Sportiva Lazio S.p.A.,IT1,serie-a,Italy,2023,2023-24,31,37,3107,1,0,1,0.029,0,0.029,38,1.61,90.85,0.194029851,0.910447761,19.4,91.04,55.22,32,73,1624
401624,Edgar González,Defender,Centre-Back,Spain,3302,UD Almería,ES1,laliga,Spain,2023,2023-24,27,31,2528,2,0,2,0.071,0,0.071,38,0.55,73.92,0.428571429,0.614285714,42.86,61.43,52.14,27,73,1811
400680,Kevin Van Den Kerkhof,Defender,Right-Back,Algeria,347,FC Metz,FR1,ligue-1,France,2023,2023-24,28,29,1918,1,2,3,0.047,0.094,0.141,34,0.85,62.68,0.779661017,0.118644068,77.97,11.86,44.92,38,73,2305
192635,Nico Elvedi,Defender,Centre-Back,Switzerland,18,Borussia Mönchengladbach,L1,bundesliga,Germany,2023,2023-24,27,30,2485,2,0,2,0.072,0,0.072,34,1,81.21,0.355932203,0.644067797,35.59,64.41,50,31,73,1973
131978,Ross Barkley,Midfield,Central Midfield,England,1031,Luton Town,GB1,premier-league,England,2023,2023-24,30,32,2622,5,4,9,0.172,0.137,0.309,38,0.68,76.67,0.631578947,0.473684211,63.16,47.37,55.26,24,73,1620
161056,Joshua Kimmich,Midfield,Defensive Midfield,Germany,27,Bayern Munich,L1,bundesliga,Germany,2023,2023-24,29,28,2192,1,7,8,0.041,0.287,0.328,34,2.12,71.63,0.6,0.375,60,37.5,48.75,25,74,2044
457221,Lucas Robertone,Midfield,Central Midfield,Argentina,3302,UD Almería,ES1,laliga,Spain,2023,2023-24,27,33,2391,0,5,5,0,0.188,0.188,38,0.55,69.91,0.551020408,0.489795918,55.1,48.98,52.04,25,74,1818
206050,Paulo Dybala,Attack,Second Striker,Argentina,12,Associazione Sportiva Roma,IT1,serie-a,Italy,2023,2023-24,30,28,1974,13,9,22,0.593,0.41,1.003,38,1.66,57.72,0.967741935,0.129032258,96.77,12.9,54.84,15,74,1647
270171,Vitaly Janelt,Midfield,Defensive Midfield,Germany,1148,Brentford FC,GB1,premier-league,England,2023,2023-24,26,38,3073,1,3,4,0.029,0.088,0.117,38,1.03,89.85,0.228070175,0.877192982,22.81,87.72,55.26,25,74,1622
648779,Wilfried Singo,Defender,Right-Back,Cote d'Ivoire,162,AS Monaco,FR1,ligue-1,France,2023,2023-24,23,25,2187,1,1,2,0.041,0.041,0.082,34,1.97,71.47,0.508474576,0.389830508,50.85,38.98,44.92,39,74,2306
628834,Danley Jean Jacques,Midfield,Defensive Midfield,Haiti,347,FC Metz,FR1,ligue-1,France,2023,2023-24,24,33,2688,0,0,0,0,0,0,34,0.85,87.84,0,0.894736842,0,89.47,44.74,23,75,2320
159372,Felipe Anderson,Attack,Left Winger,Brazil,398,Società Sportiva Lazio S.p.A.,IT1,serie-a,Italy,2023,2023-24,31,38,2783,5,6,11,0.162,0.194,0.356,38,1.61,81.37,0.258064516,0.838709677,25.81,83.87,54.84,16,75,1649
332798,Roland Sallai,Defender,Right-Back,Hungary,60,SC Freiburg,L1,bundesliga,Germany,2023,2023-24,27,27,1852,3,2,5,0.146,0.097,0.243,34,1.24,60.52,0.847457627,0.084745763,84.75,8.47,46.61,32,75,2196
346707,Sean Longstaff,Midfield,Central Midfield,England,762,Newcastle United,GB1,premier-league,England,2023,2023-24,26,35,2747,6,2,8,0.197,0.066,0.262,38,1.58,80.32,0.49122807,0.596491228,49.12,59.65,54.39,26,75,1684
394694,Sergio Ruiz,Midfield,Central Midfield,Spain,16795,Granada CF,ES1,laliga,Spain,2023,2023-24,29,35,2504,0,4,4,0,0.144,0.144,38,0.55,73.22,0.387755102,0.653061224,38.78,65.31,52.04,26,75,1819
355628,Igor Zubeldia,Defender,Centre-Back,Spain,681,Real Sociedad,ES1,laliga,Spain,2023,2023-24,27,30,2524,0,2,2,0,0.071,0.071,38,1.58,73.8,0.428571429,0.6,42.86,60,51.43,28,76,1858
129674,Jeremy Toljan,Defender,Right-Back,Germany,6574,US Sassuolo,IT1,serie-a,Italy,2023,2023-24,29,25,2085,0,6,6,0,0.259,0.259,38,0.79,60.96,0.940298507,0.149253731,94.03,14.93,54.48,33,76,1678
281963,Lucas Hernández,Defender,Left-Back,France,583,Paris Saint-Germain,FR1,ligue-1,France,2023,2023-24,28,27,1915,1,2,3,0.047,0.094,0.141,34,2.24,62.58,0.779661017,0.101694915,77.97,10.17,44.07,40,76,2364
117674,Maximilian Arnold,Midfield,Central Midfield,Germany,82,VfL Wolfsburg,L1,bundesliga,Germany,2023,2023-24,30,30,2504,2,1,3,0.072,0.036,0.108,34,1.09,81.83,0.175,0.75,17.5,75,46.25,26,76,2227
543499,Mohammed Kudus,Attack,Right Winger,Ghana,379,West Ham United,GB1,premier-league,England,2023,2023-24,23,33,2489,8,6,14,0.289,0.217,0.506,38,1.37,72.78,0.456521739,0.630434783,45.65,63.04,54.35,20,76,1685
583189,Anthony Elanga,Attack,Right Winger,Sweden,703,Nottingham Forest,GB1,premier-league,England,2023,2023-24,22,36,2434,5,9,14,0.185,0.333,0.518,38,0.95,71.17,0.47826087,0.586956522,47.83,58.7,53.26,21,77,1744
111266,Anthony Losilla,Midfield,Defensive Midfield,France,80,VfL Bochum,L1,bundesliga,Germany,2023,2023-24,38,31,2587,1,2,3,0.035,0.07,0.104,34,0.97,84.54,0.15,0.775,15,77.5,46.25,27,77,2228
268670,Gerard Gumbau,Midfield,Defensive Midfield,Spain,16795,Granada CF,ES1,laliga,Spain,2023,2023-24,29,35,2685,0,3,3,0,0.101,0.101,38,0.55,78.51,0.265306122,0.755102041,26.53,75.51,51.02,27,77,1889
830890,Marvin Senaya,Defender,Right-Back,Ghana,667,RC Strasbourg Alsace,FR1,ligue-1,France,2023,2023-24,23,32,2139,1,1,2,0.042,0.042,0.084,34,1.15,69.9,0.525423729,0.355932203,52.54,35.59,44.07,41,77,2365
433984,Sam Beukema,Defender,Centre-Back,Netherlands,1025,Bologna Football Club 1909,IT1,serie-a,Italy,2023,2023-24,25,30,2549,1,1,2,0.035,0.035,0.071,38,1.79,74.53,0.432835821,0.656716418,43.28,65.67,54.48,34,77,1679
216569,Jérémie Boga,Attack,Left Winger,Cote d'Ivoire,417,OGC Nice,FR1,ligue-1,France,2023,2023-24,27,28,2011,6,6,12,0.269,0.269,0.537,34,1.62,65.72,0.6,0.28,60,28,44,14,78,2369
74229,Koke,Midfield,Central Midfield,Spain,13,Atlético de Madrid,ES1,laliga,Spain,2023,2023-24,32,35,2502,0,4,4,0,0.144,0.144,38,2,73.16,0.387755102,0.612244898,38.78,61.22,50,28,78,1960
286297,Lorenzo Pellegrini,Midfield,Attacking Midfield,Italy,12,Associazione Sportiva Roma,IT1,serie-a,Italy,2023,2023-24,28,29,1866,8,4,12,0.386,0.193,0.579,38,1.66,54.56,0.970588235,0.117647059,97.06,11.76,54.41,28,78,1682
170934,Mario Lemina,Midfield,Defensive Midfield,Gabon,543,Wolverhampton Wanderers,GB1,premier-league,England,2023,2023-24,30,35,2975,4,1,5,0.121,0.03,0.151,38,1.21,86.99,0.280701754,0.771929825,28.07,77.19,52.63,27,78,1772
236981,Timo Hübers,Defender,Centre-Back,Germany,3,1.FC Köln,L1,bundesliga,Germany,2023,2023-24,27,31,2779,0,1,1,0,0.032,0.032,34,0.79,90.82,0.06779661,0.847457627,6.78,84.75,45.76,33,78,2258
465967,Ander Guevara,Midfield,Central Midfield,Spain,1108,Deportivo Alavés,ES1,laliga,Spain,2023,2023-24,26,37,2933,1,1,2,0.031,0.031,0.061,38,1.21,85.76,0.12244898,0.87755102,12.24,87.76,50,29,79,1985
461833,Caleb Okoli,Defender,Centre-Back,Italy,8970,Frosinone Calcio,IT1,serie-a,Italy,2023,2023-24,22,34,2915,0,1,1,0,0.031,0.031,38,0.92,85.23,0.208955224,0.865671642,20.9,86.57,53.73,35,79,1723
540664,Dilane Bakwa,Attack,Right Winger,France,667,RC Strasbourg Alsace,FR1,ligue-1,France,2023,2023-24,21,31,2187,3,6,9,0.123,0.247,0.37,34,1.15,71.47,0.28,0.6,28,60,44,15,79,2370
584769,Dwight McNeil,Attack,Left Winger,England,29,Everton FC,GB1,premier-league,England,2023,2023-24,24,35,2898,3,6,9,0.093,0.186,0.28,38,1.26,84.74,0.152173913,0.869565217,15.22,86.96,51.09,22,79,1886
597000,Eric Martel,Midfield,Defensive Midfield,Germany,3,1.FC Köln,L1,bundesliga,Germany,2023,2023-24,22,30,2465,1,2,3,0.037,0.073,0.11,34,0.79,80.56,0.2,0.7,20,70,45,28,79,2301
607034,Akor Adams,Attack,Centre-Forward,Nigeria,969,Montpellier HSC,FR1,ligue-1,France,2023,2023-24,24,32,2264,8,1,9,0.318,0.04,0.358,34,1.24,73.99,0.24,0.64,24,64,44,16,80,2371
303254,Fikayo Tomori,Defender,Centre-Back,England,5,AC Milan,IT1,serie-a,Italy,2023,2023-24,26,26,2125,4,0,4,0.169,0,0.169,38,1.97,62.13,0.835820896,0.208955224,83.58,20.9,52.24,36,80,1805
659089,Ilya Zabarnyi,Defender,Centre-Back,Ukraine,989,AFC Bournemouth,GB1,premier-league,England,2023,2023-24,21,37,3330,1,0,1,0.027,0,0.027,38,1.26,97.37,0.076923077,0.938461538,7.69,93.85,50.77,31,80,1906
85295,Iván Balliu,Defender,Right-Back,Albania,367,Rayo Vallecano,ES1,laliga,Spain,2023,2023-24,32,33,2876,0,1,1,0,0.031,0.031,38,1,84.09,0.142857143,0.857142857,14.29,85.71,50,29,80,1988
192169,Jonas Föhrenbach,Defender,Left-Back,Germany,2036,1. Fußballclub Heidenheim 1846,L1,bundesliga,Germany,2023,2023-24,28,33,2790,0,0,0,0,0,0,34,1.24,91.18,0,0.881355932,0,88.14,44.07,34,80,2366
165513,Berat Djimsiti,Defender,Centre-Back,Albania,800,Atalanta BC,IT1,serie-a,Italy,2023,2023-24,31,37,2831,0,1,1,0,0.032,0.032,38,1.82,82.78,0.223880597,0.820895522,22.39,82.09,52.24,37,81,1806
279570,Daler Kuzyaev,Midfield,Central Midfield,Russia,738,Le Havre AC,FR1,ligue-1,France,2023,2023-24,31,30,2100,2,2,4,0.086,0.086,0.171,34,0.94,68.63,0.552631579,0.315789474,55.26,31.58,43.42,24,81,2400
292246,Hee-chan Hwang,Attack,Centre-Forward,"Korea, South",543,Wolverhampton Wanderers,GB1,premier-league,England,2023,2023-24,28,29,2124,12,3,15,0.508,0.127,0.636,38,1.21,62.11,0.630434783,0.369565217,63.04,36.96,50,23,81,1928
202228,Milos Veljkovic,Defender,Centre-Back,Serbia,86,SV Werder Bremen,L1,bundesliga,Germany,2023,2023-24,28,23,1921,2,2,4,0.094,0.094,0.187,34,1.24,62.78,0.711864407,0.152542373,71.19,15.25,43.22,35,81,2413
61812,Yuri Berchiche,Defender,Left-Back,Spain,621,Athletic Bilbao,ES1,laliga,Spain,2023,2023-24,34,27,1931,3,2,5,0.14,0.093,0.233,38,1.79,56.46,0.885714286,0.1,88.57,10,49.29,30,81,2001
811779,Alejandro Garnacho,Attack,Left Winger,Argentina,985,Manchester United,GB1,premier-league,England,2023,2023-24,19,36,2576,7,4,11,0.245,0.14,0.384,38,1.58,75.32,0.260869565,0.739130435,26.09,73.91,50,24,82,1945
119296,Emre Can,Defender,Centre-Back,Germany,16,Borussia Dortmund,L1,bundesliga,Germany,2023,2023-24,30,25,1956,2,2,4,0.092,0.092,0.184,34,1.85,63.92,0.694915254,0.169491525,69.49,16.95,43.22,36,82,2414
572265,Lorenzo Lucca,Attack,Centre-Forward,Italy,410,Udinese Calcio,IT1,serie-a,Italy,2023,2023-24,23,37,2601,8,4,12,0.277,0.138,0.415,38,0.97,76.05,0.419354839,0.612903226,41.94,61.29,51.61,17,82,1843
174094,Morgan Sanson,Midfield,Central Midfield,France,417,OGC Nice,FR1,ligue-1,France,2023,2023-24,29,29,1980,2,3,5,0.091,0.136,0.227,34,1.62,64.71,0.657894737,0.184210526,65.79,18.42,42.11,25,82,2489
351809,Robin Le Normand,Defender,Centre-Back,Spain,681,Real Sociedad,ES1,laliga,Spain,2023,2023-24,27,29,2472,2,0,2,0.073,0,0.073,38,1.58,72.28,0.471428571,0.514285714,47.14,51.43,49.29,31,82,2002
145707,Danilo,Defender,Centre-Back,Brazil,506,Juventus FC,IT1,serie-a,Italy,2023,2023-24,32,29,2451,1,1,2,0.037,0.037,0.073,38,1.87,71.67,0.447761194,0.582089552,44.78,58.21,51.49,38,83,1853
303219,Jeff Chabot,Defender,Centre-Back,Germany,3,1.FC Köln,L1,bundesliga,Germany,2023,2023-24,26,32,2707,0,1,1,0,0.033,0.033,34,0.79,88.46,0.084745763,0.779661017,8.47,77.97,43.22,37,83,2416
164771,Jordan Veretout,Midfield,Central Midfield,France,244,Olympique Marseille,FR1,ligue-1,France,2023,2023-24,31,29,2184,1,2,3,0.041,0.082,0.124,34,1.47,71.37,0.342105263,0.5,34.21,50,42.11,26,83,2490
425334,Matty Cash,Defender,Right-Back,Poland,405,Aston Villa,GB1,premier-league,England,2023,2023-24,26,29,2143,2,2,4,0.084,0.084,0.168,38,1.79,62.66,0.846153846,0.153846154,84.62,15.38,50,32,83,1958
338285,Unai Núñez,Defender,Centre-Back,Spain,940,Celta de Vigo,ES1,laliga,Spain,2023,2023-24,27,34,2803,1,0,1,0.032,0,0.032,38,1.08,81.96,0.171428571,0.814285714,17.14,81.43,49.29,32,83,2004
289255,Andoni Gorosabel,Defender,Right-Back,Spain,1108,Deportivo Alavés,ES1,laliga,Spain,2023,2023-24,27,36,2869,1,0,1,0.031,0,0.031,38,1.21,83.89,0.142857143,0.842857143,14.29,84.29,49.29,33,84,2005
474662,Hugo Magnetti,Midfield,Central Midfield,France,3911,Stade Brestois 29,FR1,ligue-1,France,2023,2023-24,26,33,2359,2,0,2,0.076,0,0.076,34,1.79,77.09,0.157894737,0.684210526,15.79,68.42,42.11,27,84,2491
459128,Marco Brescianini,Midfield,Central Midfield,Italy,8970,Frosinone Calcio,IT1,serie-a,Italy,2023,2023-24,24,36,2322,4,2,6,0.155,0.078,0.233,38,0.92,67.89,0.588235294,0.441176471,58.82,44.12,51.47,29,84,1854
288340,Phillip Tietz,Attack,Centre-Forward,Germany,167,FC Augsburg,L1,bundesliga,Germany,2023,2023-24,26,34,2406,8,4,12,0.299,0.15,0.449,34,1.15,78.63,0.259259259,0.592592593,25.93,59.26,42.59,19,84,2458
188077,Ryan Christie,Midfield,Central Midfield,Scotland,989,AFC Bournemouth,GB1,premier-league,England,2023,2023-24,29,37,2920,0,5,5,0,0.154,0.154,38,1.26,85.38,0.298245614,0.701754386,29.82,70.18,50,28,84,1959
418659,Amine Gouiri,Attack,Centre-Forward,Algeria,273,Stade Rennais FC,FR1,ligue-1,France,2023,2023-24,24,31,2077,7,3,10,0.303,0.13,0.433,34,1.35,67.88,0.44,0.4,44,40,42,17,85,2495
35047,Axel Witsel,Midfield,Defensive Midfield,Belgium,13,Atlético de Madrid,ES1,laliga,Spain,2023,2023-24,35,35,2783,2,0,2,0.065,0,0.065,38,2,81.37,0.142857143,0.836734694,14.29,83.67,48.98,30,85,2025
353892,Hiroki Ito,Defender,Centre-Back,Japan,79,VfB Stuttgart,L1,bundesliga,Germany,2023,2023-24,25,26,2232,0,2,2,0,0.081,0.081,34,2.15,72.94,0.372881356,0.474576271,37.29,47.46,42.37,38,85,2472
177476,Nathan Aké,Defender,Centre-Back,Netherlands,281,Manchester City,GB1,premier-league,England,2023,2023-24,29,29,2044,2,2,4,0.088,0.088,0.176,38,2.39,59.77,0.861538462,0.123076923,86.15,12.31,49.23,33,85,2009
192735,Stanislav Lobotka,Midfield,Defensive Midfield,Slovakia,6195,SSC Napoli,IT1,serie-a,Italy,2023,2023-24,29,38,3294,0,1,1,0,0.027,0.027,38,1.39,96.32,0.014705882,1,1.47,100,50.74,30,85,1908
559328,Emmanuel Emegha,Attack,Centre-Forward,Netherlands,667,RC Strasbourg Alsace,FR1,ligue-1,France,2023,2023-24,21,28,2089,8,2,10,0.345,0.086,0.431,34,1.15,68.27,0.4,0.44,40,44,42,18,86,2496
156990,Marco Friedl,Defender,Centre-Back,Austria,86,SV Werder Bremen,L1,bundesliga,Germany,2023,2023-24,26,25,2198,1,1,2,0.041,0.041,0.082,34,1.24,71.83,0.389830508,0.440677966,38.98,44.07,41.53,39,86,2536
395516,Moussa Diaby,Attack,Right Winger,France,405,Aston Villa,GB1,premier-league,England,2023,2023-24,24,38,2186,6,8,14,0.247,0.329,0.576,38,1.79,63.92,0.565217391,0.413043478,56.52,41.3,48.91,25,86,2026
401923,Victor Osimhen,Attack,Centre-Forward,Nigeria,6195,SSC Napoli,IT1,serie-a,Italy,2023,2023-24,25,25,1989,15,3,18,0.679,0.136,0.814,38,1.39,58.16,0.838709677,0.161290323,83.87,16.13,50,18,86,1922
122155,Willian José,Attack,Centre-Forward,Brazil,150,Real Betis Balompié,ES1,laliga,Spain,2023,2023-24,32,33,1980,10,5,15,0.455,0.227,0.682,38,1.5,57.89,0.795454545,0.181818182,79.55,18.18,48.86,23,86,2032
58995,Anthony Jung,Defender,Centre-Back,Germany,86,SV Werder Bremen,L1,bundesliga,Germany,2023,2023-24,32,31,2582,1,0,1,0.035,0,0.035,34,1.24,84.38,0.101694915,0.694915254,10.17,69.49,39.83,40,87,2644
579930,Armand Laurienté,Attack,Left Winger,France,6574,US Sassuolo,IT1,serie-a,Italy,2023,2023-24,25,37,2926,5,6,11,0.154,0.185,0.338,38,0.79,85.56,0.096774194,0.903225806,9.68,90.32,50,19,87,1951
108354,Jordan Ayew,Attack,Centre-Forward,Ghana,873,Crystal Palace,GB1,premier-league,England,2023,2023-24,32,35,2551,4,7,11,0.141,0.247,0.388,38,1.29,74.59,0.282608696,0.695652174,28.26,69.57,48.91,26,87,2027
264372,Viktor Tsygankov,Attack,Right Winger,Ukraine,12321,Girona FC,ES1,laliga,Spain,2023,2023-24,26,30,2067,8,7,15,0.348,0.305,0.653,38,2.13,60.44,0.75,0.227272727,75,22.73,48.86,24,87,2033
810092,Warren Zaïre-Emery,Midfield,Central Midfield,France,583,Paris Saint-Germain,FR1,ligue-1,France,2023,2023-24,18,26,1962,2,3,5,0.092,0.138,0.229,34,2.24,64.12,0.684210526,0.131578947,68.42,13.16,40.79,28,87,2585
181382,Abdoulaye Touré,Midfield,Defensive Midfield,Guinea,738,Le Havre AC,FR1,ligue-1,France,2023,2023-24,30,30,2288,2,0,2,0.079,0,0.079,34,0.94,74.77,0.184210526,0.631578947,18.42,63.16,40.79,29,88,2586
387047,Danilho Doekhi,Defender,Centre-Back,Netherlands,89,1.FC Union Berlin,L1,bundesliga,Germany,2023,2023-24,26,24,2160,2,0,2,0.083,0,0.083,34,0.97,70.59,0.406779661,0.372881356,40.68,37.29,38.98,41,88,2694
315289,Myrto Uzuni,Attack,Left Winger,Albania,16795,Granada CF,ES1,laliga,Spain,2023,2023-24,29,34,2461,11,1,12,0.402,0.037,0.439,38,0.55,71.96,0.431818182,0.545454545,43.18,54.55,48.86,25,88,2034
333014,Sander Berge,Midfield,Defensive Midfield,Norway,1132,Burnley FC,GB1,premier-league,England,2023,2023-24,26,37,3006,1,2,3,0.03,0.06,0.09,38,0.63,87.89,0.122807018,0.842105263,12.28,84.21,48.25,29,88,2090
284595,Tommaso Augello,Defender,Left-Back,Italy,1390,Cagliari Calcio,IT1,serie-a,Italy,2023,2023-24,29,32,2431,1,1,2,0.037,0.037,0.074,38,0.95,71.08,0.462686567,0.537313433,46.27,53.73,50,39,88,1971
470607,Brennan Johnson,Attack,Right Winger,Wales,148,Tottenham Hotspur,GB1,premier-league,England,2023,2023-24,23,32,2093,5,10,15,0.215,0.43,0.645,38,1.74,61.2,0.652173913,0.304347826,65.22,30.43,47.83,27,89,2114
357156,Diogo Leite,Defender,Centre-Back,Portugal,89,1.FC Union Berlin,L1,bundesliga,Germany,2023,2023-24,25,32,2707,0,0,0,0,0,0,34,0.97,88.46,0,0.779661017,0,77.97,38.98,42,89,2695
298583,Eray Cömert,Defender,Centre-Back,Switzerland,995,FC Nantes,FR1,ligue-1,France,2023,2023-24,26,25,1998,2,0,2,0.09,0,0.09,34,0.97,65.29,0.576271186,0.237288136,57.63,23.73,40.68,42,89,2592
339699,Giovanni González,Defender,Right-Back,Uruguay,237,RCD Mallorca,ES1,laliga,Spain,2023,2023-24,29,34,2464,1,1,2,0.037,0.037,0.073,38,1.05,72.05,0.471428571,0.5,47.14,50,48.57,34,89,2063
112302,Roberto Pereyra,Midfield,Central Midfield,Argentina,410,Udinese Calcio,IT1,serie-a,Italy,2023,2023-24,33,27,1862,4,4,8,0.193,0.193,0.387,38,0.97,54.44,0.867647059,0.102941176,86.76,10.29,48.53,31,89,2067
591916,Aitor Paredes,Defender,Centre-Back,Spain,621,Athletic Bilbao,ES1,laliga,Spain,2023,2023-24,24,34,2706,1,0,1,0.033,0,0.033,38,1.79,79.12,0.2,0.771428571,20,77.14,48.57,35,90,2064
381950,Alexis Saelemaekers,Midfield,Right Midfield,Belgium,1025,Bologna Football Club 1909,IT1,serie-a,Italy,2023,2023-24,25,30,1894,4,3,7,0.19,0.143,0.333,38,1.79,55.38,0.808823529,0.161764706,80.88,16.18,48.53,32,90,2069
401578,Exequiel Palacios,Midfield,Central Midfield,Argentina,15,Bayer 04 Leverkusen,L1,bundesliga,Germany,2023,2023-24,25,24,1840,4,4,8,0.196,0.196,0.391,34,2.65,60.13,0.775,0,77.5,0,38.75,29,90,2704
128909,Jack Robinson,Defender,Centre-Back,England,350,Sheffield United,GB1,premier-league,England,2023,2023-24,30,34,2886,1,1,2,0.031,0.031,0.062,38,0.42,84.39,0.246153846,0.707692308,24.62,70.77,47.69,34,90,2127
170961,Thomas Delaine,Defender,Left-Back,France,667,RC Strasbourg Alsace,FR1,ligue-1,France,2023,2023-24,32,27,2054,1,1,2,0.044,0.044,0.088,34,1.15,67.12,0.542372881,0.271186441,54.24,27.12,40.68,43,90,2593
184894,Alfred Duncan,Midfield,Central Midfield,Ghana,430,ACF Fiorentina,IT1,serie-a,Italy,2023,2023-24,31,30,1896,2,5,7,0.095,0.237,0.332,38,1.58,55.44,0.794117647,0.176470588,79.41,17.65,48.53,33,91,2070
768380,Arouna Sangante,Defender,Centre-Back,Senegal,738,Le Havre AC,FR1,ligue-1,France,2023,2023-24,22,30,2690,0,0,0,0,0,0,34,0.94,87.91,0,0.813559322,0,81.36,40.68,44,91,2594
113133,Germán Pezzella,Defender,Centre-Back,Argentina,150,Real Betis Balompié,ES1,laliga,Spain,2023,2023-24,33,32,2770,1,0,1,0.032,0,0.032,38,1.5,80.99,0.171428571,0.8,17.14,80,48.57,36,91,2065
505219,James Garner,Midfield,Defensive Midfield,England,29,Everton FC,GB1,premier-league,England,2023,2023-24,23,37,3005,1,2,3,0.03,0.06,0.09,38,1.26,87.87,0.122807018,0.824561404,12.28,82.46,47.37,30,91,2157
503482,Min-jae Kim,Defender,Centre-Back,"Korea, South",27,Bayern Munich,L1,bundesliga,Germany,2023,2023-24,27,25,1972,1,2,3,0.046,0.091,0.137,34,2.12,64.44,0.576271186,0.186440678,57.63,18.64,38.14,43,91,2732
362842,Arthur Melo,Midfield,Central Midfield,Brazil,430,ACF Fiorentina,IT1,serie-a,Italy,2023,2023-24,27,33,1996,2,4,6,0.09,0.18,0.271,38,1.58,58.36,0.705882353,0.264705882,70.59,26.47,48.53,34,92,2071
687626,Moisés Caicedo,Midfield,Defensive Midfield,Ecuador,631,Chelsea FC,GB1,premier-league,England,2023,2023-24,22,35,2874,1,3,4,0.031,0.094,0.125,38,1.66,84.04,0.245614035,0.666666667,24.56,66.67,45.61,31,92,2265
462348,Mostafa Mohamed,Attack,Centre-Forward,Egypt,995,FC Nantes,FR1,ligue-1,France,2023,2023-24,26,29,2017,8,2,10,0.357,0.089,0.446,34,0.97,65.92,0.48,0.32,48,32,40,19,92,2627
424042,Nahuel Molina,Defender,Right-Back,Argentina,13,Atlético de Madrid,ES1,laliga,Spain,2023,2023-24,26,30,1858,2,3,5,0.097,0.145,0.242,38,2,54.33,0.928571429,0.028571429,92.86,2.86,47.86,37,92,2110
127573,Phillipp Mwene,Defender,Left-Back,Austria,39,1.FSV Mainz 05,L1,bundesliga,Germany,2023,2023-24,30,23,2003,1,2,3,0.045,0.09,0.135,34,1.03,65.46,0.559322034,0.203389831,55.93,20.34,38.14,44,92,2733
196948,Andreas Christensen,Defender,Centre-Back,Denmark,131,FC Barcelona,ES1,laliga,Spain,2023,2023-24,28,30,1991,2,2,4,0.09,0.09,0.181,38,2.24,58.22,0.814285714,0.142857143,81.43,14.29,47.86,38,93,2111
855015,Farès Chaïbi,Midfield,Attacking Midfield,Algeria,24,Eintracht Frankfurt,L1,bundesliga,Germany,2023,2023-24,21,28,1923,2,6,8,0.094,0.281,0.374,34,1.38,62.84,0.675,0.075,67.5,7.5,37.5,30,93,2770
708678,Isaak Touré,Defender,Centre-Back,France,1158,FC Lorient,FR1,ligue-1,France,2023,2023-24,21,24,2052,1,1,2,0.044,0.044,0.088,34,0.85,67.06,0.542372881,0.254237288,54.24,25.42,39.83,45,93,2641
1005649,Murillo,Defender,Centre-Back,Brazil,703,Nottingham Forest,GB1,premier-league,England,2023,2023-24,21,32,2793,0,2,2,0,0.064,0.064,38,0.95,81.67,0.261538462,0.646153846,26.15,64.62,45.38,35,93,2284
293200,Nikola Vlašić,Midfield,Attacking Midfield,Croatia,416,Torino FC,IT1,serie-a,Italy,2023,2023-24,26,33,2615,3,2,5,0.103,0.069,0.172,38,1.39,76.46,0.308823529,0.661764706,30.88,66.18,48.53,35,93,2072
646750,Cristhian Mosquera,Defender,Centre-Back,Spain,1049,Valencia CF,ES1,laliga,Spain,2023,2023-24,20,36,3075,0,0,0,0,0,0,38,1.29,89.91,0,0.957142857,0,95.71,47.86,39,94,2113
257455,João Palhinha,Midfield,Defensive Midfield,Portugal,931,Fulham FC,GB1,premier-league,England,2023,2023-24,28,33,2709,4,1,5,0.133,0.033,0.166,38,1.24,79.21,0.315789474,0.578947368,31.58,57.89,44.74,32,94,2317
536482,Junior Dina Ebimbe,Midfield,Right Midfield,Cameroon,24,Eintracht Frankfurt,L1,bundesliga,Germany,2023,2023-24,23,31,1969,5,3,8,0.229,0.137,0.366,34,1.38,64.35,0.625,0.125,62.5,12.5,37.5,31,94,2771
211637,Kiki Kouyaté,Defender,Centre-Back,Mali,969,Montpellier HSC,FR1,ligue-1,France,2023,2023-24,27,23,1930,0,2,2,0,0.093,0.093,34,1.24,63.07,0.610169492,0.152542373,61.02,15.25,38.14,46,94,2734
357003,Martin Erlić,Defender,Centre-Back,Croatia,6574,US Sassuolo,IT1,serie-a,Italy,2023,2023-24,26,32,2625,1,0,1,0.034,0,0.034,38,0.79,76.75,0.23880597,0.731343284,23.88,73.13,48.51,40,94,2075
520530,Fali Candé,Defender,Centre-Back,Guinea-Bissau,347,FC Metz,FR1,ligue-1,France,2023,2023-24,26,25,1846,0,2,2,0,0.098,0.098,34,0.85,60.33,0.627118644,0.084745763,62.71,8.47,35.59,47,95,2866
354361,Frank Anguissa,Midfield,Central Midfield,Cameroon,6195,SSC Napoli,IT1,serie-a,Italy,2023,2023-24,28,34,2793,0,2,2,0,0.064,0.064,38,1.39,81.67,0.161764706,0.794117647,16.18,79.41,47.79,36,95,2119
278837,Luis Rioja,Attack,Right Winger,Spain,1108,Deportivo Alavés,ES1,laliga,Spain,2023,2023-24,30,37,2516,5,4,9,0.179,0.143,0.322,38,1.21,73.57,0.318181818,0.636363636,31.82,63.64,47.73,26,95,2123
231572,Nélson Semedo,Defender,Right-Back,Portugal,543,Wolverhampton Wanderers,GB1,premier-league,England,2023,2023-24,30,36,3093,0,1,1,0,0.029,0.029,38,1.21,90.44,0.092307692,0.8,9.23,80,44.62,36,95,2330
287920,Tim Skarke,Attack,Centre-Forward,Germany,105,SV Darmstadt 98,L1,bundesliga,Germany,2023,2023-24,27,30,2419,8,2,10,0.298,0.074,0.372,34,0.5,79.05,0.111111111,0.62962963,11.11,62.96,37.04,20,95,2801
467632,Cristian Cásseres Jr.,Midfield,Central Midfield,Venezuela,415,FC Toulouse,FR1,ligue-1,France,2023,2023-24,24,32,1950,1,3,4,0.046,0.138,0.185,34,1.26,63.73,0.578947368,0.105263158,57.89,10.53,34.21,30,96,2936
183321,Kevin Mbabu,Defender,Right-Back,Switzerland,167,FC Augsburg,L1,bundesliga,Germany,2023,2023-24,29,25,2049,0,2,2,0,0.088,0.088,34,1.15,66.96,0.423728814,0.271186441,42.37,27.12,34.75,45,96,2909
334222,Lucas Boyé,Attack,Centre-Forward,Argentina,16795,Granada CF,ES1,laliga,Spain,2023,2023-24,28,31,2556,6,3,9,0.211,0.106,0.317,38,0.55,74.74,0.295454545,0.659090909,29.55,65.91,47.73,27,96,2124
133179,Marten de Roon,Midfield,Defensive Midfield,Netherlands,800,Atalanta BC,IT1,serie-a,Italy,2023,2023-24,33,30,2599,0,5,5,0,0.173,0.173,38,1.82,75.99,0.323529412,0.617647059,32.35,61.76,47.06,37,96,2177
557459,Micky van de Ven,Defender,Centre-Back,Netherlands,148,Tottenham Hotspur,GB1,premier-league,England,2023,2023-24,23,27,2343,3,0,3,0.115,0,0.115,38,1.74,68.51,0.553846154,0.323076923,55.38,32.31,43.85,37,96,2373
578391,Rayan Aït-Nouri,Defender,Left-Back,Algeria,543,Wolverhampton Wanderers,GB1,premier-league,England,2023,2023-24,23,33,2343,2,1,3,0.077,0.038,0.115,38,1.21,68.51,0.553846154,0.323076923,55.38,32.31,43.85,37,96,2373
406040,Ademola Lookman,Attack,Left Winger,Nigeria,800,Atalanta BC,IT1,serie-a,Italy,2023,2023-24,26,31,1901,11,8,19,0.521,0.379,0.9,38,1.82,55.58,0.935483871,0,93.55,0,46.77,20,97,2185
227084,Benedikt Gimber,Defender,Centre-Back,Germany,2036,1. Fußballclub Heidenheim 1846,L1,bundesliga,Germany,2023,2023-24,27,24,2026,1,1,2,0.044,0.044,0.089,34,1.24,66.21,0.440677966,0.237288136,44.07,23.73,33.9,46,97,2951
413403,Ezri Konsa,Defender,Centre-Back,England,405,Aston Villa,GB1,premier-league,England,2023,2023-24,26,35,3074,1,0,1,0.029,0,0.029,38,1.79,89.88,0.092307692,0.784615385,9.23,78.46,43.85,38,97,2374
72121,Johan Gastien,Midfield,Defensive Midfield,France,3524,Clermont Foot 63,FR1,ligue-1,France,2023,2023-24,36,28,2274,0,0,0,0,0,0,34,0.74,74.31,0,0.605263158,0,60.53,30.26,31,97,3138
494880,Jorge Cuenca,Defender,Centre-Back,Spain,1050,Villarreal CF,ES1,laliga,Spain,2023,2023-24,24,29,1960,3,1,4,0.138,0.046,0.184,38,1.39,57.31,0.828571429,0.114285714,82.86,11.43,47.14,40,97,2169
413039,Bryan Mbeumo,Attack,Right Winger,Cameroon,1148,Brentford FC,GB1,premier-league,England,2023,2023-24,24,25,1961,9,6,15,0.413,0.275,0.688,38,1.03,57.34,0.760869565,0.108695652,76.09,10.87,43.48,28,98,2397
106987,Marcel Sabitzer,Midfield,Central Midfield,Austria,16,Borussia Dortmund,L1,bundesliga,Germany,2023,2023-24,30,25,1963,4,3,7,0.183,0.138,0.321,34,1.85,64.15,0.575,0.1,57.5,10,33.75,32,98,2963
551505,Mousa Tamari,Attack,Right Winger,Jordan,969,Montpellier HSC,FR1,ligue-1,France,2023,2023-24,27,27,1940,5,4,9,0.232,0.186,0.418,34,1.24,63.4,0.36,0.2,36,20,28,20,98,3247
232418,Ondrej Duda,Midfield,Central Midfield,Slovakia,276,Hellas Verona,IT1,serie-a,Italy,2023,2023-24,29,32,2465,1,4,5,0.037,0.146,0.183,38,1,72.08,0.367647059,0.558823529,36.76,55.88,46.32,38,98,2220
378293,Yangel Herrera,Midfield,Central Midfield,Venezuela,12321,Girona FC,ES1,laliga,Spain,2023,2023-24,26,29,2122,5,0,5,0.212,0,0.212,38,2.13,62.05,0.632653061,0.306122449,63.27,30.61,46.94,31,98,2180
463618,Khéphren Thuram,Midfield,Central Midfield,France,417,OGC Nice,FR1,ligue-1,France,2023,2023-24,23,27,2114,1,1,2,0.043,0.043,0.085,34,1.62,69.08,0.210526316,0.342105263,21.05,34.21,27.63,32,99,3265
844637,Marc Pubill,Defender,Centre-Back,Spain,3302,UD Almería,ES1,laliga,Spain,2023,2023-24,21,23,1890,1,3,4,0.048,0.143,0.19,38,0.55,55.26,0.842857143,0.085714286,84.29,8.57,46.43,41,99,2211
258923,Marcus Rashford,Attack,Left Winger,England,985,Manchester United,GB1,premier-league,England,2023,2023-24,26,33,2278,7,3,10,0.277,0.119,0.395,38,1.58,66.61,0.304347826,0.543478261,30.43,54.35,42.39,29,99,2467
74842,Mario Götze,Midfield,Attacking Midfield,Germany,24,Eintracht Frankfurt,L1,bundesliga,Germany,2023,2023-24,32,30,2079,3,2,5,0.13,0.087,0.216,34,1.38,67.94,0.45,0.225,45,22.5,33.75,33,99,2964
442703,Ylber Ramadani,Midfield,Defensive Midfield,Albania,1005,US Lecce,IT1,serie-a,Italy,2023,2023-24,28,34,2977,1,0,1,0.03,0,0.03,38,1,87.05,0.029411765,0.897058824,2.94,89.71,46.32,39,99,2224
386047,Axel Disasi,Defender,Centre-Back,France,631,Chelsea FC,GB1,premier-league,England,2023,2023-24,26,31,2581,2,0,2,0.07,0,0.07,38,1.66,75.47,0.307692308,0.523076923,30.77,52.31,41.54,39,100,2533
507344,Becir Omeragic,Defender,Centre-Back,Switzerland,969,Montpellier HSC,FR1,ligue-1,France,2023,2023-24,22,28,2312,0,0,0,0,0,0,34,1.24,75.56,0,0.542372881,0,54.24,27.12,48,100,3291
538810,Chris Ramos,Attack,Centre-Forward,Spain,2687,Cádiz CF,ES1,laliga,Spain,2023,2023-24,27,37,2617,5,2,7,0.172,0.069,0.241,38,0.87,76.52,0.159090909,0.75,15.91,75,45.45,28,100,2278
290587,Ellyes Skhiri,Midfield,Defensive Midfield,Tunisia,24,Eintracht Frankfurt,L1,bundesliga,Germany,2023,2023-24,29,27,2171,2,2,4,0.083,0.083,0.166,34,1.38,70.95,0.3,0.35,30,35,32.5,34,100,3019
282144,Marin Pongracic,Defender,Centre-Back,Croatia,1005,US Lecce,IT1,serie-a,Italy,2023,2023-24,26,36,3220,0,0,0,0,0,0,38,1,94.15,0,0.925373134,0,92.54,46.27,41,100,2226
377468,Anel Ahmedhodzic,Defender,Centre-Back,Bosnia-Herzegovina,350,Sheffield United,GB1,premier-league,England,2023,2023-24,25,31,2650,2,0,2,0.068,0,0.068,38,0.42,77.49,0.276923077,0.553846154,27.69,55.38,41.54,40,101,2534
362086,Isi Palazón,Attack,Second Striker,Spain,367,Rayo Vallecano,ES1,laliga,Spain,2023,2023-24,29,37,2820,4,1,5,0.128,0.032,0.16,38,1,82.46,0.022727273,0.886363636,2.27,88.64,45.45,29,101,2280
245537,Nabil Bentaleb,Midfield,Defensive Midfield,Algeria,1082,LOSC Lille,FR1,ligue-1,France,2023,2023-24,29,26,1967,0,3,3,0,0.137,0.137,34,1.74,64.28,0.368421053,0.157894737,36.84,15.79,26.32,33,101,3320
469050,Nathan Collins,Defender,Centre-Back,Ireland,1148,Brentford FC,GB1,premier-league,England,2023,2023-24,23,32,2650,1,1,2,0.034,0.034,0.068,38,1.03,77.49,0.276923077,0.553846154,27.69,55.38,41.54,40,101,2534
358504,Ritsu Doan,Attack,Right Winger,Japan,60,SC Freiburg,L1,bundesliga,Germany,2023,2023-24,26,30,2256,7,4,11,0.279,0.16,0.439,34,1.24,73.73,0.222222222,0.407407407,22.22,40.74,31.48,21,101,3076
467992,Samuele Ricci,Midfield,Defensive Midfield,Italy,416,Torino FC,IT1,serie-a,Italy,2023,2023-24,22,32,2401,1,4,5,0.037,0.15,0.187,38,1.39,70.2,0.382352941,0.529411765,38.24,52.94,45.59,40,101,2268
126557,Jonathan Gradit,Defender,Centre-Back,France,826,RC Lens,FR1,ligue-1,France,2023,2023-24,31,26,2116,1,0,1,0.043,0,0.043,34,1.5,69.15,0.186440678,0.322033898,18.64,32.2,25.42,49,102,3357
226025,Luca Mazzitelli,Midfield,Central Midfield,Italy,8970,Frosinone Calcio,IT1,serie-a,Italy,2023,2023-24,28,29,2222,5,0,5,0.203,0,0.203,38,0.92,64.97,0.5,0.397058824,50,39.71,44.85,41,102,2311
281769,Mario Hermoso,Defender,Centre-Back,Spain,13,Atlético de Madrid,ES1,laliga,Spain,2023,2023-24,29,31,2556,0,1,1,0,0.035,0.035,38,2,74.74,0.214285714,0.685714286,21.43,68.57,45,42,102,2302
237162,Matthias Bader,Defender,Right-Back,Germany,105,SV Darmstadt 98,L1,bundesliga,Germany,2023,2023-24,27,24,1808,1,2,3,0.05,0.1,0.149,34,0.5,59.08,0.593220339,0.016949153,59.32,1.69,30.51,47,102,3128
610442,Rasmus Højlund,Attack,Centre-Forward,Denmark,985,Manchester United,GB1,premier-league,England,2023,2023-24,21,30,2171,10,2,12,0.415,0.083,0.497,38,1.58,63.48,0.434782609,0.391304348,43.48,39.13,41.3,30,102,2543
118850,Ivan Ordets,Defender,Centre-Back,Ukraine,80,VfL Bochum,L1,bundesliga,Germany,2023,2023-24,31,24,1878,1,1,2,0.048,0.048,0.096,34,0.97,61.37,0.508474576,0.101694915,50.85,10.17,30.51,48,103,3129
330659,Justin Kluivert,Midfield,Attacking Midfield,Netherlands,989,AFC Bournemouth,GB1,premier-league,England,2023,2023-24,25,32,1935,7,1,8,0.326,0.047,0.372,38,1.26,56.58,0.736842105,0.070175439,73.68,7.02,40.35,33,103,2609
465830,Mattéo Guendouzi,Midfield,Central Midfield,France,398,Società Sportiva Lazio S.p.A.,IT1,serie-a,Italy,2023,2023-24,25,33,2371,2,3,5,0.076,0.114,0.19,38,1.61,69.33,0.397058824,0.5,39.71,50,44.85,42,103,2312
351478,Mikel Oyarzabal,Attack,Centre-Forward,Spain,681,Real Sociedad,ES1,laliga,Spain,2023,2023-24,27,33,2160,9,3,12,0.375,0.125,0.5,38,1.58,63.16,0.568181818,0.318181818,56.82,31.82,44.32,30,103,2340
667967,Yassine Kechta,Midfield,Central Midfield,Morocco,738,Le Havre AC,FR1,ligue-1,France,2023,2023-24,22,32,1860,2,1,3,0.097,0.048,0.145,34,0.94,60.78,0.473684211,0.026315789,47.37,2.63,25,34,103,3370
371149,Evan Ndicka,Defender,Centre-Back,Cote d'Ivoire,12,Associazione Sportiva Roma,IT1,serie-a,Italy,2023,2023-24,24,25,2169,0,3,3,0,0.124,0.124,38,1.66,63.42,0.641791045,0.253731343,64.18,25.37,44.78,42,104,2314
937958,Lamine Yamal,Attack,Right Winger,Spain,131,FC Barcelona,ES1,laliga,Spain,2023,2023-24,16,37,2196,5,7,12,0.205,0.287,0.492,38,2.24,64.21,0.522727273,0.363636364,52.27,36.36,44.32,31,104,2341
399434,Marcus Tavernier,Midfield,Attacking Midfield,England,989,AFC Bournemouth,GB1,premier-league,England,2023,2023-24,25,30,2133,3,4,7,0.127,0.169,0.295,38,1.26,62.37,0.526315789,0.280701754,52.63,28.07,40.35,34,104,2611
55099,Nicolas Höfler,Midfield,Defensive Midfield,Germany,60,SC Freiburg,L1,bundesliga,Germany,2023,2023-24,34,28,2333,1,1,2,0.039,0.039,0.077,34,1.24,76.24,0,0.6,0,60,30,35,104,3150
711996,Warmed Omari,Defender,Centre-Back,Comoros,273,Stade Rennais FC,FR1,ligue-1,France,2023,2023-24,24,25,2071,1,0,1,0.043,0,0.043,34,1.35,67.68,0.186440678,0.288135593,18.64,28.81,23.73,50,104,3413
470794,Ivan Ilić,Midfield,Central Midfield,Serbia,416,Torino FC,IT1,serie-a,Italy,2023,2023-24,23,31,2100,3,2,5,0.129,0.086,0.214,38,1.39,61.4,0.514705882,0.367647059,51.47,36.76,44.12,43,105,2355
262939,Johan Mojica,Defender,Left-Back,Colombia,331,CA Osasuna,ES1,laliga,Spain,2023,2023-24,31,30,2041,0,3,3,0,0.132,0.132,38,1.18,59.68,0.685714286,0.2,68.57,20,44.29,43,105,2345
249089,Lewis Cook,Midfield,Central Midfield,England,989,AFC Bournemouth,GB1,premier-league,England,2023,2023-24,27,33,2792,0,3,3,0,0.097,0.097,38,1.26,81.64,0.175438596,0.631578947,17.54,63.16,40.35,35,105,2612
476701,Manuel Ugarte,Midfield,Defensive Midfield,Uruguay,583,Paris Saint-Germain,FR1,ligue-1,France,2023,2023-24,23,25,1933,0,3,3,0,0.14,0.14,34,2.24,63.17,0.394736842,0.078947368,39.47,7.89,23.68,35,105,3417
124502,Matthias Ginter,Defender,Centre-Back,Germany,60,SC Freiburg,L1,bundesliga,Germany,2023,2023-24,30,23,1917,0,2,2,0,0.094,0.094,34,1.24,62.65,0.474576271,0.118644068,47.46,11.86,29.66,49,105,3160
108725,Chris Wood,Attack,Centre-Forward,New Zealand,703,Nottingham Forest,GB1,premier-league,England,2023,2023-24,32,31,1807,14,1,15,0.697,0.05,0.747,38,0.95,52.84,0.804347826,0,80.43,0,40.22,31,106,2618
297070,Hamari Traoré,Defender,Right-Back,Mali,681,Real Sociedad,ES1,laliga,Spain,2023,2023-24,32,31,2296,0,2,2,0,0.078,0.078,38,1.58,67.13,0.5,0.385714286,50,38.57,44.29,44,106,2347
118284,Jordan Ferri,Midfield,Central Midfield,France,969,Montpellier HSC,FR1,ligue-1,France,2023,2023-24,32,30,2038,1,1,2,0.044,0.044,0.088,34,1.24,66.6,0.236842105,0.236842105,23.68,23.68,23.68,36,106,3418
248999,Lucas Höler,Attack,Centre-Forward,Germany,60,SC Freiburg,L1,bundesliga,Germany,2023,2023-24,29,33,2313,7,3,10,0.272,0.117,0.389,34,1.24,75.59,0.148148148,0.444444444,14.81,44.44,29.63,22,106,3161
315063,Nahitan Nández,Midfield,Right Midfield,Uruguay,1390,Cagliari Calcio,IT1,serie-a,Italy,2023,2023-24,28,33,2353,2,3,5,0.076,0.115,0.191,38,0.95,68.8,0.411764706,0.470588235,41.18,47.06,44.12,44,106,2356
648020,Alexsandro,Defender,Centre-Back,Brazil,1082,LOSC Lille,FR1,ligue-1,France,2023,2023-24,24,29,2218,0,0,0,0,0,0,34,1.74,72.48,0,0.457627119,0,45.76,22.88,51,107,3445
671915,Enzo Barrenechea,Midfield,Defensive Midfield,Argentina,8970,Frosinone Calcio,IT1,serie-a,Italy,2023,2023-24,23,36,2817,0,1,1,0,0.032,0.032,38,0.92,82.37,0.044117647,0.838235294,4.41,83.82,44.12,45,107,2363
54846,Fabian Holland,Defender,Left-Back,Germany,105,SV Darmstadt 98,L1,bundesliga,Germany,2023,2023-24,33,23,1847,0,2,2,0,0.097,0.097,34,0.5,60.36,0.525423729,0.050847458,52.54,5.08,28.81,50,107,3207
255501,Iñigo Lekue,Defender,Right-Back,Spain,621,Athletic Bilbao,ES1,laliga,Spain,2023,2023-24,31,27,2001,0,3,3,0,0.135,0.135,38,1.79,58.51,0.7,0.171428571,70,17.14,43.57,45,107,2391
319859,Mathias Jensen,Midfield,Central Midfield,Denmark,1148,Brentford FC,GB1,premier-league,England,2023,2023-24,28,32,2221,3,3,6,0.122,0.122,0.243,38,1.03,64.94,0.456140351,0.333333333,45.61,33.33,39.47,36,107,2659
524000,Dani Vivian,Defender,Centre-Back,Spain,621,Athletic Bilbao,ES1,laliga,Spain,2023,2023-24,24,33,2879,0,0,0,0,0,0,38,1.79,84.18,0,0.871428571,0,87.14,43.57,46,108,2394
293569,Josh Brownhill,Midfield,Central Midfield,England,1132,Burnley FC,GB1,premier-league,England,2023,2023-24,28,33,2252,4,2,6,0.16,0.08,0.24,38,0.63,65.85,0.438596491,0.350877193,43.86,35.09,39.47,37,108,2660
763182,Josué Casimir,Attack,Right Winger,Haiti,738,Le Havre AC,FR1,ligue-1,France,2023,2023-24,22,30,2028,0,5,5,0,0.222,0.222,34,0.94,66.27,0.08,0.36,8,36,22,21,108,3473
392710,Lennard Maloney,Midfield,Defensive Midfield,United States,2036,1. Fußballclub Heidenheim 1846,L1,bundesliga,Germany,2023,2023-24,24,29,2294,1,1,2,0.039,0.039,0.078,34,1.24,74.97,0.025,0.525,2.5,52.5,27.5,36,108,3273
176139,Mattia Bani,Defender,Centre-Back,Italy,252,Genoa CFC,IT1,serie-a,Italy,2023,2023-24,30,27,2310,2,0,2,0.078,0,0.078,38,1.29,67.54,0.47761194,0.388059701,47.76,38.81,43.28,43,108,2412
129444,David López,Defender,Centre-Back,Spain,12321,Girona FC,ES1,laliga,Spain,2023,2023-24,34,25,1975,3,0,3,0.137,0,0.137,38,2.13,57.75,0.728571429,0.128571429,72.86,12.86,42.86,47,109,2436
118847,Dominik Kohr,Defender,Centre-Back,Germany,39,1.FSV Mainz 05,L1,bundesliga,Germany,2023,2023-24,30,31,2190,1,0,1,0.041,0,0.041,34,1.03,71.57,0.118644068,0.423728814,11.86,42.37,27.12,51,109,3290
328658,Kristoffer Ajer,Defender,Centre-Back,Norway,1148,Brentford FC,GB1,premier-league,England,2023,2023-24,26,28,1833,2,1,3,0.098,0.049,0.147,38,1.03,53.6,0.769230769,0.015384615,76.92,1.54,39.23,41,109,2677
496706,Montassar Talbi,Defender,Centre-Back,Tunisia,1158,FC Lorient,FR1,ligue-1,France,2023,2023-24,26,25,2205,0,0,0,0,0,0,34,0.85,72.06,0,0.423728814,0,42.37,21.19,52,109,3501
148252,Remo Freuler,Midfield,Central Midfield,Switzerland,1025,Bologna Football Club 1909,IT1,serie-a,Italy,2023,2023-24,32,32,2632,1,1,2,0.034,0.034,0.068,38,1.79,76.96,0.176470588,0.676470588,17.65,67.65,42.65,46,109,2455
618472,Castello Lukeba,Defender,Centre-Back,France,23826,RB Leipzig,L1,bundesliga,Germany,2023,2023-24,21,32,2185,1,0,1,0.041,0,0.041,34,1.91,71.41,0.118644068,0.406779661,11.86,40.68,26.27,52,110,3322
341092,Federico Chiesa,Attack,Right Winger,Italy,506,Juventus FC,IT1,serie-a,Italy,2023,2023-24,26,33,2206,9,3,12,0.367,0.122,0.49,38,1.87,64.5,0.483870968,0.35483871,48.39,35.48,41.94,21,110,2500
391005,Mads Roerslev,Defender,Right-Back,Denmark,1148,Brentford FC,GB1,premier-league,England,2023,2023-24,25,34,1988,1,2,3,0.045,0.091,0.136,38,1.03,58.13,0.692307692,0.092307692,69.23,9.23,39.23,42,110,2678
640109,Martín Satriano,Attack,Centre-Forward,Uruguay,3911,Stade Brestois 29,FR1,ligue-1,France,2023,2023-24,23,33,1869,4,4,8,0.193,0.193,0.385,34,1.79,61.08,0.32,0.08,32,8,20,22,110,3537
480267,Ronald Araujo,Defender,Centre-Back,Uruguay,131,FC Barcelona,ES1,laliga,Spain,2023,2023-24,25,25,1994,1,2,3,0.045,0.09,0.135,38,2.24,58.3,0.7,0.157142857,70,15.71,42.86,48,110,2437
181378,Gaëtan Laborde,Attack,Centre-Forward,France,417,OGC Nice,FR1,ligue-1,France,2023,2023-24,30,34,1913,5,2,7,0.235,0.094,0.329,34,1.62,62.52,0.16,0.16,16,16,16,23,111,3667
581357,Jan Schöppner,Midfield,Central Midfield,Germany,2036,1. Fußballclub Heidenheim 1846,L1,bundesliga,Germany,2023,2023-24,25,26,2000,2,2,4,0.09,0.09,0.18,34,1.24,65.36,0.35,0.175,35,17.5,26.25,37,111,3323
552549,Matheus Henrique,Midfield,Central Midfield,Brazil,6574,US Sassuolo,IT1,serie-a,Italy,2023,2023-24,26,31,2502,2,2,4,0.072,0.072,0.144,38,0.79,73.16,0.25,0.573529412,25,57.35,41.18,47,111,2547
143559,Matija Nastasić,Defender,Centre-Back,Serbia,237,RCD Mallorca,ES1,laliga,Spain,2023,2023-24,31,26,2257,2,0,2,0.08,0,0.08,38,1.05,65.99,0.514285714,0.328571429,51.43,32.86,42.14,49,111,2487
404842,Vitaliy Mykolenko,Defender,Left-Back,Ukraine,29,Everton FC,GB1,premier-league,England,2023,2023-24,25,28,2471,2,0,2,0.073,0,0.073,38,1.26,72.25,0.353846154,0.430769231,35.38,43.08,39.23,43,111,2679
167329,Alassane Pléa,Attack,Centre-Forward,France,18,Borussia Mönchengladbach,L1,bundesliga,Germany,2023,2023-24,31,27,1926,7,5,12,0.327,0.234,0.561,34,1,62.94,0.481481481,0.037037037,48.15,3.7,25.93,23,112,3333
246968,Ayoze Pérez,Attack,Centre-Forward,Spain,150,Real Betis Balompié,ES1,laliga,Spain,2023,2023-24,30,31,2307,9,1,10,0.351,0.039,0.39,38,1.5,67.46,0.386363636,0.454545455,38.64,45.45,42.05,32,112,2492
284730,Manuel Akanji,Defender,Centre-Back,Switzerland,281,Manchester City,GB1,premier-league,England,2023,2023-24,28,30,2514,2,0,2,0.072,0,0.072,38,2.39,73.51,0.338461538,0.446153846,33.85,44.62,39.23,44,112,2680
40633,Milan Badelj,Midfield,Defensive Midfield,Croatia,252,Genoa CFC,IT1,serie-a,Italy,2023,2023-24,35,33,2556,1,3,4,0.035,0.106,0.141,38,1.29,74.74,0.235294118,0.588235294,23.53,58.82,41.18,48,112,2548
370791,Pablo Rosario,Midfield,Defensive Midfield,Dominican Republic,417,OGC Nice,FR1,ligue-1,France,2023,2023-24,27,30,2005,0,1,1,0,0.045,0.045,34,1.62,65.52,0.078947368,0.210526316,7.89,21.05,14.47,37,112,3704
246291,Diego Llorente,Defender,Centre-Back,Spain,12,Associazione Sportiva Roma,IT1,serie-a,Italy,2023,2023-24,30,29,2246,1,1,2,0.04,0.04,0.08,38,1.66,65.67,0.492537313,0.328358209,49.25,32.84,41.04,44,113,2570
564545,Edmond Tapsoba,Defender,Centre-Back,Burkina Faso,15,Bayer 04 Leverkusen,L1,bundesliga,Germany,2023,2023-24,25,28,2085,0,1,1,0,0.043,0.043,34,2.65,68.14,0.152542373,0.322033898,15.25,32.2,23.73,53,113,3412
442248,Ethan Pinnock,Defender,Centre-Back,Jamaica,1148,Brentford FC,GB1,premier-league,England,2023,2023-24,31,29,2521,2,0,2,0.071,0,0.071,38,1.03,73.71,0.323076923,0.461538462,32.31,46.15,39.23,45,113,2681
315762,Luca de la Torre,Midfield,Central Midfield,United States,940,Celta de Vigo,ES1,laliga,Spain,2023,2023-24,26,31,1958,1,5,6,0.046,0.23,0.276,38,1.08,57.25,0.734693878,0.102040816,73.47,10.2,41.84,32,113,2507
215114,Thomas Foket,Defender,Right-Back,Belgium,1421,Stade Reims,FR1,ligue-1,France,2023,2023-24,29,27,1841,0,1,1,0,0.049,0.049,34,1.38,60.16,0.220338983,0.06779661,22.03,6.78,14.41,53,113,3708
343959,Erhan Masovic,Defender,Centre-Back,Serbia,80,VfL Bochum,L1,bundesliga,Germany,2023,2023-24,25,29,2218,0,0,0,0,0,0,34,0.97,72.48,0,0.457627119,0,45.76,22.88,54,114,3445
313094,Jordan Lotomba,Defender,Right-Back,Switzerland,417,OGC Nice,FR1,ligue-1,France,2023,2023-24,25,28,1810,1,0,1,0.05,0,0.05,34,1.62,59.15,0.271186441,0,27.12,0,13.56,54,114,3730
517753,Óscar Valentín,Midfield,Central Midfield,Spain,367,Rayo Vallecano,ES1,laliga,Spain,2023,2023-24,29,34,2719,1,0,1,0.033,0,0.033,38,1,79.5,0.040816327,0.795918367,4.08,79.59,41.84,33,114,2508
315969,Scott McTominay,Midfield,Central Midfield,Scotland,985,Manchester United,GB1,premier-league,England,2023,2023-24,27,32,1892,7,1,8,0.333,0.048,0.381,38,1.58,55.32,0.754385965,0.01754386,75.44,1.75,38.6,38,114,2709
167491,Stefano Sabelli,Defender,Right-Back,Italy,252,Genoa CFC,IT1,serie-a,Italy,2023,2023-24,31,32,2450,0,1,1,0,0.037,0.037,38,1.29,71.64,0.253731343,0.567164179,25.37,56.72,41.04,45,114,2571
460651,Antoine Makoumbou,Midfield,Defensive Midfield,Congo,1390,Cagliari Calcio,IT1,serie-a,Italy,2023,2023-24,25,32,2708,1,0,1,0.033,0,0.033,38,0.95,79.18,0.058823529,0.75,5.88,75,40.44,49,115,2601
156618,Maxime Colin,Defender,Right-Back,France,347,FC Metz,FR1,ligue-1,France,2023,2023-24,32,22,1836,0,1,1,0,0.049,0.049,34,0.85,60,0.220338983,0.050847458,22.03,5.08,13.56,55,115,3731
443331,Patrick Osterhage,Midfield,Defensive Midfield,Germany,80,VfL Bochum,L1,bundesliga,Germany,2023,2023-24,24,24,1863,2,2,4,0.097,0.097,0.193,34,0.97,60.88,0.4,0.025,40,2.5,21.25,38,115,3497
399776,Pau Torres,Defender,Centre-Back,Spain,405,Aston Villa,GB1,premier-league,England,2023,2023-24,27,29,2463,2,0,2,0.073,0,0.073,38,1.79,72.02,0.353846154,0.4,35.38,40,37.69,46,115,2766
177046,Rubén Duarte,Defender,Centre-Back,Spain,1108,Deportivo Alavés,ES1,laliga,Spain,2023,2023-24,28,28,1875,2,1,3,0.096,0.048,0.144,38,1.21,54.82,0.757142857,0.071428571,75.71,7.14,41.43,50,115,2539
290017,Hassane Kamara,Defender,Left-Back,Cote d'Ivoire,410,Udinese Calcio,IT1,serie-a,Italy,2023,2023-24,30,35,2238,1,1,2,0.04,0.04,0.08,38,0.97,65.44,0.492537313,0.313432836,49.25,31.34,40.3,46,116,2614
626724,João Pedro,Attack,Centre-Forward,Brazil,1237,Brighton & Hove Albion,GB1,premier-league,England,2023,2023-24,22,31,2047,9,3,12,0.396,0.132,0.528,38,1.26,59.85,0.5,0.239130435,50,23.91,36.96,32,116,2804
45683,Manuel Gulde,Defender,Centre-Back,Germany,60,SC Freiburg,L1,bundesliga,Germany,2023,2023-24,33,27,2048,1,0,1,0.044,0,0.044,34,1.24,66.93,0.169491525,0.254237288,16.95,25.42,21.19,55,116,3499
340177,Thibault De Smet,Defender,Left-Back,Belgium,1421,Stade Reims,FR1,ligue-1,France,2023,2023-24,26,27,1835,0,1,1,0,0.049,0.049,34,1.38,59.97,0.220338983,0.033898305,22.03,3.39,12.71,56,116,3747
256267,Vedat Muriqi,Attack,Centre-Forward,Kosovo,237,RCD Mallorca,ES1,laliga,Spain,2023,2023-24,30,29,2330,7,2,9,0.27,0.077,0.348,38,1.05,68.13,0.340909091,0.477272727,34.09,47.73,40.91,33,116,2577
257062,Álvaro García,Attack,Left Winger,Spain,367,Rayo Vallecano,ES1,laliga,Spain,2023,2023-24,31,32,2498,6,1,7,0.216,0.036,0.252,38,1,73.04,0.204545455,0.613636364,20.45,61.36,40.91,34,117,2580
141050,Danilo Pereira,Defender,Centre-Back,Portugal,583,Paris Saint-Germain,FR1,ligue-1,France,2023,2023-24,32,26,1993,0,0,0,0,0,0,34,2.24,65.13,0,0.220338983,0,22.03,11.02,57,117,3785
735570,João Gomes,Midfield,Central Midfield,Brazil,543,Wolverhampton Wanderers,GB1,premier-league,England,2023,2023-24,23,34,2659,2,1,3,0.068,0.034,0.102,38,1.21,77.75,0.192982456,0.543859649,19.3,54.39,36.84,39,117,2809
346561,Luca Ranieri,Defender,Centre-Back,Italy,430,ACF Fiorentina,IT1,serie-a,Italy,2023,2023-24,25,26,2067,2,1,3,0.087,0.044,0.131,38,1.58,60.44,0.656716418,0.119402985,65.67,11.94,38.81,47,117,2702
228645,Wout Weghorst,Attack,Centre-Forward,Netherlands,533,TSG 1899 Hoffenheim,L1,bundesliga,Germany,2023,2023-24,31,28,1986,7,3,10,0.317,0.136,0.453,34,1.35,64.9,0.296296296,0.111111111,29.63,11.11,20.37,24,117,3525
311044,Alfonso Espino,Defender,Left-Back,Uruguay,367,Rayo Vallecano,ES1,laliga,Spain,2023,2023-24,32,31,2513,0,1,1,0,0.036,0.036,38,1,73.48,0.228571429,0.557142857,22.86,55.71,39.29,51,118,2676
429874,Ansgar Knauff,Attack,Right Winger,Germany,24,Eintracht Frankfurt,L1,bundesliga,Germany,2023,2023-24,22,31,2119,7,3,10,0.297,0.127,0.425,34,1.38,69.25,0.185185185,0.222222222,18.52,22.22,20.37,25,118,3526
238266,Duje Caleta-Car,Defender,Centre-Back,Croatia,1041,Olympique Lyon,FR1,ligue-1,France,2023,2023-24,27,24,1992,0,0,0,0,0,0,34,1.56,65.1,0,0.203389831,0,20.34,10.17,58,118,3800
648195,Enzo Fernández,Midfield,Central Midfield,Argentina,631,Chelsea FC,GB1,premier-league,England,2023,2023-24,23,28,2215,3,2,5,0.122,0.081,0.203,38,1.66,64.77,0.385964912,0.315789474,38.6,31.58,35.09,40,118,2889
353796,Giulio Maggiore,Midfield,Central Midfield,Italy,380,US Salernitana 1919,IT1,serie-a,Italy,2023,2023-24,26,27,1806,4,2,6,0.199,0.1,0.299,38,0.45,52.81,0.75,0.014705882,75,1.47,38.24,50,118,2723
634131,Aimar Oroz,Midfield,Attacking Midfield,Spain,331,CA Osasuna,ES1,laliga,Spain,2023,2023-24,22,33,2350,2,1,3,0.077,0.038,0.115,38,1.18,68.71,0.306122449,0.469387755,30.61,46.94,38.78,34,119,2703
639712,Étienne Youté Kinkoué,Defender,Centre-Back,France,738,Le Havre AC,FR1,ligue-1,France,2023,2023-24,22,22,1943,0,0,0,0,0,0,34,0.94,63.5,0,0.186440678,0,18.64,9.32,59,119,3817
181136,Piotr Zielinski,Midfield,Central Midfield,Poland,6195,SSC Napoli,IT1,serie-a,Italy,2023,2023-24,30,28,1938,3,2,5,0.139,0.093,0.232,38,1.39,56.67,0.573529412,0.191176471,57.35,19.12,38.24,51,119,2724
134425,Raheem Sterling,Attack,Right Winger,England,631,Chelsea FC,GB1,premier-league,England,2023,2023-24,29,31,1983,8,4,12,0.363,0.182,0.545,38,1.66,57.98,0.543478261,0.152173913,54.35,15.22,34.78,33,119,2905
327251,Ridle Baku,Defender,Right-Back,Germany,82,VfL Wolfsburg,L1,bundesliga,Germany,2023,2023-24,26,33,2014,1,0,1,0.045,0,0.045,34,1.09,65.82,0.186440678,0.220338983,18.64,22.03,20.34,56,119,3527
195633,Charlie Taylor,Defender,Left-Back,England,1132,Burnley FC,GB1,premier-league,England,2023,2023-24,30,28,2332,1,1,2,0.039,0.039,0.077,38,0.63,68.19,0.384615385,0.307692308,38.46,30.77,34.62,47,120,2922
70411,Darko Lazović,Midfield,Left Midfield,Serbia,276,Hellas Verona,IT1,serie-a,Italy,2023,2023-24,33,32,1945,3,2,5,0.139,0.093,0.231,38,1,56.87,0.558823529,0.205882353,55.88,20.59,38.24,52,120,2725
955070,Ernest Nuamah,Attack,Right Winger,Ghana,1041,Olympique Lyon,FR1,ligue-1,France,2023,2023-24,20,29,1853,3,2,5,0.146,0.097,0.243,34,1.56,60.56,0.12,0.04,12,4,8,24,120,3835
94201,Robin Knoche,Defender,Centre-Back,Germany,89,1.FC Union Berlin,L1,bundesliga,Germany,2023,2023-24,32,24,1918,1,0,1,0.047,0,0.047,34,0.97,62.68,0.203389831,0.13559322,20.34,13.56,16.95,57,120,3639
238868,Rubén Peña,Defender,Right-Back,Spain,331,CA Osasuna,ES1,laliga,Spain,2023,2023-24,32,29,2103,0,2,2,0,0.086,0.086,38,1.18,61.49,0.542857143,0.214285714,54.29,21.43,37.86,52,120,2751
285323,Baptiste Santamaria,Midfield,Defensive Midfield,France,273,Stade Rennais FC,FR1,ligue-1,France,2023,2023-24,29,30,1931,0,1,1,0,0.047,0.047,34,1.35,63.1,0.105263158,0.052631579,10.53,5.26,7.89,38,121,3839
931838,Hugo Larsson,Midfield,Central Midfield,Sweden,24,Eintracht Frankfurt,L1,bundesliga,Germany,2023,2023-24,20,29,1887,2,1,3,0.095,0.048,0.143,34,1.38,61.67,0.25,0.05,25,5,15,39,121,3690
823486,Michael Kayode,Defender,Right-Back,Italy,430,ACF Fiorentina,IT1,serie-a,Italy,2023,2023-24,19,26,2062,1,2,3,0.044,0.087,0.131,38,1.58,60.29,0.656716418,0.104477612,65.67,10.45,38.06,48,121,2742
568693,Pape Matar Sarr,Midfield,Central Midfield,Senegal,148,Tottenham Hotspur,GB1,premier-league,England,2023,2023-24,21,34,2085,3,3,6,0.129,0.129,0.259,38,1.74,60.96,0.473684211,0.210526316,47.37,21.05,34.21,41,121,2935
367466,Thierry Correia,Defender,Right-Back,Portugal,1049,Valencia CF,ES1,laliga,Spain,2023,2023-24,25,31,2160,0,2,2,0,0.083,0.083,38,1.29,63.16,0.528571429,0.228571429,52.86,22.86,37.86,53,121,2752
646733,Jim Allevinah,Attack,Right Winger,Gabon,3524,Clermont Foot 63,FR1,ligue-1,France,2023,2023-24,29,29,1871,2,1,3,0.096,0.048,0.144,34,0.74,61.14,0,0.12,0,12,6,25,122,3872
88680,Luca Caldirola,Defender,Centre-Back,Italy,2919,AC Monza,IT1,serie-a,Italy,2023,2023-24,33,29,2139,1,1,2,0.042,0.042,0.084,38,1.18,62.54,0.537313433,0.223880597,53.73,22.39,38.06,49,122,2743
93604,Lukas Kübler,Defender,Right-Back,Germany,60,SC Freiburg,L1,bundesliga,Germany,2023,2023-24,31,26,1848,1,0,1,0.049,0,0.049,34,1.24,60.39,0.220338983,0.06779661,22.03,6.78,14.41,58,122,3707
405398,Takefusa Kubo,Attack,Right Winger,Japan,681,Real Sociedad,ES1,laliga,Spain,2023,2023-24,23,30,2156,7,4,11,0.292,0.167,0.459,38,1.58,63.04,0.454545455,0.295454545,45.45,29.55,37.5,35,122,2769
468249,Vitinho,Defender,Right-Back,Brazil,1132,Burnley FC,GB1,premier-league,England,2023,2023-24,24,32,2318,0,2,2,0,0.078,0.078,38,0.63,67.78,0.4,0.276923077,40,27.69,33.85,48,122,2958
372711,Amine Harit,Attack,Left Winger,Morocco,244,Olympique Marseille,FR1,ligue-1,France,2023,2023-24,27,28,1829,1,2,3,0.049,0.098,0.148,34,1.47,59.77,0.04,0,4,0,2,26,123,3912
583255,Antoine Semenyo,Attack,Right Winger,Ghana,989,AFC Bournemouth,GB1,premier-league,England,2023,2023-24,24,33,2113,8,2,10,0.341,0.085,0.426,38,1.26,61.78,0.326086957,0.347826087,32.61,34.78,33.7,34,123,2969
254037,Iza Carcelén,Defender,Right-Back,Spain,2687,Cádiz CF,ES1,laliga,Spain,2023,2023-24,31,35,2610,0,0,0,0,0,0,38,0.87,76.32,0,0.728571429,0,72.86,36.43,54,123,2831
486031,Nico González,Attack,Left Winger,Argentina,430,ACF Fiorentina,IT1,serie-a,Italy,2023,2023-24,26,29,1913,12,2,14,0.565,0.094,0.659,38,1.58,55.94,0.709677419,0.032258065,70.97,3.23,37.1,22,123,2800
644771,Odilon Kossounou,Defender,Centre-Back,Cote d'Ivoire,15,Bayer 04 Leverkusen,L1,bundesliga,Germany,2023,2023-24,23,22,1812,1,0,1,0.05,0,0.05,34,2.65,59.22,0.237288136,0.033898305,23.73,3.39,13.56,59,123,3729
333361,Chumi,Defender,Centre-Back,Spain,3302,UD Almería,ES1,laliga,Spain,2023,2023-24,25,31,2432,0,1,1,0,0.037,0.037,38,0.55,71.11,0.242857143,0.471428571,24.29,47.14,35.71,55,124,2860
287188,Dejan Ljubicic,Midfield,Defensive Midfield,Austria,3,1.FC Köln,L1,bundesliga,Germany,2023,2023-24,26,26,2054,0,2,2,0,0.088,0.088,34,0.79,67.12,0.05,0.2,5,20,12.5,40,124,3753
386057,Julien Laporte,Defender,Centre-Back,France,1158,FC Lorient,FR1,ligue-1,France,2023,2023-24,30,23,1816,0,0,0,0,0,0,34,0.85,59.35,0,0.016949153,0,1.69,0.85,60,124,3922
658536,Simon Adingra,Attack,Left Winger,Cote d'Ivoire,1237,Brighton & Hove Albion,GB1,premier-league,England,2023,2023-24,22,31,2232,6,1,7,0.242,0.04,0.282,38,1.26,65.26,0.173913043,0.5,17.39,50,33.7,35,124,2970
324377,Youssef Maleh,Midfield,Central Midfield,Morocco,749,FC Empoli,IT1,serie-a,Italy,2023,2023-24,25,34,2610,0,1,1,0,0.034,0.034,38,0.95,76.32,0.073529412,0.647058824,7.35,64.71,36.03,53,124,2844
242631,Alex Iwobi,Attack,Left Winger,Nigeria,931,Fulham FC,GB1,premier-league,England,2023,2023-24,28,30,2205,5,2,7,0.204,0.082,0.286,38,1.24,64.47,0.195652174,0.456521739,19.57,45.65,32.61,36,125,3013
298589,David García,Defender,Centre-Back,Spain,331,CA Osasuna,ES1,laliga,Spain,2023,2023-24,30,27,2336,0,1,1,0,0.039,0.039,38,1.18,68.3,0.271428571,0.428571429,27.14,42.86,35,56,125,2894
548348,Kiliann Sildillia,Defender,Right-Back,France,60,SC Freiburg,L1,bundesliga,Germany,2023,2023-24,22,27,1804,0,1,1,0,0.05,0.05,34,1.24,58.95,0.237288136,0,23.73,0,11.86,60,125,3768
490384,Koni De Winter,Defender,Centre-Back,Belgium,252,Genoa CFC,IT1,serie-a,Italy,2023,2023-24,22,29,2380,0,1,1,0,0.038,0.038,38,1.29,69.59,0.268656716,0.447761194,26.87,44.78,35.82,50,125,2852
46001,Moussa Sissoko,Midfield,Central Midfield,France,995,FC Nantes,FR1,ligue-1,France,2023,2023-24,34,26,1824,0,0,0,0,0,0,34,0.97,59.61,0,0,0,0,0,39,125,3930
451276,Dominik Szoboszlai,Midfield,Attacking Midfield,Hungary,31,Liverpool FC,GB1,premier-league,England,2023,2023-24,23,33,2111,3,2,5,0.128,0.085,0.213,38,2.16,61.73,0.403508772,0.245614035,40.35,24.56,32.46,42,126,3023
280575,Elvis Rexhbecaj,Midfield,Central Midfield,Kosovo,167,FC Augsburg,L1,bundesliga,Germany,2023,2023-24,26,25,1995,2,0,2,0.09,0,0.09,34,1.15,65.2,0.075,0.15,7.5,15,11.25,41,126,3782
277384,Martin Valjent,Defender,Centre-Back,Slovakia,237,RCD Mallorca,ES1,laliga,Spain,2023,2023-24,28,28,2354,0,1,1,0,0.038,0.038,38,1.05,68.83,0.257142857,0.442857143,25.71,44.29,35,57,126,2895
210178,Pablo Marí,Defender,Centre-Back,Spain,2919,AC Monza,IT1,serie-a,Italy,2023,2023-24,30,34,2616,0,0,0,0,0,0,38,1.18,76.49,0,0.71641791,0,71.64,35.82,51,126,2853
121477,Craig Dawson,Defender,Centre-Back,England,543,Wolverhampton Wanderers,GB1,premier-league,England,2023,2023-24,34,25,2211,1,1,2,0.041,0.041,0.081,38,1.21,64.65,0.430769231,0.2,43.08,20,31.54,49,127,3069
252667,Fali,Defender,Centre-Back,Spain,2687,Cádiz CF,ES1,laliga,Spain,2023,2023-24,30,30,2551,0,0,0,0,0,0,38,0.87,74.59,0,0.671428571,0,67.14,33.57,58,127,2974
197471,Roberto Gagliardini,Midfield,Central Midfield,Italy,2919,AC Monza,IT1,serie-a,Italy,2023,2023-24,30,33,2365,1,2,3,0.038,0.076,0.114,38,1.18,69.15,0.220588235,0.485294118,22.06,48.53,35.29,54,127,2878
245744,Takuma Asano,Attack,Right Winger,Japan,80,VfL Bochum,L1,bundesliga,Germany,2023,2023-24,29,29,2003,6,1,7,0.27,0.045,0.315,34,0.97,65.46,0.037037037,0.148148148,3.7,14.81,9.26,26,127,3818
306024,Dominic Calvert-Lewin,Attack,Centre-Forward,England,29,Everton FC,GB1,premier-league,England,2023,2023-24,27,32,2186,7,2,9,0.288,0.082,0.371,38,1.26,63.92,0.217391304,0.413043478,21.74,41.3,31.52,37,128,3071
341227,Juan Miranda,Defender,Left-Back,Spain,150,Real Betis Balompié,ES1,laliga,Spain,2023,2023-24,24,25,1860,1,1,2,0.048,0.048,0.097,38,1.5,54.39,0.6,0.042857143,60,4.29,32.14,59,128,3042
399543,Rémi Oudin,Midfield,Attacking Midfield,France,1005,US Lecce,IT1,serie-a,Italy,2023,2023-24,27,31,1828,3,2,5,0.148,0.098,0.246,38,1,53.45,0.632352941,0.058823529,63.24,5.88,34.56,55,128,2924
345886,Rubén Vargas,Attack,Left Winger,Switzerland,167,FC Augsburg,L1,bundesliga,Germany,2023,2023-24,25,31,1977,4,4,8,0.182,0.182,0.364,34,1.15,64.61,0.074074074,0.074074074,7.41,7.41,7.41,27,128,3848
61841,Adam Smith,Defender,Right-Back,England,989,AFC Bournemouth,GB1,premier-league,England,2023,2023-24,33,28,2157,0,2,2,0,0.083,0.083,38,1.26,63.07,0.446153846,0.169230769,44.62,16.92,30.77,50,129,3107
335103,Linton Maina,Attack,Left Winger,Germany,3,1.FC Köln,L1,bundesliga,Germany,2023,2023-24,25,31,1907,1,3,4,0.047,0.142,0.189,34,0.79,62.32,0,0,0,0,0,28,129,3929
554903,Mateo Retegui,Attack,Centre-Forward,Italy,252,Genoa CFC,IT1,serie-a,Italy,2023,2023-24,25,29,2224,7,2,9,0.283,0.081,0.364,38,1.29,65.03,0.290322581,0.387096774,29.03,38.71,33.87,23,129,2953
588426,Saúl Coco,Defender,Centre-Back,Equatorial Guinea,472,UD Las Palmas,ES1,laliga,Spain,2023,2023-24,25,30,2293,1,0,1,0.039,0,0.039,38,1.05,67.05,0.271428571,0.371428571,27.14,37.14,32.14,60,129,3044
148367,Christian Nørgaard,Midfield,Defensive Midfield,Denmark,1148,Brentford FC,GB1,premier-league,England,2023,2023-24,30,31,2514,2,1,3,0.072,0.036,0.107,38,1.03,73.51,0.210526316,0.403508772,21.05,40.35,30.7,43,130,3113
434433,Nikola Krstović,Attack,Centre-Forward,Montenegro,1005,US Lecce,IT1,serie-a,Italy,2023,2023-24,24,35,2388,7,2,9,0.264,0.075,0.339,38,1,69.82,0.161290323,0.516129032,16.13,51.61,33.87,24,130,2954
694928,Samuel Lino,Attack,Left Winger,Brazil,13,Atlético de Madrid,ES1,laliga,Spain,2023,2023-24,24,34,2087,4,5,9,0.172,0.216,0.388,38,2,61.02,0.363636364,0.272727273,36.36,27.27,31.82,36,130,3057
578539,Chris Richards,Defender,Centre-Back,United States,873,Crystal Palace,GB1,premier-league,England,2023,2023-24,24,26,2091,1,1,2,0.043,0.043,0.086,38,1.29,61.14,0.461538462,0.138461538,46.15,13.85,30,51,131,3149
710677,Iker Muñoz,Midfield,Defensive Midfield,Spain,331,CA Osasuna,ES1,laliga,Spain,2023,2023-24,21,28,1856,4,0,4,0.194,0,0.194,38,1.18,54.27,0.571428571,0.06122449,57.14,6.12,31.63,35,131,3063
555820,Martín Payero,Midfield,Central Midfield,Argentina,410,Udinese Calcio,IT1,serie-a,Italy,2023,2023-24,25,29,1801,2,3,5,0.1,0.15,0.25,38,0.97,52.66,0.647058824,0,64.71,0,32.35,56,131,3029
655488,Gabriel Martinelli,Attack,Left Winger,Brazil,11,Arsenal FC,GB1,premier-league,England,2023,2023-24,23,35,2029,6,4,10,0.266,0.177,0.444,38,2.34,59.33,0.391304348,0.195652174,39.13,19.57,29.35,38,132,3177
277167,Gian Marco Ferrari,Defender,Centre-Back,Italy,6574,US Sassuolo,IT1,serie-a,Italy,2023,2023-24,32,31,2269,1,0,1,0.04,0,0.04,38,0.79,66.35,0.28358209,0.343283582,28.36,34.33,31.34,52,132,3084
336869,Marc Roca,Midfield,Defensive Midfield,Spain,150,Real Betis Balompié,ES1,laliga,Spain,2023,2023-24,27,26,1987,2,2,4,0.091,0.091,0.181,38,1.5,58.1,0.489795918,0.142857143,48.98,14.29,31.63,36,132,3064
242606,Josh Cullen,Midfield,Central Midfield,Ireland,1132,Burnley FC,GB1,premier-league,England,2023,2023-24,28,25,2060,2,3,5,0.087,0.131,0.218,38,0.63,60.23,0.421052632,0.157894737,42.11,15.79,28.95,44,133,3196
730581,Loïc Badé,Defender,Centre-Back,France,368,Sevilla FC,ES1,laliga,Spain,2023,2023-24,24,28,2283,0,1,1,0,0.039,0.039,38,1.08,66.75,0.271428571,0.357142857,27.14,35.71,31.43,61,133,3079
413507,Nikola Milenković,Defender,Centre-Back,Serbia,430,ACF Fiorentina,IT1,serie-a,Italy,2023,2023-24,26,34,2505,0,0,0,0,0,0,38,1.58,73.25,0,0.626865672,0,62.69,31.34,53,133,3085
603940,Marvin Park,Defender,Right-Back,Spain,472,UD Las Palmas,ES1,laliga,Spain,2023,2023-24,23,31,1854,0,2,2,0,0.097,0.097,38,1.05,54.21,0.6,0.014285714,60,1.43,30.71,62,134,3109
461019,Samuele Birindelli,Defender,Right-Back,Italy,2919,AC Monza,IT1,serie-a,Italy,2023,2023-24,24,35,2016,0,2,2,0,0.089,0.089,38,1.18,58.95,0.552238806,0.059701493,55.22,5.97,30.6,54,134,3125
663581,Vini Souza,Midfield,Defensive Midfield,Brazil,350,Sheffield United,GB1,premier-league,England,2023,2023-24,25,36,2672,1,0,1,0.034,0,0.034,38,0.42,78.13,0.01754386,0.561403509,1.75,56.14,28.95,45,134,3199
258987,Carl Starfelt,Defender,Centre-Back,Sweden,940,Celta de Vigo,ES1,laliga,Spain,2023,2023-24,29,27,2219,1,0,1,0.041,0,0.041,38,1.08,64.88,0.314285714,0.3,31.43,30,30.71,63,135,3111
583199,James McAtee,Midfield,Attacking Midfield,England,350,Sheffield United,GB1,premier-league,England,2023,2023-24,21,30,1827,3,3,6,0.148,0.148,0.296,38,0.42,53.42,0.543859649,0,54.39,0,27.19,46,135,3285
268429,Sandi Lovrić,Midfield,Central Midfield,Slovenia,410,Udinese Calcio,IT1,serie-a,Italy,2023,2023-24,26,29,1990,1,3,4,0.045,0.136,0.181,38,0.97,58.19,0.338235294,0.25,33.82,25,29.41,57,135,3173
288318,Adrián Embarba,Attack,Right Winger,Spain,3302,UD Almería,ES1,laliga,Spain,2023,2023-24,32,36,2485,3,2,5,0.109,0.072,0.181,38,0.55,72.66,0.045454545,0.568181818,4.55,56.82,30.68,37,136,3116
364409,Gabriel Osho,Defender,Centre-Back,Nigeria,1031,Luton Town,GB1,premier-league,England,2023,2023-24,25,21,1848,2,0,2,0.097,0,0.097,38,0.68,54.04,0.507692308,0.030769231,50.77,3.08,26.92,52,136,3298
459151,Nicolò Cambiaghi,Attack,Left Winger,Italy,749,FC Empoli,IT1,serie-a,Italy,2023,2023-24,23,37,2563,1,5,6,0.035,0.176,0.211,38,0.95,74.94,0,0.580645161,0,58.06,29.03,25,136,3191
413112,Aurélien Tchouaméni,Midfield,Defensive Midfield,France,418,Real Madrid,ES1,laliga,Spain,2023,2023-24,24,27,1986,3,1,4,0.136,0.045,0.181,38,2.5,58.07,0.489795918,0.12244898,48.98,12.24,30.61,37,137,3123
241076,Emmanuel Gyasi,Midfield,Right Midfield,Ghana,749,FC Empoli,IT1,serie-a,Italy,2023,2023-24,30,33,1874,1,3,4,0.048,0.144,0.192,38,0.95,54.8,0.441176471,0.132352941,44.12,13.24,28.68,58,137,3216
548470,Teden Mengi,Defender,Centre-Back,England,1031,Luton Town,GB1,premier-league,England,2023,2023-24,22,30,2470,1,0,1,0.036,0,0.036,38,0.68,72.22,0.123076923,0.415384615,12.31,41.54,26.92,53,137,3302
417346,Jack Harrison,Attack,Left Winger,England,29,Everton FC,GB1,premier-league,England,2023,2023-24,27,29,2219,3,3,6,0.122,0.122,0.243,38,1.26,64.88,0.043478261,0.47826087,4.35,47.83,26.09,39,138,3328
192009,Unai López,Midfield,Central Midfield,Spain,367,Rayo Vallecano,ES1,laliga,Spain,2023,2023-24,28,34,2088,1,2,3,0.043,0.086,0.129,38,1,61.05,0.346938776,0.265306122,34.69,26.53,30.61,38,138,3124
186368,Valentino Lazaro,Midfield,Right Midfield,Austria,416,Torino FC,IT1,serie-a,Italy,2023,2023-24,28,35,1988,0,4,4,0,0.181,0.181,38,1.39,58.13,0.338235294,0.235294118,33.82,23.53,28.68,59,138,3217
157507,Adrien Tamèze,Midfield,Defensive Midfield,France,416,Torino FC,IT1,serie-a,Italy,2023,2023-24,30,29,2152,0,2,2,0,0.084,0.084,38,1.39,62.92,0.191176471,0.382352941,19.12,38.24,28.68,60,139,3219
389253,Auston Trusty,Defender,Centre-Back,United States,350,Sheffield United,GB1,premier-league,England,2023,2023-24,25,32,2572,0,0,0,0,0,0,38,0.42,75.2,0,0.507692308,0,50.77,25.38,54,139,3360
552425,Jon Moncayola,Midfield,Central Midfield,Spain,331,CA Osasuna,ES1,laliga,Spain,2023,2023-24,26,33,1803,1,3,4,0.05,0.15,0.2,38,1.18,52.72,0.591836735,0,59.18,0,29.59,39,139,3162
495621,Antonio Blanco,Midfield,Defensive Midfield,Spain,1108,Deportivo Alavés,ES1,laliga,Spain,2023,2023-24,23,33,2436,0,1,1,0,0.037,0.037,38,1.21,71.23,0.06122449,0.530612245,6.12,53.06,29.59,40,140,3163
258004,Rúben Dias,Defender,Centre-Back,Portugal,281,Manchester City,GB1,premier-league,England,2023,2023-24,27,30,2557,0,0,0,0,0,0,38,2.39,74.77,0,0.492307692,0,49.23,24.62,55,140,3387
94005,Sead Kolasinac,Defender,Centre-Back,Bosnia-Herzegovina,800,Atalanta BC,IT1,serie-a,Italy,2023,2023-24,31,30,2182,1,0,1,0.041,0,0.041,38,1.82,63.8,0.298507463,0.268656716,29.85,26.87,28.36,55,140,3236
310458,Giangiacomo Magnani,Defender,Centre-Back,Italy,276,Hellas Verona,IT1,serie-a,Italy,2023,2023-24,28,33,2441,0,0,0,0,0,0,38,1,71.37,0,0.552238806,0,55.22,27.61,56,141,3267
353032,Omar Alderete,Defender,Centre-Back,Paraguay,3709,Getafe CF,ES1,laliga,Spain,2023,2023-24,27,31,2193,0,1,1,0,0.041,0.041,38,1.13,64.12,0.314285714,0.271428571,31.43,27.14,29.29,64,141,3182
344830,Tahith Chong,Midfield,Attacking Midfield,Curacao,1031,Luton Town,GB1,premier-league,England,2023,2023-24,24,33,1987,4,0,4,0.181,0,0.181,38,0.68,58.1,0.333333333,0.140350877,33.33,14.04,23.68,47,141,3416
401356,Edson Álvarez,Midfield,Defensive Midfield,Mexico,379,West Ham United,GB1,premier-league,England,2023,2023-24,26,31,2383,1,1,2,0.038,0.038,0.076,38,1.37,69.68,0.087719298,0.368421053,8.77,36.84,22.81,48,142,3449
161011,Filip Kostić,Midfield,Left Midfield,Serbia,506,Juventus FC,IT1,serie-a,Italy,2023,2023-24,31,29,1831,0,4,4,0,0.197,0.197,38,1.87,53.54,0.470588235,0.073529412,47.06,7.35,27.21,61,142,3283
657430,Samú Costa,Midfield,Defensive Midfield,Portugal,237,RCD Mallorca,ES1,laliga,Spain,2023,2023-24,23,34,2305,1,1,2,0.039,0.039,0.078,38,1.05,67.4,0.163265306,0.408163265,16.33,40.82,28.57,41,142,3225
262980,Jefferson Lerma,Midfield,Defensive Midfield,Colombia,873,Crystal Palace,GB1,premier-league,England,2023,2023-24,29,28,2404,1,1,2,0.037,0.037,0.075,38,1.29,70.29,0.070175439,0.385964912,7.02,38.6,22.81,49,143,3450
991268,Samu Aghehowa,Attack,Centre-Forward,Spain,1108,Deportivo Alavés,ES1,laliga,Spain,2023,2023-24,20,34,1924,8,1,9,0.374,0.047,0.421,38,1.21,56.26,0.409090909,0.159090909,40.91,15.91,28.41,38,143,3233
666547,Zito Luvumbo,Attack,Right Winger,Angola,1390,Cagliari Calcio,IT1,serie-a,Italy,2023,2023-24,22,30,1947,4,6,10,0.185,0.277,0.462,38,0.95,56.93,0.451612903,0.064516129,45.16,6.45,25.81,26,143,3337
121985,Juan Jesus,Defender,Centre-Back,Brazil,6195,SSC Napoli,IT1,serie-a,Italy,2023,2023-24,33,24,2119,1,0,1,0.042,0,0.042,38,1.39,61.96,0.313432836,0.194029851,31.34,19.4,25.37,57,144,3361
820374,Kobbie Mainoo,Midfield,Central Midfield,England,985,Manchester United,GB1,premier-league,England,2023,2023-24,19,24,1940,3,1,4,0.139,0.046,0.186,38,1.58,56.73,0.350877193,0.087719298,35.09,8.77,21.93,50,144,3475
175449,Moi Gómez,Midfield,Attacking Midfield,Spain,331,CA Osasuna,ES1,laliga,Spain,2023,2023-24,30,28,2011,3,0,3,0.134,0,0.134,38,1.18,58.8,0.367346939,0.183673469,36.73,18.37,27.55,42,144,3270
423444,Fran Beltrán,Midfield,Central Midfield,Spain,940,Celta de Vigo,ES1,laliga,Spain,2023,2023-24,25,33,2437,0,0,0,0,0,0,38,1.08,71.26,0,0.551020408,0,55.1,27.55,43,145,3271
237658,Michel Aebischer,Midfield,Central Midfield,Switzerland,1025,Bologna Football Club 1909,IT1,serie-a,Italy,2023,2023-24,27,36,2233,0,1,1,0,0.04,0.04,38,1.79,65.29,0.088235294,0.411764706,8.82,41.18,25,62,145,3376
743498,Wilson Odobert,Attack,Left Winger,France,1132,Burnley FC,GB1,premier-league,England,2023,2023-24,19,29,2108,3,3,6,0.128,0.128,0.256,38,0.63,61.64,0.086956522,0.326086957,8.7,32.61,20.65,40,145,3518
126665,Idrissa Gueye,Midfield,Defensive Midfield,Senegal,29,Everton FC,GB1,premier-league,England,2023,2023-24,34,25,1893,4,0,4,0.19,0,0.19,38,1.26,55.35,0.368421053,0.035087719,36.84,3.51,20.18,51,146,3531
15452,Raúl Albiol,Defender,Centre-Back,Spain,1050,Villarreal CF,ES1,laliga,Spain,2023,2023-24,38,26,2035,0,1,1,0,0.044,0.044,38,1.39,59.5,0.342857143,0.185714286,34.29,18.57,26.43,65,146,3314
698259,Thomas Kristensen,Defender,Centre-Back,Denmark,410,Udinese Calcio,IT1,serie-a,Italy,2023,2023-24,22,26,2098,0,1,1,0,0.043,0.043,38,0.97,61.35,0.328358209,0.164179104,32.84,16.42,24.63,58,146,3382
197747,Alessio Romagnoli,Defender,Centre-Back,Italy,398,Società Sportiva Lazio S.p.A.,IT1,serie-a,Italy,2023,2023-24,29,29,2409,0,0,0,0,0,0,38,1.61,70.44,0,0.492537313,0,49.25,24.63,59,147,3383
461883,Calvin Bassey,Defender,Centre-Back,Nigeria,931,Fulham FC,GB1,premier-league,England,2023,2023-24,24,29,2300,1,0,1,0.039,0,0.039,38,1.24,67.25,0.138461538,0.261538462,13.85,26.15,20,56,147,3543
221150,Dakonam Djené,Defender,Centre-Back,Togo,3709,Getafe CF,ES1,laliga,Spain,2023,2023-24,32,33,2491,0,0,0,0,0,0,38,1.13,72.84,0,0.528571429,0,52.86,26.43,66,147,3316
392768,Callum Hudson-Odoi,Attack,Left Winger,England,703,Nottingham Forest,GB1,premier-league,England,2023,2023-24,23,29,1857,8,1,9,0.388,0.048,0.436,38,0.95,54.3,0.347826087,0.043478261,34.78,4.35,19.57,41,148,3560
386552,Lassana Coulibaly,Midfield,Central Midfield,Mali,380,US Salernitana 1919,IT1,serie-a,Italy,2023,2023-24,28,28,2086,0,1,1,0,0.043,0.043,38,0.45,60.99,0.102941176,0.338235294,10.29,33.82,22.06,63,148,3472
662261,Rafa Marín,Defender,Centre-Back,Spain,1108,Deportivo Alavés,ES1,laliga,Spain,2023,2023-24,22,33,2442,0,0,0,0,0,0,38,1.21,71.4,0,0.485714286,0,48.57,24.29,67,148,3396
126751,Iñigo Ruiz de Galarreta,Midfield,Central Midfield,Spain,621,Athletic Bilbao,ES1,laliga,Spain,2023,2023-24,30,29,2105,1,1,2,0.043,0.043,0.086,38,1.79,61.55,0.183673469,0.285714286,18.37,28.57,23.47,44,149,3429
876298,Matteo Prati,Midfield,Defensive Midfield,Italy,1390,Cagliari Calcio,IT1,serie-a,Italy,2023,2023-24,20,26,1973,1,1,2,0.046,0.046,0.091,38,0.95,57.69,0.205882353,0.220588235,20.59,22.06,21.32,64,149,3495
52769,Willian,Attack,Left Winger,Brazil,931,Fulham FC,GB1,premier-league,England,2023,2023-24,35,31,2056,4,2,6,0.175,0.088,0.263,38,1.24,60.12,0.108695652,0.260869565,10.87,26.09,18.48,42,149,3587
344605,Boubakary Soumaré,Midfield,Defensive Midfield,France,368,Sevilla FC,ES1,laliga,Spain,2023,2023-24,25,28,2287,0,1,1,0,0.039,0.039,38,1.08,66.87,0.081632653,0.387755102,8.16,38.78,23.47,45,150,3430
16306,Casemiro,Midfield,Defensive Midfield,Brazil,985,Manchester United,GB1,premier-league,England,2023,2023-24,32,25,1985,1,2,3,0.045,0.091,0.136,38,1.58,58.04,0.263157895,0.105263158,26.32,10.53,18.42,52,150,3589
283735,Mattia Zaccagni,Attack,Left Winger,Italy,398,Società Sportiva Lazio S.p.A.,IT1,serie-a,Italy,2023,2023-24,29,28,1973,6,2,8,0.274,0.091,0.365,38,1.61,57.69,0.322580645,0.096774194,32.26,9.68,20.97,27,150,3505
347253,Dany Mota,Attack,Centre-Forward,Portugal,2919,AC Monza,IT1,serie-a,Italy,2023,2023-24,26,34,2058,4,4,8,0.175,0.175,0.35,38,1.18,60.18,0.225806452,0.193548387,22.58,19.35,20.97,28,151,3506
576314,Jan Paul van Hecke,Defender,Centre-Back,Netherlands,1237,Brighton & Hove Albion,GB1,premier-league,England,2023,2023-24,24,28,2368,0,0,0,0,0,0,38,1.26,69.24,0,0.353846154,0,35.38,17.69,57,151,3616
281989,Luis Milla,Midfield,Central Midfield,Spain,3709,Getafe CF,ES1,laliga,Spain,2023,2023-24,29,27,2123,0,1,1,0,0.042,0.042,38,1.13,62.08,0.102040816,0.326530612,10.2,32.65,21.43,46,151,3493
485706,Amadou Onana,Midfield,Defensive Midfield,Belgium,29,Everton FC,GB1,premier-league,England,2023,2023-24,22,30,2090,2,0,2,0.086,0,0.086,38,1.26,61.11,0.105263158,0.228070175,10.53,22.81,16.67,53,152,3649
607226,Loum Tchaouna,Attack,Right Winger,France,380,US Salernitana 1919,IT1,serie-a,Italy,2023,2023-24,20,33,2100,4,4,8,0.171,0.171,0.343,38,0.45,61.4,0.193548387,0.225806452,19.35,22.58,20.97,29,152,3507
495625,Víctor Chust,Defender,Centre-Back,Spain,2687,Cádiz CF,ES1,laliga,Spain,2023,2023-24,24,22,1869,0,1,1,0,0.048,0.048,38,0.87,54.65,0.357142857,0.057142857,35.71,5.71,20.71,68,152,3514
559979,Abdel Abqar,Defender,Centre-Back,Morocco,1108,Deportivo Alavés,ES1,laliga,Spain,2023,2023-24,25,27,2315,0,0,0,0,0,0,38,1.21,67.69,0,0.414285714,0,41.43,20.71,69,153,3517
173859,Davide Zappacosta,Midfield,Right Midfield,Italy,800,Atalanta BC,IT1,serie-a,Italy,2023,2023-24,32,31,1875,2,1,3,0.096,0.048,0.144,38,1.82,54.82,0.25,0.147058824,25,14.71,19.85,65,153,3550
467623,Lyle Foster,Attack,Centre-Forward,South Africa,1132,Burnley FC,GB1,premier-league,England,2023,2023-24,23,24,1909,5,3,8,0.236,0.141,0.377,38,0.63,55.82,0.239130435,0.065217391,23.91,6.52,15.22,43,153,3684
423744,Billy Gilmour,Midfield,Defensive Midfield,Scotland,1237,Brighton & Hove Albion,GB1,premier-league,England,2023,2023-24,23,30,2126,0,1,1,0,0.042,0.042,38,1.26,62.16,0.035087719,0.263157895,3.51,26.32,14.91,54,154,3693
441515,Daniel Boloca,Midfield,Defensive Midfield,Italy,6574,US Sassuolo,IT1,serie-a,Italy,2023,2023-24,25,30,2024,1,0,1,0.044,0,0.044,38,0.79,59.18,0.117647059,0.279411765,11.76,27.94,19.85,66,154,3551
15956,Jesús Navas,Midfield,Right Midfield,Spain,368,Sevilla FC,ES1,laliga,Spain,2023,2023-24,38,29,2013,0,2,2,0,0.089,0.089,38,1.08,58.86,0.204081633,0.204081633,20.41,20.41,20.41,47,154,3522
292818,Jonathan Bamba,Attack,Left Winger,Cote d'Ivoire,940,Celta de Vigo,ES1,laliga,Spain,2023,2023-24,28,27,1993,3,2,5,0.135,0.09,0.226,38,1.08,58.27,0.136363636,0.204545455,13.64,20.45,17.05,39,155,3631
469211,Liberato Cacace,Defender,Left-Back,New Zealand,749,FC Empoli,IT1,serie-a,Italy,2023,2023-24,23,31,1910,0,1,1,0,0.047,0.047,38,0.95,55.85,0.358208955,0.029850746,35.82,2.99,19.4,60,155,3562
425902,Ryan Yates,Midfield,Central Midfield,England,703,Nottingham Forest,GB1,premier-league,England,2023,2023-24,26,35,1986,1,1,2,0.045,0.045,0.091,38,0.95,58.07,0.157894737,0.122807018,15.79,12.28,14.04,55,155,3714
622988,Fran Pérez,Attack,Right Winger,Spain,1049,Valencia CF,ES1,laliga,Spain,2023,2023-24,21,32,2069,1,4,5,0.043,0.174,0.217,38,1.29,60.5,0.090909091,0.25,9.09,25,17.05,40,156,3632
487834,Lorenzo Pirola,Defender,Centre-Back,Italy,380,US Salernitana 1919,IT1,serie-a,Italy,2023,2023-24,22,27,1991,1,0,1,0.045,0,0.045,38,0.45,58.22,0.343283582,0.044776119,34.33,4.48,19.4,61,156,3563
392757,Marc Guéhi,Defender,Centre-Back,England,873,Crystal Palace,GB1,premier-league,England,2023,2023-24,23,25,2023,0,1,1,0,0.044,0.044,38,1.29,59.15,0.153846154,0.107692308,15.38,10.77,13.08,58,156,3739
221899,Léo Baptistão,Attack,Centre-Forward,Brazil,3302,UD Almería,ES1,laliga,Spain,2023,2023-24,31,32,1841,6,0,6,0.293,0,0.293,38,0.55,53.83,0.227272727,0.068181818,22.73,6.82,14.77,41,157,3697
521407,Walid Cheddira,Attack,Centre-Forward,Morocco,8970,Frosinone Calcio,IT1,serie-a,Italy,2023,2023-24,26,36,2130,7,1,8,0.296,0.042,0.338,38,0.92,62.28,0.096774194,0.290322581,9.68,29.03,19.35,30,157,3564
548729,Zeki Amdouni,Attack,Centre-Forward,Switzerland,1132,Burnley FC,GB1,premier-league,England,2023,2023-24,23,34,1973,5,1,6,0.228,0.046,0.274,38,0.63,57.69,0.130434783,0.130434783,13.04,13.04,13.04,44,157,3740
640428,Eduardo Camavinga,Midfield,Central Midfield,France,418,Real Madrid,ES1,laliga,Spain,2023,2023-24,21,31,1823,0,2,2,0,0.099,0.099,38,2.5,53.3,0.244897959,0.020408163,24.49,2.04,13.27,48,158,3734
481623,João Ferreira,Defender,Right-Back,Portugal,410,Udinese Calcio,IT1,serie-a,Italy,2023,2023-24,23,35,1812,0,1,1,0,0.05,0.05,38,0.97,52.98,0.373134328,0,37.31,0,18.66,62,158,3581
361914,Nayef Aguerd,Defender,Centre-Back,Morocco,379,West Ham United,GB1,premier-league,England,2023,2023-24,28,21,1859,1,0,1,0.048,0,0.048,38,1.37,54.36,0.2,0.046153846,20,4.62,12.31,59,158,3757
342385,Guido Rodríguez,Midfield,Defensive Midfield,Argentina,150,Real Betis Balompié,ES1,laliga,Spain,2023,2023-24,30,24,1850,2,0,2,0.097,0,0.097,38,1.5,54.09,0.224489796,0.040816327,22.45,4.08,13.27,49,159,3735
730861,Milos Kerkez,Defender,Left-Back,Hungary,989,AFC Bournemouth,GB1,premier-league,England,2023,2023-24,20,28,1976,0,1,1,0,0.046,0.046,38,1.26,57.78,0.184615385,0.061538462,18.46,6.15,12.31,60,159,3758
295183,Răzvan Marin,Midfield,Central Midfield,Romania,749,FC Empoli,IT1,serie-a,Italy,2023,2023-24,28,30,1818,0,3,3,0,0.149,0.149,38,0.95,53.16,0.279411765,0.044117647,27.94,4.41,16.18,67,159,3658
733576,Alberto Moleiro,Attack,Left Winger,Spain,472,UD Las Palmas,ES1,laliga,Spain,2023,2023-24,20,28,1809,3,3,6,0.149,0.149,0.299,38,1.05,52.89,0.25,0,25,0,12.5,42,160,3750
92572,Joel Ward,Defender,Right-Back,England,873,Crystal Palace,GB1,premier-league,England,2023,2023-24,34,26,1982,0,1,1,0,0.045,0.045,38,1.29,57.95,0.169230769,0.076923077,16.92,7.69,12.31,61,160,3759
300532,Pontus Almqvist,Attack,Right Winger,Sweden,1005,US Lecce,IT1,serie-a,Italy,2023,2023-24,24,30,2116,2,3,5,0.085,0.128,0.213,38,1,61.87,0.064516129,0.258064516,6.45,25.81,16.13,31,160,3660
234523,Antonio Sanabria,Attack,Centre-Forward,Paraguay,416,Torino FC,IT1,serie-a,Italy,2023,2023-24,28,35,2133,5,0,5,0.211,0,0.211,38,1.39,62.37,0,0.322580645,0,32.26,16.13,32,161,3661
14086,Ashley Young,Defender,Right-Back,England,29,Everton FC,GB1,premier-league,England,2023,2023-24,38,31,2290,0,0,0,0,0,0,38,1.26,66.96,0,0.246153846,0,24.62,12.31,62,161,3760
689637,Chadi Riad,Defender,Centre-Back,Morocco,150,Real Betis Balompié,ES1,laliga,Spain,2023,2023-24,21,26,2164,0,0,0,0,0,0,38,1.5,63.27,0,0.242857143,0,24.29,12.14,70,161,3761
392591,Chiedozie Ogbene,Attack,Right Winger,Ireland,1031,Luton Town,GB1,premier-league,England,2023,2023-24,27,30,1992,4,1,5,0.181,0.045,0.226,38,0.68,58.25,0.02173913,0.173913043,2.17,17.39,9.78,45,162,3809
343463,Cyle Larin,Attack,Centre-Forward,Canada,237,RCD Mallorca,ES1,laliga,Spain,2023,2023-24,29,35,1824,3,2,5,0.148,0.099,0.247,38,1.05,53.33,0.181818182,0.045454545,18.18,4.55,11.36,43,162,3781
413565,Jhon Lucumí,Defender,Centre-Back,Colombia,1025,Bologna Football Club 1909,IT1,serie-a,Italy,2023,2023-24,26,29,2213,0,0,0,0,0,0,38,1.79,64.71,0,0.298507463,0,29.85,14.93,63,162,3692
248732,Paweł Dawidowicz,Defender,Centre-Back,Poland,276,Hellas Verona,IT1,serie-a,Italy,2023,2023-24,29,28,2143,0,0,0,0,0,0,38,1,62.66,0,0.23880597,0,23.88,11.94,64,163,3765
563137,Robert Navarro,Attack,Right Winger,Spain,2687,Cádiz CF,ES1,laliga,Spain,2023,2023-24,22,28,1912,1,1,2,0.047,0.047,0.094,38,0.87,55.91,0,0.136363636,0,13.64,6.82,44,163,3858
410425,Yves Bissouma,Midfield,Defensive Midfield,Mali,148,Tottenham Hotspur,GB1,premier-league,England,2023,2023-24,27,28,2083,0,0,0,0,0,0,38,1.74,60.91,0,0.192982456,0,19.3,9.65,56,163,3811
197473,Alberto Grassi,Midfield,Defensive Midfield,Italy,749,FC Empoli,IT1,serie-a,Italy,2023,2023-24,29,27,1815,0,1,1,0,0.05,0.05,38,0.95,53.07,0.132352941,0.029411765,13.24,2.94,8.09,68,164,3834
199369,Sandro Ramírez,Attack,Centre-Forward,Spain,472,UD Las Palmas,ES1,laliga,Spain,2023,2023-24,28,27,1819,1,3,4,0.049,0.148,0.198,38,1.05,53.19,0.068181818,0.022727273,6.82,2.27,4.55,45,164,3885
207014,Will Hughes,Midfield,Central Midfield,England,873,Crystal Palace,GB1,premier-league,England,2023,2023-24,29,30,1900,0,1,1,0,0.047,0.047,38,1.29,55.56,0.052631579,0.052631579,5.26,5.26,5.26,57,164,3879
533662,Cameron Archer,Attack,Centre-Forward,England,350,Sheffield United,GB1,premier-league,England,2023,2023-24,22,29,1835,4,1,5,0.196,0.049,0.245,38,0.42,53.65,0.065217391,0.02173913,6.52,2.17,4.35,46,165,3890
649033,Dion Lopy,Midfield,Defensive Midfield,Senegal,3302,UD Almería,ES1,laliga,Spain,2023,2023-24,22,30,1918,0,0,0,0,0,0,38,0.55,56.08,0,0.081632653,0,8.16,4.08,50,165,3894
371851,Jaka Bijol,Defender,Centre-Back,Slovenia,410,Udinese Calcio,IT1,serie-a,Italy,2023,2023-24,25,24,2083,0,0,0,0,0,0,38,0.97,60.91,0,0.134328358,0,13.43,6.72,65,165,3860
170472,Dimitri Foulquier,Defender,Right-Back,Guadeloupe,1049,Valencia CF,ES1,laliga,Spain,2023,2023-24,31,33,1833,0,0,0,0,0,0,38,1.29,53.6,0,0,0,0,0,71,166,3932
272999,Miguel Almirón,Attack,Right Winger,Paraguay,762,Newcastle United,GB1,premier-league,England,2023,2023-24,30,33,1947,3,1,4,0.139,0.046,0.185,38,1.58,56.93,0,0.086956522,0,8.7,4.35,47,166,3891
345458,Sebastian Walukiewicz,Defender,Right-Back,Poland,749,FC Empoli,IT1,serie-a,Italy,2023,2023-24,24,27,2055,0,0,0,0,0,0,38,0.95,60.09,0,0.089552239,0,8.96,4.48,66,166,3886
329145,Diego Carlos,Defender,Centre-Back,Brazil,405,Aston Villa,GB1,premier-league,England,2023,2023-24,31,27,1811,0,0,0,0,0,0,38,1.79,52.95,0,0,0,0,0,63,167,3933
225873,Karol Linetty,Midfield,Central Midfield,Poland,416,Torino FC,IT1,serie-a,Italy,2023,2023-24,29,28,1860,0,0,0,0,0,0,38,1.39,54.39,0,0.088235294,0,8.82,4.41,69,167,3889
435228,Ardian Ismajli,Defender,Centre-Back,Albania,749,FC Empoli,IT1,serie-a,Italy,2023,2023-24,27,26,2046,0,0,0,0,0,0,38,0.95,59.82,0,0.074626866,0,7.46,3.73,67,168,3902
618341,Mario Gila,Defender,Centre-Back,Spain,398,Società Sportiva Lazio S.p.A.,IT1,serie-a,Italy,2023,2023-24,23,21,1813,0,0,0,0,0,0,38,1.61,53.01,0,0.014925373,0,1.49,0.75,68,169,3923
342229,Kylian Mbappé,Attack,Centre-Forward,France,418,Real Madrid,ES1,laliga,Spain,2024,2024-25,26,34,2917,31,3,34,0.956,0.093,1.049,38,2.21,85.29,1,0.911111111,100,91.11,95.56,1,1,20
532826,Mason Greenwood,Attack,Right Winger,England,244,Olympique Marseille,FR1,ligue-1,France,2024,2024-25,23,34,2818,21,6,27,0.671,0.192,0.862,34,1.91,92.09,0.962962963,1,96.3,100,98.15,1,1,5
119211,Mitchell Weiser,Defender,Right-Back,Germany,86,SV Werder Bremen,L1,bundesliga,Germany,2024,2024-25,31,32,2870,5,9,14,0.157,0.282,0.439,34,1.5,93.79,0.983870968,0.903225806,98.39,90.32,94.35,1,1,28
148455,Mohamed Salah,Attack,Right Winger,Egypt,31,Liverpool FC,GB1,premier-league,England,2024,2024-25,33,38,3380,29,18,47,0.772,0.479,1.251,38,2.21,98.83,1,0.977777778,100,97.78,98.89,1,1,2
460939,Tijjani Reijnders,Midfield,Central Midfield,Netherlands,5,AC Milan,IT1,serie-a,Italy,2024,2024-25,26,37,3132,10,5,15,0.287,0.144,0.431,38,1.66,91.58,0.921568627,0.921568627,92.16,92.16,92.16,1,1,51
743600,Andrey Santos,Midfield,Central Midfield,Brazil,667,RC Strasbourg Alsace,FR1,ligue-1,France,2024,2024-25,21,32,2857,10,4,14,0.315,0.126,0.441,34,1.68,93.37,0.842105263,0.973684211,84.21,97.37,90.79,1,2,80
568177,Cole Palmer,Midfield,Attacking Midfield,England,631,Chelsea FC,GB1,premier-league,England,2024,2024-25,23,37,3200,15,9,24,0.422,0.253,0.675,38,1.82,93.57,0.966101695,0.966101695,96.61,96.61,96.61,1,2,13
369081,Federico Valverde,Midfield,Central Midfield,Uruguay,418,Real Madrid,ES1,laliga,Spain,2024,2024-25,26,36,3034,6,4,10,0.178,0.119,0.297,38,2.21,88.71,0.891304348,1,89.13,100,94.57,1,2,27
315969,Scott McTominay,Midfield,Central Midfield,Scotland,6195,SSC Napoli,IT1,serie-a,Italy,2024,2024-25,28,34,2941,12,6,18,0.367,0.184,0.551,38,2.16,85.99,0.980392157,0.843137255,98.04,84.31,91.18,2,2,73
270541,Serhou Guirassy,Attack,Centre-Forward,Guinea,16,Borussia Dortmund,L1,bundesliga,Germany,2024,2024-25,29,30,2602,21,4,25,0.726,0.138,0.865,34,1.68,85.03,0.884615385,0.884615385,88.46,88.46,88.46,1,2,120
46413,Ante Budimir,Attack,Centre-Forward,Croatia,331,CA Osasuna,ES1,laliga,Spain,2024,2024-25,33,38,2967,21,4,25,0.637,0.121,0.758,38,1.37,86.75,0.888888889,0.933333333,88.89,93.33,91.11,2,3,76
463605,Bafodé Diakité,Defender,Centre-Back,France,1082,LOSC Lille,FR1,ligue-1,France,2024,2024-25,24,31,2767,4,1,5,0.13,0.033,0.163,34,1.76,90.42,0.779661017,0.966101695,77.97,96.61,87.29,1,3,148
730861,Milos Kerkez,Defender,Left-Back,Hungary,989,AFC Bournemouth,GB1,premier-league,England,2024,2024-25,21,38,3342,2,6,8,0.054,0.162,0.215,38,1.47,97.72,0.913043478,0.971014493,91.3,97.1,94.2,1,3,31
96341,Romelu Lukaku,Attack,Centre-Forward,Belgium,6195,SSC Napoli,IT1,serie-a,Italy,2024,2024-25,32,36,2870,14,10,24,0.439,0.314,0.753,38,2.16,83.92,0.857142857,0.942857143,85.71,94.29,90,1,3,93
193033,Tim Kleindienst,Attack,Centre-Forward,Germany,18,Borussia Mönchengladbach,L1,bundesliga,Germany,2024,2024-25,29,31,2745,16,9,25,0.525,0.295,0.82,34,1.32,89.71,0.807692308,0.923076923,80.77,92.31,86.54,2,3,159
251878,Aarón Martín,Defender,Left-Back,Spain,252,Genoa CFC,IT1,serie-a,Italy,2024,2024-25,28,36,3088,0,8,8,0,0.233,0.233,38,1.13,90.29,0.871428571,0.857142857,87.14,85.71,86.43,1,4,162
193082,Alejandro Grimaldo,Defender,Left-Back,Spain,15,Bayer 04 Leverkusen,L1,bundesliga,Germany,2024,2024-25,29,32,2646,2,8,10,0.068,0.272,0.34,34,2.03,86.47,0.951612903,0.741935484,95.16,74.19,84.68,2,4,197
493003,Daniel Muñoz,Defender,Right-Back,Colombia,873,Crystal Palace,GB1,premier-league,England,2024,2024-25,29,37,3232,4,6,10,0.111,0.167,0.278,38,1.39,94.5,0.956521739,0.898550725,95.65,89.86,92.75,2,4,44
149928,Jubal,Defender,Centre-Back,Brazil,290,AJ Auxerre,FR1,ligue-1,France,2024,2024-25,31,30,2643,6,0,6,0.204,0,0.204,34,1.24,86.37,0.847457627,0.830508475,84.75,83.05,83.9,2,4,220
678406,Sergi Cardona,Defender,Left-Back,Spain,1050,Villarreal CF,ES1,laliga,Spain,2024,2024-25,25,35,2955,1,7,8,0.03,0.213,0.244,38,1.84,86.4,0.974358974,0.846153846,97.44,84.62,91.03,1,4,77
634131,Aimar Oroz,Midfield,Attacking Midfield,Spain,331,CA Osasuna,ES1,laliga,Spain,2024,2024-25,23,37,2983,5,4,9,0.151,0.121,0.272,38,1.37,87.22,0.826086957,0.97826087,82.61,97.83,90.22,2,5,90
453016,Anthony Caci,Defender,Right-Back,France,39,1.FSV Mainz 05,L1,bundesliga,Germany,2024,2024-25,27,33,2705,1,7,8,0.033,0.233,0.266,34,1.53,88.4,0.838709677,0.806451613,83.87,80.65,82.26,3,5,270
169880,Giovanni Di Lorenzo,Defender,Right-Back,Italy,6195,SSC Napoli,IT1,serie-a,Italy,2024,2024-25,31,37,3330,3,3,6,0.081,0.081,0.162,38,2.16,97.37,0.742857143,0.957142857,74.29,95.71,85,2,5,190
174196,Kenny Lala,Defender,Right-Back,France,3911,Stade Brestois 29,FR1,ligue-1,France,2024,2024-25,33,30,2685,3,2,5,0.101,0.067,0.168,34,1.47,87.75,0.796610169,0.881355932,79.66,88.14,83.9,3,5,221
503743,Morgan Rogers,Midfield,Attacking Midfield,England,405,Aston Villa,GB1,premier-league,England,2024,2024-25,22,37,3131,8,11,19,0.23,0.316,0.546,38,1.74,91.55,0.915254237,0.93220339,91.53,93.22,92.37,2,5,49
349701,Antonee Robinson,Defender,Left-Back,United States,931,Fulham FC,GB1,premier-league,England,2024,2024-25,27,36,3167,0,10,10,0,0.284,0.284,38,1.42,92.6,0.971014493,0.869565217,97.1,86.96,92.03,3,6,54
709726,Hugo Ekitiké,Attack,Centre-Forward,France,24,Eintracht Frankfurt,L1,bundesliga,Germany,2024,2024-25,23,33,2582,15,8,23,0.523,0.279,0.802,34,1.76,84.38,0.769230769,0.846153846,76.92,84.62,80.77,3,6,313
691316,Luis Henrique,Midfield,Right Midfield,Brazil,244,Olympique Marseille,FR1,ligue-1,France,2024,2024-25,23,33,2622,7,8,15,0.24,0.275,0.515,34,1.91,85.69,0.894736842,0.763157895,89.47,76.32,82.89,2,6,247
364135,Moise Kean,Attack,Centre-Forward,Italy,430,ACF Fiorentina,IT1,serie-a,Italy,2024,2024-25,25,32,2711,19,3,22,0.631,0.1,0.73,38,1.71,79.27,0.828571429,0.857142857,82.86,85.71,84.29,2,6,205
683840,Pedri,Midfield,Central Midfield,Spain,131,FC Barcelona,ES1,laliga,Spain,2024,2024-25,22,37,2895,4,5,9,0.124,0.155,0.28,38,2.32,84.65,0.869565217,0.913043478,86.96,91.3,89.13,3,6,108
654539,Adrien Truffert,Defender,Left-Back,France,273,Stade Rennais FC,FR1,ligue-1,France,2024,2024-25,23,33,2756,2,2,4,0.065,0.065,0.131,34,1.21,90.07,0.644067797,0.949152542,64.41,94.92,79.66,4,7,352
240306,Bruno Fernandes,Midfield,Attacking Midfield,Portugal,985,Manchester United,GB1,premier-league,England,2024,2024-25,30,36,3023,8,11,19,0.238,0.327,0.566,38,1.11,88.39,0.949152542,0.86440678,94.92,86.44,90.68,3,7,81
445126,Emanuele Valeri,Defender,Left-Back,Italy,130,Parma Calcio 1913,IT1,serie-a,Italy,2024,2024-25,26,35,2879,2,6,8,0.063,0.188,0.25,38,0.95,84.18,0.942857143,0.728571429,94.29,72.86,83.57,3,7,230
106405,Jeffrey Gouweleeuw,Defender,Centre-Back,Netherlands,167,FC Augsburg,L1,bundesliga,Germany,2024,2024-25,33,33,2945,1,4,5,0.031,0.122,0.153,34,1.26,96.24,0.64516129,0.935483871,64.52,93.55,79.03,4,7,377
411295,Raphinha,Attack,Left Winger,Brazil,131,FC Barcelona,ES1,laliga,Spain,2024,2024-25,28,36,2845,18,12,30,0.569,0.38,0.949,38,2.32,83.19,0.933333333,0.844444444,93.33,84.44,88.89,3,7,114
127108,Florian Lejeune,Defender,Centre-Back,France,367,Rayo Vallecano,ES1,laliga,Spain,2024,2024-25,34,37,3326,2,3,5,0.054,0.081,0.135,38,1.37,97.25,0.769230769,1,76.92,100,88.46,2,8,121
353404,Gaëtan Perrin,Attack,Right Winger,France,290,AJ Auxerre,FR1,ligue-1,France,2024,2024-25,29,34,2707,10,11,21,0.332,0.366,0.698,34,1.24,88.46,0.703703704,0.888888889,70.37,88.89,79.63,2,8,353
132098,Harry Kane,Attack,Centre-Forward,England,27,Bayern Munich,L1,bundesliga,Germany,2024,2024-25,31,31,2391,26,10,36,0.979,0.376,1.355,34,2.41,78.14,1,0.576923077,100,57.69,78.85,4,8,384
948294,Nico Paz,Midfield,Attacking Midfield,Argentina,1047,Como 1907,IT1,serie-a,Italy,2024,2024-25,20,35,2695,6,9,15,0.2,0.301,0.501,38,1.29,78.8,0.941176471,0.705882353,94.12,70.59,82.35,3,8,264
578391,Rayan Aït-Nouri,Defender,Left-Back,Algeria,543,Wolverhampton Wanderers,GB1,premier-league,England,2024,2024-25,24,37,3128,4,7,11,0.115,0.201,0.316,38,1.11,91.46,0.985507246,0.826086957,98.55,82.61,90.58,4,8,82
349066,Alexander Isak,Attack,Centre-Forward,Sweden,762,Newcastle United,GB1,premier-league,England,2024,2024-25,25,34,2774,23,6,29,0.746,0.195,0.941,38,1.74,81.11,0.977777778,0.822222222,97.78,82.22,90,2,9,92
848509,Jackson Tchatchoua,Defender,Right-Back,Cameroon,276,Hellas Verona,IT1,serie-a,Italy,2024,2024-25,23,36,3170,2,3,5,0.057,0.085,0.142,38,0.97,92.69,0.728571429,0.914285714,72.86,91.43,82.14,4,9,273
161056,Joshua Kimmich,Midfield,Defensive Midfield,Germany,27,Bayern Munich,L1,bundesliga,Germany,2024,2024-25,30,33,2847,3,7,10,0.095,0.221,0.316,34,2.41,93.04,0.657894737,0.894736842,65.79,89.47,77.63,1,9,436
38253,Robert Lewandowski,Attack,Centre-Forward,Poland,131,FC Barcelona,ES1,laliga,Spain,2024,2024-25,36,34,2682,27,2,29,0.906,0.067,0.973,38,2.32,78.42,0.977777778,0.777777778,97.78,77.78,87.78,4,9,134
355627,Sergio Akieme,Defender,Left-Back,Spain,1421,Stade Reims,FR1,ligue-1,France,2024,2024-25,27,30,2527,2,3,5,0.071,0.107,0.178,34,0.97,82.58,0.830508475,0.745762712,83.05,74.58,78.81,5,9,389
182913,Adrien Rabiot,Midfield,Central Midfield,France,244,Olympique Marseille,FR1,ligue-1,France,2024,2024-25,30,29,2483,9,5,14,0.326,0.181,0.507,34,1.91,81.14,0.868421053,0.684210526,86.84,68.42,77.63,3,10,435
413039,Bryan Mbeumo,Attack,Right Winger,Cameroon,1148,Brentford FC,GB1,premier-league,England,2024,2024-25,25,38,3417,20,8,28,0.527,0.211,0.737,38,1.47,99.91,0.8,1,80,100,90,3,10,94
111455,Granit Xhaka,Midfield,Defensive Midfield,Switzerland,15,Bayer 04 Leverkusen,L1,bundesliga,Germany,2024,2024-25,32,33,2891,2,7,9,0.062,0.218,0.28,34,2.03,94.48,0.578947368,0.973684211,57.89,97.37,77.63,2,10,437
937958,Lamine Yamal,Attack,Right Winger,Spain,131,FC Barcelona,ES1,laliga,Spain,2024,2024-25,17,35,2864,9,15,24,0.283,0.471,0.754,38,2.32,83.74,0.866666667,0.888888889,86.67,88.89,87.78,5,10,135
392966,Nadir Zortea,Defender,Right-Back,Italy,1390,Cagliari Calcio,IT1,serie-a,Italy,2024,2024-25,26,35,2727,6,2,8,0.198,0.066,0.264,38,0.95,79.74,0.957142857,0.671428571,95.71,67.14,81.43,5,10,294
527966,Andrei Rațiu,Defender,Right-Back,Romania,367,Rayo Vallecano,ES1,laliga,Spain,2024,2024-25,27,35,3067,2,3,5,0.059,0.088,0.147,38,1.37,89.68,0.820512821,0.923076923,82.05,92.31,87.18,3,11,152
401529,Dodô,Defender,Right-Back,Brazil,430,ACF Fiorentina,IT1,serie-a,Italy,2024,2024-25,26,35,3119,0,6,6,0,0.173,0.173,38,1.71,91.2,0.757142857,0.871428571,75.71,87.14,81.43,6,11,296
314398,Jae-sung Lee,Midfield,Attacking Midfield,"Korea, South",39,1.FSV Mainz 05,L1,bundesliga,Germany,2024,2024-25,32,33,2666,7,8,15,0.236,0.27,0.506,34,1.53,87.12,0.789473684,0.736842105,78.95,73.68,76.32,3,11,490
175639,Jonathan Clauss,Defender,Right-Back,France,417,OGC Nice,FR1,ligue-1,France,2024,2024-25,32,28,2311,3,10,13,0.117,0.389,0.506,34,1.76,75.52,0.983050847,0.559322034,98.31,55.93,77.12,6,11,460
469050,Nathan Collins,Defender,Centre-Back,Ireland,1148,Brentford FC,GB1,premier-league,England,2024,2024-25,24,38,3420,2,5,7,0.053,0.132,0.184,38,1.47,100,0.797101449,1,79.71,100,89.86,5,11,96
354361,Frank Anguissa,Midfield,Central Midfield,Cameroon,6195,SSC Napoli,IT1,serie-a,Italy,2024,2024-25,29,35,2858,6,5,11,0.189,0.157,0.346,38,2.16,83.57,0.823529412,0.784313725,82.35,78.43,80.39,4,12,333
711969,Lorenz Assignon,Defender,Right-Back,France,273,Stade Rennais FC,FR1,ligue-1,France,2024,2024-25,25,32,2363,3,4,7,0.114,0.152,0.267,34,1.21,77.22,0.93220339,0.593220339,93.22,59.32,76.27,7,12,497
413507,Nikola Milenković,Defender,Centre-Back,Serbia,703,Nottingham Forest,GB1,premier-league,England,2024,2024-25,27,37,3330,5,2,7,0.135,0.054,0.189,38,1.71,97.37,0.826086957,0.927536232,82.61,92.75,87.68,6,12,140
331505,Óscar Mingueza,Defender,Right-Back,Spain,940,Celta de Vigo,ES1,laliga,Spain,2024,2024-25,26,34,2739,4,6,10,0.131,0.197,0.329,38,1.45,80.09,1,0.717948718,100,71.79,85.9,4,12,174
346853,Romano Schmid,Midfield,Attacking Midfield,Austria,86,SV Werder Bremen,L1,bundesliga,Germany,2024,2024-25,25,32,2846,5,5,10,0.158,0.158,0.316,34,1.5,93.01,0.657894737,0.868421053,65.79,86.84,76.32,4,12,492
418560,Erling Haaland,Attack,Centre-Forward,Norway,281,Manchester City,GB1,premier-league,England,2024,2024-25,24,31,2743,22,3,25,0.722,0.098,0.82,38,1.87,80.2,0.933333333,0.8,93.33,80,86.67,4,13,157
533738,Jonathan David,Attack,Centre-Forward,Canada,1082,LOSC Lille,FR1,ligue-1,France,2024,2024-25,25,32,2559,16,5,21,0.563,0.176,0.739,34,1.76,83.63,0.851851852,0.666666667,85.19,66.67,75.93,3,13,507
102423,Leandro Cabrera,Defender,Centre-Back,Uruguay,714,RCD Espanyol Barcelona,ES1,laliga,Spain,2024,2024-25,34,33,2870,4,2,6,0.125,0.063,0.188,38,1.11,83.92,0.91025641,0.794871795,91.03,79.49,85.26,5,13,187
554903,Mateo Retegui,Attack,Centre-Forward,Italy,800,Atalanta BC,IT1,serie-a,Italy,2024,2024-25,26,36,2404,25,8,33,0.936,0.3,1.235,38,1.95,70.29,1,0.6,100,60,80,3,13,342
282660,Maximilian Mittelstädt,Defender,Left-Back,Germany,79,VfB Stuttgart,L1,bundesliga,Germany,2024,2024-25,28,31,2476,1,8,9,0.036,0.291,0.327,34,1.47,80.92,0.935483871,0.580645161,93.55,58.06,75.81,5,13,511
477758,Aaron Wan-Bissaka,Defender,Right-Back,DR Congo,379,West Ham United,GB1,premier-league,England,2024,2024-25,27,36,3155,2,5,7,0.057,0.143,0.2,38,1.13,92.25,0.869565217,0.855072464,86.96,85.51,86.23,7,14,167
315779,Christian Pulisic,Attack,Right Winger,United States,5,AC Milan,IT1,serie-a,Italy,2024,2024-25,26,34,2492,11,11,22,0.397,0.397,0.795,38,1.66,72.87,0.885714286,0.685714286,88.57,68.57,78.57,4,14,393
249636,Gautier Lloris,Defender,Centre-Back,France,738,Le Havre AC,FR1,ligue-1,France,2024,2024-25,29,31,2770,2,1,3,0.065,0.032,0.097,34,1,90.52,0.525423729,0.983050847,52.54,98.31,75.42,8,14,530
196357,Jonathan Tah,Defender,Centre-Back,Germany,15,Bayer 04 Leverkusen,L1,bundesliga,Germany,2024,2024-25,29,33,2970,3,1,4,0.091,0.03,0.121,34,2.03,97.06,0.564516129,0.951612903,56.45,95.16,75.81,6,14,513
290249,Mauro Arambarri,Midfield,Central Midfield,Uruguay,3709,Getafe CF,ES1,laliga,Spain,2024,2024-25,29,35,2664,10,0,10,0.338,0,0.338,38,1.11,77.89,0.913043478,0.782608696,91.3,78.26,84.78,4,14,194
257732,Amir Rrahmani,Defender,Centre-Back,Kosovo,6195,SSC Napoli,IT1,serie-a,Italy,2024,2024-25,31,38,3407,1,3,4,0.026,0.079,0.106,38,2.16,99.62,0.6,0.971428571,60,97.14,78.57,7,15,399
500689,Evann Guessand,Attack,Right Winger,Cote d'Ivoire,417,OGC Nice,FR1,ligue-1,France,2024,2024-25,23,33,2575,12,9,21,0.419,0.315,0.734,34,1.76,84.15,0.777777778,0.703703704,77.78,70.37,74.07,4,15,591
566723,Michael Olise,Attack,Right Winger,France,27,Bayern Munich,L1,bundesliga,Germany,2024,2024-25,23,34,2347,12,18,30,0.46,0.69,1.15,34,2.41,76.7,0.961538462,0.538461538,96.15,53.85,75,5,15,534
324358,Ollie Watkins,Attack,Centre-Forward,England,405,Aston Villa,GB1,premier-league,England,2024,2024-25,29,38,2610,16,8,24,0.552,0.276,0.828,38,1.74,76.32,0.955555556,0.711111111,95.56,71.11,83.33,5,15,232
366930,Sergio Gómez,Defender,Left-Back,Spain,681,Real Sociedad,ES1,laliga,Spain,2024,2024-25,24,37,2745,2,5,7,0.066,0.164,0.23,38,1.21,80.26,0.961538462,0.730769231,96.15,73.08,84.62,6,15,200
277179,Angeliño,Defender,Left-Back,Spain,12,Associazione Sportiva Roma,IT1,serie-a,Italy,2024,2024-25,28,38,3179,2,2,4,0.057,0.057,0.113,38,1.82,92.95,0.628571429,0.928571429,62.86,92.86,77.86,8,16,425
585959,Arnaud Kalimuendo,Attack,Centre-Forward,France,273,Stade Rennais FC,FR1,ligue-1,France,2024,2024-25,23,33,2591,17,4,21,0.591,0.139,0.729,34,1.21,84.67,0.740740741,0.740740741,74.07,74.07,74.07,5,16,592
127573,Phillipp Mwene,Defender,Left-Back,Austria,39,1.FSV Mainz 05,L1,bundesliga,Germany,2024,2024-25,31,32,2618,1,5,6,0.034,0.172,0.206,34,1.53,85.56,0.790322581,0.709677419,79.03,70.97,75,7,16,562
142021,Sergi Darder,Midfield,Central Midfield,Spain,237,RCD Mallorca,ES1,laliga,Spain,2024,2024-25,31,38,2763,2,6,8,0.065,0.195,0.261,38,1.26,80.79,0.804347826,0.869565217,80.43,86.96,83.7,5,16,228
388165,Yoane Wissa,Attack,Centre-Forward,DR Congo,1148,Brentford FC,GB1,premier-league,England,2024,2024-25,28,35,2929,19,5,24,0.584,0.154,0.737,38,1.47,85.64,0.8,0.866666667,80,86.67,83.33,6,16,235
215977,Adrien Thomasson,Midfield,Central Midfield,France,826,RC Lens,FR1,ligue-1,France,2024,2024-25,31,33,2625,3,7,10,0.103,0.24,0.343,34,1.53,85.78,0.684210526,0.789473684,68.42,78.95,73.68,4,17,607
449796,Alejandro Catena,Defender,Centre-Back,Spain,331,CA Osasuna,ES1,laliga,Spain,2024,2024-25,30,35,3076,1,3,4,0.029,0.088,0.117,38,1.37,89.94,0.730769231,0.935897436,73.08,93.59,83.33,7,17,242
429014,Morgan Gibbs-White,Midfield,Attacking Midfield,England,703,Nottingham Forest,GB1,premier-league,England,2024,2024-25,25,34,2824,7,10,17,0.223,0.319,0.542,38,1.71,82.57,0.898305085,0.728813559,89.83,72.88,81.36,4,17,299
369684,Rasmus Nissen Kristensen,Defender,Right-Back,Denmark,24,Eintracht Frankfurt,L1,bundesliga,Germany,2024,2024-25,27,30,2516,5,3,8,0.179,0.107,0.286,34,1.76,82.22,0.870967742,0.612903226,87.1,61.29,74.19,8,17,588
278531,Sebastiano Luperto,Defender,Centre-Back,Italy,1390,Cagliari Calcio,IT1,serie-a,Italy,2024,2024-25,28,36,3240,1,3,4,0.028,0.083,0.111,38,0.95,94.74,0.614285714,0.942857143,61.43,94.29,77.86,9,17,426
520624,Bruno Guimarães,Midfield,Central Midfield,Brazil,762,Newcastle United,GB1,premier-league,England,2024,2024-25,27,38,3287,5,6,11,0.137,0.164,0.301,38,1.74,96.11,0.644067797,0.983050847,64.41,98.31,81.36,5,18,300
295630,Dimitrios Giannoulis,Defender,Left-Back,Greece,167,FC Augsburg,L1,bundesliga,Germany,2024,2024-25,29,31,2656,1,4,5,0.034,0.136,0.169,34,1.26,86.8,0.709677419,0.758064516,70.97,75.81,73.39,9,18,621
581678,Jude Bellingham,Midfield,Attacking Midfield,England,418,Real Madrid,ES1,laliga,Spain,2024,2024-25,22,31,2493,9,9,18,0.325,0.325,0.65,38,2.21,72.89,1,0.652173913,100,65.22,82.61,6,18,259
324795,Mahdi Camara,Midfield,Central Midfield,France,3911,Stade Brestois 29,FR1,ligue-1,France,2024,2024-25,27,34,2670,5,4,9,0.169,0.135,0.303,34,1.47,87.25,0.631578947,0.842105263,63.16,84.21,73.68,5,18,608
339808,Theo Hernández,Defender,Left-Back,France,5,AC Milan,IT1,serie-a,Italy,2024,2024-25,27,33,2696,4,3,7,0.134,0.1,0.234,38,1.66,78.83,0.885714286,0.642857143,88.57,64.29,76.43,10,18,482
711980,Guéla Doué,Defender,Right-Back,Cote d'Ivoire,667,RC Strasbourg Alsace,FR1,ligue-1,France,2024,2024-25,22,32,2716,1,2,3,0.033,0.066,0.099,34,1.68,88.76,0.542372881,0.915254237,54.24,91.53,72.88,9,19,635
408471,Javi Puado,Attack,Left Winger,Spain,714,RCD Espanyol Barcelona,ES1,laliga,Spain,2024,2024-25,27,35,2989,12,4,16,0.361,0.12,0.482,38,1.11,87.4,0.577777778,0.955555556,57.78,95.56,76.67,6,19,474
475959,Josko Gvardiol,Defender,Centre-Back,Croatia,281,Manchester City,GB1,premier-league,England,2024,2024-25,23,37,3280,5,0,5,0.137,0,0.137,38,1.87,95.91,0.710144928,0.913043478,71.01,91.3,81.16,8,19,304
406625,Lautaro Martínez,Attack,Centre-Forward,Argentina,46,Inter Milan,IT1,serie-a,Italy,2024,2024-25,27,31,2580,12,5,17,0.419,0.174,0.593,38,2.13,75.44,0.771428571,0.742857143,77.14,74.29,75.71,5,19,518
746910,Mohamed Amoura,Attack,Centre-Forward,Algeria,82,VfL Wolfsburg,L1,bundesliga,Germany,2024,2024-25,25,31,2486,10,12,22,0.362,0.434,0.796,34,1.26,81.24,0.692307692,0.769230769,69.23,76.92,73.08,6,19,630
190393,Corentin Tolisso,Midfield,Central Midfield,France,1041,Olympique Lyon,FR1,ligue-1,France,2024,2024-25,30,32,2333,7,7,14,0.27,0.27,0.54,34,1.68,76.24,0.947368421,0.5,94.74,50,72.37,6,20,659
576024,Julián Alvarez,Attack,Centre-Forward,Argentina,13,Atlético de Madrid,ES1,laliga,Spain,2024,2024-25,25,37,2519,17,4,21,0.607,0.143,0.75,38,2,73.65,0.844444444,0.666666667,84.44,66.67,75.56,7,20,524
355816,Ko Itakura,Defender,Centre-Back,Japan,18,Borussia Mönchengladbach,L1,bundesliga,Germany,2024,2024-25,28,31,2790,3,1,4,0.097,0.032,0.129,34,1.32,91.18,0.580645161,0.870967742,58.06,87.1,72.58,10,20,654
540941,Mikkel Damsgaard,Midfield,Attacking Midfield,Denmark,1148,Brentford FC,GB1,premier-league,England,2024,2024-25,24,38,2930,2,11,13,0.061,0.338,0.399,38,1.47,85.67,0.813559322,0.796610169,81.36,79.66,80.51,6,20,330
284595,Tommaso Augello,Defender,Left-Back,Italy,1390,Cagliari Calcio,IT1,serie-a,Italy,2024,2024-25,30,38,2715,0,7,7,0,0.232,0.232,38,0.95,79.39,0.857142857,0.657142857,85.71,65.71,75.71,11,20,519
648195,Enzo Fernández,Midfield,Central Midfield,Argentina,631,Chelsea FC,GB1,premier-league,England,2024,2024-25,24,36,2949,6,7,13,0.183,0.214,0.397,38,1.82,86.23,0.796610169,0.813559322,79.66,81.36,80.51,7,21,331
484547,Jeremie Frimpong,Defender,Right-Back,Netherlands,15,Bayer 04 Leverkusen,L1,bundesliga,Germany,2024,2024-25,24,33,2322,5,6,11,0.194,0.233,0.426,34,2.03,75.88,0.967741935,0.467741935,96.77,46.77,71.77,11,21,682
411975,Jules Koundé,Defender,Right-Back,France,131,FC Barcelona,ES1,laliga,Spain,2024,2024-25,26,32,2606,2,3,5,0.069,0.104,0.173,38,2.32,76.2,0.858974359,0.641025641,85.9,64.1,75,8,21,565
133179,Marten de Roon,Midfield,Defensive Midfield,Netherlands,800,Atalanta BC,IT1,serie-a,Italy,2024,2024-25,34,36,3058,4,4,8,0.118,0.118,0.235,38,1.95,89.42,0.62745098,0.882352941,62.75,88.24,75.49,5,21,525
427572,Zuriko Davitashvili,Attack,Left Winger,Georgia,618,AS Saint-Étienne,FR1,ligue-1,France,2024,2024-25,24,33,2763,9,8,17,0.293,0.261,0.554,34,0.88,90.29,0.518518519,0.925925926,51.85,92.59,72.22,6,21,667
548111,Álex Baena,Attack,Left Winger,Spain,1050,Villarreal CF,ES1,laliga,Spain,2024,2024-25,23,32,2608,7,10,17,0.242,0.345,0.587,38,1.84,76.26,0.755555556,0.733333333,75.56,73.33,74.44,8,22,582
46580,Andrej Kramaric,Attack,Second Striker,Croatia,533,TSG 1899 Hoffenheim,L1,bundesliga,Germany,2024,2024-25,34,32,2781,11,8,19,0.356,0.259,0.615,34,0.94,90.88,0.461538462,0.961538462,46.15,96.15,71.15,7,22,708
597659,Charlie Cresswell,Defender,Centre-Back,England,415,FC Toulouse,FR1,ligue-1,France,2024,2024-25,22,31,2593,3,1,4,0.104,0.035,0.139,34,1.24,84.74,0.661016949,0.779661017,66.1,77.97,72.03,10,22,672
311178,Georgios Kyriakopoulos,Defender,Left-Back,Greece,2919,AC Monza,IT1,serie-a,Italy,2024,2024-25,29,34,2851,2,4,6,0.063,0.126,0.189,38,0.47,83.36,0.785714286,0.714285714,78.57,71.43,75,12,22,564
314875,Jarrod Bowen,Attack,Right Winger,England,379,West Ham United,GB1,premier-league,England,2024,2024-25,28,34,2980,13,10,23,0.393,0.302,0.695,38,1.13,87.13,0.688888889,0.911111111,68.89,91.11,80,7,22,346
111811,Florent Hanin,Defender,Left-Back,France,1420,Angers SCO,FR1,ligue-1,France,2024,2024-25,35,33,2679,1,2,3,0.034,0.067,0.101,34,1.06,87.55,0.559322034,0.86440678,55.93,86.44,71.19,11,23,707
346561,Luca Ranieri,Defender,Centre-Back,Italy,430,ACF Fiorentina,IT1,serie-a,Italy,2024,2024-25,26,36,3078,1,3,4,0.029,0.088,0.117,38,1.71,90,0.657142857,0.842857143,65.71,84.29,75,13,23,568
284857,Marc Cucurella,Defender,Left-Back,Spain,631,Chelsea FC,GB1,premier-league,England,2024,2024-25,26,36,2992,5,2,7,0.15,0.06,0.211,38,1.82,87.49,0.898550725,0.68115942,89.86,68.12,78.99,9,23,379
358504,Ritsu Doan,Attack,Right Winger,Japan,60,SC Freiburg,L1,bundesliga,Germany,2024,2024-25,27,34,2874,10,8,18,0.313,0.251,0.564,34,1.62,93.92,0.423076923,1,42.31,100,71.15,8,23,709
380598,Santi Comesaña,Midfield,Central Midfield,Spain,1050,Villarreal CF,ES1,laliga,Spain,2024,2024-25,28,35,2565,4,2,6,0.14,0.07,0.211,38,1.84,75,0.760869565,0.695652174,76.09,69.57,72.83,7,23,643
108725,Chris Wood,Attack,Centre-Forward,New Zealand,703,Nottingham Forest,GB1,premier-league,England,2024,2024-25,33,36,2979,20,3,23,0.604,0.091,0.695,38,1.71,87.11,0.688888889,0.888888889,68.89,88.89,78.89,8,24,383
598577,Florian Wirtz,Midfield,Attacking Midfield,Germany,15,Bayer 04 Leverkusen,L1,bundesliga,Germany,2024,2024-25,22,31,2356,10,13,23,0.382,0.497,0.879,34,2.03,76.99,1,0.421052632,100,42.11,71.05,5,24,713
592979,Himad Abdelli,Midfield,Attacking Midfield,Algeria,1420,Angers SCO,FR1,ligue-1,France,2024,2024-25,25,32,2849,6,1,7,0.19,0.032,0.221,34,1.06,93.1,0.473684211,0.947368421,47.37,94.74,71.05,7,24,716
834764,Javi Guerra,Midfield,Central Midfield,Spain,1049,Valencia CF,ES1,laliga,Spain,2024,2024-25,22,36,2593,3,3,6,0.104,0.104,0.208,38,1.21,75.82,0.717391304,0.739130435,71.74,73.91,72.83,8,24,644
434433,Nikola Krstović,Attack,Centre-Forward,Montenegro,1005,US Lecce,IT1,serie-a,Italy,2024,2024-25,25,37,3070,11,5,16,0.322,0.147,0.469,38,0.89,89.77,0.514285714,0.971428571,51.43,97.14,74.29,6,24,585
443710,Angelo Stiller,Midfield,Defensive Midfield,Germany,79,VfB Stuttgart,L1,bundesliga,Germany,2024,2024-25,24,32,2743,1,8,9,0.033,0.262,0.295,34,1.47,89.64,0.605263158,0.815789474,60.53,81.58,71.05,6,25,715
282411,Marcos Llorente,Defender,Right-Back,Spain,13,Atlético de Madrid,ES1,laliga,Spain,2024,2024-25,30,33,2513,2,4,6,0.072,0.143,0.215,38,2,73.48,0.935897436,0.512820513,93.59,51.28,72.44,9,25,657
274862,Moses Simon,Attack,Left Winger,Nigeria,995,FC Nantes,FR1,ligue-1,France,2024,2024-25,29,32,2625,8,10,18,0.274,0.343,0.617,34,1.06,85.78,0.62962963,0.777777778,62.96,77.78,70.37,7,25,761
273132,Robin Gosens,Defender,Left-Back,Germany,430,ACF Fiorentina,IT1,serie-a,Italy,2024,2024-25,30,32,2527,5,5,10,0.178,0.178,0.356,38,1.71,73.89,0.971428571,0.485714286,97.14,48.57,72.86,14,25,636
139208,Virgil van Dijk,Defender,Centre-Back,Netherlands,31,Liverpool FC,GB1,premier-league,England,2024,2024-25,33,37,3330,3,1,4,0.081,0.027,0.108,38,2.21,97.37,0.608695652,0.927536232,60.87,92.75,76.81,10,25,469
826224,Arnau Martínez,Defender,Right-Back,Spain,12321,Girona FC,ES1,laliga,Spain,2024,2024-25,22,32,2627,2,2,4,0.069,0.069,0.137,38,1.08,76.81,0.782051282,0.666666667,78.21,66.67,72.44,10,26,658
655006,Diego Moreira,Midfield,Left Midfield,Belgium,667,RC Strasbourg Alsace,FR1,ligue-1,France,2024,2024-25,20,32,2578,2,7,9,0.07,0.244,0.314,34,1.68,84.25,0.657894737,0.736842105,65.79,73.68,69.74,8,26,792
479999,Eberechi Eze,Midfield,Attacking Midfield,England,873,Crystal Palace,GB1,premier-league,England,2024,2024-25,27,34,2603,8,8,16,0.277,0.277,0.553,38,1.39,76.11,0.93220339,0.593220339,93.22,59.32,76.27,8,26,496
392956,Enrico Delprato,Defender,Right-Back,Italy,130,Parma Calcio 1913,IT1,serie-a,Italy,2024,2024-25,25,34,2946,4,0,4,0.122,0,0.122,38,0.95,86.14,0.671428571,0.771428571,67.14,77.14,72.14,15,26,669
335993,Philipp Treu,Defender,Right-Back,Germany,35,FC St. Pauli,L1,bundesliga,Germany,2024,2024-25,24,33,2885,0,3,3,0,0.094,0.094,34,0.94,94.28,0.5,0.919354839,50,91.94,70.97,12,26,722
354482,Amir Murillo,Defender,Right-Back,Panama,244,Olympique Marseille,FR1,ligue-1,France,2024,2024-25,29,30,2436,1,3,4,0.037,0.111,0.148,34,1.91,79.61,0.711864407,0.677966102,71.19,67.8,69.49,12,27,802
524000,Dani Vivian,Defender,Centre-Back,Spain,621,Athletic Bilbao,ES1,laliga,Spain,2024,2024-25,25,32,2605,4,0,4,0.138,0,0.138,38,1.84,76.17,0.807692308,0.628205128,80.77,62.82,71.79,11,27,679
274461,Felix Passlack,Defender,Right-Back,Germany,80,VfL Bochum,L1,bundesliga,Germany,2024,2024-25,27,31,2345,1,6,7,0.038,0.23,0.269,34,0.74,76.63,0.85483871,0.516129032,85.48,51.61,68.55,13,27,851
336960,Giuseppe Pezzella,Defender,Left-Back,Italy,749,FC Empoli,IT1,serie-a,Italy,2024,2024-25,27,35,2888,0,4,4,0,0.125,0.125,38,0.82,84.44,0.685714286,0.742857143,68.57,74.29,71.43,16,27,699
730893,Tyrick Mitchell,Defender,Left-Back,England,873,Crystal Palace,GB1,premier-league,England,2024,2024-25,25,37,3103,0,5,5,0,0.145,0.145,38,1.39,90.73,0.753623188,0.768115942,75.36,76.81,76.09,11,27,503
707274,César Tárrega,Defender,Centre-Back,Spain,1049,Valencia CF,ES1,laliga,Spain,2024,2024-25,23,34,3027,2,1,3,0.059,0.03,0.089,38,1.21,88.51,0.525641026,0.91025641,52.56,91.03,71.79,12,28,680
187718,Clinton Mata,Defender,Centre-Back,Angola,1041,Olympique Lyon,FR1,ligue-1,France,2024,2024-25,32,29,2370,0,4,4,0,0.152,0.152,34,1.68,77.45,0.745762712,0.627118644,74.58,62.71,68.64,13,28,840
256448,Gianluca Mancini,Defender,Centre-Back,Italy,12,Associazione Sportiva Roma,IT1,serie-a,Italy,2024,2024-25,29,37,3144,2,1,3,0.057,0.029,0.086,38,1.82,91.93,0.5,0.9,50,90,70,17,28,779
659813,Piero Hincapié,Defender,Centre-Back,Ecuador,15,Bayer 04 Leverkusen,L1,bundesliga,Germany,2024,2024-25,23,32,2670,2,2,4,0.067,0.067,0.135,34,2.03,87.25,0.596774194,0.774193548,59.68,77.42,68.55,14,28,852
249565,Youri Tielemans,Midfield,Central Midfield,Belgium,405,Aston Villa,GB1,premier-league,England,2024,2024-25,28,36,3032,3,7,10,0.089,0.208,0.297,38,1.74,88.65,0.627118644,0.881355932,62.71,88.14,75.42,9,28,529
241076,Emmanuel Gyasi,Midfield,Right Midfield,Ghana,749,FC Empoli,IT1,serie-a,Italy,2024,2024-25,31,37,3225,2,3,5,0.056,0.084,0.14,38,0.82,94.3,0.392156863,0.980392157,39.22,98.04,68.63,6,29,844
488626,Jesús Areso,Defender,Right-Back,Spain,331,CA Osasuna,ES1,laliga,Spain,2024,2024-25,25,36,3089,0,3,3,0,0.087,0.087,38,1.37,90.32,0.487179487,0.948717949,48.72,94.87,71.79,13,29,681
392757,Marc Guéhi,Defender,Centre-Back,England,873,Crystal Palace,GB1,premier-league,England,2024,2024-25,24,34,3060,3,2,5,0.088,0.059,0.147,38,1.39,89.47,0.768115942,0.724637681,76.81,72.46,74.64,12,29,574
228948,Thilo Kehrer,Defender,Centre-Back,Germany,162,AS Monaco,FR1,ligue-1,France,2024,2024-25,28,27,2384,4,0,4,0.151,0,0.151,34,1.79,77.91,0.728813559,0.644067797,72.88,64.41,68.64,14,29,842
185077,Vincenzo Grifo,Attack,Left Winger,Italy,60,SC Freiburg,L1,bundesliga,Germany,2024,2024-25,32,34,2455,8,11,19,0.293,0.403,0.697,34,1.62,80.23,0.653846154,0.692307692,65.38,69.23,67.31,9,29,919
357662,Declan Rice,Midfield,Central Midfield,England,11,Arsenal FC,GB1,premier-league,England,2024,2024-25,26,35,2833,4,7,11,0.127,0.222,0.349,38,1.95,82.84,0.711864407,0.762711864,71.19,76.27,73.73,10,30,603
412829,Léo Pétrot,Defender,Centre-Back,France,618,AS Saint-Étienne,FR1,ligue-1,France,2024,2024-25,28,31,2610,0,3,3,0,0.103,0.103,34,0.88,85.29,0.576271186,0.796610169,57.63,79.66,68.64,15,30,843
281989,Luis Milla,Midfield,Central Midfield,Spain,3709,Getafe CF,ES1,laliga,Spain,2024,2024-25,30,33,2878,1,4,5,0.031,0.125,0.156,38,1.11,84.15,0.543478261,0.891304348,54.35,89.13,71.74,9,30,684
318528,Marcus Thuram,Attack,Centre-Forward,France,46,Inter Milan,IT1,serie-a,Italy,2024,2024-25,27,32,2299,14,7,21,0.548,0.274,0.822,38,2.13,67.22,0.942857143,0.428571429,94.29,42.86,68.57,7,30,848
503160,Paul Nebel,Midfield,Attacking Midfield,Germany,39,1.FSV Mainz 05,L1,bundesliga,Germany,2024,2024-25,22,31,2349,10,6,16,0.383,0.23,0.613,34,1.53,76.76,0.921052632,0.394736842,92.11,39.47,65.79,7,30,989
343537,Artem Dovbyk,Attack,Centre-Forward,Ukraine,12,Associazione Sportiva Roma,IT1,serie-a,Italy,2024,2024-25,28,32,2432,12,3,15,0.444,0.111,0.555,38,1.82,71.11,0.714285714,0.657142857,71.43,65.71,68.57,8,31,849
708265,Bradley Barcola,Attack,Left Winger,France,583,Paris Saint-Germain,FR1,ligue-1,France,2024,2024-25,22,34,2193,14,11,25,0.575,0.451,1.026,34,2.47,71.67,1,0.37037037,100,37.04,68.52,8,31,853
333647,Jonathan Burkardt,Attack,Centre-Forward,Germany,39,1.FSV Mainz 05,L1,bundesliga,Germany,2024,2024-25,24,29,2125,18,3,21,0.762,0.127,0.889,34,1.53,69.44,0.923076923,0.384615385,92.31,38.46,65.38,10,31,1006
330659,Justin Kluivert,Midfield,Attacking Midfield,Netherlands,989,AFC Bournemouth,GB1,premier-league,England,2024,2024-25,26,34,2356,12,6,18,0.458,0.229,0.688,38,1.47,68.89,0.983050847,0.423728814,98.31,42.37,70.34,11,31,762
371371,Marash Kumbulla,Defender,Centre-Back,Albania,714,RCD Espanyol Barcelona,ES1,laliga,Spain,2024,2024-25,25,35,2976,3,0,3,0.091,0,0.091,38,1.11,87.02,0.551282051,0.871794872,55.13,87.18,71.15,14,31,711
451276,Dominik Szoboszlai,Midfield,Attacking Midfield,Hungary,31,Liverpool FC,GB1,premier-league,England,2024,2024-25,24,36,2497,6,7,13,0.216,0.252,0.469,38,2.21,73.01,0.881355932,0.525423729,88.14,52.54,70.34,12,32,763
368887,Loïs Openda,Attack,Centre-Forward,Belgium,23826,RB Leipzig,L1,bundesliga,Germany,2024,2024-25,25,33,2464,9,9,18,0.329,0.329,0.657,34,1.5,80.52,0.576923077,0.730769231,57.69,73.08,65.38,11,32,1007
288225,Ludovic Blas,Midfield,Right Midfield,France,273,Stade Rennais FC,FR1,ligue-1,France,2024,2024-25,27,29,2302,6,9,15,0.235,0.352,0.586,34,1.21,75.23,0.973684211,0.394736842,97.37,39.47,68.42,9,32,857
525299,Miguel Gutiérrez,Defender,Left-Back,Spain,12321,Girona FC,ES1,laliga,Spain,2024,2024-25,23,29,2464,1,5,6,0.037,0.183,0.219,38,1.08,72.05,0.948717949,0.448717949,94.87,44.87,69.87,15,32,782
432092,Roberto Piccoli,Attack,Centre-Forward,Italy,1390,Cagliari Calcio,IT1,serie-a,Italy,2024,2024-25,24,37,3145,10,3,13,0.286,0.086,0.372,38,0.95,91.96,0.342857143,1,34.29,100,67.14,9,32,926
385105,Gabriel Suazo,Defender,Left-Back,Chile,415,FC Toulouse,FR1,ligue-1,France,2024,2024-25,27,30,2161,0,6,6,0,0.25,0.25,34,1.24,70.62,0.915254237,0.440677966,91.53,44.07,67.8,16,33,894
158863,Iñigo Martínez,Defender,Centre-Back,Spain,131,FC Barcelona,ES1,laliga,Spain,2024,2024-25,34,28,2493,0,5,5,0,0.181,0.181,38,2.32,72.89,0.897435897,0.5,89.74,50,69.87,16,33,783
133731,Patrick Mainka,Defender,Centre-Back,Germany,2036,1. Fußballclub Heidenheim 1846,L1,bundesliga,Germany,2024,2024-25,30,34,3060,1,1,2,0.029,0.029,0.059,34,0.85,100,0.322580645,0.983870968,32.26,98.39,65.32,15,33,1015
314965,Pedro Pereira,Defender,Right-Back,Portugal,2919,AC Monza,IT1,serie-a,Italy,2024,2024-25,27,35,2674,1,3,4,0.034,0.101,0.135,38,0.47,78.19,0.714285714,0.628571429,71.43,62.86,67.14,18,33,927
553875,Pedro Porro,Defender,Right-Back,Spain,148,Tottenham Hotspur,GB1,premier-league,England,2024,2024-25,25,33,2609,2,6,8,0.069,0.207,0.276,38,1,76.29,0.942028986,0.463768116,94.2,46.38,70.29,13,33,767
648020,Alexsandro,Defender,Centre-Back,Brazil,1082,LOSC Lille,FR1,ligue-1,France,2024,2024-25,25,30,2700,1,1,2,0.033,0.033,0.067,34,1.76,88.24,0.406779661,0.898305085,40.68,89.83,65.25,17,34,1020
93707,Christian Günter,Defender,Left-Back,Germany,60,SC Freiburg,L1,bundesliga,Germany,2024,2024-25,32,29,2324,2,4,6,0.077,0.155,0.232,34,1.62,75.95,0.806451613,0.483870968,80.65,48.39,64.52,16,34,1052
532937,Johan Vásquez,Defender,Centre-Back,Mexico,252,Genoa CFC,IT1,serie-a,Italy,2024,2024-25,26,36,3041,3,0,3,0.089,0,0.089,38,1.13,88.92,0.528571429,0.814285714,52.86,81.43,67.14,19,34,928
517894,Matheus Cunha,Attack,Centre-Forward,Brazil,543,Wolverhampton Wanderers,GB1,premier-league,England,2024,2024-25,26,33,2603,15,6,21,0.519,0.207,0.726,38,1.11,76.11,0.777777778,0.622222222,77.78,62.22,70,9,34,772
533568,Nahuel Tenaglia,Defender,Right-Back,Argentina,1108,Deportivo Alavés,ES1,laliga,Spain,2024,2024-25,29,34,2923,2,1,3,0.062,0.031,0.092,38,1.11,85.47,0.576923077,0.820512821,57.69,82.05,69.87,17,34,784
148367,Christian Nørgaard,Midfield,Defensive Midfield,Denmark,1148,Brentford FC,GB1,premier-league,England,2024,2024-25,31,34,2830,5,4,9,0.159,0.127,0.286,38,1.47,82.75,0.610169492,0.745762712,61.02,74.58,67.8,13,35,893
139435,Dani Rodríguez,Midfield,Attacking Midfield,Spain,237,RCD Mallorca,ES1,laliga,Spain,2024,2024-25,37,37,2175,4,7,11,0.166,0.29,0.455,38,1.26,63.6,0.97826087,0.413043478,97.83,41.3,69.57,10,35,798
876631,Habib Diarra,Midfield,Central Midfield,Senegal,667,RC Strasbourg Alsace,FR1,ligue-1,France,2024,2024-25,21,30,2357,4,5,9,0.153,0.191,0.344,34,1.68,77.03,0.710526316,0.578947368,71.05,57.89,64.47,10,35,1058
232454,Nadiem Amiri,Midfield,Central Midfield,Germany,39,1.FSV Mainz 05,L1,bundesliga,Germany,2024,2024-25,28,30,2484,7,5,12,0.254,0.181,0.435,34,1.53,81.18,0.763157895,0.526315789,76.32,52.63,64.47,8,35,1057
255942,Nicolò Barella,Midfield,Central Midfield,Italy,46,Inter Milan,IT1,serie-a,Italy,2024,2024-25,28,33,2498,3,6,9,0.108,0.216,0.324,38,2.13,73.04,0.784313725,0.549019608,78.43,54.9,66.67,7,35,958
476836,Aron Dønnum,Midfield,Right Midfield,Norway,415,FC Toulouse,FR1,ligue-1,France,2024,2024-25,27,32,2699,2,3,5,0.067,0.1,0.167,34,1.24,88.2,0.394736842,0.894736842,39.47,89.47,64.47,11,36,1059
430280,Hans Nicolussi Caviglia,Midfield,Defensive Midfield,Italy,607,Venezia FC,IT1,serie-a,Italy,2024,2024-25,25,35,2870,4,3,7,0.125,0.094,0.22,38,0.76,83.92,0.529411765,0.803921569,52.94,80.39,66.67,8,36,963
199527,Jacob Murphy,Attack,Right Winger,England,762,Newcastle United,GB1,premier-league,England,2024,2024-25,30,35,2382,8,12,20,0.302,0.453,0.756,38,1.74,69.65,0.888888889,0.466666667,88.89,46.67,67.78,10,36,896
581357,Jan Schöppner,Midfield,Central Midfield,Germany,2036,1. Fußballclub Heidenheim 1846,L1,bundesliga,Germany,2024,2024-25,26,33,2688,4,2,6,0.134,0.067,0.201,34,0.85,87.84,0.473684211,0.763157895,47.37,76.32,61.84,9,36,1204
1076815,Javi Rodríguez,Defender,Centre-Back,Spain,940,Celta de Vigo,ES1,laliga,Spain,2024,2024-25,22,36,2513,3,2,5,0.107,0.072,0.179,38,1.45,73.48,0.871794872,0.512820513,87.18,51.28,69.23,18,36,816
398073,Achraf Hakimi,Defender,Right-Back,Morocco,583,Paris Saint-Germain,FR1,ligue-1,France,2024,2024-25,26,25,2068,4,8,12,0.174,0.348,0.522,34,2.47,67.58,1,0.288135593,100,28.81,64.41,18,37,1061
627442,Benjamin Sesko,Attack,Centre-Forward,Slovenia,23826,RB Leipzig,L1,bundesliga,Germany,2024,2024-25,22,33,2398,13,5,18,0.488,0.188,0.676,34,1.5,78.37,0.615384615,0.615384615,61.54,61.54,61.54,12,37,1221
303259,Dodi Lukébakio,Attack,Right Winger,Belgium,368,Sevilla FC,ES1,laliga,Spain,2024,2024-25,27,38,3103,11,2,13,0.319,0.058,0.377,38,1.08,90.73,0.377777778,1,37.78,100,68.89,9,37,834
371851,Jaka Bijol,Defender,Centre-Back,Slovenia,410,Udinese Calcio,IT1,serie-a,Italy,2024,2024-25,26,34,2964,1,2,3,0.03,0.061,0.091,38,1.16,86.67,0.542857143,0.785714286,54.29,78.57,66.43,20,37,970
480692,Luis Díaz,Attack,Left Winger,Colombia,31,Liverpool FC,GB1,premier-league,England,2024,2024-25,28,36,2413,13,7,20,0.485,0.261,0.746,38,2.21,70.56,0.866666667,0.488888889,86.67,48.89,67.78,11,37,897
292534,Eric Smith,Defender,Centre-Back,Sweden,35,FC St. Pauli,L1,bundesliga,Germany,2024,2024-25,28,32,2828,1,1,2,0.032,0.032,0.064,34,0.94,92.42,0.338709677,0.887096774,33.87,88.71,61.29,17,38,1241
614258,Levi Colwill,Defender,Centre-Back,England,631,Chelsea FC,GB1,premier-league,England,2024,2024-25,22,35,3150,2,1,3,0.057,0.029,0.086,38,1.82,92.11,0.507246377,0.84057971,50.72,84.06,67.39,14,38,917
277384,Martin Valjent,Defender,Centre-Back,Slovakia,237,RCD Mallorca,ES1,laliga,Spain,2024,2024-25,29,31,2765,3,0,3,0.098,0,0.098,38,1.26,80.85,0.615384615,0.756410256,61.54,75.64,68.59,19,38,845
494586,Mickaël Nadé,Defender,Centre-Back,France,618,AS Saint-Étienne,FR1,ligue-1,France,2024,2024-25,26,26,2278,1,3,4,0.04,0.119,0.158,34,0.88,74.44,0.762711864,0.525423729,76.27,52.54,64.41,19,38,1066
522784,Taty Castellanos,Attack,Centre-Forward,Argentina,398,Società Sportiva Lazio S.p.A.,IT1,serie-a,Italy,2024,2024-25,26,29,2395,10,5,15,0.376,0.188,0.564,38,1.71,70.03,0.742857143,0.571428571,74.29,57.14,65.71,10,38,994
12282,Daley Blind,Defender,Centre-Back,Netherlands,12321,Girona FC,ES1,laliga,Spain,2024,2024-25,35,34,2780,0,3,3,0,0.097,0.097,38,1.08,81.29,0.602564103,0.769230769,60.26,76.92,68.59,20,39,846
431755,Dejan Kulusevski,Midfield,Attacking Midfield,Sweden,148,Tottenham Hotspur,GB1,premier-league,England,2024,2024-25,25,32,2391,7,4,11,0.263,0.151,0.414,38,1,69.91,0.830508475,0.474576271,83.05,47.46,65.25,14,39,1017
786436,Ismaël Doukouré,Defender,Centre-Back,France,667,RC Strasbourg Alsace,FR1,ligue-1,France,2024,2024-25,21,31,2647,1,1,2,0.034,0.034,0.068,34,1.68,86.5,0.423728814,0.847457627,42.37,84.75,63.56,20,39,1100
187492,Julian Brandt,Midfield,Attacking Midfield,Germany,16,Borussia Dortmund,L1,bundesliga,Germany,2024,2024-25,29,30,2319,5,10,15,0.194,0.388,0.582,34,1.68,75.78,0.868421053,0.342105263,86.84,34.21,60.53,10,39,1286
283735,Mattia Zaccagni,Attack,Left Winger,Italy,398,Società Sportiva Lazio S.p.A.,IT1,serie-a,Italy,2024,2024-25,30,34,2707,8,6,14,0.266,0.199,0.465,38,1.71,79.15,0.485714286,0.828571429,48.57,82.86,65.71,11,39,995
181382,Abdoulaye Touré,Midfield,Defensive Midfield,Guinea,738,Le Havre AC,FR1,ligue-1,France,2024,2024-25,31,28,2331,10,1,11,0.386,0.039,0.425,34,1,76.18,0.815789474,0.447368421,81.58,44.74,63.16,12,40,1119
534033,Alexis Mac Allister,Midfield,Central Midfield,Argentina,31,Liverpool FC,GB1,premier-league,England,2024,2024-25,26,35,2609,5,5,10,0.172,0.172,0.345,38,2.21,76.29,0.694915254,0.610169492,69.49,61.02,65.25,15,40,1018
232320,Atakan Karazor,Midfield,Defensive Midfield,Türkiye,79,VfB Stuttgart,L1,bundesliga,Germany,2024,2024-25,28,32,2626,2,4,6,0.069,0.137,0.206,34,1.47,85.82,0.5,0.710526316,50,71.05,60.53,11,40,1288
249513,Diego Rico,Defender,Left-Back,Spain,3709,Getafe CF,ES1,laliga,Spain,2024,2024-25,32,33,2820,0,3,3,0,0.096,0.096,38,1.11,82.46,0.58974359,0.782051282,58.97,78.21,68.59,21,40,847
371149,Evan Ndicka,Defender,Centre-Back,Cote d'Ivoire,12,Associazione Sportiva Roma,IT1,serie-a,Italy,2024,2024-25,25,38,3420,0,2,2,0,0.053,0.053,38,1.82,100,0.328571429,0.985714286,32.86,98.57,65.71,21,40,997
351955,Federico Baschirotto,Defender,Centre-Back,Italy,1005,US Lecce,IT1,serie-a,Italy,2024,2024-25,28,38,3420,2,0,2,0.053,0,0.053,38,0.89,100,0.328571429,0.985714286,32.86,98.57,65.71,21,40,997
423440,Martín Zubimendi,Midfield,Defensive Midfield,Spain,681,Real Sociedad,ES1,laliga,Spain,2024,2024-25,26,36,2962,2,2,4,0.061,0.061,0.122,38,1.21,86.61,0.434782609,0.934782609,43.48,93.48,68.48,11,41,855
167799,Pierre-Emile Højbjerg,Midfield,Defensive Midfield,Denmark,244,Olympique Marseille,FR1,ligue-1,France,2024,2024-25,29,30,2666,2,4,6,0.068,0.135,0.203,34,1.91,87.12,0.447368421,0.815789474,44.74,81.58,63.16,13,41,1121
357992,Raoul Bellanova,Midfield,Right Midfield,Italy,800,Atalanta BC,IT1,serie-a,Italy,2024,2024-25,25,34,2407,0,10,10,0,0.374,0.374,38,1.95,70.38,0.843137255,0.470588235,84.31,47.06,65.69,9,41,999
328784,Robin Koch,Defender,Centre-Back,Germany,24,Eintracht Frankfurt,L1,bundesliga,Germany,2024,2024-25,28,30,2589,3,0,3,0.104,0,0.104,34,1.76,84.61,0.516129032,0.693548387,51.61,69.35,60.48,18,41,1292
314353,Trent Alexander-Arnold,Defender,Right-Back,England,31,Liverpool FC,GB1,premier-league,England,2024,2024-25,26,33,2377,3,7,10,0.114,0.265,0.379,38,2.21,69.5,1,0.289855072,100,28.99,64.49,15,41,1053
467632,Cristian Cásseres Jr.,Midfield,Central Midfield,Venezuela,415,FC Toulouse,FR1,ligue-1,France,2024,2024-25,25,32,2706,1,3,4,0.033,0.1,0.133,34,1.24,88.43,0.315789474,0.921052632,31.58,92.11,61.84,14,42,1205
607854,Éderson,Midfield,Central Midfield,Brazil,800,Atalanta BC,IT1,serie-a,Italy,2024,2024-25,25,37,2886,4,2,6,0.125,0.062,0.187,38,1.95,84.39,0.490196078,0.823529412,49.02,82.35,65.69,10,42,1000
369674,Joakim Maehle,Defender,Left-Back,Denmark,82,VfL Wolfsburg,L1,bundesliga,Germany,2024,2024-25,28,28,2190,3,4,7,0.123,0.164,0.288,34,1.26,71.57,0.887096774,0.306451613,88.71,30.65,59.68,19,42,1328
262939,Johan Mojica,Defender,Left-Back,Colombia,237,RCD Mallorca,ES1,laliga,Spain,2024,2024-25,32,36,2753,1,2,3,0.033,0.065,0.098,38,1.26,80.5,0.615384615,0.743589744,61.54,74.36,67.95,22,42,881
404842,Vitaliy Mykolenko,Defender,Left-Back,Ukraine,29,Everton FC,GB1,premier-league,England,2024,2024-25,26,35,3084,1,2,3,0.029,0.058,0.088,38,1.26,90.18,0.536231884,0.753623188,53.62,75.36,64.49,16,42,1054
84301,Benjamin André,Midfield,Defensive Midfield,France,1082,LOSC Lille,FR1,ligue-1,France,2024,2024-25,34,30,2693,0,4,4,0,0.134,0.134,34,1.76,88.01,0.342105263,0.868421053,34.21,86.84,60.53,15,43,1289
370789,Julian Ryerson,Defender,Right-Back,Norway,16,Borussia Dortmund,L1,bundesliga,Germany,2024,2024-25,27,29,2270,2,4,6,0.079,0.159,0.238,34,1.68,74.18,0.822580645,0.370967742,82.26,37.1,59.68,20,43,1329
465830,Mattéo Guendouzi,Midfield,Central Midfield,France,398,Società Sportiva Lazio S.p.A.,IT1,serie-a,Italy,2024,2024-25,26,37,3275,1,3,4,0.027,0.082,0.11,38,1.71,95.76,0.294117647,1,29.41,100,64.71,11,43,1048
525247,Maximilian Kilman,Defender,Centre-Back,England,379,West Ham United,GB1,premier-league,England,2024,2024-25,28,38,3349,0,2,2,0,0.054,0.054,38,1.13,97.92,0.304347826,0.985507246,30.43,98.55,64.49,17,43,1055
378293,Yangel Herrera,Midfield,Central Midfield,Venezuela,12321,Girona FC,ES1,laliga,Spain,2024,2024-25,27,29,2265,4,3,7,0.159,0.119,0.278,38,1.08,66.23,0.847826087,0.5,84.78,50,67.39,12,43,916
406040,Ademola Lookman,Attack,Left Winger,Nigeria,800,Atalanta BC,IT1,serie-a,Italy,2024,2024-25,27,31,2265,15,5,20,0.596,0.199,0.795,38,1.95,66.23,0.885714286,0.4,88.57,40,64.29,12,44,1069
283994,Ludovic Ajorque,Attack,Centre-Forward,France,3911,Stade Brestois 29,FR1,ligue-1,France,2024,2024-25,31,31,2506,13,3,16,0.467,0.108,0.575,34,1.47,81.9,0.592592593,0.592592593,59.26,59.26,59.26,9,44,1353
124502,Matthias Ginter,Defender,Centre-Back,Germany,60,SC Freiburg,L1,bundesliga,Germany,2024,2024-25,31,32,2560,2,1,3,0.07,0.035,0.105,34,1.62,83.66,0.532258065,0.661290323,53.23,66.13,59.68,21,44,1330
283628,Tomáš Souček,Midfield,Defensive Midfield,Czech Republic,379,West Ham United,GB1,premier-league,England,2024,2024-25,30,35,2571,9,2,11,0.315,0.07,0.385,38,1.13,75.18,0.745762712,0.542372881,74.58,54.24,64.41,16,44,1062
371998,Vinicius Junior,Attack,Left Winger,Brazil,418,Real Madrid,ES1,laliga,Spain,2024,2024-25,24,30,2258,11,10,21,0.438,0.399,0.837,38,2.21,66.02,0.911111111,0.422222222,91.11,42.22,66.67,10,44,952
357156,Diogo Leite,Defender,Centre-Back,Portugal,89,1.FC Union Berlin,L1,bundesliga,Germany,2024,2024-25,26,30,2548,1,2,3,0.035,0.071,0.106,34,1.18,83.27,0.548387097,0.629032258,54.84,62.9,58.87,22,45,1385
135343,Fabian Schär,Defender,Centre-Back,Switzerland,762,Newcastle United,GB1,premier-league,England,2024,2024-25,33,34,2938,4,0,4,0.123,0,0.123,38,1.74,85.91,0.623188406,0.652173913,62.32,65.22,63.77,18,45,1084
112515,Marcos Alonso,Defender,Centre-Back,Spain,940,Celta de Vigo,ES1,laliga,Spain,2024,2024-25,34,31,2649,3,0,3,0.102,0,0.102,38,1.45,77.46,0.641025641,0.692307692,64.1,69.23,66.67,23,45,964
357164,Rafael Leão,Attack,Left Winger,Portugal,5,AC Milan,IT1,serie-a,Italy,2024,2024-25,26,34,2330,8,10,18,0.309,0.386,0.695,38,1.66,68.13,0.8,0.485714286,80,48.57,64.29,13,45,1070
607223,Rayan Cherki,Midfield,Attacking Midfield,France,1041,Olympique Lyon,FR1,ligue-1,France,2024,2024-25,21,30,2048,8,11,19,0.352,0.483,0.835,34,1.68,66.93,1,0.184210526,100,18.42,59.21,16,45,1356
429983,Jørgen Strand Larsen,Attack,Centre-Forward,Norway,543,Wolverhampton Wanderers,GB1,premier-league,England,2024,2024-25,25,35,2603,14,4,18,0.484,0.138,0.622,38,1.11,76.11,0.644444444,0.622222222,64.44,62.22,63.33,12,46,1112
463618,Khéphren Thuram,Midfield,Central Midfield,France,506,Juventus FC,IT1,serie-a,Italy,2024,2024-25,24,35,2329,4,6,10,0.155,0.232,0.386,38,1.84,68.1,0.882352941,0.392156863,88.24,39.22,63.73,12,46,1085
429259,Mark McKenzie,Defender,Centre-Back,United States,415,FC Toulouse,FR1,ligue-1,France,2024,2024-25,26,30,2497,1,1,2,0.036,0.036,0.072,34,1.24,81.6,0.440677966,0.728813559,44.07,72.88,58.47,21,46,1399
962110,Pau Cubarsí,Defender,Centre-Back,Spain,131,FC Barcelona,ES1,laliga,Spain,2024,2024-25,18,35,2621,0,3,3,0,0.103,0.103,38,2.32,76.64,0.653846154,0.653846154,65.38,65.38,65.38,24,46,1009
566931,Xavi Simons,Midfield,Attacking Midfield,Netherlands,23826,RB Leipzig,L1,bundesliga,Germany,2024,2024-25,22,25,2157,10,7,17,0.417,0.292,0.709,34,1.5,70.49,0.947368421,0.210526316,94.74,21.05,57.89,12,46,1429
198116,Federico Dimarco,Defender,Left-Back,Italy,46,Inter Milan,IT1,serie-a,Italy,2024,2024-25,27,33,2197,4,9,13,0.164,0.369,0.533,38,2.13,64.24,1,0.242857143,100,24.29,62.14,22,47,1184
316264,Martin Ødegaard,Midfield,Attacking Midfield,Norway,11,Arsenal FC,GB1,premier-league,England,2024,2024-25,26,30,2332,3,8,11,0.116,0.309,0.425,38,1.95,68.19,0.86440678,0.389830508,86.44,38.98,62.71,17,47,1144
190284,Maximilian Eggestein,Midfield,Central Midfield,Germany,60,SC Freiburg,L1,bundesliga,Germany,2024,2024-25,28,33,2855,2,0,2,0.063,0,0.063,34,1.62,93.3,0.236842105,0.921052632,23.68,92.11,57.89,13,47,1436
822331,Omar El Hilali,Defender,Right-Back,Morocco,714,RCD Espanyol Barcelona,ES1,laliga,Spain,2024,2024-25,21,36,3159,0,2,2,0,0.057,0.057,38,1.11,92.37,0.346153846,0.961538462,34.62,96.15,65.38,25,47,1011
280387,Vincent Sierro,Midfield,Central Midfield,Switzerland,415,FC Toulouse,FR1,ligue-1,France,2024,2024-25,29,29,2410,5,1,6,0.187,0.037,0.224,34,1.24,78.76,0.526315789,0.631578947,52.63,63.16,57.89,17,47,1431
315853,Alessandro Bastoni,Defender,Centre-Back,Italy,46,Inter Milan,IT1,serie-a,Italy,2024,2024-25,26,33,2421,1,5,6,0.037,0.186,0.223,38,2.13,70.79,0.828571429,0.414285714,82.86,41.43,62.14,23,48,1185
278296,Antonio Raíllo,Defender,Centre-Back,Spain,237,RCD Mallorca,ES1,laliga,Spain,2024,2024-25,33,36,3209,2,0,2,0.056,0,0.056,38,1.26,93.83,0.333333333,0.974358974,33.33,97.44,65.38,26,48,1012
192492,Jordan Lefort,Defender,Centre-Back,Mauritania,1420,Angers SCO,FR1,ligue-1,France,2024,2024-25,31,34,3060,0,1,1,0,0.029,0.029,34,1.06,100,0.152542373,1,15.25,100,57.63,22,48,1450
196792,Julian Weigl,Midfield,Defensive Midfield,Germany,18,Borussia Mönchengladbach,L1,bundesliga,Germany,2024,2024-25,29,33,2888,0,2,2,0,0.062,0.062,34,1.32,94.38,0.210526316,0.947368421,21.05,94.74,57.89,14,48,1437
236490,Ola Aina,Defender,Right-Back,Nigeria,703,Nottingham Forest,GB1,premier-league,England,2024,2024-25,28,35,3002,2,1,3,0.06,0.03,0.09,38,1.71,87.78,0.550724638,0.695652174,55.07,69.57,62.32,19,48,1167
93720,Alexandre Lacazette,Attack,Centre-Forward,France,1041,Olympique Lyon,FR1,ligue-1,France,2024,2024-25,34,30,2061,15,2,17,0.655,0.087,0.742,34,1.68,67.35,0.888888889,0.259259259,88.89,25.93,57.41,10,49,1465
435772,Charles De Ketelaere,Midfield,Attacking Midfield,Belgium,800,Atalanta BC,IT1,serie-a,Italy,2024,2024-25,24,36,2080,7,8,15,0.303,0.346,0.649,38,1.95,60.82,1,0.235294118,100,23.53,61.76,13,49,1211
59561,Dani Parejo,Midfield,Central Midfield,Spain,1050,Villarreal CF,ES1,laliga,Spain,2024,2024-25,36,36,2278,3,3,6,0.119,0.119,0.237,38,1.84,66.61,0.782608696,0.52173913,78.26,52.17,65.22,13,49,1021
420002,Jean-Philippe Mateta,Attack,Centre-Forward,France,873,Crystal Palace,GB1,premier-league,England,2024,2024-25,28,37,2656,14,2,16,0.474,0.068,0.542,38,1.39,77.66,0.488888889,0.755555556,48.89,75.56,62.22,13,49,1177
125103,Marvin Ducksch,Attack,Centre-Forward,Germany,86,SV Werder Bremen,L1,bundesliga,Germany,2024,2024-25,31,32,2435,8,9,17,0.296,0.333,0.628,34,1.5,79.58,0.5,0.653846154,50,65.38,57.69,13,49,1444
241641,Bernardo Silva,Midfield,Attacking Midfield,Portugal,281,Manchester City,GB1,premier-league,England,2024,2024-25,30,33,2668,4,4,8,0.135,0.135,0.27,38,1.87,78.01,0.593220339,0.644067797,59.32,64.41,61.86,18,50,1199
213670,Lucas Torró,Midfield,Defensive Midfield,Spain,331,CA Osasuna,ES1,laliga,Spain,2024,2024-25,30,35,2963,3,0,3,0.091,0,0.091,38,1.37,86.64,0.347826087,0.956521739,34.78,95.65,65.22,14,50,1022
242661,Manolis Saliakas,Defender,Right-Back,Greece,35,FC St. Pauli,L1,bundesliga,Germany,2024,2024-25,28,30,2324,2,2,4,0.077,0.077,0.155,34,0.94,75.95,0.661290323,0.483870968,66.13,48.39,57.26,23,50,1472
127156,Téji Savanier,Midfield,Attacking Midfield,France,969,Montpellier HSC,FR1,ligue-1,France,2024,2024-25,33,31,2339,2,5,7,0.077,0.192,0.269,34,0.47,76.44,0.605263158,0.526315789,60.53,52.63,56.58,18,50,1520
569598,Youssouf Fofana,Midfield,Defensive Midfield,France,5,AC Milan,IT1,serie-a,Italy,2024,2024-25,26,35,2510,1,6,7,0.036,0.215,0.251,38,1.66,73.39,0.666666667,0.568627451,66.67,56.86,61.76,14,50,1213
567576,Elliot Anderson,Midfield,Central Midfield,England,703,Nottingham Forest,GB1,premier-league,England,2024,2024-25,22,37,2743,2,6,8,0.066,0.197,0.262,38,1.71,80.2,0.559322034,0.677966102,55.93,67.8,61.86,19,51,1200
560593,Hicham Boudaoui,Midfield,Central Midfield,Algeria,417,OGC Nice,FR1,ligue-1,France,2024,2024-25,25,29,2440,2,4,6,0.074,0.148,0.221,34,1.76,79.74,0.473684211,0.657894737,47.37,65.79,56.58,19,51,1521
255508,Iñaki Williams,Attack,Right Winger,Ghana,621,Athletic Bilbao,ES1,laliga,Spain,2024,2024-25,31,35,2653,6,8,14,0.204,0.271,0.475,38,1.84,77.57,0.533333333,0.755555556,53.33,75.56,64.44,11,51,1060
289835,Jens Stage,Midfield,Central Midfield,Denmark,86,SV Werder Bremen,L1,bundesliga,Germany,2024,2024-25,28,28,2210,10,5,15,0.407,0.204,0.611,34,1.5,72.22,0.894736842,0.236842105,89.47,23.68,56.58,15,51,1518
572265,Lorenzo Lucca,Attack,Centre-Forward,Italy,410,Udinese Calcio,IT1,serie-a,Italy,2024,2024-25,24,33,2363,12,2,14,0.457,0.076,0.533,38,1.16,69.09,0.685714286,0.542857143,68.57,54.29,61.43,14,51,1229
341227,Juan Miranda,Defender,Left-Back,Spain,1025,Bologna Football Club 1909,IT1,serie-a,Italy,2024,2024-25,25,31,2277,0,6,6,0,0.237,0.237,38,1.63,66.58,0.9,0.328571429,90,32.86,61.43,24,52,1231
644401,Keane Lewis-Potter,Midfield,Left Midfield,England,1148,Brentford FC,GB1,premier-league,England,2024,2024-25,24,38,3100,1,4,5,0.029,0.116,0.145,38,1.47,90.64,0.322033898,0.915254237,32.2,91.53,61.86,20,52,1202
691892,Nathaniel Brown,Defender,Left-Back,Germany,24,Eintracht Frankfurt,L1,bundesliga,Germany,2024,2024-25,22,26,1952,3,7,10,0.138,0.323,0.461,34,1.76,63.79,1,0.129032258,100,12.9,56.45,24,52,1530
441170,Valentin Rosier,Defender,Right-Back,France,1244,CD Leganés,ES1,laliga,Spain,2024,2024-25,28,32,2592,1,2,3,0.035,0.069,0.104,38,1.05,75.79,0.666666667,0.615384615,66.67,61.54,64.1,27,52,1075
789082,Vanderson,Defender,Right-Back,Brazil,162,AS Monaco,FR1,ligue-1,France,2024,2024-25,24,29,2073,1,3,4,0.043,0.13,0.174,34,1.79,67.75,0.813559322,0.305084746,81.36,30.51,55.93,23,52,1569
459658,Andrea Cambiaso,Defender,Left-Back,Italy,506,Juventus FC,IT1,serie-a,Italy,2024,2024-25,25,33,2223,2,4,6,0.081,0.162,0.243,38,1.84,65,0.928571429,0.285714286,92.86,28.57,60.71,25,53,1279
559328,Emmanuel Emegha,Attack,Centre-Forward,Netherlands,667,RC Strasbourg Alsace,FR1,ligue-1,France,2024,2024-25,22,27,2307,14,3,17,0.546,0.117,0.663,34,1.68,75.39,0.666666667,0.444444444,66.67,44.44,55.56,11,53,1596
484988,Logan Costa,Defender,Centre-Back,Cape Verde,1050,Villarreal CF,ES1,laliga,Spain,2024,2024-25,24,32,2586,2,1,3,0.07,0.035,0.104,38,1.84,75.61,0.666666667,0.602564103,66.67,60.26,63.46,28,53,1107
231572,Nélson Semedo,Defender,Right-Back,Portugal,543,Wolverhampton Wanderers,GB1,premier-league,England,2024,2024-25,31,34,2896,0,4,4,0,0.124,0.124,38,1.11,84.68,0.652173913,0.579710145,65.22,57.97,61.59,20,53,1219
93740,Willi Orbán,Defender,Centre-Back,Hungary,23826,RB Leipzig,L1,bundesliga,Germany,2024,2024-25,32,25,2224,5,0,5,0.202,0,0.202,34,1.5,72.68,0.774193548,0.35483871,77.42,35.48,56.45,25,53,1532
134270,Dan Burn,Defender,Centre-Back,England,762,Newcastle United,GB1,premier-league,England,2024,2024-25,33,37,3330,1,1,2,0.027,0.027,0.054,38,1.74,97.37,0.304347826,0.927536232,30.43,92.75,61.59,21,54,1220
387047,Danilho Doekhi,Defender,Centre-Back,Netherlands,89,1.FC Union Berlin,L1,bundesliga,Germany,2024,2024-25,27,34,3060,1,0,1,0.029,0,0.029,34,1.18,100,0.14516129,0.983870968,14.52,98.39,56.45,26,54,1534
469211,Liberato Cacace,Defender,Left-Back,New Zealand,749,FC Empoli,IT1,serie-a,Italy,2024,2024-25,24,33,2231,2,4,6,0.081,0.161,0.242,38,0.82,65.23,0.914285714,0.3,91.43,30,60.71,26,54,1280
745200,Maghnes Akliouche,Attack,Right Winger,France,162,AS Monaco,FR1,ligue-1,France,2024,2024-25,23,32,2408,5,10,15,0.187,0.374,0.561,34,1.79,78.69,0.555555556,0.555555556,55.56,55.56,55.56,12,54,1598
775605,Pablo Barrios,Midfield,Central Midfield,Spain,13,Atlético de Madrid,ES1,laliga,Spain,2024,2024-25,22,31,2337,1,4,5,0.039,0.154,0.193,38,2,68.33,0.695652174,0.565217391,69.57,56.52,63.04,15,54,1123
583255,Antoine Semenyo,Attack,Right Winger,Ghana,989,AFC Bournemouth,GB1,premier-league,England,2024,2024-25,25,37,3210,11,6,17,0.308,0.168,0.477,38,1.47,93.86,0.266666667,0.955555556,26.67,95.56,61.11,14,55,1251
709372,Carlos Romero,Defender,Left-Back,Spain,714,RCD Espanyol Barcelona,ES1,laliga,Spain,2024,2024-25,23,34,2555,2,1,3,0.07,0.035,0.106,38,1.11,74.71,0.692307692,0.564102564,69.23,56.41,62.82,29,55,1132
346779,Ché Adams,Attack,Centre-Forward,Scotland,416,Torino FC,IT1,serie-a,Italy,2024,2024-25,28,36,2658,9,3,12,0.305,0.102,0.406,38,1.16,77.72,0.4,0.8,40,80,60,15,55,1309
334526,Denis Zakaria,Midfield,Defensive Midfield,Switzerland,162,AS Monaco,FR1,ligue-1,France,2024,2024-25,28,26,2148,6,4,10,0.251,0.168,0.419,34,1.79,70.2,0.763157895,0.342105263,76.32,34.21,55.26,20,55,1618
82873,Pascal Groß,Midfield,Central Midfield,Germany,16,Borussia Dortmund,L1,bundesliga,Germany,2024,2024-25,34,30,2337,0,10,10,0,0.385,0.385,34,1.68,76.37,0.736842105,0.368421053,73.68,36.84,55.26,16,55,1619
541555,Enzo Boyomo,Defender,Centre-Back,Cameroon,331,CA Osasuna,ES1,laliga,Spain,2024,2024-25,23,34,2988,2,0,2,0.06,0,0.06,38,1.37,87.37,0.358974359,0.897435897,35.9,89.74,62.82,30,56,1135
405397,Keito Nakamura,Attack,Left Winger,Japan,1421,Stade Reims,FR1,ligue-1,France,2024,2024-25,24,32,2662,11,2,13,0.372,0.068,0.44,34,0.97,86.99,0.259259259,0.814814815,25.93,81.48,53.7,13,56,1726
204047,Matus Bero,Midfield,Central Midfield,Slovakia,80,VfL Bochum,L1,bundesliga,Germany,2024,2024-25,29,30,2570,5,2,7,0.175,0.07,0.245,34,0.74,83.99,0.526315789,0.578947368,52.63,57.89,55.26,17,56,1621
687626,Moisés Caicedo,Midfield,Defensive Midfield,Ecuador,631,Chelsea FC,GB1,premier-league,England,2024,2024-25,23,38,3356,1,4,5,0.027,0.107,0.134,38,1.82,98.13,0.220338983,1,22.03,100,61.02,21,56,1256
507486,Simon Sohm,Midfield,Central Midfield,Switzerland,130,Parma Calcio 1913,IT1,serie-a,Italy,2024,2024-25,24,37,3000,4,0,4,0.12,0,0.12,38,0.95,87.72,0.333333333,0.862745098,33.33,86.27,59.8,15,56,1323
125781,Antoine Griezmann,Attack,Second Striker,France,13,Atlético de Madrid,ES1,laliga,Spain,2024,2024-25,34,38,2482,8,7,15,0.29,0.254,0.544,38,2,72.57,0.644444444,0.6,64.44,60,62.22,12,57,1176
165513,Berat Djimsiti,Defender,Centre-Back,Albania,800,Atalanta BC,IT1,serie-a,Italy,2024,2024-25,32,34,2648,1,2,3,0.034,0.068,0.102,38,1.95,77.43,0.585714286,0.6,58.57,60,59.29,27,57,1348
540664,Dilane Bakwa,Attack,Right Winger,France,667,RC Strasbourg Alsace,FR1,ligue-1,France,2024,2024-25,22,30,2513,6,9,15,0.215,0.322,0.537,34,1.68,82.12,0.407407407,0.62962963,40.74,62.96,51.85,14,57,1827
413220,James Justin,Defender,Right-Back,England,1003,Leicester City,GB1,premier-league,England,2024,2024-25,27,36,2921,2,2,4,0.062,0.062,0.123,38,0.66,85.41,0.623188406,0.594202899,62.32,59.42,60.87,22,57,1268
284732,Ramy Bensebaini,Defender,Centre-Back,Algeria,16,Borussia Dortmund,L1,bundesliga,Germany,2024,2024-25,30,31,2023,1,6,7,0.044,0.267,0.311,34,1.68,66.11,0.919354839,0.177419355,91.94,17.74,54.84,27,57,1650
617081,Diego López,Attack,Right Winger,Spain,1049,Valencia CF,ES1,laliga,Spain,2024,2024-25,23,38,2760,8,5,13,0.261,0.163,0.424,38,1.21,80.7,0.422222222,0.822222222,42.22,82.22,62.22,13,58,1178
392569,Gabriele Zappa,Defender,Right-Back,Italy,1390,Cagliari Calcio,IT1,serie-a,Italy,2024,2024-25,25,37,3062,2,0,2,0.059,0,0.059,38,0.95,89.53,0.357142857,0.828571429,35.71,82.86,59.29,28,58,1350
659543,Matthis Abline,Attack,Centre-Forward,France,995,FC Nantes,FR1,ligue-1,France,2024,2024-25,22,34,2788,9,2,11,0.291,0.065,0.355,34,1.06,91.11,0.074074074,0.962962963,7.41,96.3,51.85,15,58,1828
117674,Maximilian Arnold,Midfield,Central Midfield,Germany,82,VfL Wolfsburg,L1,bundesliga,Germany,2024,2024-25,31,28,2359,3,5,8,0.114,0.191,0.305,34,1.26,77.09,0.631578947,0.447368421,63.16,44.74,53.95,18,58,1707
1005649,Murillo,Defender,Centre-Back,Brazil,703,Nottingham Forest,GB1,premier-league,England,2024,2024-25,22,36,3191,2,0,2,0.056,0,0.056,38,1.71,93.3,0.333333333,0.884057971,33.33,88.41,60.87,23,58,1269
315865,Andrea Pinamonti,Attack,Centre-Forward,Italy,252,Genoa CFC,IT1,serie-a,Italy,2024,2024-25,26,36,2860,10,1,11,0.315,0.031,0.346,38,1.13,83.63,0.257142857,0.914285714,25.71,91.43,58.57,16,59,1396
420064,Caio Henrique,Defender,Left-Back,Brazil,162,AS Monaco,FR1,ligue-1,France,2024,2024-25,27,27,1932,0,6,6,0,0.28,0.28,34,1.79,63.14,0.949152542,0.084745763,94.92,8.47,51.69,24,59,1834
221316,Lucas Vázquez,Defender,Right-Back,Spain,418,Real Madrid,ES1,laliga,Spain,2024,2024-25,33,32,2193,1,5,6,0.041,0.205,0.246,38,2.21,64.12,0.987179487,0.256410256,98.72,25.64,62.18,31,59,1179
880245,Mateus Fernandes,Midfield,Central Midfield,Portugal,180,Southampton FC,GB1,premier-league,England,2024,2024-25,20,36,2922,2,4,6,0.062,0.123,0.185,38,0.32,85.44,0.423728814,0.779661017,42.37,77.97,60.17,22,59,1303
822959,Tom Bischof,Midfield,Central Midfield,Germany,533,TSG 1899 Hoffenheim,L1,bundesliga,Germany,2024,2024-25,20,31,2569,5,2,7,0.175,0.07,0.245,34,0.94,83.95,0.526315789,0.552631579,52.63,55.26,53.95,19,59,1708
239802,Adam Marusic,Defender,Right-Back,Montenegro,398,Società Sportiva Lazio S.p.A.,IT1,serie-a,Italy,2024,2024-25,32,35,2333,4,1,5,0.154,0.039,0.193,38,1.71,68.22,0.8,0.357142857,80,35.71,57.86,29,60,1439
285845,Ainsley Maitland-Niles,Defender,Right-Back,England,1041,Olympique Lyon,FR1,ligue-1,France,2024,2024-25,27,32,1976,1,4,5,0.046,0.182,0.228,34,1.68,64.58,0.86440678,0.169491525,86.44,16.95,51.69,25,60,1835
435338,Gabriel,Defender,Centre-Back,Brazil,11,Arsenal FC,GB1,premier-league,England,2024,2024-25,27,28,2365,3,3,6,0.114,0.114,0.228,38,1.95,69.15,0.927536232,0.275362319,92.75,27.54,60.14,24,60,1304
192557,Jackson Irvine,Midfield,Central Midfield,Australia,35,FC St. Pauli,L1,bundesliga,Germany,2024,2024-25,32,29,2610,0,5,5,0,0.172,0.172,34,0.94,85.29,0.421052632,0.657894737,42.11,65.79,53.95,20,60,1709
308989,Sergio González,Defender,Centre-Back,Spain,1244,CD Leganés,ES1,laliga,Spain,2024,2024-25,33,36,2961,2,0,2,0.061,0,0.061,38,1.05,86.58,0.371794872,0.858974359,37.18,85.9,61.54,32,60,1227
583189,Anthony Elanga,Attack,Right Winger,Sweden,703,Nottingham Forest,GB1,premier-league,England,2024,2024-25,23,38,2510,6,11,17,0.215,0.394,0.61,38,1.71,73.39,0.622222222,0.577777778,62.22,57.78,60,15,61,1305
303219,Jeff Chabot,Defender,Centre-Back,Germany,79,VfB Stuttgart,L1,bundesliga,Germany,2024,2024-25,27,31,2274,3,1,4,0.119,0.04,0.158,34,1.47,74.31,0.677419355,0.387096774,67.74,38.71,53.23,28,61,1748
293200,Nikola Vlašić,Midfield,Attacking Midfield,Croatia,416,Torino FC,IT1,serie-a,Italy,2024,2024-25,27,30,2122,5,4,9,0.212,0.17,0.382,38,1.16,62.05,0.862745098,0.274509804,86.27,27.45,56.86,16,61,1502
937941,Thierno Barry,Attack,Centre-Forward,France,1050,Villarreal CF,ES1,laliga,Spain,2024,2024-25,22,35,2325,11,4,15,0.426,0.155,0.581,38,1.84,67.98,0.733333333,0.488888889,73.33,48.89,61.11,14,61,1250
923759,Valentin Atangana,Midfield,Central Midfield,France,1421,Stade Reims,FR1,ligue-1,France,2024,2024-25,19,34,2867,1,0,1,0.031,0,0.031,34,0.97,93.69,0.026315789,1,2.63,100,51.32,21,61,1868
410225,Ismaïla Sarr,Attack,Right Winger,Senegal,873,Crystal Palace,GB1,premier-league,England,2024,2024-25,27,38,2721,8,7,15,0.265,0.232,0.496,38,1.39,79.56,0.422222222,0.777777778,42.22,77.78,60,16,62,1307
222855,Jesper Karlström,Midfield,Defensive Midfield,Sweden,410,Udinese Calcio,IT1,serie-a,Italy,2024,2024-25,30,37,3190,0,3,3,0,0.085,0.085,38,1.16,93.27,0.196078431,0.941176471,19.61,94.12,56.86,17,62,1503
131225,Nicolás Tagliafico,Defender,Left-Back,Argentina,1041,Olympique Lyon,FR1,ligue-1,France,2024,2024-25,32,24,1904,3,3,6,0.142,0.142,0.284,34,1.68,62.22,0.966101695,0.050847458,96.61,5.08,50.85,26,62,1895
124410,Rani Khedira,Midfield,Defensive Midfield,Tunisia,89,1.FC Union Berlin,L1,bundesliga,Germany,2024,2024-25,31,32,2727,1,1,2,0.033,0.033,0.066,34,1.18,89.12,0.263157895,0.789473684,26.32,78.95,52.63,21,62,1774
255901,Rodrigo De Paul,Midfield,Central Midfield,Argentina,13,Atlético de Madrid,ES1,laliga,Spain,2024,2024-25,31,34,2112,3,5,8,0.128,0.213,0.341,38,2,61.75,0.934782609,0.282608696,93.48,28.26,60.87,16,62,1265
453870,Benedict Hollerbach,Attack,Centre-Forward,Germany,89,1.FC Union Berlin,L1,bundesliga,Germany,2024,2024-25,24,34,2555,9,4,13,0.317,0.141,0.458,34,1.18,83.5,0.230769231,0.807692308,23.08,80.77,51.92,14,63,1823
282421,Javi Muñoz,Midfield,Central Midfield,Spain,472,UD Las Palmas,ES1,laliga,Spain,2024,2024-25,30,35,2589,1,3,4,0.035,0.104,0.139,38,0.84,75.7,0.5,0.717391304,50,71.74,60.87,17,63,1267
596446,Leif Davis,Defender,Left-Back,England,677,Ipswich Town,GB1,premier-league,England,2024,2024-25,25,33,2746,1,3,4,0.033,0.098,0.131,38,0.58,80.29,0.695652174,0.492753623,69.57,49.28,59.42,25,63,1342
148252,Remo Freuler,Midfield,Central Midfield,Switzerland,1025,Bologna Football Club 1909,IT1,serie-a,Italy,2024,2024-25,33,37,3214,1,2,3,0.028,0.056,0.084,38,1.63,93.98,0.176470588,0.960784314,17.65,96.08,56.86,18,63,1504
702441,Sinaly Diomandé,Defender,Centre-Back,Cote d'Ivoire,290,AJ Auxerre,FR1,ligue-1,France,2024,2024-25,24,23,1945,3,2,5,0.139,0.093,0.231,34,1.24,63.56,0.881355932,0.13559322,88.14,13.56,50.85,27,63,1896
660860,Diego Coppola,Defender,Centre-Back,Italy,276,Hellas Verona,IT1,serie-a,Italy,2024,2024-25,21,34,2926,2,0,2,0.062,0,0.062,38,0.97,85.56,0.371428571,0.757142857,37.14,75.71,56.43,30,64,1537
485583,Ki-Jana Hoever,Defender,Right-Back,Netherlands,290,AJ Auxerre,FR1,ligue-1,France,2024,2024-25,23,30,2139,1,2,3,0.042,0.084,0.126,34,1.24,69.9,0.593220339,0.423728814,59.32,42.37,50.85,28,64,1898
766583,Kike Salas,Defender,Centre-Back,Spain,368,Sevilla FC,ES1,laliga,Spain,2024,2024-25,23,31,2237,3,2,5,0.121,0.08,0.201,38,1.08,65.41,0.923076923,0.282051282,92.31,28.21,60.26,33,64,1298
196793,Maximilian Wittek,Defender,Left-Back,Germany,80,VfL Bochum,L1,bundesliga,Germany,2024,2024-25,29,33,2715,0,1,1,0,0.033,0.033,34,0.74,88.73,0.177419355,0.838709677,17.74,83.87,50.81,29,64,1901
503680,Neco Williams,Defender,Left-Back,Wales,703,Nottingham Forest,GB1,premier-league,England,2024,2024-25,24,35,2592,1,3,4,0.035,0.104,0.139,38,1.71,75.79,0.724637681,0.449275362,72.46,44.93,58.7,26,64,1393
401320,Dara O'Shea,Defender,Centre-Back,Ireland,677,Ipswich Town,GB1,premier-league,England,2024,2024-25,26,35,3123,0,2,2,0,0.058,0.058,38,0.58,91.32,0.347826087,0.811594203,34.78,81.16,57.97,27,65,1424
93936,Kike García,Attack,Centre-Forward,Spain,1108,Deportivo Alavés,ES1,laliga,Spain,2024,2024-25,35,35,2555,13,0,13,0.458,0,0.458,38,1.11,74.71,0.511111111,0.688888889,51.11,68.89,60,15,65,1308
495667,Lucas Da Cunha,Midfield,Central Midfield,France,1047,Como 1907,IT1,serie-a,Italy,2024,2024-25,24,36,2625,3,2,5,0.103,0.069,0.171,38,1.29,76.75,0.470588235,0.647058824,47.06,64.71,55.88,19,65,1573
655012,Lucas Stassin,Attack,Centre-Forward,Belgium,618,AS Saint-Étienne,FR1,ligue-1,France,2024,2024-25,20,28,1868,12,5,17,0.578,0.241,0.819,34,0.88,61.05,0.925925926,0.074074074,92.59,7.41,50,16,65,1921
225657,Philipp Lienhart,Defender,Centre-Back,Austria,60,SC Freiburg,L1,bundesliga,Germany,2024,2024-25,28,32,2771,1,0,1,0.032,0,0.032,34,1.62,90.56,0.161290323,0.85483871,16.13,85.48,50.81,30,65,1902
636688,Alejandro Balde,Defender,Left-Back,Spain,131,FC Barcelona,ES1,laliga,Spain,2024,2024-25,21,32,2293,0,4,4,0,0.157,0.157,38,2.32,67.05,0.846153846,0.333333333,84.62,33.33,58.97,34,66,1372
242631,Alex Iwobi,Attack,Left Winger,Nigeria,931,Fulham FC,GB1,premier-league,England,2024,2024-25,29,38,2998,9,6,15,0.27,0.18,0.45,38,1.42,87.66,0.222222222,0.933333333,22.22,93.33,57.78,17,66,1443
384593,Alexis Claude-Maurice,Midfield,Attacking Midfield,France,167,FC Augsburg,L1,bundesliga,Germany,2024,2024-25,27,28,2125,9,3,12,0.381,0.127,0.508,34,1.26,69.44,0.815789474,0.184210526,81.58,18.42,50,22,66,1937
918969,Lamine Camara,Midfield,Central Midfield,Senegal,162,AS Monaco,FR1,ligue-1,France,2024,2024-25,21,29,2065,2,7,9,0.087,0.305,0.392,34,1.79,67.48,0.736842105,0.263157895,73.68,26.32,50,22,66,1943
265088,Manuel Locatelli,Midfield,Defensive Midfield,Italy,506,Juventus FC,IT1,serie-a,Italy,2024,2024-25,27,36,2833,2,2,4,0.064,0.064,0.127,38,1.84,82.84,0.37254902,0.745098039,37.25,74.51,55.88,20,66,1574
246968,Ayoze Pérez,Attack,Centre-Forward,Spain,1050,Villarreal CF,ES1,laliga,Spain,2024,2024-25,31,30,1976,19,2,21,0.865,0.091,0.956,38,1.84,57.78,0.955555556,0.222222222,95.56,22.22,58.89,16,67,1383
569383,Chrislain Matsima,Defender,Centre-Back,France,167,FC Augsburg,L1,bundesliga,Germany,2024,2024-25,23,30,2551,1,1,2,0.035,0.035,0.071,34,1.26,83.37,0.35483871,0.64516129,35.48,64.52,50,31,67,1974
321528,Denzel Dumfries,Defender,Right-Back,Netherlands,46,Inter Milan,IT1,serie-a,Italy,2024,2024-25,29,29,1951,7,3,10,0.323,0.138,0.461,38,2.13,57.05,0.985714286,0.114285714,98.57,11.43,55,31,67,1639
393621,Douglas Augusto,Midfield,Central Midfield,Brazil,995,FC Nantes,FR1,ligue-1,France,2024,2024-25,28,28,2316,4,2,6,0.155,0.078,0.233,34,1.06,75.69,0.552631579,0.421052632,55.26,42.11,48.68,23,67,2049
230784,Thomas Partey,Midfield,Defensive Midfield,Ghana,11,Arsenal FC,GB1,premier-league,England,2024,2024-25,32,35,2800,4,2,6,0.129,0.064,0.193,38,1.95,81.87,0.440677966,0.711864407,44.07,71.19,57.63,23,67,1449
338425,Álex Berenguer,Attack,Left Winger,Spain,621,Athletic Bilbao,ES1,laliga,Spain,2024,2024-25,29,36,2353,6,8,14,0.229,0.306,0.535,38,1.84,68.8,0.622222222,0.533333333,62.22,53.33,57.78,17,68,1442
643574,Kaishu Sano,Midfield,Defensive Midfield,Japan,39,1.FSV Mainz 05,L1,bundesliga,Germany,2024,2024-25,24,34,3044,0,0,0,0,0,0,34,1.53,99.48,0,1,0,100,50,23,68,1990
434224,Maxence Lacroix,Defender,Centre-Back,France,873,Crystal Palace,GB1,premier-league,England,2024,2024-25,25,35,3119,1,1,2,0.029,0.029,0.058,38,1.39,91.2,0.347826087,0.797101449,34.78,79.71,57.25,28,68,1474
849520,Santiago Castro,Attack,Centre-Forward,Argentina,1025,Bologna Football Club 1909,IT1,serie-a,Italy,2024,2024-25,20,36,2302,8,5,13,0.313,0.195,0.508,38,1.63,67.31,0.628571429,0.457142857,62.86,45.71,54.29,17,68,1687
648779,Wilfried Singo,Defender,Right-Back,Cote d'Ivoire,162,AS Monaco,FR1,ligue-1,France,2024,2024-25,24,27,2093,1,2,3,0.043,0.086,0.129,34,1.79,68.4,0.627118644,0.322033898,62.71,32.2,47.46,29,68,2144
890290,Dean Huijsen,Defender,Centre-Back,Spain,989,AFC Bournemouth,GB1,premier-league,England,2024,2024-25,20,32,2422,3,2,5,0.111,0.074,0.186,38,1.47,70.82,0.811594203,0.31884058,81.16,31.88,56.52,29,69,1528
161869,Djibril Sidibé,Defender,Right-Back,France,415,FC Toulouse,FR1,ligue-1,France,2024,2024-25,32,28,2105,0,3,3,0,0.128,0.128,34,1.24,68.79,0.610169492,0.338983051,61.02,33.9,47.46,30,69,2145
580195,Jamal Musiala,Midfield,Attacking Midfield,Germany,27,Bayern Munich,L1,bundesliga,Germany,2024,2024-25,22,25,1805,12,4,16,0.598,0.199,0.798,34,2.41,58.99,0.973684211,0,97.37,0,48.68,24,69,2047
588426,Saúl Coco,Defender,Centre-Back,Equatorial Guinea,416,Torino FC,IT1,serie-a,Italy,2024,2024-25,26,32,2848,2,0,2,0.063,0,0.063,38,1.16,83.27,0.385714286,0.7,38.57,70,54.29,32,69,1688
543537,Seydouba Cissé,Midfield,Central Midfield,Guinea,1244,CD Leganés,ES1,laliga,Spain,2024,2024-25,24,34,2452,3,1,4,0.11,0.037,0.147,38,1.05,71.7,0.52173913,0.630434783,52.17,63.04,57.61,18,69,1454
474800,Facundo Medina,Defender,Centre-Back,Argentina,826,RC Lens,FR1,ligue-1,France,2024,2024-25,26,29,2549,0,1,1,0,0.035,0.035,34,1.53,83.3,0.169491525,0.762711864,16.95,76.27,46.61,31,70,2197
126414,Hakan Çalhanoğlu,Midfield,Defensive Midfield,Türkiye,46,Inter Milan,IT1,serie-a,Italy,2024,2024-25,31,29,1963,5,6,11,0.229,0.275,0.504,38,2.13,57.4,0.960784314,0.117647059,96.08,11.76,53.92,21,70,1711
372712,Ibrahima Sissoko,Midfield,Defensive Midfield,Mali,80,VfL Bochum,L1,bundesliga,Germany,2024,2024-25,27,32,2624,2,1,3,0.069,0.034,0.103,34,0.74,85.75,0.289473684,0.684210526,28.95,68.42,48.68,25,70,2050
525578,Pathé Ciss,Midfield,Central Midfield,Senegal,367,Rayo Vallecano,ES1,laliga,Spain,2024,2024-25,31,33,2147,4,1,5,0.168,0.042,0.21,38,1.37,62.78,0.739130435,0.391304348,73.91,39.13,56.52,19,70,1527
397033,Sandro Tonali,Midfield,Defensive Midfield,Italy,762,Newcastle United,GB1,premier-league,England,2024,2024-25,25,36,2629,4,2,6,0.137,0.068,0.205,38,1.74,76.87,0.491525424,0.627118644,49.15,62.71,55.93,24,70,1568
167329,Alassane Pléa,Attack,Centre-Forward,France,18,Borussia Mönchengladbach,L1,bundesliga,Germany,2024,2024-25,32,30,1916,11,6,17,0.517,0.282,0.799,34,1.32,62.61,0.730769231,0.230769231,73.08,23.08,48.08,15,71,2096
345911,Ladislav Krejci,Defender,Centre-Back,Czech Republic,12321,Girona FC,ES1,laliga,Spain,2024,2024-25,26,28,2439,2,1,3,0.074,0.037,0.111,38,1.08,71.32,0.705128205,0.423076923,70.51,42.31,56.41,35,71,1542
291200,Moussa Niakhaté,Defender,Centre-Back,Senegal,1041,Olympique Lyon,FR1,ligue-1,France,2024,2024-25,29,31,2725,0,0,0,0,0,0,34,1.68,89.05,0,0.93220339,0,93.22,46.61,32,71,2198
478573,Ryan Gravenberch,Midfield,Defensive Midfield,Netherlands,31,Liverpool FC,GB1,premier-league,England,2024,2024-25,23,37,3169,0,4,4,0,0.114,0.114,38,2.21,92.66,0.169491525,0.949152542,16.95,94.92,55.93,25,71,1570
186368,Valentino Lazaro,Midfield,Right Midfield,Austria,416,Torino FC,IT1,serie-a,Italy,2024,2024-25,29,33,2319,0,7,7,0,0.272,0.272,38,1.16,67.81,0.705882353,0.352941176,70.59,35.29,52.94,22,71,1758
540536,Carlos Vicente,Attack,Right Winger,Spain,1108,Deportivo Alavés,ES1,laliga,Spain,2024,2024-25,26,37,3098,5,5,10,0.145,0.145,0.291,38,1.11,90.58,0.133333333,0.977777778,13.33,97.78,55.56,18,72,1600
420243,Jurriën Timber,Defender,Right-Back,Netherlands,11,Arsenal FC,GB1,premier-league,England,2024,2024-25,24,30,2423,1,3,4,0.037,0.111,0.149,38,1.95,70.85,0.782608696,0.333333333,78.26,33.33,55.8,30,72,1578
845654,Kenan Yıldız,Attack,Left Winger,Türkiye,506,Juventus FC,IT1,serie-a,Italy,2024,2024-25,20,35,2409,7,5,12,0.262,0.187,0.448,38,1.84,70.44,0.428571429,0.628571429,42.86,62.86,52.86,18,72,1763
569140,Lassine Sinayoko,Attack,Centre-Forward,Mali,290,AJ Auxerre,FR1,ligue-1,France,2024,2024-25,25,34,2307,5,9,14,0.195,0.351,0.546,34,1.24,75.39,0.481481481,0.444444444,48.15,44.44,46.3,17,72,2225
93604,Lukas Kübler,Defender,Right-Back,Germany,60,SC Freiburg,L1,bundesliga,Germany,2024,2024-25,32,28,1849,5,1,6,0.243,0.049,0.292,34,1.62,60.42,0.903225806,0.048387097,90.32,4.84,47.58,32,72,2134
422466,Javi Hernández,Defender,Left-Back,Spain,1244,CD Leganés,ES1,laliga,Spain,2024,2024-25,27,31,2391,2,1,3,0.075,0.038,0.113,38,1.05,69.91,0.717948718,0.384615385,71.79,38.46,55.13,36,73,1627
670681,João Neves,Midfield,Central Midfield,Portugal,583,Paris Saint-Germain,FR1,ligue-1,France,2024,2024-25,20,29,1851,3,8,11,0.146,0.389,0.535,34,2.47,60.49,0.921052632,0,92.11,0,46.05,24,73,2236
144028,Leandro Trossard,Attack,Left Winger,Belgium,11,Arsenal FC,GB1,premier-league,England,2024,2024-25,30,38,2551,8,8,16,0.282,0.282,0.564,38,1.95,74.59,0.511111111,0.6,51.11,60,55.56,18,73,1597
193900,Marius Wolf,Defender,Right-Back,Germany,167,FC Augsburg,L1,bundesliga,Germany,2024,2024-25,30,32,2163,1,3,4,0.042,0.125,0.166,34,1.26,70.69,0.693548387,0.258064516,69.35,25.81,47.58,33,73,2136
376514,Mathías Olivera,Defender,Left-Back,Uruguay,6195,SSC Napoli,IT1,serie-a,Italy,2024,2024-25,27,32,2372,0,3,3,0,0.114,0.114,38,2.16,69.36,0.642857143,0.4,64.29,40,52.14,33,73,1810
395695,Elisha Owusu,Midfield,Defensive Midfield,Ghana,290,AJ Auxerre,FR1,ligue-1,France,2024,2024-25,27,28,2355,1,3,4,0.038,0.115,0.153,34,1.24,76.96,0.368421053,0.552631579,36.84,55.26,46.05,25,74,2237
154147,Hauke Wahl,Defender,Centre-Back,Germany,35,FC St. Pauli,L1,bundesliga,Germany,2024,2024-25,31,33,2970,0,0,0,0,0,0,34,0.94,97.06,0,0.951612903,0,95.16,47.58,34,74,2139
345590,Jens Odgaard,Midfield,Attacking Midfield,Denmark,1025,Bologna Football Club 1909,IT1,serie-a,Italy,2024,2024-25,26,29,1968,6,3,9,0.274,0.137,0.412,38,1.63,57.54,0.901960784,0.137254902,90.2,13.73,51.96,23,74,1821
670858,Lewis Hall,Defender,Left-Back,England,762,Newcastle United,GB1,premier-league,England,2024,2024-25,20,27,2193,0,5,5,0,0.205,0.205,38,1.74,64.12,0.884057971,0.217391304,88.41,21.74,55.07,31,74,1635
730581,Loïc Badé,Defender,Centre-Back,France,368,Sevilla FC,ES1,laliga,Spain,2024,2024-25,25,32,2687,1,1,2,0.033,0.033,0.067,38,1.08,78.57,0.384615385,0.705128205,38.46,70.51,54.49,37,74,1676
646750,Cristhian Mosquera,Defender,Centre-Back,Spain,1049,Valencia CF,ES1,laliga,Spain,2024,2024-25,21,37,3320,1,0,1,0.027,0,0.027,38,1.21,97.08,0.102564103,0.987179487,10.26,98.72,54.49,38,75,1677
332560,Deiver Machado,Defender,Left-Back,Colombia,826,RC Lens,FR1,ligue-1,France,2024,2024-25,31,27,1805,1,4,5,0.05,0.199,0.249,34,1.53,58.99,0.898305085,0.016949153,89.83,1.69,45.76,33,75,2255
55735,Henrikh Mkhitaryan,Midfield,Central Midfield,Armenia,46,Inter Milan,IT1,serie-a,Italy,2024,2024-25,36,32,2412,1,5,6,0.037,0.187,0.224,38,2.13,70.53,0.549019608,0.490196078,54.9,49.02,51.96,24,75,1822
126664,Lucas Digne,Defender,Left-Back,France,405,Aston Villa,GB1,premier-league,England,2024,2024-25,31,32,2360,0,5,5,0,0.191,0.191,38,1.74,69.01,0.84057971,0.260869565,84.06,26.09,55.07,32,75,1636
282349,Timo Becker,Defender,Centre-Back,Germany,269,Holstein Kiel,L1,bundesliga,Germany,2024,2024-25,28,30,2446,0,2,2,0,0.074,0.074,34,0.74,79.93,0.403225806,0.532258065,40.32,53.23,46.77,35,75,2188
827734,Ange-Yoan Bonny,Attack,Centre-Forward,Cote d'Ivoire,130,Parma Calcio 1913,IT1,serie-a,Italy,2024,2024-25,21,37,2546,6,4,10,0.212,0.141,0.353,38,0.95,74.44,0.314285714,0.714285714,31.43,71.43,51.43,19,76,1857
357147,Diogo Dalot,Defender,Right-Back,Portugal,985,Manchester United,GB1,premier-league,England,2024,2024-25,26,33,2813,0,3,3,0,0.096,0.096,38,1.11,82.25,0.579710145,0.52173913,57.97,52.17,55.07,33,76,1637
573775,Hugo Duro,Attack,Centre-Forward,Spain,1049,Valencia CF,ES1,laliga,Spain,2024,2024-25,25,31,2172,11,3,14,0.456,0.124,0.58,38,1.21,63.51,0.711111111,0.377777778,71.11,37.78,54.44,19,76,1681
669380,Konstantinos Koulierakis,Defender,Centre-Back,Greece,82,VfL Wolfsburg,L1,bundesliga,Germany,2024,2024-25,21,30,2470,0,2,2,0,0.073,0.073,34,1.26,80.72,0.370967742,0.564516129,37.1,56.45,46.77,36,76,2189
122840,Loïc Nego,Defender,Right-Back,Hungary,738,Le Havre AC,FR1,ligue-1,France,2024,2024-25,34,31,2464,0,1,1,0,0.037,0.037,34,1,80.52,0.203389831,0.694915254,20.34,69.49,44.92,34,76,2307
197747,Alessio Romagnoli,Defender,Centre-Back,Italy,398,Società Sportiva Lazio S.p.A.,IT1,serie-a,Italy,2024,2024-25,30,32,2673,2,0,2,0.067,0,0.067,38,1.71,78.16,0.4,0.614285714,40,61.43,50.71,34,77,1912
344069,Anton Stach,Midfield,Defensive Midfield,Germany,533,TSG 1899 Hoffenheim,L1,bundesliga,Germany,2024,2024-25,26,30,2590,1,2,3,0.035,0.069,0.104,34,0.94,84.64,0.315789474,0.605263158,31.58,60.53,46.05,26,77,2238
806793,Clément Akpa,Defender,Centre-Back,Cote d'Ivoire,290,AJ Auxerre,FR1,ligue-1,France,2024,2024-25,23,31,2495,0,1,1,0,0.036,0.036,34,1.24,81.54,0.186440678,0.711864407,18.64,71.19,44.92,35,77,2308
485963,Pape Gueye,Midfield,Central Midfield,Senegal,1050,Villarreal CF,ES1,laliga,Spain,2024,2024-25,26,34,2230,4,0,4,0.161,0,0.161,38,1.84,65.2,0.586956522,0.456521739,58.7,45.65,52.17,20,77,1807
495666,William Saliba,Defender,Centre-Back,France,11,Arsenal FC,GB1,premier-league,England,2024,2024-25,24,35,3041,2,0,2,0.059,0,0.059,38,1.95,88.92,0.376811594,0.710144928,37.68,71.01,54.35,34,77,1686
250779,Brendan Chardonnet,Defender,Centre-Back,France,3911,Stade Brestois 29,FR1,ligue-1,France,2024,2024-25,30,27,2417,1,0,1,0.037,0,0.037,34,1.47,78.99,0.203389831,0.661016949,20.34,66.1,43.22,36,78,2415
119296,Emre Can,Defender,Centre-Back,Germany,16,Borussia Dortmund,L1,bundesliga,Germany,2024,2024-25,31,31,2102,3,1,4,0.128,0.043,0.171,34,1.68,68.69,0.725806452,0.193548387,72.58,19.35,45.97,37,78,2244
576314,Jan Paul van Hecke,Defender,Centre-Back,Netherlands,1237,Brighton & Hove Albion,GB1,premier-league,England,2024,2024-25,25,34,2961,1,1,2,0.03,0.03,0.061,38,1.61,86.58,0.391304348,0.666666667,39.13,66.67,52.9,35,78,1761
938729,Mikel Jauregizar,Midfield,Central Midfield,Spain,621,Athletic Bilbao,ES1,laliga,Spain,2024,2024-25,21,34,2243,2,2,4,0.08,0.08,0.16,38,1.84,65.58,0.565217391,0.47826087,56.52,47.83,52.17,21,78,1808
368482,Riccardo Orsolini,Attack,Right Winger,Italy,1025,Bologna Football Club 1909,IT1,serie-a,Italy,2024,2024-25,28,30,1886,15,5,20,0.716,0.239,0.954,38,1.63,55.15,0.971428571,0.028571429,97.14,2.86,50,20,78,1920
278359,Borja Iglesias,Attack,Centre-Forward,Spain,940,Celta de Vigo,ES1,laliga,Spain,2024,2024-25,32,37,1964,11,3,14,0.504,0.137,0.642,38,1.45,57.43,0.822222222,0.2,82.22,20,51.11,20,79,1882
239962,Denis Vavro,Defender,Centre-Back,Slovakia,82,VfL Wolfsburg,L1,bundesliga,Germany,2024,2024-25,29,29,2462,2,0,2,0.073,0,0.073,34,1.26,80.46,0.370967742,0.548387097,37.1,54.84,45.97,38,79,2246
457673,Gabriel Strefezza,Attack,Right Winger,Brazil,1047,Como 1907,IT1,serie-a,Italy,2024,2024-25,28,37,2635,6,4,10,0.205,0.137,0.342,38,1.29,77.05,0.228571429,0.771428571,22.86,77.14,50,21,79,1949
333241,Joelinton,Midfield,Central Midfield,Brazil,762,Newcastle United,GB1,premier-league,England,2024,2024-25,28,29,2404,4,3,7,0.15,0.112,0.262,38,1.74,70.29,0.559322034,0.491525424,55.93,49.15,52.54,26,79,1779
348791,Junya Ito,Attack,Right Winger,Japan,1421,Stade Reims,FR1,ligue-1,France,2024,2024-25,32,33,2702,4,5,9,0.133,0.167,0.3,34,0.97,88.3,0,0.851851852,0,85.19,42.59,18,79,2459
392516,Antonino Gallo,Defender,Left-Back,Italy,1005,US Lecce,IT1,serie-a,Italy,2024,2024-25,25,31,2615,0,2,2,0,0.069,0.069,38,0.89,76.46,0.414285714,0.571428571,41.43,57.14,49.29,35,80,2003
173504,James Tarkowski,Defender,Centre-Back,England,29,Everton FC,GB1,premier-league,England,2024,2024-25,32,33,2924,1,1,2,0.031,0.031,0.062,38,1.26,85.5,0.420289855,0.623188406,42.03,62.32,52.17,36,80,1809
910905,Mamadou Sarr,Defender,Centre-Back,Senegal,667,RC Strasbourg Alsace,FR1,ligue-1,France,2024,2024-25,19,27,2368,0,1,1,0,0.038,0.038,34,1.68,77.39,0.237288136,0.610169492,23.73,61.02,42.37,37,80,2473
388294,Omar Traoré,Defender,Right-Back,Germany,2036,1. Fußballclub Heidenheim 1846,L1,bundesliga,Germany,2024,2024-25,27,30,2622,0,1,1,0,0.034,0.034,34,0.85,85.69,0.193548387,0.725806452,19.35,72.58,45.97,39,80,2247
318523,Romain Perraud,Defender,Left-Back,France,150,Real Betis Balompié,ES1,laliga,Spain,2024,2024-25,27,28,1999,2,2,4,0.09,0.09,0.18,38,1.58,58.45,0.884615385,0.128205128,88.46,12.82,50.64,39,80,1916
569366,Enzo Millot,Midfield,Attacking Midfield,France,79,VfB Stuttgart,L1,bundesliga,Germany,2024,2024-25,22,29,1851,6,5,11,0.292,0.243,0.535,34,1.47,60.49,0.842105263,0.052631579,84.21,5.26,44.74,27,81,2315
350219,Fabián Ruiz,Midfield,Central Midfield,Spain,583,Paris Saint-Germain,FR1,ligue-1,France,2024,2024-25,29,30,1922,4,5,9,0.187,0.234,0.421,34,2.47,62.81,0.789473684,0.052631579,78.95,5.26,42.11,26,81,2488
613393,Gaetano Oristanio,Midfield,Attacking Midfield,Italy,607,Venezia FC,IT1,serie-a,Italy,2024,2024-25,22,37,2332,3,3,6,0.116,0.116,0.232,38,0.76,68.19,0.568627451,0.411764706,56.86,41.18,49.02,25,81,2021
249089,Lewis Cook,Midfield,Central Midfield,England,989,AFC Bournemouth,GB1,premier-league,England,2024,2024-25,28,36,2978,1,3,4,0.03,0.091,0.121,38,1.47,87.08,0.203389831,0.830508475,20.34,83.05,51.69,27,81,1836
351478,Mikel Oyarzabal,Attack,Centre-Forward,Spain,681,Real Sociedad,ES1,laliga,Spain,2024,2024-25,28,35,2263,9,3,12,0.358,0.119,0.477,38,1.21,66.17,0.555555556,0.444444444,55.56,44.44,50,21,81,1939
423444,Fran Beltrán,Midfield,Central Midfield,Spain,940,Celta de Vigo,ES1,laliga,Spain,2024,2024-25,26,34,2428,2,1,3,0.074,0.037,0.111,38,1.45,70.99,0.413043478,0.586956522,41.3,58.7,50,22,82,1966
735570,João Gomes,Midfield,Central Midfield,Brazil,543,Wolverhampton Wanderers,GB1,premier-league,England,2024,2024-25,24,36,2989,3,1,4,0.09,0.03,0.12,38,1.11,87.4,0.186440678,0.847457627,18.64,84.75,51.69,28,82,1837
524925,Modibo Sagnan,Defender,Centre-Back,Mali,969,Montpellier HSC,FR1,ligue-1,France,2024,2024-25,26,27,2117,2,0,2,0.085,0,0.085,34,0.47,69.18,0.457627119,0.372881356,45.76,37.29,41.53,38,82,2535
503871,Morten Frendrup,Midfield,Defensive Midfield,Denmark,252,Genoa CFC,IT1,serie-a,Italy,2024,2024-25,24,35,3107,2,0,2,0.058,0,0.058,38,1.13,90.85,0.078431373,0.901960784,7.84,90.2,49.02,26,82,2023
338668,Senne Lynen,Midfield,Defensive Midfield,Belgium,86,SV Werder Bremen,L1,bundesliga,Germany,2024,2024-25,26,32,2748,0,1,1,0,0.033,0.033,34,1.5,89.8,0.052631579,0.842105263,5.26,84.21,44.74,28,82,2319
126665,Idrissa Gueye,Midfield,Defensive Midfield,Senegal,29,Everton FC,GB1,premier-league,England,2024,2024-25,35,37,3070,0,3,3,0,0.088,0.088,38,1.26,89.77,0.13559322,0.898305085,13.56,89.83,51.69,29,83,1838
182875,Jean-Charles Castelletto,Defender,Centre-Back,Cameroon,995,FC Nantes,FR1,ligue-1,France,2024,2024-25,30,30,2622,0,0,0,0,0,0,34,1.06,85.69,0,0.813559322,0,81.36,40.68,39,83,2595
165895,Matteo Politano,Attack,Right Winger,Italy,6195,SSC Napoli,IT1,serie-a,Italy,2024,2024-25,31,37,2832,3,5,8,0.095,0.159,0.254,38,2.16,82.81,0.085714286,0.885714286,8.57,88.57,48.57,22,83,2060
388198,Nico Schlotterbeck,Defender,Centre-Back,Germany,16,Borussia Dortmund,L1,bundesliga,Germany,2024,2024-25,25,23,1984,0,4,4,0,0.181,0.181,34,1.68,64.84,0.741935484,0.14516129,74.19,14.52,44.35,40,83,2339
657430,Samú Costa,Midfield,Defensive Midfield,Portugal,237,RCD Mallorca,ES1,laliga,Spain,2024,2024-25,24,32,2655,0,2,2,0,0.068,0.068,38,1.26,77.63,0.239130435,0.760869565,23.91,76.09,50,23,83,1977
335457,Ermedin Demirovic,Attack,Centre-Forward,Bosnia-Herzegovina,79,VfB Stuttgart,L1,bundesliga,Germany,2024,2024-25,27,34,1855,15,2,17,0.728,0.097,0.825,34,1.47,60.62,0.846153846,0.038461538,84.62,3.85,44.23,16,84,2349
290017,Hassane Kamara,Defender,Left-Back,Cote d'Ivoire,410,Udinese Calcio,IT1,serie-a,Italy,2024,2024-25,31,30,2007,1,4,5,0.045,0.179,0.224,38,1.16,58.68,0.842857143,0.128571429,84.29,12.86,48.57,36,84,2061
341051,Kyle Walker-Peters,Defender,Right-Back,England,180,Southampton FC,GB1,premier-league,England,2024,2024-25,28,33,2922,0,2,2,0,0.062,0.062,38,0.32,85.44,0.420289855,0.608695652,42.03,60.87,51.45,37,84,1855
353032,Omar Alderete,Defender,Centre-Back,Paraguay,3709,Getafe CF,ES1,laliga,Spain,2024,2024-25,28,34,2978,1,0,1,0.03,0,0.03,38,1.11,87.08,0.115384615,0.884615385,11.54,88.46,50,40,84,1989
674612,Youssouf Ndayishimiye,Defender,Centre-Back,Burundi,417,OGC Nice,FR1,ligue-1,France,2024,2024-25,26,23,1934,3,0,3,0.14,0,0.14,34,1.76,63.2,0.694915254,0.101694915,69.49,10.17,39.83,40,84,2640
413403,Ezri Konsa,Defender,Centre-Back,England,405,Aston Villa,GB1,premier-league,England,2024,2024-25,27,34,2937,2,0,2,0.061,0,0.061,38,1.74,85.88,0.391304348,0.637681159,39.13,63.77,51.45,38,85,1856
397171,Gideon Mensah,Defender,Left-Back,Ghana,290,AJ Auxerre,FR1,ligue-1,France,2024,2024-25,26,29,2284,0,1,1,0,0.039,0.039,34,1.24,74.64,0.254237288,0.542372881,25.42,54.24,39.83,41,85,2643
546926,Jay Idzes,Defender,Centre-Back,Indonesia,607,Venezia FC,IT1,serie-a,Italy,2024,2024-25,25,35,3128,1,0,1,0.029,0,0.029,38,0.76,91.46,0.085714286,0.885714286,8.57,88.57,48.57,37,85,2066
689505,Johnny Cardoso,Midfield,Central Midfield,United States,150,Real Betis Balompié,ES1,laliga,Spain,2024,2024-25,23,28,2145,3,1,4,0.126,0.042,0.168,38,1.58,62.72,0.608695652,0.369565217,60.87,36.96,48.91,24,85,2028
193004,Waldemar Anton,Defender,Centre-Back,Germany,16,Borussia Dortmund,L1,bundesliga,Germany,2024,2024-25,28,26,1948,2,2,4,0.092,0.092,0.185,34,1.68,63.66,0.758064516,0.112903226,75.81,11.29,43.55,41,85,2395
931838,Hugo Larsson,Midfield,Central Midfield,Sweden,24,Eintracht Frankfurt,L1,bundesliga,Germany,2024,2024-25,21,33,2403,3,1,4,0.112,0.037,0.15,34,1.76,78.53,0.394736842,0.473684211,39.47,47.37,43.42,29,86,2401
27992,Luka Modrić,Midfield,Central Midfield,Croatia,418,Real Madrid,ES1,laliga,Spain,2024,2024-25,39,35,1820,2,6,8,0.099,0.297,0.396,38,2.21,53.22,0.956521739,0,95.65,0,47.83,25,86,2115
532775,Melvin Bard,Defender,Left-Back,France,417,OGC Nice,FR1,ligue-1,France,2024,2024-25,24,24,1941,2,1,3,0.093,0.046,0.139,34,1.76,63.43,0.661016949,0.118644068,66.1,11.86,38.98,42,86,2693
525704,Nicolò Rovella,Midfield,Defensive Midfield,Italy,398,Società Sportiva Lazio S.p.A.,IT1,serie-a,Italy,2024,2024-25,23,33,2727,0,3,3,0,0.099,0.099,38,1.71,79.74,0.235294118,0.725490196,23.53,72.55,48.04,27,86,2098
206040,Raúl Jiménez,Attack,Centre-Forward,Mexico,931,Fulham FC,GB1,premier-league,England,2024,2024-25,34,38,2507,12,3,15,0.431,0.108,0.538,38,1.42,73.3,0.466666667,0.555555556,46.67,55.56,51.11,19,86,1883
199248,Bryan Cristante,Midfield,Defensive Midfield,Italy,12,Associazione Sportiva Roma,IT1,serie-a,Italy,2024,2024-25,30,30,2047,4,3,7,0.176,0.132,0.308,38,1.82,59.85,0.745098039,0.196078431,74.51,19.61,47.06,28,87,2171
181378,Gaëtan Laborde,Attack,Centre-Forward,France,417,OGC Nice,FR1,ligue-1,France,2024,2024-25,31,28,1839,11,4,15,0.538,0.196,0.734,34,1.76,60.1,0.777777778,0,77.78,0,38.89,19,87,2696
610849,Liam Delap,Attack,Centre-Forward,England,677,Ipswich Town,GB1,premier-league,England,2024,2024-25,22,37,2616,12,2,14,0.413,0.069,0.482,38,0.58,76.49,0.288888889,0.733333333,28.89,73.33,51.11,20,87,1884
569384,Lucien Agoumé,Midfield,Defensive Midfield,France,368,Sevilla FC,ES1,laliga,Spain,2024,2024-25,23,35,2117,1,3,4,0.043,0.128,0.17,38,1.08,61.9,0.630434783,0.326086957,63.04,32.61,47.83,26,87,2116
503482,Min-jae Kim,Defender,Centre-Back,"Korea, South",27,Bayern Munich,L1,bundesliga,Germany,2024,2024-25,28,27,2289,2,0,2,0.079,0,0.079,34,2.41,74.8,0.435483871,0.419354839,43.55,41.94,42.74,42,87,2448
173859,Davide Zappacosta,Midfield,Right Midfield,Italy,800,Atalanta BC,IT1,serie-a,Italy,2024,2024-25,33,30,2076,4,3,7,0.173,0.13,0.303,38,1.95,60.7,0.725490196,0.215686275,72.55,21.57,47.06,29,88,2172
118847,Dominik Kohr,Defender,Centre-Back,Germany,39,1.FSV Mainz 05,L1,bundesliga,Germany,2024,2024-25,31,28,2305,2,0,2,0.078,0,0.078,34,1.53,75.33,0.419354839,0.435483871,41.94,43.55,42.74,43,88,2449
197838,Jamie Vardy,Attack,Centre-Forward,England,1003,Leicester City,GB1,premier-league,England,2024,2024-25,38,35,2839,9,4,13,0.285,0.127,0.412,38,0.66,83.01,0.177777778,0.844444444,17.78,84.44,51.11,21,88,1885
278837,Luis Rioja,Attack,Right Winger,Spain,1049,Valencia CF,ES1,laliga,Spain,2024,2024-25,31,36,2846,5,3,8,0.158,0.095,0.253,38,1.21,83.22,0.088888889,0.866666667,8.89,86.67,47.78,22,88,2121
242273,Pedro Chirivella,Midfield,Defensive Midfield,Spain,995,FC Nantes,FR1,ligue-1,France,2024,2024-25,28,30,2363,0,2,2,0,0.076,0.076,34,1.06,77.22,0.157894737,0.605263158,15.79,60.53,38.16,27,88,2729
99922,Marc Bartra,Defender,Centre-Back,Spain,150,Real Betis Balompié,ES1,laliga,Spain,2024,2024-25,34,25,2101,2,1,3,0.086,0.043,0.129,38,1.58,61.43,0.743589744,0.192307692,74.36,19.23,46.79,41,89,2182
340456,Noussair Mazraoui,Defender,Right-Back,Morocco,985,Manchester United,GB1,premier-league,England,2024,2024-25,27,37,2849,0,2,2,0,0.063,0.063,38,1.11,83.3,0.449275362,0.565217391,44.93,56.52,50.72,39,89,1909
538994,Pierre Ekwah,Midfield,Defensive Midfield,France,618,AS Saint-Étienne,FR1,ligue-1,France,2024,2024-25,23,29,2553,1,0,1,0.035,0,0.035,34,0.88,83.43,0.052631579,0.710526316,5.26,71.05,38.16,28,89,2730
546213,Tuta,Defender,Centre-Back,Brazil,24,Eintracht Frankfurt,L1,bundesliga,Germany,2024,2024-25,25,30,2275,2,0,2,0.079,0,0.079,34,1.76,74.35,0.435483871,0.403225806,43.55,40.32,41.94,44,89,2503
332697,Weston McKennie,Midfield,Central Midfield,United States,506,Juventus FC,IT1,serie-a,Italy,2024,2024-25,26,32,2317,2,4,6,0.078,0.155,0.233,38,1.84,67.75,0.607843137,0.333333333,60.78,33.33,47.06,30,89,2173
368891,Arthur Theate,Defender,Centre-Back,Belgium,24,Eintracht Frankfurt,L1,bundesliga,Germany,2024,2024-25,25,31,2709,0,0,0,0,0,0,34,1.76,88.53,0,0.822580645,0,82.26,41.13,45,90,2559
246291,Diego Llorente,Defender,Centre-Back,Spain,150,Real Betis Balompié,ES1,laliga,Spain,2024,2024-25,31,30,2521,2,0,2,0.071,0,0.071,38,1.58,73.71,0.397435897,0.538461538,39.74,53.85,46.79,42,90,2183
294057,James Maddison,Midfield,Attacking Midfield,England,148,Tottenham Hotspur,GB1,premier-league,England,2024,2024-25,28,31,1817,9,7,16,0.446,0.347,0.793,38,1,53.13,1,0,100,0,50,30,90,1923
344072,Kelvin Amian,Defender,Right-Back,France,995,FC Nantes,FR1,ligue-1,France,2024,2024-25,27,30,2163,1,0,1,0.042,0,0.042,34,1.06,70.69,0.288135593,0.457627119,28.81,45.76,37.29,43,90,2786
268429,Sandi Lovrić,Midfield,Central Midfield,Slovenia,410,Udinese Calcio,IT1,serie-a,Italy,2024,2024-25,27,36,2328,2,4,6,0.077,0.155,0.232,38,1.16,68.07,0.568627451,0.37254902,56.86,37.25,47.06,31,90,2174
651269,Armin Gigovic,Midfield,Central Midfield,Bosnia-Herzegovina,269,Holstein Kiel,L1,bundesliga,Germany,2024,2024-25,23,31,1905,5,2,7,0.236,0.094,0.331,34,0.74,62.25,0.710526316,0.105263158,71.05,10.53,40.79,30,91,2584
364827,Cédric Kipré,Defender,Centre-Back,Cote d'Ivoire,1421,Stade Reims,FR1,ligue-1,France,2024,2024-25,28,28,2191,0,1,1,0,0.041,0.041,34,0.97,71.6,0.271186441,0.474576271,27.12,47.46,37.29,44,91,2787
711337,Evanilson,Attack,Centre-Forward,Brazil,989,AFC Bournemouth,GB1,premier-league,England,2024,2024-25,25,31,2336,10,5,15,0.385,0.193,0.578,38,1.47,68.3,0.555555556,0.444444444,55.56,44.44,50,22,91,1929
390688,Juan Iglesias,Defender,Right-Back,Spain,3709,Getafe CF,ES1,laliga,Spain,2024,2024-25,26,37,2890,0,1,1,0,0.031,0.031,38,1.11,84.5,0.128205128,0.807692308,12.82,80.77,46.79,43,91,2184
232418,Ondrej Duda,Midfield,Central Midfield,Slovakia,276,Hellas Verona,IT1,serie-a,Italy,2024,2024-25,30,28,2403,1,4,5,0.037,0.15,0.187,38,0.97,70.26,0.490196078,0.450980392,49.02,45.1,47.06,32,91,2175
504849,Kaoru Mitoma,Attack,Left Winger,Japan,1237,Brighton & Hove Albion,GB1,premier-league,England,2024,2024-25,28,36,2609,10,4,14,0.345,0.138,0.483,38,1.61,76.29,0.311111111,0.688888889,31.11,68.89,50,23,92,1938
566615,Mikael Egill Ellertsson,Midfield,Central Midfield,Iceland,607,Venezia FC,IT1,serie-a,Italy,2024,2024-25,23,36,2480,2,2,4,0.073,0.073,0.145,38,0.76,72.51,0.411764706,0.529411765,41.18,52.94,47.06,33,92,2178
74294,Nemanja Gudelj,Midfield,Defensive Midfield,Serbia,368,Sevilla FC,ES1,laliga,Spain,2024,2024-25,33,31,2496,1,1,2,0.036,0.036,0.072,38,1.08,72.98,0.260869565,0.673913043,26.09,67.39,46.74,27,92,2190
550580,Shuto Machino,Attack,Centre-Forward,Japan,269,Holstein Kiel,L1,bundesliga,Germany,2024,2024-25,25,32,1959,11,3,14,0.505,0.138,0.643,34,0.74,64.02,0.538461538,0.269230769,53.85,26.92,40.38,17,92,2605
487469,Vitinha,Midfield,Defensive Midfield,Portugal,583,Paris Saint-Germain,FR1,ligue-1,France,2024,2024-25,25,29,2035,5,1,6,0.221,0.044,0.265,34,2.47,66.5,0.578947368,0.157894737,57.89,15.79,36.84,29,92,2808
1124005,Christantus Uche,Attack,Centre-Forward,Nigeria,3709,Getafe CF,ES1,laliga,Spain,2024,2024-25,22,33,2504,4,6,10,0.144,0.216,0.359,38,1.11,73.22,0.311111111,0.622222222,31.11,62.22,46.67,23,93,2193
357119,Ibrahima Konaté,Defender,Centre-Back,France,31,Liverpool FC,GB1,premier-league,England,2024,2024-25,26,31,2565,1,2,3,0.035,0.07,0.105,38,2.21,75,0.594202899,0.405797101,59.42,40.58,50,40,93,1968
205938,Mario Pašalić,Midfield,Central Midfield,Croatia,800,Atalanta BC,IT1,serie-a,Italy,2024,2024-25,30,34,1970,3,4,7,0.137,0.183,0.32,38,1.95,57.6,0.764705882,0.156862745,76.47,15.69,46.08,34,93,2234
139279,Nicolas Pallois,Defender,Centre-Back,France,995,FC Nantes,FR1,ligue-1,France,2024,2024-25,37,26,2020,0,2,2,0,0.089,0.089,34,1.06,66.01,0.491525424,0.237288136,49.15,23.73,36.44,45,93,2829
696164,Tim Oermann,Defender,Centre-Back,Germany,80,VfL Bochum,L1,bundesliga,Germany,2024,2024-25,21,29,2217,0,2,2,0,0.081,0.081,34,0.74,72.45,0.467741935,0.338709677,46.77,33.87,40.32,46,93,2613
227084,Benedikt Gimber,Defender,Centre-Back,Germany,2036,1. Fußballclub Heidenheim 1846,L1,bundesliga,Germany,2024,2024-25,28,32,2677,0,0,0,0,0,0,34,0.85,87.48,0,0.790322581,0,79.03,39.52,47,94,2658
53622,İlkay Gündoğan,Midfield,Central Midfield,Germany,281,Manchester City,GB1,premier-league,England,2024,2024-25,34,33,2229,1,7,8,0.04,0.283,0.323,38,1.87,65.18,0.661016949,0.322033898,66.1,32.2,49.15,31,94,2016
289257,Jon Guridi,Midfield,Central Midfield,Spain,1108,Deportivo Alavés,ES1,laliga,Spain,2024,2024-25,30,33,2097,3,1,4,0.129,0.043,0.172,38,1.11,61.32,0.652173913,0.260869565,65.22,26.09,45.65,28,94,2262
485965,Nicolas Cozza,Defender,Centre-Back,France,995,FC Nantes,FR1,ligue-1,France,2024,2024-25,26,27,2051,1,1,2,0.044,0.044,0.088,34,1.06,67.03,0.474576271,0.254237288,47.46,25.42,36.44,46,94,2830
308279,Rolando Mandragora,Midfield,Defensive Midfield,Italy,430,ACF Fiorentina,IT1,serie-a,Italy,2024,2024-25,28,29,1936,4,3,7,0.186,0.139,0.325,38,1.71,56.61,0.803921569,0.098039216,80.39,9.8,45.1,35,94,2295
536835,Amad Diallo,Attack,Right Winger,Cote d'Ivoire,985,Manchester United,GB1,premier-league,England,2024,2024-25,22,26,1903,8,8,16,0.378,0.378,0.757,38,1.11,55.64,0.911111111,0.066666667,91.11,6.67,48.89,24,95,2030
495621,Antonio Blanco,Midfield,Defensive Midfield,Spain,1108,Deportivo Alavés,ES1,laliga,Spain,2024,2024-25,24,35,2739,0,1,1,0,0.033,0.033,38,1.11,80.09,0.065217391,0.847826087,6.52,84.78,45.65,29,95,2263
315145,Azor Matusiwa,Midfield,Defensive Midfield,Netherlands,273,Stade Rennais FC,FR1,ligue-1,France,2024,2024-25,27,29,2078,1,3,4,0.043,0.13,0.173,34,1.21,67.91,0.421052632,0.289473684,42.11,28.95,35.53,30,95,2869
284010,Robin Hack,Attack,Left Winger,Germany,18,Borussia Mönchengladbach,L1,bundesliga,Germany,2024,2024-25,26,33,2188,4,8,12,0.165,0.329,0.494,34,1.32,71.5,0.307692308,0.423076923,30.77,42.31,36.54,18,95,2824
433984,Sam Beukema,Defender,Centre-Back,Netherlands,1025,Bologna Football Club 1909,IT1,serie-a,Italy,2024,2024-25,26,35,3012,0,1,1,0,0.03,0.03,38,1.63,88.07,0.1,0.8,10,80,45,38,95,2303
91845,Heung-min Son,Attack,Left Winger,"Korea, South",148,Tottenham Hotspur,GB1,premier-league,England,2024,2024-25,32,30,2117,7,10,17,0.298,0.425,0.723,38,1,61.9,0.755555556,0.222222222,75.56,22.22,48.89,25,96,2031
471055,Marvin Pieringer,Attack,Centre-Forward,Germany,2036,1. Fußballclub Heidenheim 1846,L1,bundesliga,Germany,2024,2024-25,25,31,2225,7,5,12,0.283,0.202,0.485,34,0.85,72.71,0.269230769,0.461538462,26.92,46.15,36.54,19,96,2825
265078,Patrick Cutrone,Attack,Centre-Forward,Italy,1047,Como 1907,IT1,serie-a,Italy,2024,2024-25,27,33,2056,7,5,12,0.306,0.219,0.525,38,1.29,60.12,0.657142857,0.228571429,65.71,22.86,44.29,23,96,2344
213260,Rubén García,Attack,Right Winger,Spain,331,CA Osasuna,ES1,laliga,Spain,2024,2024-25,31,36,2433,5,5,10,0.185,0.185,0.37,38,1.37,71.14,0.333333333,0.577777778,33.33,57.78,45.56,24,96,2271
661171,Willian Pacho,Defender,Centre-Back,Ecuador,583,Paris Saint-Germain,FR1,ligue-1,France,2024,2024-25,23,28,2130,0,1,1,0,0.042,0.042,34,2.47,69.61,0.288135593,0.406779661,28.81,40.68,34.75,47,96,2910
451801,Abdul Mumin,Defender,Centre-Back,Ghana,367,Rayo Vallecano,ES1,laliga,Spain,2024,2024-25,27,24,2020,2,1,3,0.089,0.045,0.134,38,1.37,59.06,0.756410256,0.141025641,75.64,14.1,44.87,44,97,2309
111038,Dennis Appiah,Defender,Right-Back,France,618,AS Saint-Étienne,FR1,ligue-1,France,2024,2024-25,33,29,2126,0,1,1,0,0.042,0.042,34,0.88,69.48,0.288135593,0.389830508,28.81,38.98,33.9,48,97,2952
392765,Emile Smith Rowe,Midfield,Attacking Midfield,England,931,Fulham FC,GB1,premier-league,England,2024,2024-25,24,34,2060,6,3,9,0.262,0.131,0.393,38,1.42,60.23,0.779661017,0.186440678,77.97,18.64,48.31,32,97,2084
421637,Frank Onyeka,Midfield,Central Midfield,Nigeria,167,FC Augsburg,L1,bundesliga,Germany,2024,2024-25,27,31,2597,0,1,1,0,0.035,0.035,34,1.26,84.87,0.078947368,0.631578947,7.89,63.16,35.53,31,97,2870
490384,Koni De Winter,Defender,Centre-Back,Belgium,252,Genoa CFC,IT1,serie-a,Italy,2024,2024-25,23,25,2133,3,0,3,0.127,0,0.127,38,1.13,62.37,0.7,0.185714286,70,18.57,44.29,39,97,2346
337333,Alex Král,Midfield,Central Midfield,Czech Republic,714,RCD Espanyol Barcelona,ES1,laliga,Spain,2024,2024-25,27,37,2711,0,1,1,0,0.033,0.033,38,1.11,79.27,0.065217391,0.826086957,6.52,82.61,44.57,30,98,2334
391065,Hamed Traoré,Attack,Left Winger,Cote d'Ivoire,290,AJ Auxerre,FR1,ligue-1,France,2024,2024-25,25,26,2108,10,2,12,0.427,0.085,0.512,34,1.24,68.89,0.333333333,0.296296296,33.33,29.63,31.48,20,98,3075
193867,Liam Henderson,Midfield,Central Midfield,Scotland,749,FC Empoli,IT1,serie-a,Italy,2024,2024-25,29,36,2347,0,4,4,0,0.153,0.153,38,0.82,68.63,0.450980392,0.431372549,45.1,43.14,44.12,36,98,2357
787151,Lukas Ullrich,Defender,Left-Back,Germany,18,Borussia Mönchengladbach,L1,bundesliga,Germany,2024,2024-25,21,26,1918,1,2,3,0.047,0.094,0.141,34,1.32,62.68,0.612903226,0.096774194,61.29,9.68,35.48,48,98,2871
51471,Mateo Kovacic,Midfield,Central Midfield,Croatia,281,Manchester City,GB1,premier-league,England,2024,2024-25,31,31,2203,6,2,8,0.245,0.082,0.327,38,1.87,64.42,0.677966102,0.288135593,67.8,28.81,48.31,33,98,2085
127187,Abdoulaye Doucouré,Midfield,Attacking Midfield,Mali,29,Everton FC,GB1,premier-league,England,2024,2024-25,32,33,2577,3,2,5,0.105,0.07,0.175,38,1.26,75.35,0.406779661,0.559322034,40.68,55.93,48.31,34,99,2086
371686,Carlens Arcus,Defender,Right-Back,Haiti,1420,Angers SCO,FR1,ligue-1,France,2024,2024-25,29,28,2055,0,1,1,0,0.044,0.044,34,1.06,67.16,0.338983051,0.271186441,33.9,27.12,30.51,49,99,3130
624690,Manu Koné,Midfield,Central Midfield,France,12,Associazione Sportiva Roma,IT1,serie-a,Italy,2024,2024-25,24,34,2578,2,1,3,0.07,0.035,0.105,38,1.82,75.38,0.274509804,0.607843137,27.45,60.78,44.12,37,99,2359
192635,Nico Elvedi,Defender,Centre-Back,Switzerland,18,Borussia Mönchengladbach,L1,bundesliga,Germany,2024,2024-25,28,25,2136,1,1,2,0.042,0.042,0.084,34,1.32,69.8,0.483870968,0.225806452,48.39,22.58,35.48,49,99,2872
199369,Sandro Ramírez,Attack,Centre-Forward,Spain,472,UD Las Palmas,ES1,laliga,Spain,2024,2024-25,29,31,2046,9,3,12,0.396,0.132,0.528,38,0.84,59.82,0.6,0.288888889,60,28.89,44.44,25,99,2336
711976,Andy Diouf,Midfield,Central Midfield,France,826,RC Lens,FR1,ligue-1,France,2024,2024-25,22,34,2234,1,2,3,0.04,0.081,0.121,34,1.53,73.01,0.210526316,0.368421053,21.05,36.84,28.95,31,100,3198
182904,Clément Lenglet,Defender,Centre-Back,France,13,Atlético de Madrid,ES1,laliga,Spain,2024,2024-25,30,23,1976,2,1,3,0.091,0.046,0.137,38,2,57.78,0.782051282,0.08974359,78.21,8.97,43.59,45,100,2388
391004,Jonas Wind,Attack,Centre-Forward,Denmark,82,VfL Wolfsburg,L1,bundesliga,Germany,2024,2024-25,26,31,1971,9,3,12,0.411,0.137,0.548,34,1.26,64.41,0.384615385,0.307692308,38.46,30.77,34.62,20,100,2918
741238,Omari Hutchinson,Midfield,Attacking Midfield,England,677,Ipswich Town,GB1,premier-league,England,2024,2024-25,21,31,2593,3,2,5,0.104,0.069,0.174,38,0.58,75.82,0.389830508,0.576271186,38.98,57.63,48.31,35,100,2087
360518,Teun Koopmeiners,Midfield,Defensive Midfield,Netherlands,506,Juventus FC,IT1,serie-a,Italy,2024,2024-25,27,28,1996,3,3,6,0.135,0.135,0.271,38,1.84,58.36,0.68627451,0.176470588,68.63,17.65,43.14,38,100,2421
671915,Enzo Barrenechea,Midfield,Defensive Midfield,Argentina,1049,Valencia CF,ES1,laliga,Spain,2024,2024-25,24,30,2206,1,2,3,0.041,0.082,0.122,38,1.21,64.5,0.434782609,0.434782609,43.48,43.48,43.48,31,101,2399
504153,Joe Scally,Defender,Right-Back,United States,18,Borussia Mönchengladbach,L1,bundesliga,Germany,2024,2024-25,22,32,2588,0,0,0,0,0,0,34,1.32,84.58,0,0.677419355,0,67.74,33.87,50,101,2957
776890,Nicolas Jackson,Attack,Centre-Forward,Senegal,631,Chelsea FC,GB1,premier-league,England,2024,2024-25,24,30,2240,10,5,15,0.402,0.201,0.603,38,1.82,65.5,0.6,0.355555556,60,35.56,47.78,26,101,2120
467992,Samuele Ricci,Midfield,Defensive Midfield,Italy,416,Torino FC,IT1,serie-a,Italy,2024,2024-25,23,34,2839,1,1,2,0.032,0.032,0.063,38,1.16,83.01,0.098039216,0.764705882,9.8,76.47,43.14,39,101,2423
100986,Thomas Meunier,Defender,Right-Back,Belgium,1082,LOSC Lille,FR1,ligue-1,France,2024,2024-25,33,30,1925,2,0,2,0.094,0,0.094,34,1.76,62.91,0.508474576,0.06779661,50.85,6.78,28.81,50,101,3208
258039,Aurélio Buta,Defender,Right-Back,Portugal,1421,Stade Reims,FR1,ligue-1,France,2024,2024-25,28,27,1977,0,1,1,0,0.046,0.046,34,0.97,64.61,0.389830508,0.186440678,38.98,18.64,28.81,51,102,3209
470607,Brennan Johnson,Attack,Right Winger,Wales,148,Tottenham Hotspur,GB1,premier-league,England,2024,2024-25,24,33,2179,11,5,16,0.454,0.207,0.661,38,1,63.71,0.666666667,0.266666667,66.67,26.67,46.67,27,102,2192
365108,Dan Ndoye,Attack,Right Winger,Switzerland,1025,Bologna Football Club 1909,IT1,serie-a,Italy,2024,2024-25,24,30,2151,8,4,12,0.335,0.167,0.502,38,1.63,62.89,0.571428571,0.285714286,57.14,28.57,42.86,24,102,2433
505653,Fábio Silva,Attack,Centre-Forward,Portugal,472,UD Las Palmas,ES1,laliga,Spain,2024,2024-25,22,24,1878,10,3,13,0.479,0.144,0.623,38,0.84,54.91,0.8,0.066666667,80,6.67,43.33,26,102,2403
448258,Josha Vagnoman,Defender,Right-Back,Germany,79,VfB Stuttgart,L1,bundesliga,Germany,2024,2024-25,24,26,1835,1,2,3,0.049,0.098,0.147,34,1.47,59.97,0.629032258,0.032258065,62.9,3.23,33.06,51,102,2991
626913,Boulaye Dia,Attack,Centre-Forward,Senegal,398,Società Sportiva Lazio S.p.A.,IT1,serie-a,Italy,2024,2024-25,28,35,2193,9,3,12,0.369,0.123,0.492,38,1.71,64.12,0.542857143,0.314285714,54.29,31.43,42.86,25,103,2434
413262,Dani Raba,Attack,Second Striker,Spain,1244,CD Leganés,ES1,laliga,Spain,2024,2024-25,29,29,1890,8,5,13,0.381,0.238,0.619,38,1.05,55.26,0.777777778,0.088888889,77.78,8.89,43.33,27,103,2404
289432,Dylan Batubinsika,Defender,Centre-Back,DR Congo,618,AS Saint-Étienne,FR1,ligue-1,France,2024,2024-25,29,25,2017,1,0,1,0.045,0,0.045,34,0.88,65.92,0.355932203,0.220338983,35.59,22.03,28.81,52,103,3210
435796,Kilian Fischer,Defender,Right-Back,Germany,82,VfL Wolfsburg,L1,bundesliga,Germany,2024,2024-25,24,32,2307,1,0,1,0.039,0,0.039,34,1.26,75.39,0.209677419,0.451612903,20.97,45.16,33.06,52,103,2994
399434,Marcus Tavernier,Midfield,Attacking Midfield,England,989,AFC Bournemouth,GB1,premier-league,England,2024,2024-25,26,29,1940,3,6,9,0.139,0.278,0.418,38,1.47,56.73,0.847457627,0.06779661,84.75,6.78,45.76,36,103,2254
257062,Álvaro García,Attack,Left Winger,Spain,367,Rayo Vallecano,ES1,laliga,Spain,2024,2024-25,32,36,2565,4,5,9,0.14,0.175,0.316,38,1.37,75,0.155555556,0.711111111,15.56,71.11,43.33,28,104,2408
32113,Armando Izzo,Defender,Centre-Back,Italy,2919,AC Monza,IT1,serie-a,Italy,2024,2024-25,33,30,2439,1,1,2,0.037,0.037,0.074,38,0.47,71.32,0.428571429,0.428571429,42.86,42.86,42.86,40,104,2440
973085,Carlos Baleba,Midfield,Defensive Midfield,Cameroon,1237,Brighton & Hove Albion,GB1,premier-league,England,2024,2024-25,21,34,2673,3,1,4,0.101,0.034,0.135,38,1.61,78.16,0.254237288,0.661016949,25.42,66.1,45.76,37,104,2256
290587,Ellyes Skhiri,Midfield,Defensive Midfield,Tunisia,24,Eintracht Frankfurt,L1,bundesliga,Germany,2024,2024-25,30,30,2234,1,2,3,0.04,0.081,0.121,34,1.76,73.01,0.342105263,0.263157895,34.21,26.32,30.26,32,104,3135
639712,Étienne Youté Kinkoué,Defender,Centre-Back,France,738,Le Havre AC,FR1,ligue-1,France,2024,2024-25,23,28,2320,0,0,0,0,0,0,34,1,75.82,0,0.576271186,0,57.63,28.81,53,104,3211
375382,André Almeida,Midfield,Attacking Midfield,Portugal,1049,Valencia CF,ES1,laliga,Spain,2024,2024-25,25,34,1988,0,4,4,0,0.181,0.181,38,1.21,58.13,0.673913043,0.173913043,67.39,17.39,42.39,32,105,2468
626724,João Pedro,Attack,Centre-Forward,Brazil,1237,Brighton & Hove Albion,GB1,premier-league,England,2024,2024-25,23,27,1953,10,6,16,0.461,0.276,0.737,38,1.61,57.11,0.8,0.111111111,80,11.11,45.56,28,105,2270
872171,Lucas Beraldo,Defender,Centre-Back,Brazil,583,Paris Saint-Germain,FR1,ligue-1,France,2024,2024-25,21,25,2011,1,0,1,0.045,0,0.045,34,2.47,65.72,0.355932203,0.203389831,35.59,20.34,27.97,54,105,3251
592534,Nicolai Remberg,Midfield,Defensive Midfield,Germany,269,Holstein Kiel,L1,bundesliga,Germany,2024,2024-25,25,32,2412,0,1,1,0,0.037,0.037,34,0.74,78.82,0.105263158,0.5,10.53,50,30.26,33,105,3136
574671,Strahinja Pavlović,Defender,Centre-Back,Serbia,5,AC Milan,IT1,serie-a,Italy,2024,2024-25,24,24,1864,2,2,4,0.097,0.097,0.193,38,1.66,54.5,0.8,0.042857143,80,4.29,42.14,41,105,2485
286949,Adam Masina,Defender,Centre-Back,Morocco,416,Torino FC,IT1,serie-a,Italy,2024,2024-25,31,28,1918,1,3,4,0.047,0.141,0.188,38,1.16,56.08,0.771428571,0.071428571,77.14,7.14,42.14,42,106,2486
591916,Aitor Paredes,Defender,Centre-Back,Spain,621,Athletic Bilbao,ES1,laliga,Spain,2024,2024-25,25,23,1814,3,0,3,0.149,0,0.149,38,1.84,53.04,0.833333333,0.012820513,83.33,1.28,42.31,46,106,2477
203394,Andreas Pereira,Midfield,Central Midfield,Brazil,931,Fulham FC,GB1,premier-league,England,2024,2024-25,29,33,2026,2,6,8,0.089,0.267,0.355,38,1.42,59.24,0.728813559,0.169491525,72.88,16.95,44.92,38,106,2304
564545,Edmond Tapsoba,Defender,Centre-Back,Burkina Faso,15,Bayer 04 Leverkusen,L1,bundesliga,Germany,2024,2024-25,26,29,2511,0,0,0,0,0,0,34,2.03,82.06,0,0.596774194,0,59.68,29.84,53,106,3156
393238,Zakaria Aboukhlal,Attack,Right Winger,Morocco,415,FC Toulouse,FR1,ligue-1,France,2024,2024-25,25,26,1910,7,4,11,0.33,0.188,0.518,34,1.24,62.42,0.37037037,0.185185185,37.04,18.52,27.78,21,106,3255
14086,Ashley Young,Defender,Right-Back,England,29,Everton FC,GB1,premier-league,England,2024,2024-25,39,32,1870,1,3,4,0.048,0.144,0.193,38,1.26,54.68,0.855072464,0.028985507,85.51,2.9,44.2,41,107,2350
241307,Finn Porath,Midfield,Right Midfield,Germany,269,Holstein Kiel,L1,bundesliga,Germany,2024,2024-25,28,31,1970,2,2,4,0.091,0.091,0.183,34,0.74,64.38,0.447368421,0.131578947,44.74,13.16,28.95,34,107,3197
249730,Guillermo Maripán,Defender,Centre-Back,Chile,416,Torino FC,IT1,serie-a,Italy,2024,2024-25,31,28,2341,1,1,2,0.038,0.038,0.077,38,1.16,68.45,0.442857143,0.385714286,44.29,38.57,41.43,43,107,2540
661145,Jon Aramburu,Defender,Right-Back,Venezuela,681,Real Sociedad,ES1,laliga,Spain,2024,2024-25,22,35,2462,1,1,2,0.037,0.037,0.073,38,1.21,71.99,0.41025641,0.435897436,41.03,43.59,42.31,47,107,2478
463613,Yann Gboho,Attack,Left Winger,France,415,FC Toulouse,FR1,ligue-1,France,2024,2024-25,24,31,2342,5,4,9,0.192,0.154,0.346,34,1.24,76.54,0.037037037,0.518518519,3.7,51.85,27.78,22,107,3257
659089,Ilya Zabarnyi,Defender,Centre-Back,Ukraine,989,AFC Bournemouth,GB1,premier-league,England,2024,2024-25,22,36,3114,0,1,1,0,0.029,0.029,38,1.47,91.05,0.101449275,0.782608696,10.14,78.26,44.2,42,108,2351
564305,Michel Adopo,Midfield,Central Midfield,France,1390,Cagliari Calcio,IT1,serie-a,Italy,2024,2024-25,24,35,2417,1,2,3,0.037,0.074,0.112,38,0.95,70.67,0.31372549,0.509803922,31.37,50.98,41.18,40,108,2549
119037,Philipp Hofmann,Attack,Centre-Forward,Germany,80,VfL Bochum,L1,bundesliga,Germany,2024,2024-25,32,32,2288,3,4,7,0.118,0.157,0.275,34,0.74,74.77,0.038461538,0.5,3.85,50,26.92,21,108,3297
667967,Yassine Kechta,Midfield,Central Midfield,Morocco,738,Le Havre AC,FR1,ligue-1,France,2024,2024-25,23,31,2111,2,1,3,0.085,0.043,0.128,34,1,68.99,0.236842105,0.315789474,23.68,31.58,27.63,32,108,3264
568157,Yéremy Pino,Attack,Right Winger,Spain,1050,Villarreal CF,ES1,laliga,Spain,2024,2024-25,22,34,1950,4,8,12,0.185,0.369,0.554,38,1.84,57.02,0.666666667,0.177777778,66.67,17.78,42.22,29,108,2482
733576,Alberto Moleiro,Attack,Left Winger,Spain,472,UD Las Palmas,ES1,laliga,Spain,2024,2024-25,21,35,2728,6,1,7,0.198,0.033,0.231,38,0.84,79.77,0.044444444,0.8,4.44,80,42.22,30,109,2483
875332,Arthur Chaves,Defender,Centre-Back,Brazil,533,TSG 1899 Hoffenheim,L1,bundesliga,Germany,2024,2024-25,24,26,2187,1,0,1,0.041,0,0.041,34,0.94,71.47,0.225806452,0.290322581,22.58,29.03,25.81,54,109,3338
474662,Hugo Magnetti,Midfield,Central Midfield,France,3911,Stade Brestois 29,FR1,ligue-1,France,2024,2024-25,27,32,2331,1,0,1,0.039,0,0.039,34,1.47,76.18,0.078947368,0.447368421,7.89,44.74,26.32,33,109,3321
473050,Kevin Schade,Attack,Left Winger,Germany,1148,Brentford FC,GB1,premier-league,England,2024,2024-25,23,38,2301,11,2,13,0.43,0.078,0.508,38,1.47,67.28,0.444444444,0.422222222,44.44,42.22,43.33,29,109,2405
386552,Lassana Coulibaly,Midfield,Central Midfield,Mali,1005,US Lecce,IT1,serie-a,Italy,2024,2024-25,29,38,2673,1,1,2,0.034,0.034,0.067,38,0.89,78.16,0.117647059,0.68627451,11.76,68.63,40.2,41,109,2621
552057,Adam Hlozek,Attack,Centre-Forward,Czech Republic,533,TSG 1899 Hoffenheim,L1,bundesliga,Germany,2024,2024-25,22,27,1875,8,3,11,0.384,0.144,0.528,34,0.94,61.27,0.346153846,0.153846154,34.62,15.38,25,22,110,3364
129444,David López,Defender,Centre-Back,Spain,12321,Girona FC,ES1,laliga,Spain,2024,2024-25,35,29,2431,1,1,2,0.037,0.037,0.074,38,1.08,71.08,0.423076923,0.41025641,42.31,41.03,41.67,48,110,2528
763182,Josué Casimir,Attack,Right Winger,Haiti,738,Le Havre AC,FR1,ligue-1,France,2024,2024-25,23,27,2006,4,6,10,0.179,0.269,0.449,34,1,65.56,0.296296296,0.222222222,29.63,22.22,25.93,23,110,3334
618341,Mario Gila,Defender,Centre-Back,Spain,398,Società Sportiva Lazio S.p.A.,IT1,serie-a,Italy,2024,2024-25,24,32,2743,1,0,1,0.033,0,0.033,38,1.71,80.2,0.114285714,0.685714286,11.43,68.57,40,44,110,2635
171679,Matt Doherty,Defender,Right-Back,Ireland,543,Wolverhampton Wanderers,GB1,premier-league,England,2024,2024-25,33,30,2112,2,1,3,0.085,0.043,0.128,38,1.11,61.75,0.68115942,0.173913043,68.12,17.39,42.75,43,110,2445
451906,David Nemeth,Defender,Centre-Back,Austria,35,FC St. Pauli,L1,bundesliga,Germany,2024,2024-25,24,24,2142,0,1,1,0,0.042,0.042,34,0.94,70,0.241935484,0.241935484,24.19,24.19,24.19,55,111,3402
181778,Emerson,Defender,Left-Back,Italy,379,West Ham United,GB1,premier-league,England,2024,2024-25,30,31,2125,2,1,3,0.085,0.042,0.127,38,1.13,62.13,0.666666667,0.188405797,66.67,18.84,42.75,44,111,2446
711625,José Ángel Carmona,Defender,Right-Back,Spain,368,Sevilla FC,ES1,laliga,Spain,2024,2024-25,23,35,2954,0,0,0,0,0,0,38,1.08,86.37,0,0.833333333,0,83.33,41.67,49,111,2531
538918,Sebastiano Esposito,Attack,Second Striker,Italy,749,FC Empoli,IT1,serie-a,Italy,2024,2024-25,22,33,2344,8,1,9,0.307,0.038,0.346,38,0.82,68.54,0.257142857,0.514285714,25.71,51.43,38.57,26,111,2710
165793,Takumi Minamino,Attack,Left Winger,Japan,162,AS Monaco,FR1,ligue-1,France,2024,2024-25,30,31,2245,6,3,9,0.241,0.12,0.361,34,1.79,73.37,0.111111111,0.407407407,11.11,40.74,25.93,24,111,3335
243028,Jan Bednarek,Defender,Centre-Back,Poland,180,Southampton FC,GB1,premier-league,England,2024,2024-25,29,30,2535,2,0,2,0.071,0,0.071,38,0.32,74.12,0.463768116,0.391304348,46.38,39.13,42.75,45,112,2447
575998,Leonardo Balerdi,Defender,Centre-Back,Argentina,244,Olympique Marseille,FR1,ligue-1,France,2024,2024-25,26,27,2276,0,0,0,0,0,0,34,1.91,74.38,0,0.508474576,0,50.85,25.42,55,112,3358
162434,Niklas Stark,Defender,Centre-Back,Germany,86,SV Werder Bremen,L1,bundesliga,Germany,2024,2024-25,30,26,2111,0,1,1,0,0.043,0.043,34,1.5,68.99,0.258064516,0.209677419,25.81,20.97,23.39,56,112,3431
469669,Yvan Neyou,Midfield,Defensive Midfield,Cameroon,1244,CD Leganés,ES1,laliga,Spain,2024,2024-25,28,30,2322,1,1,2,0.039,0.039,0.078,38,1.05,67.89,0.282608696,0.543478261,28.26,54.35,41.3,33,112,2544
251075,Zeki Çelik,Defender,Right-Back,Türkiye,12,Associazione Sportiva Roma,IT1,serie-a,Italy,2024,2024-25,28,31,2262,0,2,2,0,0.08,0.08,38,1.82,66.14,0.457142857,0.314285714,45.71,31.43,38.57,45,112,2711
509022,Federico Gatti,Defender,Centre-Back,Italy,506,Juventus FC,IT1,serie-a,Italy,2024,2024-25,27,30,2199,1,1,2,0.041,0.041,0.082,38,1.84,64.3,0.471428571,0.271428571,47.14,27.14,37.14,46,113,2798
443331,Patrick Osterhage,Midfield,Defensive Midfield,Germany,60,SC Freiburg,L1,bundesliga,Germany,2024,2024-25,25,30,2273,1,0,1,0.04,0,0.04,34,1.62,74.28,0.157894737,0.289473684,15.79,28.95,22.37,35,113,3463
412363,Rodrygo,Attack,Right Winger,Brazil,418,Real Madrid,ES1,laliga,Spain,2024,2024-25,24,30,1938,6,6,12,0.279,0.279,0.557,38,2.21,56.67,0.688888889,0.133333333,68.89,13.33,41.11,31,113,2562
810092,Warren Zaïre-Emery,Midfield,Central Midfield,France,583,Paris Saint-Germain,FR1,ligue-1,France,2024,2024-25,19,29,2052,1,2,3,0.044,0.088,0.132,34,2.47,67.06,0.289473684,0.210526316,28.95,21.05,25,34,113,3373
274839,Wilfred Ndidi,Midfield,Defensive Midfield,Nigeria,1003,Leicester City,GB1,premier-league,England,2024,2024-25,28,28,2337,0,5,5,0,0.193,0.193,38,0.66,68.33,0.440677966,0.406779661,44.07,40.68,42.37,39,113,2471
461883,Calvin Bassey,Defender,Centre-Back,Nigeria,931,Fulham FC,GB1,premier-league,England,2024,2024-25,25,35,3074,1,0,1,0.029,0,0.029,38,1.42,89.88,0.101449275,0.739130435,10.14,73.91,42.03,46,114,2494
504209,Gianluca Busio,Midfield,Central Midfield,United States,607,Venezia FC,IT1,serie-a,Italy,2024,2024-25,23,33,2527,2,0,2,0.071,0,0.071,38,0.76,73.89,0.137254902,0.588235294,13.73,58.82,36.27,42,114,2834
585973,Johann Lepenant,Midfield,Defensive Midfield,France,995,FC Nantes,FR1,ligue-1,France,2024,2024-25,22,29,2054,2,1,3,0.088,0.044,0.131,34,1.06,67.12,0.263157895,0.236842105,26.32,23.68,25,35,114,3374
455181,Jorge de Frutos,Attack,Right Winger,Spain,367,Rayo Vallecano,ES1,laliga,Spain,2024,2024-25,28,36,2513,6,3,9,0.215,0.107,0.322,38,1.37,73.48,0.177777778,0.644444444,17.78,64.44,41.11,32,114,2563
374954,Kristijan Jakic,Midfield,Defensive Midfield,Croatia,167,FC Augsburg,L1,bundesliga,Germany,2024,2024-25,28,31,2308,0,1,1,0,0.039,0.039,34,1.26,75.42,0.131578947,0.315789474,13.16,31.58,22.37,36,114,3464
434675,Cody Gakpo,Attack,Left Winger,Netherlands,31,Liverpool FC,GB1,premier-league,England,2024,2024-25,26,35,1938,10,5,15,0.464,0.232,0.697,38,2.21,56.67,0.733333333,0.088888889,73.33,8.89,41.11,30,115,2560
85906,Danny da Costa,Defender,Centre-Back,Germany,39,1.FSV Mainz 05,L1,bundesliga,Germany,2024,2024-25,31,25,2010,0,1,1,0,0.045,0.045,34,1.53,65.69,0.274193548,0.161290323,27.42,16.13,21.77,57,115,3485
184892,Florian Thauvin,Attack,Right Winger,France,410,Udinese Calcio,IT1,serie-a,Italy,2024,2024-25,32,25,1972,8,3,11,0.365,0.137,0.502,38,1.16,57.66,0.571428571,0.142857143,57.14,14.29,35.71,27,115,2855
618809,Manu Sánchez,Defender,Left-Back,Spain,1108,Deportivo Alavés,ES1,laliga,Spain,2024,2024-25,24,33,2640,1,0,1,0.034,0,0.034,38,1.11,77.19,0.141025641,0.679487179,14.1,67.95,41.03,50,115,2574
1089202,Moïse Bombito,Defender,Centre-Back,Canada,417,OGC Nice,FR1,ligue-1,France,2024,2024-25,25,27,2195,0,0,0,0,0,0,34,1.76,71.73,0,0.491525424,0,49.15,24.58,56,115,3388
501418,Adrià Pedrosa,Defender,Left-Back,Spain,368,Sevilla FC,ES1,laliga,Spain,2024,2024-25,27,31,2304,1,1,2,0.039,0.039,0.078,38,1.08,67.37,0.448717949,0.358974359,44.87,35.9,40.38,51,116,2606
67063,Danny Welbeck,Attack,Centre-Forward,England,1237,Brighton & Hove Albion,GB1,premier-league,England,2024,2024-25,34,30,2121,10,4,14,0.424,0.17,0.594,38,1.61,62.02,0.577777778,0.244444444,57.78,24.44,41.11,31,116,2561
361068,Jurgen Ekkelenkamp,Midfield,Central Midfield,Netherlands,410,Udinese Calcio,IT1,serie-a,Italy,2024,2024-25,25,34,1896,3,2,5,0.142,0.095,0.237,38,1.16,55.44,0.647058824,0.058823529,64.71,5.88,35.29,43,116,2877
467434,Rocco Reitz,Midfield,Central Midfield,Germany,18,Borussia Mönchengladbach,L1,bundesliga,Germany,2024,2024-25,23,27,1841,2,1,3,0.098,0.049,0.147,34,1.32,60.16,0.368421053,0.026315789,36.84,2.63,19.74,37,116,3553
579928,Sebastian Nanasi,Attack,Left Winger,Sweden,667,RC Strasbourg Alsace,FR1,ligue-1,France,2024,2024-25,23,31,2124,6,4,10,0.254,0.169,0.424,34,1.68,69.41,0.148148148,0.333333333,14.81,33.33,24.07,25,116,3406
237662,Breel Embolo,Attack,Centre-Forward,Switzerland,162,AS Monaco,FR1,ligue-1,France,2024,2024-25,28,29,1844,6,5,11,0.293,0.244,0.537,34,1.79,60.26,0.407407407,0.037037037,40.74,3.7,22.22,26,117,3465
272278,Chris Führich,Attack,Left Winger,Germany,79,VfB Stuttgart,L1,bundesliga,Germany,2024,2024-25,27,33,1987,2,4,6,0.091,0.181,0.272,34,1.47,64.93,0,0.346153846,0,34.62,17.31,23,117,3623
193116,John McGinn,Midfield,Central Midfield,Scotland,405,Aston Villa,GB1,premier-league,England,2024,2024-25,30,34,2231,1,4,5,0.04,0.161,0.202,38,1.74,65.23,0.474576271,0.338983051,47.46,33.9,40.68,40,117,2591
323167,Matteo Gabbia,Defender,Centre-Back,Italy,5,AC Milan,IT1,serie-a,Italy,2024,2024-25,25,26,2154,2,0,2,0.084,0,0.084,38,1.66,62.98,0.485714286,0.214285714,48.57,21.43,35,47,117,2893
251876,Pablo Maffeo,Defender,Right-Back,Argentina,237,RCD Mallorca,ES1,laliga,Spain,2024,2024-25,27,30,2375,0,2,2,0,0.076,0.076,38,1.26,69.44,0.435897436,0.371794872,43.59,37.18,40.38,52,117,2607
413112,Aurélien Tchouaméni,Midfield,Defensive Midfield,France,418,Real Madrid,ES1,laliga,Spain,2024,2024-25,25,32,2692,0,0,0,0,0,0,38,2.21,78.71,0,0.804347826,0,80.43,40.22,34,118,2619
126557,Jonathan Gradit,Defender,Centre-Back,France,826,RC Lens,FR1,ligue-1,France,2024,2024-25,32,25,2116,0,0,0,0,0,0,34,1.53,69.15,0,0.355932203,0,35.59,17.8,57,118,3610
160241,Kevin Akpoguma,Defender,Centre-Back,Nigeria,533,TSG 1899 Hoffenheim,L1,bundesliga,Germany,2024,2024-25,30,32,2216,0,0,0,0,0,0,34,0.94,72.42,0,0.322580645,0,32.26,16.13,58,118,3663
444523,Lucas Paquetá,Midfield,Attacking Midfield,Brazil,379,West Ham United,GB1,premier-league,England,2024,2024-25,27,33,2385,4,0,4,0.151,0,0.151,38,1.13,69.74,0.338983051,0.457627119,33.9,45.76,39.83,41,118,2639
167491,Stefano Sabelli,Defender,Right-Back,Italy,252,Genoa CFC,IT1,serie-a,Italy,2024,2024-25,32,34,2059,0,2,2,0,0.087,0.087,38,1.13,60.2,0.514285714,0.171428571,51.43,17.14,34.29,48,118,2930
242940,Edoardo Goldaniga,Defender,Centre-Back,Italy,1047,Como 1907,IT1,serie-a,Italy,2024,2024-25,31,32,2529,1,0,1,0.036,0,0.036,38,1.29,73.95,0.185714286,0.5,18.57,50,34.29,49,119,2932
425400,Farid El Melali,Attack,Left Winger,Algeria,1420,Angers SCO,FR1,ligue-1,France,2024,2024-25,27,32,1903,2,7,9,0.095,0.331,0.426,34,1.06,62.19,0.222222222,0.111111111,22.22,11.11,16.67,27,119,3640
248999,Lucas Höler,Attack,Centre-Forward,Germany,60,SC Freiburg,L1,bundesliga,Germany,2024,2024-25,30,31,1869,6,3,9,0.289,0.144,0.433,34,1.62,61.08,0.192307692,0.115384615,19.23,11.54,15.38,24,119,3674
624942,Raúl Moro,Attack,Left Winger,Spain,366,Real Valladolid CF,ES1,laliga,Spain,2024,2024-25,22,33,2346,4,5,9,0.153,0.192,0.345,38,0.42,68.6,0.266666667,0.511111111,26.67,51.11,38.89,33,119,2699
123551,Sam Morsy,Midfield,Central Midfield,Egypt,677,Ipswich Town,GB1,premier-league,England,2024,2024-25,33,33,2757,1,1,2,0.033,0.033,0.065,38,0.58,80.61,0.101694915,0.694915254,10.17,69.49,39.83,42,119,2642
568698,Issa Soumaré,Attack,Left Winger,Senegal,738,Le Havre AC,FR1,ligue-1,France,2024,2024-25,24,29,1904,5,4,9,0.236,0.189,0.425,34,1,62.22,0.185185185,0.148148148,18.52,14.81,16.67,28,120,3641
493702,Mattia Viti,Defender,Centre-Back,Italy,749,FC Empoli,IT1,serie-a,Italy,2024,2024-25,23,30,2577,1,0,1,0.035,0,0.035,38,0.82,75.35,0.142857143,0.542857143,14.29,54.29,34.29,50,120,2933
709187,Nico Williams,Attack,Left Winger,Spain,621,Athletic Bilbao,ES1,laliga,Spain,2024,2024-25,22,29,1998,5,5,10,0.225,0.225,0.45,38,1.84,58.42,0.488888889,0.266666667,48.89,26.67,37.78,34,120,2759
701057,Rico Lewis,Defender,Right-Back,England,281,Manchester City,GB1,premier-league,England,2024,2024-25,20,28,1893,1,2,3,0.048,0.095,0.143,38,1.87,55.35,0.739130435,0.043478261,73.91,4.35,39.13,47,120,2687
616344,Tiago Tomás,Attack,Right Winger,Portugal,82,VfL Wolfsburg,L1,bundesliga,Germany,2024,2024-25,23,32,1893,6,2,8,0.285,0.095,0.38,34,1.26,61.86,0.115384615,0.192307692,11.54,19.23,15.38,25,120,3675
178313,Jean-Eudes Aholou,Midfield,Defensive Midfield,Cote d'Ivoire,1420,Angers SCO,FR1,ligue-1,France,2024,2024-25,31,26,1978,2,0,2,0.091,0,0.091,34,1.06,64.64,0.184210526,0.078947368,18.42,7.89,13.16,36,121,3736
413565,Jhon Lucumí,Defender,Centre-Back,Colombia,1025,Bologna Football Club 1909,IT1,serie-a,Italy,2024,2024-25,27,32,2613,0,1,1,0,0.034,0.034,38,1.63,76.4,0.128571429,0.557142857,12.86,55.71,34.29,51,121,2934
585700,Juan Cruz,Attack,Left Winger,Spain,1244,CD Leganés,ES1,laliga,Spain,2024,2024-25,25,34,2265,5,4,9,0.199,0.159,0.358,38,1.05,66.23,0.288888889,0.466666667,28.89,46.67,37.78,35,121,2760
215599,Lukas Klostermann,Defender,Centre-Back,Germany,23826,RB Leipzig,L1,bundesliga,Germany,2024,2024-25,29,28,1834,1,0,1,0.049,0,0.049,34,1.5,59.93,0.290322581,0.016129032,29.03,1.61,15.32,59,121,3679
349599,Pervis Estupiñán,Defender,Left-Back,Ecuador,1237,Brighton & Hove Albion,GB1,premier-league,England,2024,2024-25,27,30,2403,1,1,2,0.037,0.037,0.075,38,1.61,70.26,0.47826087,0.304347826,47.83,30.43,39.13,48,121,2688
867688,Jack Hinshelwood,Midfield,Defensive Midfield,England,1237,Brighton & Hove Albion,GB1,premier-league,England,2024,2024-25,20,26,1848,5,3,8,0.244,0.146,0.39,38,1.61,54.04,0.762711864,0.016949153,76.27,1.69,38.98,43,122,2692
192169,Jonas Föhrenbach,Defender,Left-Back,Germany,2036,1. Fußballclub Heidenheim 1846,L1,bundesliga,Germany,2024,2024-25,29,27,1832,0,1,1,0,0.049,0.049,34,0.85,59.87,0.290322581,0,29.03,0,14.52,60,122,3703
74683,Nemanja Matić,Midfield,Defensive Midfield,Serbia,1041,Olympique Lyon,FR1,ligue-1,France,2024,2024-25,36,29,2025,0,1,1,0,0.044,0.044,34,1.68,66.18,0.105263158,0.131578947,10.53,13.16,11.84,37,122,3769
596122,Pep Chavarría,Defender,Left-Back,Spain,367,Rayo Vallecano,ES1,laliga,Spain,2024,2024-25,27,34,2583,0,1,1,0,0.035,0.035,38,1.37,75.53,0.153846154,0.58974359,15.38,58.97,37.18,53,122,2796
289446,Yerry Mina,Defender,Centre-Back,Colombia,1390,Cagliari Calcio,IT1,serie-a,Italy,2024,2024-25,30,31,2576,1,0,1,0.035,0,0.035,38,0.95,75.32,0.142857143,0.528571429,14.29,52.86,33.57,52,122,2973
654982,Bilal El Khannouss,Midfield,Attacking Midfield,Morocco,1003,Leicester City,GB1,premier-league,England,2024,2024-25,21,32,2197,2,3,5,0.082,0.123,0.205,38,0.66,64.24,0.491525424,0.271186441,49.15,27.12,38.14,44,123,2731
212723,Djibril Sow,Midfield,Central Midfield,Switzerland,368,Sevilla FC,ES1,laliga,Spain,2024,2024-25,28,30,2070,2,1,3,0.087,0.043,0.13,38,1.08,60.53,0.47826087,0.239130435,47.83,23.91,35.87,35,123,2848
624037,Joris Chotard,Midfield,Defensive Midfield,France,969,Montpellier HSC,FR1,ligue-1,France,2024,2024-25,23,26,1871,1,0,1,0.048,0,0.048,34,0.47,61.14,0.131578947,0.026315789,13.16,2.63,7.89,38,123,3838
156990,Marco Friedl,Defender,Centre-Back,Austria,86,SV Werder Bremen,L1,bundesliga,Germany,2024,2024-25,27,26,2164,0,0,0,0,0,0,34,1.5,70.72,0,0.274193548,0,27.42,13.71,61,123,3725
192735,Stanislav Lobotka,Midfield,Defensive Midfield,Slovakia,6195,SSC Napoli,IT1,serie-a,Italy,2024,2024-25,30,32,2649,0,1,1,0,0.034,0.034,38,2.16,77.46,0,0.666666667,0,66.67,33.33,44,123,2988
16136,Dante,Defender,Centre-Back,Brazil,417,OGC Nice,FR1,ligue-1,France,2024,2024-25,41,25,1967,0,0,0,0,0,0,34,1.76,64.28,0,0.152542373,0,15.25,7.63,58,124,3843
354352,Frédéric Guilbert,Defender,Right-Back,France,1005,US Lecce,IT1,serie-a,Italy,2024,2024-25,30,31,2450,0,1,1,0,0.037,0.037,38,0.89,71.64,0.214285714,0.442857143,21.43,44.29,32.86,53,124,3006
651735,Magnus Knudsen,Midfield,Central Midfield,Norway,269,Holstein Kiel,L1,bundesliga,Germany,2024,2024-25,24,31,1853,0,1,1,0,0.049,0.049,34,0.74,60.56,0.184210526,0.078947368,18.42,7.89,13.16,38,124,3737
188077,Ryan Christie,Midfield,Central Midfield,Scotland,989,AFC Bournemouth,GB1,premier-league,England,2024,2024-25,30,29,2131,2,3,5,0.084,0.127,0.211,38,1.47,62.31,0.525423729,0.220338983,52.54,22.03,37.29,45,124,2785
256267,Vedat Muriqi,Attack,Centre-Forward,Kosovo,237,RCD Mallorca,ES1,laliga,Spain,2024,2024-25,31,29,2067,7,2,9,0.305,0.087,0.392,38,1.26,60.44,0.4,0.311111111,40,31.11,35.56,36,124,2868
503733,Anthony Gordon,Attack,Left Winger,England,762,Newcastle United,GB1,premier-league,England,2024,2024-25,24,34,2446,6,6,12,0.221,0.221,0.442,38,1.74,71.52,0.2,0.533333333,20,53.33,36.67,32,125,2816
341264,Fran García,Defender,Left-Back,Spain,418,Real Madrid,ES1,laliga,Spain,2024,2024-25,25,31,2174,0,2,2,0,0.083,0.083,38,2.21,63.57,0.461538462,0.243589744,46.15,24.36,35.26,54,125,2880
127189,Geoffrey Kondogbia,Midfield,Defensive Midfield,Central African Republic,244,Olympique Marseille,FR1,ligue-1,France,2024,2024-25,32,25,2021,0,0,0,0,0,0,34,1.91,66.05,0,0.105263158,0,10.53,5.26,39,125,3880
404950,Nicolas Seiwald,Midfield,Defensive Midfield,Austria,23826,RB Leipzig,L1,bundesliga,Germany,2024,2024-25,24,30,2080,0,0,0,0,0,0,34,1.5,67.97,0,0.157894737,0,15.79,7.89,39,125,3840
906160,Saba Goglichidze,Defender,Centre-Back,Georgia,749,FC Empoli,IT1,serie-a,Italy,2024,2024-25,21,33,2547,0,1,1,0,0.035,0.035,38,0.82,74.47,0.142857143,0.514285714,14.29,51.43,32.86,54,125,3007
460651,Antoine Makoumbou,Midfield,Defensive Midfield,Congo,1390,Cagliari Calcio,IT1,serie-a,Italy,2024,2024-25,26,33,2164,0,3,3,0,0.125,0.125,38,0.95,63.27,0.352941176,0.294117647,35.29,29.41,32.35,45,126,3030
842338,Enzo Tchato,Defender,Right-Back,Cameroon,969,Montpellier HSC,FR1,ligue-1,France,2024,2024-25,22,27,1902,0,0,0,0,0,0,34,0.47,62.16,0,0.033898305,0,3.39,1.69,59,126,3913
691786,Morgan Guilavogui,Attack,Right Winger,Guinea,35,FC St. Pauli,L1,bundesliga,Germany,2024,2024-25,27,25,1817,6,2,8,0.297,0.099,0.396,34,0.94,59.38,0.153846154,0,15.38,0,7.69,26,126,3841
277137,Renato Tapia,Midfield,Defensive Midfield,Peru,1244,CD Leganés,ES1,laliga,Spain,2024,2024-25,29,34,2428,1,0,1,0.037,0,0.037,38,1.05,70.99,0.108695652,0.586956522,10.87,58.7,34.78,36,126,2907
270171,Vitaly Janelt,Midfield,Defensive Midfield,Germany,1148,Brentford FC,GB1,premier-league,England,2024,2024-25,27,32,2267,1,3,4,0.04,0.119,0.159,38,1.47,66.29,0.355932203,0.355932203,35.59,35.59,35.59,46,126,2865
602124,Alessandro Bianco,Midfield,Central Midfield,Italy,2919,AC Monza,IT1,serie-a,Italy,2024,2024-25,22,34,2608,1,0,1,0.035,0,0.035,38,0.47,76.26,0.019607843,0.62745098,1.96,62.75,32.35,46,127,3031
507344,Becir Omeragic,Defender,Centre-Back,Switzerland,969,Montpellier HSC,FR1,ligue-1,France,2024,2024-25,23,22,1803,0,0,0,0,0,0,34,0.47,58.92,0,0,0,0,0,60,127,3931
258889,Dominic Solanke,Attack,Centre-Forward,England,148,Tottenham Hotspur,GB1,premier-league,England,2024,2024-25,27,27,2206,9,3,12,0.367,0.122,0.49,38,1,64.5,0.377777778,0.333333333,37.78,33.33,35.56,33,127,2867
251303,Johannes Eggestein,Attack,Centre-Forward,Germany,35,FC St. Pauli,L1,bundesliga,Germany,2024,2024-25,27,27,1867,3,4,7,0.145,0.193,0.337,34,0.94,61.01,0.076923077,0.076923077,7.69,7.69,7.69,27,127,3842
735568,Natan,Defender,Centre-Back,Brazil,150,Real Betis Balompié,ES1,laliga,Spain,2024,2024-25,24,31,2171,1,1,2,0.041,0.041,0.083,38,1.58,63.48,0.461538462,0.230769231,46.15,23.08,34.62,55,127,2921
58995,Anthony Jung,Defender,Centre-Back,Germany,86,SV Werder Bremen,L1,bundesliga,Germany,2024,2024-25,33,28,1898,0,0,0,0,0,0,34,1.5,62.03,0,0.080645161,0,8.06,4.03,62,128,3895
340853,Javi Sánchez,Defender,Centre-Back,Spain,366,Real Valladolid CF,ES1,laliga,Spain,2024,2024-25,28,25,2031,2,0,2,0.089,0,0.089,38,0.42,59.39,0.525641026,0.153846154,52.56,15.38,33.97,56,128,2947
272812,Kingsley Ehizibue,Defender,Right-Back,Netherlands,410,Udinese Calcio,IT1,serie-a,Italy,2024,2024-25,30,33,2510,0,1,1,0,0.036,0.036,38,1.16,73.39,0.185714286,0.457142857,18.57,45.71,32.14,55,128,3045
326031,Matthijs de Ligt,Defender,Centre-Back,Netherlands,985,Manchester United,GB1,premier-league,England,2024,2024-25,25,29,2128,2,0,2,0.085,0,0.085,38,1.11,62.22,0.492753623,0.202898551,49.28,20.29,34.78,49,128,2906
118850,Ivan Ordets,Defender,Centre-Back,Ukraine,80,VfL Bochum,L1,bundesliga,Germany,2024,2024-25,32,22,1865,0,0,0,0,0,0,34,0.74,60.95,0,0.064516129,0,6.45,3.23,63,129,3906
543499,Mohammed Kudus,Attack,Right Winger,Ghana,379,West Ham United,GB1,premier-league,England,2024,2024-25,24,32,2603,5,3,8,0.173,0.104,0.277,38,1.13,76.11,0.066666667,0.622222222,6.67,62.22,34.44,34,129,2926
94005,Sead Kolasinac,Defender,Centre-Back,Bosnia-Herzegovina,800,Atalanta BC,IT1,serie-a,Italy,2024,2024-25,32,23,1910,0,2,2,0,0.094,0.094,38,1.95,55.85,0.557142857,0.057142857,55.71,5.71,30.71,56,129,3110
61812,Yuri Berchiche,Defender,Left-Back,Spain,621,Athletic Bilbao,ES1,laliga,Spain,2024,2024-25,35,30,2041,0,2,2,0,0.088,0.088,38,1.84,59.68,0.512820513,0.166666667,51.28,16.67,33.97,57,129,2948
658115,Abel Bretones,Defender,Left-Back,Spain,331,CA Osasuna,ES1,laliga,Spain,2024,2024-25,24,35,2068,2,0,2,0.087,0,0.087,38,1.37,60.47,0.487179487,0.179487179,48.72,17.95,33.33,58,130,2986
585949,Pierre Kalulu,Defender,Centre-Back,France,506,Juventus FC,IT1,serie-a,Italy,2024,2024-25,25,29,2335,1,0,1,0.039,0,0.039,38,1.84,68.27,0.228571429,0.371428571,22.86,37.14,30,57,130,3151
503981,Tino Livramento,Defender,Right-Back,England,762,Newcastle United,GB1,premier-league,England,2024,2024-25,22,37,2843,0,1,1,0,0.032,0.032,38,1.74,83.13,0.130434783,0.550724638,13.04,55.07,34.06,50,130,2944
385394,Alberto Dossena,Defender,Centre-Back,Italy,1047,Como 1907,IT1,serie-a,Italy,2024,2024-25,26,23,1831,0,2,2,0,0.098,0.098,38,1.29,53.54,0.571428571,0.014285714,57.14,1.43,29.29,58,131,3181
425334,Matty Cash,Defender,Right-Back,Poland,405,Aston Villa,GB1,premier-league,England,2024,2024-25,27,27,2077,1,1,2,0.043,0.043,0.087,38,1.74,60.73,0.52173913,0.144927536,52.17,14.49,33.33,51,131,2985
438971,Viti Rozada,Defender,Right-Back,Spain,472,UD Las Palmas,ES1,laliga,Spain,2024,2024-25,27,29,1986,0,2,2,0,0.091,0.091,38,0.84,58.07,0.551282051,0.102564103,55.13,10.26,32.69,59,131,3009
617074,Ilaix Moriba,Midfield,Central Midfield,Guinea,940,Celta de Vigo,ES1,laliga,Spain,2024,2024-25,22,33,2133,1,1,2,0.042,0.042,0.084,38,1.45,62.37,0.304347826,0.347826087,30.43,34.78,32.61,37,132,3014
160938,Marc Oliver Kempf,Defender,Centre-Back,Germany,1047,Como 1907,IT1,serie-a,Italy,2024,2024-25,30,31,2617,0,0,0,0,0,0,38,1.29,76.52,0,0.585714286,0,58.57,29.29,59,132,3183
503977,Taylor Harwood-Bellis,Defender,Centre-Back,England,180,Southampton FC,GB1,premier-league,England,2024,2024-25,23,34,2828,1,0,1,0.032,0,0.032,38,0.32,82.69,0.130434783,0.536231884,13.04,53.62,33.33,52,132,2989
559979,Abdel Abqar,Defender,Centre-Back,Morocco,1108,Deportivo Alavés,ES1,laliga,Spain,2024,2024-25,26,29,2467,0,1,1,0,0.036,0.036,38,1.11,72.13,0.166666667,0.461538462,16.67,46.15,31.41,60,133,3081
628366,Lucas Beltrán,Attack,Centre-Forward,Argentina,430,ACF Fiorentina,IT1,serie-a,Italy,2024,2024-25,24,33,1958,5,5,10,0.23,0.23,0.46,38,1.71,57.25,0.457142857,0.114285714,45.71,11.43,28.57,28,133,3222
606718,Toti,Defender,Centre-Back,Portugal,543,Wolverhampton Wanderers,GB1,premier-league,England,2024,2024-25,26,31,2615,0,1,1,0,0.034,0.034,38,1.11,76.46,0.173913043,0.47826087,17.39,47.83,32.61,53,133,3015
655488,Gabriel Martinelli,Attack,Left Winger,Brazil,11,Arsenal FC,GB1,premier-league,England,2024,2024-25,24,33,2299,8,4,12,0.313,0.157,0.47,38,1.95,67.22,0.244444444,0.4,24.44,40,32.22,35,134,3033
487843,Lorenzo Colombo,Attack,Centre-Forward,Italy,749,FC Empoli,IT1,serie-a,Italy,2024,2024-25,23,37,2240,6,2,8,0.241,0.08,0.321,38,0.82,65.5,0.2,0.371428571,20,37.14,28.57,29,134,3224
617060,Mika Mármol,Defender,Centre-Back,Spain,472,UD Las Palmas,ES1,laliga,Spain,2024,2024-25,23,30,2399,0,1,1,0,0.038,0.038,38,0.84,70.15,0.179487179,0.397435897,17.95,39.74,28.85,61,134,3204
397486,Dennis Man,Attack,Right Winger,Romania,130,Parma Calcio 1913,IT1,serie-a,Italy,2024,2024-25,26,33,1999,4,5,9,0.18,0.225,0.405,38,0.95,58.45,0.371428571,0.171428571,37.14,17.14,27.14,30,135,3288
623570,Iliman Ndiaye,Attack,Right Winger,Senegal,29,Everton FC,GB1,premier-league,England,2024,2024-25,25,33,2440,9,0,9,0.332,0,0.332,38,1.26,71.35,0.133333333,0.511111111,13.33,51.11,32.22,36,135,3034
358115,Luis Pérez,Defender,Right-Back,Spain,366,Real Valladolid CF,ES1,laliga,Spain,2024,2024-25,30,30,2558,0,0,0,0,0,0,38,0.42,74.8,0,0.576923077,0,57.69,28.85,62,135,3205
462823,Gustav Isaksen,Attack,Right Winger,Denmark,398,Società Sportiva Lazio S.p.A.,IT1,serie-a,Italy,2024,2024-25,24,37,2228,4,3,7,0.162,0.121,0.283,38,1.71,65.15,0.142857143,0.342857143,14.29,34.29,24.29,31,136,3394
362086,Isi Palazón,Attack,Second Striker,Spain,367,Rayo Vallecano,ES1,laliga,Spain,2024,2024-25,30,35,2166,4,4,8,0.166,0.166,0.332,38,1.37,63.33,0.222222222,0.333333333,22.22,33.33,27.78,37,136,3258
292808,Wout Faes,Defender,Centre-Back,Belgium,1003,Leicester City,GB1,premier-league,England,2024,2024-25,27,34,2812,1,0,1,0.032,0,0.032,38,0.66,82.22,0.130434783,0.507246377,13.04,50.72,31.88,54,136,3055
442248,Ethan Pinnock,Defender,Centre-Back,Jamaica,1148,Brentford FC,GB1,premier-league,England,2024,2024-25,32,22,1913,2,0,2,0.094,0,0.094,38,1.47,55.94,0.565217391,0.057971014,56.52,5.8,31.16,55,137,3088
746712,Pietro Comuzzo,Defender,Centre-Back,Italy,430,ACF Fiorentina,IT1,serie-a,Italy,2024,2024-25,20,33,2197,1,0,1,0.041,0,0.041,38,1.71,64.24,0.242857143,0.242857143,24.29,24.29,24.29,60,137,3395
405398,Takefusa Kubo,Attack,Right Winger,Japan,681,Real Sociedad,ES1,laliga,Spain,2024,2024-25,24,36,2381,5,0,5,0.189,0,0.189,38,1.21,69.62,0,0.555555556,0,55.56,27.78,38,137,3260
221150,Dakonam Djené,Defender,Centre-Back,Togo,3709,Getafe CF,ES1,laliga,Spain,2024,2024-25,33,31,2553,0,0,0,0,0,0,38,1.11,74.65,0,0.551282051,0,55.13,27.56,63,138,3269
836441,Gaspar,Defender,Centre-Back,Angola,1005,US Lecce,IT1,serie-a,Italy,2024,2024-25,27,24,2145,0,1,1,0,0.042,0.042,38,0.89,62.72,0.271428571,0.2,27.14,20,23.57,61,138,3424
541231,Sepp van den Berg,Defender,Centre-Back,Netherlands,1148,Brentford FC,GB1,premier-league,England,2024,2024-25,23,31,2588,0,1,1,0,0.035,0.035,38,1.47,75.67,0.188405797,0.434782609,18.84,43.48,31.16,56,138,3089
481834,Andrea Carboni,Defender,Centre-Back,Italy,2919,AC Monza,IT1,serie-a,Italy,2024,2024-25,24,26,2196,0,1,1,0,0.041,0.041,38,0.47,64.21,0.242857143,0.228571429,24.29,22.86,23.57,62,139,3425
341278,Iván Martín,Midfield,Central Midfield,Spain,12321,Girona FC,ES1,laliga,Spain,2024,2024-25,26,32,2043,1,1,2,0.044,0.044,0.088,38,1.08,59.74,0.326086957,0.217391304,32.61,21.74,27.17,38,139,3287
568693,Pape Matar Sarr,Midfield,Central Midfield,Senegal,148,Tottenham Hotspur,GB1,premier-league,England,2024,2024-25,22,36,1914,3,2,5,0.141,0.094,0.235,38,1,55.96,0.542372881,0.050847458,54.24,5.08,29.66,47,139,3159
197473,Alberto Grassi,Midfield,Defensive Midfield,Italy,749,FC Empoli,IT1,serie-a,Italy,2024,2024-25,30,28,2216,1,1,2,0.041,0.041,0.081,38,0.82,64.8,0.156862745,0.31372549,15.69,31.37,23.53,47,140,3427
170472,Dimitri Foulquier,Defender,Right-Back,Guadeloupe,1049,Valencia CF,ES1,laliga,Spain,2024,2024-25,32,32,2297,0,1,1,0,0.039,0.039,38,1.21,67.16,0.192307692,0.346153846,19.23,34.62,26.92,64,140,3301
661053,Jarrad Branthwaite,Defender,Centre-Back,England,29,Everton FC,GB1,premier-league,England,2024,2024-25,23,30,2510,0,1,1,0,0.036,0.036,38,1.26,73.39,0.202898551,0.376811594,20.29,37.68,28.99,57,140,3195
435228,Ardian Ismajli,Defender,Centre-Back,Albania,749,FC Empoli,IT1,serie-a,Italy,2024,2024-25,28,29,2510,0,0,0,0,0,0,38,0.82,73.39,0,0.457142857,0,45.71,22.86,63,141,3446
258987,Carl Starfelt,Defender,Centre-Back,Sweden,940,Celta de Vigo,ES1,laliga,Spain,2024,2024-25,30,28,2271,1,0,1,0.04,0,0.04,38,1.45,66.4,0.217948718,0.294871795,21.79,29.49,25.64,65,141,3348
309400,Kai Havertz,Attack,Centre-Forward,Germany,11,Arsenal FC,GB1,premier-league,England,2024,2024-25,26,23,1875,9,3,12,0.432,0.144,0.576,38,1.95,54.82,0.533333333,0.044444444,53.33,4.44,28.89,37,141,3200
86202,Antonio Rüdiger,Defender,Centre-Back,Germany,418,Real Madrid,ES1,laliga,Spain,2024,2024-25,32,29,2291,0,1,1,0,0.039,0.039,38,2.21,66.99,0.192307692,0.320512821,19.23,32.05,25.64,66,142,3350
668547,Máximo Perrone,Midfield,Defensive Midfield,Argentina,1047,Como 1907,IT1,serie-a,Italy,2024,2024-25,22,26,1860,0,3,3,0,0.145,0.145,38,1.29,54.39,0.411764706,0.039215686,41.18,3.92,22.55,48,142,3460
207014,Will Hughes,Midfield,Central Midfield,England,873,Crystal Palace,GB1,premier-league,England,2024,2024-25,30,33,2120,0,4,4,0,0.17,0.17,38,1.39,61.99,0.372881356,0.203389831,37.29,20.34,28.81,48,142,3206
234803,Andrew Robertson,Defender,Left-Back,Scotland,31,Liverpool FC,GB1,premier-league,England,2024,2024-25,31,33,2492,0,1,1,0,0.036,0.036,38,2.21,72.87,0.202898551,0.362318841,20.29,36.23,28.26,58,143,3240
543727,Botond Balogh,Defender,Centre-Back,Hungary,130,Parma Calcio 1913,IT1,serie-a,Italy,2024,2024-25,23,29,2053,0,1,1,0,0.044,0.044,38,0.95,60.03,0.285714286,0.157142857,28.57,15.71,22.14,64,143,3467
742201,Giuliano Simeone,Attack,Right Winger,Argentina,13,Atlético de Madrid,ES1,laliga,Spain,2024,2024-25,22,33,1941,2,6,8,0.093,0.278,0.371,38,2,56.75,0.355555556,0.155555556,35.56,15.56,25.56,39,143,3352
347253,Dany Mota,Attack,Centre-Forward,Portugal,2919,AC Monza,IT1,serie-a,Italy,2024,2024-25,27,31,2111,5,2,7,0.213,0.085,0.298,38,0.47,61.73,0.171428571,0.257142857,17.14,25.71,21.43,32,144,3492
628498,Jofre Carreras,Attack,Right Winger,Spain,714,RCD Espanyol Barcelona,ES1,laliga,Spain,2024,2024-25,24,37,2178,3,4,7,0.124,0.165,0.289,38,1.11,63.68,0.111111111,0.4,11.11,40,25.56,40,144,3353
245056,Saša Lukić,Midfield,Central Midfield,Serbia,931,Fulham FC,GB1,premier-league,England,2024,2024-25,28,30,2360,0,2,2,0,0.076,0.076,38,1.42,69.01,0.118644068,0.440677966,11.86,44.07,27.97,49,144,3250
386446,Alessandro Buongiorno,Defender,Centre-Back,Italy,6195,SSC Napoli,IT1,serie-a,Italy,2024,2024-25,26,22,1926,1,0,1,0.047,0,0.047,38,2.16,56.32,0.314285714,0.085714286,31.43,8.57,20,65,145,3541
76467,Kiko Femenía,Defender,Right-Back,Spain,1050,Villarreal CF,ES1,laliga,Spain,2024,2024-25,34,28,2229,0,1,1,0,0.04,0.04,38,1.84,65.18,0.217948718,0.269230769,21.79,26.92,24.36,67,145,3391
564529,Victor Kristiansen,Defender,Left-Back,Denmark,1003,Leicester City,GB1,premier-league,England,2024,2024-25,22,30,2489,0,1,1,0,0.036,0.036,38,0.66,72.78,0.202898551,0.347826087,20.29,34.78,27.54,59,145,3272
510396,Álex Suárez,Defender,Centre-Back,Spain,472,UD Las Palmas,ES1,laliga,Spain,2024,2024-25,32,30,2469,0,0,0,0,0,0,38,0.84,72.19,0,0.487179487,0,48.72,24.36,68,146,3393
823231,Dango Ouattara,Attack,Right Winger,Burkina Faso,989,AFC Bournemouth,GB1,premier-league,England,2024,2024-25,23,32,2011,7,4,11,0.313,0.179,0.492,38,1.47,58.8,0.4,0.133333333,40,13.33,26.67,38,146,3309
357796,Domagoj Bradarić,Defender,Left-Back,Croatia,276,Hellas Verona,IT1,serie-a,Italy,2024,2024-25,25,28,1944,1,0,1,0.046,0,0.046,38,0.97,56.84,0.3,0.1,30,10,20,66,146,3542
340205,Gorka Guruzeta,Attack,Centre-Forward,Spain,621,Athletic Bilbao,ES1,laliga,Spain,2024,2024-25,28,36,1842,7,2,9,0.342,0.098,0.44,38,1.84,53.86,0.444444444,0.022222222,44.44,2.22,23.33,41,147,3432
503075,Isak Hien,Defender,Centre-Back,Sweden,800,Atalanta BC,IT1,serie-a,Italy,2024,2024-25,26,30,2325,0,0,0,0,0,0,38,1.95,67.98,0,0.342857143,0,34.29,17.14,67,147,3628
487465,Pedro Neto,Attack,Right Winger,Portugal,631,Chelsea FC,GB1,premier-league,England,2024,2024-25,25,35,2269,4,6,10,0.159,0.238,0.397,38,1.82,66.35,0.155555556,0.377777778,15.56,37.78,26.67,39,147,3310
143559,Matija Nastasić,Defender,Centre-Back,Serbia,1244,CD Leganés,ES1,laliga,Spain,2024,2024-25,32,26,2112,1,0,1,0.043,0,0.043,38,1.05,61.75,0.256410256,0.205128205,25.64,20.51,23.08,69,148,3435
503987,Noni Madueke,Attack,Right Winger,England,631,Chelsea FC,GB1,premier-league,England,2024,2024-25,23,32,2047,7,4,11,0.308,0.176,0.484,38,1.82,59.85,0.333333333,0.177777778,33.33,17.78,25.56,40,148,3351
540333,Tomas Suslov,Midfield,Attacking Midfield,Slovakia,276,Hellas Verona,IT1,serie-a,Italy,2024,2024-25,23,31,2097,0,1,1,0,0.043,0.043,38,0.97,61.32,0.039215686,0.254901961,3.92,25.49,14.71,49,148,3700
800176,André,Midfield,Defensive Midfield,Brazil,543,Wolverhampton Wanderers,GB1,premier-league,England,2024,2024-25,23,33,2485,0,0,0,0,0,0,38,1.11,72.66,0,0.508474576,0,50.85,25.42,50,149,3359
351809,Robin Le Normand,Defender,Centre-Back,Spain,13,Atlético de Madrid,ES1,laliga,Spain,2024,2024-25,28,27,2149,1,0,1,0.042,0,0.042,38,2,62.84,0.243589744,0.217948718,24.36,21.79,23.08,70,149,3437
442703,Ylber Ramadani,Midfield,Defensive Midfield,Albania,1005,US Lecce,IT1,serie-a,Italy,2024,2024-25,29,29,1814,1,1,2,0.05,0.05,0.099,38,0.89,53.04,0.235294118,0,23.53,0,11.76,50,149,3771
693095,Jacob Greaves,Defender,Centre-Back,England,677,Ipswich Town,GB1,premier-league,England,2024,2024-25,24,25,2205,1,0,1,0.041,0,0.041,38,0.58,64.47,0.246376812,0.231884058,24.64,23.19,23.91,60,150,3408
707844,Mandela Keita,Midfield,Defensive Midfield,Belgium,130,Parma Calcio 1913,IT1,serie-a,Italy,2024,2024-25,23,30,1828,0,2,2,0,0.098,0.098,38,0.95,53.45,0.215686275,0.019607843,21.57,1.96,11.76,51,150,3772
255906,Scott McKenna,Defender,Centre-Back,Scotland,472,UD Las Palmas,ES1,laliga,Spain,2024,2024-25,28,29,2467,0,0,0,0,0,0,38,0.84,72.13,0,0.461538462,0,46.15,23.08,71,150,3438
262980,Jefferson Lerma,Midfield,Defensive Midfield,Colombia,873,Crystal Palace,GB1,premier-league,England,2024,2024-25,30,33,2277,0,1,1,0,0.04,0.04,38,1.39,66.58,0.050847458,0.372881356,5.08,37.29,21.19,51,151,3500
298477,Oli McBurnie,Attack,Centre-Forward,Scotland,472,UD Las Palmas,ES1,laliga,Spain,2024,2024-25,29,34,1839,3,6,9,0.147,0.294,0.44,38,0.84,53.77,0.444444444,0,44.44,0,22.22,42,151,3466
339816,Tete Morente,Attack,Left Winger,Spain,1005,US Lecce,IT1,serie-a,Italy,2024,2024-25,28,31,2029,3,2,5,0.133,0.089,0.222,38,0.89,59.33,0.028571429,0.2,2.86,20,11.43,33,151,3780
260827,Joachim Andersen,Defender,Centre-Back,Denmark,931,Fulham FC,GB1,premier-league,England,2024,2024-25,29,29,2584,0,0,0,0,0,0,38,1.42,75.56,0,0.420289855,0,42.03,21.01,61,152,3504
357885,Pablo Fornals,Midfield,Central Midfield,Spain,150,Real Betis Balompié,ES1,laliga,Spain,2024,2024-25,29,26,1838,2,0,2,0.098,0,0.098,38,1.58,53.74,0.391304348,0.043478261,39.13,4.35,21.74,39,152,3488
674806,Santiago Pierotti,Attack,Right Winger,Argentina,1005,US Lecce,IT1,serie-a,Italy,2024,2024-25,24,36,1940,4,2,6,0.186,0.093,0.278,38,0.89,56.73,0.114285714,0.085714286,11.43,8.57,10,34,152,3802
811779,Alejandro Garnacho,Attack,Left Winger,Argentina,985,Manchester United,GB1,premier-league,England,2024,2024-25,20,36,2196,6,2,8,0.246,0.082,0.328,38,1.11,64.21,0.111111111,0.288888889,11.11,28.89,20,41,153,3538
701819,Daniele Ghilardi,Defender,Centre-Back,Italy,276,Hellas Verona,IT1,serie-a,Italy,2024,2024-25,22,24,2030,0,0,0,0,0,0,38,0.97,59.36,0,0.142857143,0,14.29,7.14,68,153,3852
74229,Koke,Midfield,Central Midfield,Spain,13,Atlético de Madrid,ES1,laliga,Spain,2024,2024-25,33,32,1926,1,1,2,0.047,0.047,0.093,38,2,56.32,0.369565217,0.065217391,36.96,6.52,21.74,40,153,3489
392768,Callum Hudson-Odoi,Attack,Left Winger,England,703,Nottingham Forest,GB1,premier-league,England,2024,2024-25,24,31,2205,5,3,8,0.204,0.122,0.327,38,1.71,64.47,0.088888889,0.311111111,8.89,31.11,20,42,154,3539
687609,Isaac Romero,Attack,Centre-Forward,Spain,368,Sevilla FC,ES1,laliga,Spain,2024,2024-25,25,31,2171,4,2,6,0.166,0.083,0.249,38,1.08,63.48,0.066666667,0.355555556,6.67,35.56,21.11,43,154,3502
226524,Morten Thorsby,Midfield,Central Midfield,Norway,252,Genoa CFC,IT1,serie-a,Italy,2024,2024-25,29,30,1903,0,1,1,0,0.047,0.047,38,1.13,55.64,0.058823529,0.078431373,5.88,7.84,6.86,52,154,3856
748382,Amin Sarr,Attack,Centre-Forward,Sweden,276,Hellas Verona,IT1,serie-a,Italy,2024,2024-25,24,32,1921,4,1,5,0.187,0.047,0.234,38,0.97,56.17,0.057142857,0.057142857,5.71,5.71,5.71,35,155,3876
250845,José María Giménez,Defender,Centre-Back,Uruguay,13,Atlético de Madrid,ES1,laliga,Spain,2024,2024-25,30,27,1994,0,1,1,0,0.045,0.045,38,2,58.3,0.269230769,0.115384615,26.92,11.54,19.23,72,155,3568
667287,Yasin Ayari,Midfield,Central Midfield,Sweden,1237,Brighton & Hove Albion,GB1,premier-league,England,2024,2024-25,21,34,1968,2,1,3,0.091,0.046,0.137,38,1.61,57.54,0.271186441,0.101694915,27.12,10.17,18.64,52,155,3582
468198,Joe Aribo,Midfield,Central Midfield,Nigeria,180,Southampton FC,GB1,premier-league,England,2024,2024-25,28,32,2020,3,0,3,0.134,0,0.134,38,0.32,59.06,0.220338983,0.152542373,22.03,15.25,18.64,53,156,3583
468309,Lucas Rosa,Defender,Right-Back,Brazil,366,Real Valladolid CF,ES1,laliga,Spain,2024,2024-25,25,21,1890,0,1,1,0,0.048,0.048,38,0.42,55.26,0.282051282,0.064102564,28.21,6.41,17.31,73,156,3626
248732,Paweł Dawidowicz,Defender,Centre-Back,Poland,276,Hellas Verona,IT1,serie-a,Italy,2024,2024-25,30,26,1848,0,0,0,0,0,0,38,0.97,54.04,0,0.028571429,0,2.86,1.43,69,156,3916
926952,Patrick Dorgu,Attack,Left Winger,Denmark,1005,US Lecce,IT1,serie-a,Italy,2024,2024-25,20,21,1842,3,1,4,0.147,0.049,0.195,38,0.89,53.86,0,0,0,0,0,36,157,3928
953901,Santiago Mouriño,Defender,Right-Back,Uruguay,1108,Deportivo Alavés,ES1,laliga,Spain,2024,2024-25,23,25,1848,0,1,1,0,0.049,0.049,38,1.11,54.04,0.307692308,0.025641026,30.77,2.56,16.67,74,157,3651
332705,Tyler Adams,Midfield,Defensive Midfield,United States,989,AFC Bournemouth,GB1,premier-league,England,2024,2024-25,26,28,1965,0,3,3,0,0.137,0.137,38,1.47,57.46,0.271186441,0.084745763,27.12,8.47,17.8,54,157,3609
521964,Malick Thiaw,Defender,Centre-Back,Germany,5,AC Milan,IT1,serie-a,Italy,2024,2024-25,23,22,1804,0,0,0,0,0,0,38,1.66,52.75,0,0,0,0,0,70,158,3934
142031,Omar Mascarell,Midfield,Defensive Midfield,Equatorial Guinea,237,RCD Mallorca,ES1,laliga,Spain,2024,2024-25,32,32,1990,1,0,1,0.045,0,0.045,38,1.26,58.19,0.130434783,0.195652174,13.04,19.57,16.3,41,158,3657
1012534,Yankuba Minteh,Attack,Right Winger,The Gambia,1237,Brighton & Hove Albion,GB1,premier-league,England,2024,2024-25,20,32,1844,6,4,10,0.293,0.195,0.488,38,1.61,53.92,0.355555556,0,35.56,0,17.78,43,158,3611
556385,Destiny Udogie,Defender,Left-Back,Italy,148,Tottenham Hotspur,GB1,premier-league,England,2024,2024-25,22,25,1932,0,1,1,0,0.047,0.047,38,1,56.49,0.260869565,0.086956522,26.09,8.7,17.39,62,159,3622
221322,José Gayà,Defender,Left-Back,Spain,1049,Valencia CF,ES1,laliga,Spain,2024,2024-25,30,23,1810,0,1,1,0,0.05,0.05,38,1.21,52.92,0.320512821,0,32.05,0,16.03,75,159,3665
257376,Domingos Duarte,Defender,Centre-Back,Portugal,3709,Getafe CF,ES1,laliga,Spain,2024,2024-25,30,22,1861,1,0,1,0.048,0,0.048,38,1.11,54.42,0.282051282,0.038461538,28.21,3.85,16.03,76,160,3666
425902,Ryan Yates,Midfield,Central Midfield,England,703,Nottingham Forest,GB1,premier-league,England,2024,2024-25,27,35,1904,2,1,3,0.095,0.047,0.142,38,1.71,55.67,0.305084746,0.033898305,30.51,3.39,16.95,55,160,3638
578539,Chris Richards,Defender,Centre-Back,United States,873,Crystal Palace,GB1,premier-league,England,2024,2024-25,25,24,1925,1,0,1,0.047,0,0.047,38,1.39,56.29,0.260869565,0.072463768,26.09,7.25,16.67,63,161,3652
264372,Viktor Tsygankov,Attack,Right Winger,Ukraine,12321,Girona FC,ES1,laliga,Spain,2024,2024-25,27,27,1921,2,5,7,0.094,0.234,0.328,38,1.08,56.17,0.2,0.111111111,20,11.11,15.56,44,161,3672
506189,Flynn Downes,Midfield,Defensive Midfield,England,180,Southampton FC,GB1,premier-league,England,2024,2024-25,26,27,2155,1,0,1,0.042,0,0.042,38,0.32,63.01,0.06779661,0.237288136,6.78,23.73,15.25,56,162,3682
355628,Igor Zubeldia,Defender,Centre-Back,Spain,681,Real Sociedad,ES1,laliga,Spain,2024,2024-25,28,28,2273,0,0,0,0,0,0,38,1.21,66.46,0,0.307692308,0,30.77,15.38,77,162,3678
333014,Sander Berge,Midfield,Defensive Midfield,Norway,931,Fulham FC,GB1,premier-league,England,2024,2024-25,27,31,2227,0,0,0,0,0,0,38,1.42,65.12,0,0.305084746,0,30.51,15.25,57,163,3683
466801,Sergi Altimira,Midfield,Central Midfield,Spain,150,Real Betis Balompié,ES1,laliga,Spain,2024,2024-25,23,32,1973,0,1,1,0,0.046,0.046,38,1.58,57.69,0.152173913,0.152173913,15.22,15.22,15.22,42,163,3686
552425,Jon Moncayola,Midfield,Central Midfield,Spain,331,CA Osasuna,ES1,laliga,Spain,2024,2024-25,27,32,2113,0,0,0,0,0,0,38,1.37,61.78,0,0.304347826,0,30.43,15.22,43,164,3688
620322,Malo Gusto,Defender,Right-Back,France,631,Chelsea FC,GB1,premier-league,England,2024,2024-25,22,32,1858,0,1,1,0,0.048,0.048,38,1.82,54.33,0.289855072,0.014492754,28.99,1.45,15.22,64,164,3685
713644,Bryan Zaragoza,Attack,Left Winger,Spain,331,CA Osasuna,ES1,laliga,Spain,2024,2024-25,23,27,1852,1,6,7,0.049,0.292,0.34,38,1.37,54.15,0.244444444,0.044444444,24.44,4.44,14.44,45,165,3705
468066,Jens Cajuste,Midfield,Defensive Midfield,Sweden,677,Ipswich Town,GB1,premier-league,England,2024,2024-25,25,30,1978,1,1,2,0.046,0.046,0.091,38,0.58,57.84,0.152542373,0.13559322,15.25,13.56,14.41,58,165,3706
344605,Boubakary Soumaré,Midfield,Defensive Midfield,France,1003,Leicester City,GB1,premier-league,England,2024,2024-25,26,31,2170,0,0,0,0,0,0,38,0.66,63.45,0,0.254237288,0,25.42,12.71,59,166,3748
412045,Pol Lozano,Midfield,Central Midfield,Spain,714,RCD Espanyol Barcelona,ES1,laliga,Spain,2024,2024-25,25,30,1958,0,1,1,0,0.046,0.046,38,1.11,57.25,0.152173913,0.130434783,15.22,13.04,14.13,44,166,3713
724520,Abde Ezzalzouli,Attack,Left Winger,Morocco,150,Real Betis Balompié,ES1,laliga,Spain,2024,2024-25,23,32,1995,2,3,5,0.09,0.135,0.226,38,1.58,58.33,0.022222222,0.244444444,2.22,24.44,13.33,46,167,3732
258004,Rúben Dias,Defender,Centre-Back,Portugal,281,Manchester City,GB1,premier-league,England,2024,2024-25,28,27,2269,0,0,0,0,0,0,38,1.87,66.35,0,0.246376812,0,24.64,12.32,65,167,3756
670717,Dário Essugo,Midfield,Defensive Midfield,Portugal,472,UD Las Palmas,ES1,laliga,Spain,2024,2024-25,20,27,1952,1,0,1,0.046,0,0.046,38,0.84,57.08,0.152173913,0.108695652,15.22,10.87,13.04,45,168,3741
497291,Nicolás Domínguez,Midfield,Central Midfield,Argentina,703,Nottingham Forest,GB1,premier-league,England,2024,2024-25,27,34,1971,0,1,1,0,0.046,0.046,38,1.71,57.63,0.084745763,0.118644068,8.47,11.86,10.17,60,168,3799
465967,Ander Guevara,Midfield,Central Midfield,Spain,1108,Deportivo Alavés,ES1,laliga,Spain,2024,2024-25,27,33,1944,0,1,1,0,0.046,0.046,38,1.11,56.84,0.152173913,0.086956522,15.22,8.7,11.96,46,169,3764
610442,Rasmus Højlund,Attack,Centre-Forward,Denmark,985,Manchester United,GB1,premier-league,England,2024,2024-25,22,32,2014,4,1,5,0.179,0.045,0.223,38,1.11,58.89,0.044444444,0.155555556,4.44,15.56,10,44,169,3803
417346,Jack Harrison,Attack,Left Winger,England,29,Everton FC,GB1,premier-league,England,2024,2024-25,28,34,2083,1,1,2,0.043,0.043,0.086,38,1.26,60.91,0,0.2,0,20,10,45,170,3804
568158,Javi López,Defender,Left-Back,Spain,681,Real Sociedad,ES1,laliga,Spain,2024,2024-25,23,29,1935,0,0,0,0,0,0,38,1.21,56.58,0,0.076923077,0,7.69,3.85,78,170,3900
148153,Lewis Dunk,Defender,Centre-Back,England,1237,Brighton & Hove Albion,GB1,premier-league,England,2024,2024-25,33,25,2083,0,0,0,0,0,0,38,1.61,60.91,0,0.15942029,0,15.94,7.97,66,171,3836
694509,Moussa Diarra,Defender,Centre-Back,Mali,1108,Deportivo Alavés,ES1,laliga,Spain,2024,2024-25,24,26,1863,0,0,0,0,0,0,38,1.11,54.47,0,0.051282051,0,5.13,2.56,79,171,3908
415912,Konstantinos Mavropanos,Defender,Centre-Back,Greece,379,West Ham United,GB1,premier-league,England,2024,2024-25,27,33,2037,0,0,0,0,0,0,38,1.13,59.56,0,0.130434783,0,13.04,6.52,67,172,3863
517753,Óscar Valentín,Midfield,Central Midfield,Spain,367,Rayo Vallecano,ES1,laliga,Spain,2024,2024-25,30,34,1829,0,0,0,0,0,0,38,1.37,53.48,0,0.02173913,0,2.17,1.09,47,172,3921
399776,Pau Torres,Defender,Centre-Back,Spain,405,Aston Villa,GB1,premier-league,England,2024,2024-25,28,24,2020,0,0,0,0,0,0,38,1.74,59.06,0,0.115942029,0,11.59,5.8,68,173,3875
284730,Manuel Akanji,Defender,Centre-Back,Switzerland,281,Manchester City,GB1,premier-league,England,2024,2024-25,29,26,2014,0,0,0,0,0,0,38,1.87,58.89,0,0.101449275,0,10.14,5.07,69,174,3882
866655,Tyler Dibling,Attack,Right Winger,England,180,Southampton FC,GB1,premier-league,England,2024,2024-25,19,33,1874,2,1,3,0.096,0.048,0.144,38,0.32,54.8,0.022222222,0.022222222,2.22,2.22,2.22,46,175,3911
605184,Jean-Clair Todibo,Defender,Centre-Back,France,379,West Ham United,GB1,premier-league,England,2024,2024-25,25,27,1833,0,0,0,0,0,0,38,1.13,53.6,0,0,0,0,0,70,176,3932