player_id,player_name,position,sub_position,country_of_citizenship,qualified_seasons,first_qualified_season,last_qualified_season,qualified_season_labels,total_minutes,total_goals,total_assists,total_goal_contributions,average_goals_per_90,average_assists_per_90,average_goal_contributions_per_90,contributions_per_90_standard_deviation,minimum_contributions_per_90,maximum_contributions_per_90,sustained_position_rank,sustained_overall_rank,sustained_performance_profile
342229,Kylian Mbappé,Attack,Centre-Forward,France,5,2020,2024,"2020-21, 2021-22, 2022-23, 2023-24, 2024-25",13317,142,42,184,0.971,0.281,1.252,0.165,1.049,1.417,1,1,High productivity
418560,Erling Haaland,Attack,Centre-Forward,Norway,5,2020,2024,"2020-21, 2021-22, 2022-23, 2023-24, 2024-25",12403,134,31,165,0.976,0.235,1.211,0.256,0.82,1.426,2,2,High productivity
119228,Luis Muriel,Attack,Centre-Forward,Colombia,3,2020,2022,"2020-21, 2021-22, 2022-23",4048,34,22,56,0.719,0.475,1.194,0.689,0.589,1.944,3,3,High productivity
38253,Robert Lewandowski,Attack,Centre-Forward,Poland,5,2020,2024,"2020-21, 2021-22, 2022-23, 2023-24, 2024-25",13708,145,28,173,0.963,0.185,1.149,0.358,0.881,1.754,4,4,High productivity
68290,Neymar,Midfield,Attacking Midfield,Brazil,3,2020,2022,"2020-21, 2021-22, 2022-23",4829,35,23,58,0.652,0.436,1.088,0.264,0.919,1.392,1,5,High productivity
132098,Harry Kane,Attack,Centre-Forward,England,5,2020,2024,"2020-21, 2021-22, 2022-23, 2023-24, 2024-25",14960,132,44,176,0.811,0.273,1.084,0.293,0.724,1.393,5,6,High productivity
28003,Lionel Messi,Attack,Right Winger,Argentina,3,2020,2022,"2020-21, 2021-22, 2022-23",8017,52,42,94,0.55,0.487,1.037,0.173,0.878,1.221,6,7,High productivity
148455,Mohamed Salah,Attack,Right Winger,Egypt,5,2020,2024,"2020-21, 2021-22, 2022-23, 2023-24, 2024-25",15057,111,59,170,0.664,0.353,1.017,0.208,0.788,1.251,7,8,High productivity
146854,Wissam Ben Yedder,Attack,Centre-Forward,France,4,2020,2023,"2020-21, 2021-22, 2022-23, 2023-24",9619,80,21,101,0.749,0.196,0.944,0.171,0.698,1.062,8,9,High productivity
177843,Domenico Berardi,Attack,Right Winger,Italy,4,2020,2023,"2020-21, 2021-22, 2022-23, 2023-24",8630,53,35,88,0.558,0.339,0.897,0.109,0.752,1.016,9,10,High productivity and high consistency
406625,Lautaro Martínez,Attack,Centre-Forward,Argentina,5,2020,2024,"2020-21, 2021-22, 2022-23, 2023-24, 2024-25",12695,95,31,126,0.676,0.217,0.893,0.17,0.593,1.012,10,11,High productivity
401923,Victor Osimhen,Attack,Centre-Forward,Nigeria,4,2020,2023,"2020-21, 2021-22, 2022-23, 2023-24",8136,65,16,81,0.698,0.177,0.874,0.146,0.744,1.081,11,12,High productivity and high consistency
371998,Vinicius Junior,Attack,Left Winger,Brazil,4,2021,2024,"2021-22, 2022-23, 2023-24, 2024-25",9666,53,39,92,0.511,0.36,0.87,0.175,0.635,1.008,12,13,High productivity
288230,Ousmane Dembélé,Attack,Centre-Forward,France,5,2020,2024,"2020-21, 2021-22, 2022-23, 2023-24, 2024-25",7851,36,40,76,0.391,0.476,0.866,0.39,0.455,1.503,13,14,High productivity
159471,Serge Gnabry,Attack,Second Striker,Germany,4,2020,2024,"2020-21, 2021-22, 2022-23, 2024-25",7021,45,22,67,0.57,0.29,0.86,0.052,0.816,0.927,14,15,High productivity and high consistency
368887,Loïs Openda,Attack,Centre-Forward,Belgium,3,2022,2024,"2022-23, 2023-24, 2024-25",7712,54,20,74,0.623,0.234,0.858,0.187,0.657,1.027,15,16,High productivity
88755,Kevin De Bruyne,Midfield,Attacking Midfield,Belgium,5,2020,2024,"2020-21, 2021-22, 2022-23, 2023-24, 2024-25",9565,36,55,91,0.329,0.527,0.857,0.172,0.581,1.026,2,17,High productivity
708265,Bradley Barcola,Attack,Left Winger,France,3,2022,2024,"2022-23, 2023-24, 2024-25",5277,23,27,50,0.369,0.466,0.835,0.216,0.601,1.026,16,18,High productivity
340950,Diogo Jota,Attack,Left Winger,Portugal,5,2020,2024,"2020-21, 2021-22, 2022-23, 2023-24, 2024-25",6965,47,17,64,0.617,0.216,0.834,0.116,0.728,1.017,17,19,High productivity and high consistency
344381,Christopher Nkunku,Attack,Centre-Forward,France,4,2020,2024,"2020-21, 2021-22, 2022-23, 2024-25",7434,45,30,75,0.5,0.328,0.828,0.32,0.495,1.153,18,20,High productivity
58358,Thomas Müller,Attack,Second Striker,Germany,5,2020,2024,"2020-21, 2021-22, 2022-23, 2023-24, 2024-25",9815,32,65,97,0.274,0.552,0.825,0.277,0.369,1.073,19,21,High productivity
177467,Gerard Moreno,Attack,Centre-Forward,Spain,4,2020,2023,"2020-21, 2021-22, 2022-23, 2023-24",7383,49,19,68,0.589,0.229,0.819,0.168,0.633,1.007,20,22,High productivity
242086,Patrik Schick,Attack,Centre-Forward,Czech Republic,5,2020,2024,"2020-21, 2021-22, 2022-23, 2023-24, 2024-25",7653,64,11,75,0.693,0.126,0.819,0.382,0.383,1.245,21,23,High productivity
123682,Callum Wilson,Attack,Centre-Forward,England,4,2020,2023,"2020-21, 2021-22, 2022-23, 2023-24",6346,47,11,58,0.679,0.136,0.816,0.248,0.518,1.097,22,24,High productivity
131789,Roberto Firmino,Attack,Centre-Forward,Brazil,3,2020,2022,"2020-21, 2021-22, 2022-23",5049,25,15,40,0.519,0.294,0.814,0.305,0.505,1.114,23,25,High productivity
566723,Michael Olise,Attack,Right Winger,France,4,2021,2024,"2021-22, 2022-23, 2023-24, 2024-25",7516,26,40,66,0.347,0.467,0.814,0.378,0.425,1.15,24,26,High productivity
580195,Jamal Musiala,Midfield,Attacking Midfield,Germany,4,2021,2024,"2021-22, 2022-23, 2023-24, 2024-25",7239,39,28,67,0.476,0.336,0.812,0.164,0.618,1.018,3,27,High productivity
270541,Serhou Guirassy,Attack,Centre-Forward,Guinea,5,2020,2024,"2020-21, 2021-22, 2022-23, 2023-24, 2024-25",9255,79,7,86,0.755,0.054,0.81,0.265,0.561,1.22,25,28,High productivity
48298,Lars Stindl,Midfield,Attacking Midfield,Germany,3,2020,2022,"2020-21, 2021-22, 2022-23",5345,26,22,48,0.424,0.365,0.789,0.302,0.495,1.098,4,29,High productivity
171424,Riyad Mahrez,Attack,Right Winger,Algeria,3,2020,2022,"2020-21, 2021-22, 2022-23",5370,25,21,46,0.437,0.349,0.786,0.156,0.691,0.966,26,30,High productivity
35207,Marco Reus,Midfield,Attacking Midfield,Germany,4,2020,2023,"2020-21, 2021-22, 2022-23, 2023-24",7770,29,39,68,0.343,0.442,0.785,0.124,0.628,0.931,5,31,High productivity and high consistency
82442,Olivier Giroud,Attack,Centre-Forward,France,3,2021,2023,"2021-22, 2022-23, 2023-24",6418,39,17,56,0.545,0.234,0.779,0.084,0.71,0.873,27,32,High productivity and high consistency
709726,Hugo Ekitiké,Attack,Centre-Forward,France,3,2021,2024,"2021-22, 2022-23, 2024-25",5013,28,16,44,0.487,0.291,0.778,0.222,0.545,0.987,28,33,High productivity
295330,Kelechi Iheanacho,Attack,Centre-Forward,Nigeria,3,2020,2022,"2020-21, 2021-22, 2022-23",3838,21,12,33,0.476,0.294,0.77,0.115,0.643,0.865,29,34,High productivity and high consistency
192565,Leroy Sané,Attack,Right Winger,Germany,5,2020,2024,"2020-21, 2021-22, 2022-23, 2023-24, 2024-25",9566,40,41,81,0.384,0.385,0.768,0.119,0.636,0.936,30,35,High productivity and high consistency
93720,Alexandre Lacazette,Attack,Centre-Forward,France,5,2020,2024,"2020-21, 2021-22, 2022-23, 2023-24, 2024-25",11017,78,19,97,0.607,0.161,0.767,0.162,0.554,0.981,31,36,High productivity
335457,Ermedin Demirovic,Attack,Centre-Forward,Bosnia-Herzegovina,4,2020,2024,"2020-21, 2022-23, 2023-24, 2024-25",8627,43,28,71,0.449,0.308,0.758,0.16,0.529,0.896,32,37,High productivity
198008,André Silva,Attack,Centre-Forward,Portugal,3,2020,2022,"2020-21, 2021-22, 2022-23",6594,43,17,60,0.531,0.228,0.758,0.381,0.414,1.168,33,38,High productivity
91845,Heung-min Son,Attack,Left Winger,"Korea, South",5,2020,2024,"2020-21, 2021-22, 2022-23, 2023-24, 2024-25",14112,74,45,119,0.46,0.294,0.755,0.167,0.497,0.953,34,39,High productivity
206050,Paulo Dybala,Attack,Second Striker,Argentina,5,2020,2024,"2020-21, 2021-22, 2022-23, 2023-24, 2024-25",8350,45,27,72,0.468,0.283,0.752,0.221,0.556,1.003,35,40,High productivity
96341,Romelu Lukaku,Attack,Centre-Forward,Belgium,5,2020,2024,"2020-21, 2021-22, 2022-23, 2023-24, 2024-25",11652,69,30,99,0.525,0.222,0.747,0.228,0.511,1.06,36,41,Moderate sustained performance
105521,Ciro Immobile,Attack,Centre-Forward,Italy,4,2020,2023,"2020-21, 2021-22, 2022-23, 2023-24",9460,66,16,82,0.597,0.144,0.742,0.24,0.435,0.994,37,42,Moderate sustained performance
128223,Álvaro Morata,Attack,Centre-Forward,Spain,5,2020,2024,"2020-21, 2021-22, 2022-23, 2023-24, 2024-25",9249,53,24,77,0.514,0.217,0.731,0.187,0.489,0.937,38,43,Moderate sustained performance
7161,Jonas Hofmann,Midfield,Attacking Midfield,Germany,4,2020,2023,"2020-21, 2021-22, 2022-23, 2023-24",8815,35,36,71,0.355,0.375,0.729,0.094,0.609,0.838,6,44,High consistency
398184,Ferran Torres,Attack,Centre-Forward,Spain,5,2020,2024,"2020-21, 2021-22, 2022-23, 2023-24, 2024-25",6717,34,18,52,0.479,0.249,0.728,0.348,0.391,1.308,39,45,Moderate sustained performance
349066,Alexander Isak,Attack,Centre-Forward,Sweden,5,2020,2024,"2020-21, 2021-22, 2022-23, 2023-24, 2024-25",11233,78,14,92,0.614,0.108,0.722,0.243,0.334,0.941,40,46,Moderate sustained performance
357498,Dušan Vlahović,Attack,Centre-Forward,Serbia,5,2020,2024,"2020-21, 2021-22, 2022-23, 2023-24, 2024-25",11907,81,16,97,0.594,0.125,0.719,0.117,0.559,0.888,41,47,High consistency
598577,Florian Wirtz,Midfield,Attacking Midfield,Germany,5,2020,2024,"2020-21, 2021-22, 2022-23, 2023-24, 2024-25",9923,34,47,81,0.284,0.434,0.718,0.196,0.444,0.879,7,48,Moderate sustained performance
357164,Rafael Leão,Attack,Left Winger,Portugal,5,2020,2024,"2020-21, 2021-22, 2022-23, 2023-24, 2024-25",11838,49,46,95,0.369,0.347,0.716,0.133,0.559,0.926,42,49,High consistency
502670,Khvicha Kvaratskhelia,Attack,Left Winger,Georgia,3,2022,2024,"2022-23, 2023-24, 2024-25",7399,32,27,59,0.39,0.326,0.716,0.148,0.621,0.886,43,50,High consistency
442891,Martin Terrier,Attack,Left Winger,France,4,2020,2023,"2020-21, 2021-22, 2022-23, 2023-24",8126,46,18,64,0.506,0.208,0.714,0.15,0.586,0.88,44,51,High consistency
411295,Raphinha,Attack,Left Winger,Brazil,5,2020,2024,"2020-21, 2021-22, 2022-23, 2023-24, 2024-25",11994,49,42,91,0.366,0.344,0.711,0.244,0.431,0.985,45,52,Moderate sustained performance
659542,Elye Wahi,Attack,Centre-Forward,Cote d'Ivoire,3,2021,2023,"2021-22, 2022-23, 2023-24",6013,38,11,49,0.553,0.157,0.71,0.155,0.612,0.889,46,53,Moderate sustained performance
46580,Andrej Kramaric,Attack,Second Striker,Croatia,5,2020,2024,"2020-21, 2021-22, 2022-23, 2023-24, 2024-25",12477,64,33,97,0.474,0.235,0.709,0.198,0.531,0.981,47,54,Moderate sustained performance
546543,Darwin Núñez,Attack,Centre-Forward,Uruguay,3,2022,2024,"2022-23, 2023-24, 2024-25",4861,25,14,39,0.455,0.251,0.705,0.113,0.636,0.836,48,55,High consistency
326029,Donyell Malen,Attack,Centre-Forward,Netherlands,4,2021,2024,"2021-22, 2022-23, 2023-24, 2024-25",6112,33,16,49,0.496,0.209,0.705,0.134,0.585,0.835,49,56,High consistency
238407,Alexander Sørloth,Attack,Centre-Forward,Norway,5,2020,2024,"2020-21, 2021-22, 2022-23, 2023-24, 2024-25",9647,64,13,77,0.59,0.114,0.705,0.44,0.205,1.268,50,57,Moderate sustained performance
776890,Nicolas Jackson,Attack,Centre-Forward,Senegal,3,2022,2024,"2022-23, 2023-24, 2024-25",6652,36,14,50,0.508,0.195,0.704,0.169,0.603,0.899,51,58,Moderate sustained performance
318528,Marcus Thuram,Attack,Centre-Forward,France,5,2020,2024,"2020-21, 2021-22, 2022-23, 2023-24, 2024-25",10215,51,34,85,0.428,0.275,0.704,0.195,0.378,0.864,52,59,Moderate sustained performance
122797,Andy Delort,Attack,Centre-Forward,Algeria,3,2020,2022,"2020-21, 2021-22, 2022-23",6458,39,14,53,0.523,0.177,0.701,0.2,0.504,0.903,53,60,Moderate sustained performance
266807,Ángel Correa,Attack,Second Striker,Argentina,4,2020,2023,"2020-21, 2021-22, 2022-23, 2023-24",7241,39,17,56,0.502,0.196,0.698,0.087,0.635,0.824,54,61,High consistency
487969,Randal Kolo Muani,Attack,Centre-Forward,France,5,2020,2024,"2020-21, 2021-22, 2022-23, 2023-24, 2024-25",11580,53,34,87,0.436,0.26,0.696,0.199,0.503,0.986,55,62,Moderate sustained performance
243714,Kingsley Coman,Attack,Left Winger,France,5,2020,2024,"2020-21, 2021-22, 2022-23, 2023-24, 2024-25",6953,27,28,55,0.35,0.342,0.692,0.178,0.481,0.888,56,63,Moderate sustained performance
58864,Pierre-Emerick Aubameyang,Attack,Centre-Forward,Gabon,3,2020,2023,"2020-21, 2021-22, 2023-24",7097,42,13,55,0.533,0.158,0.692,0.179,0.501,0.856,57,64,Moderate sustained performance
406635,Phil Foden,Midfield,Attacking Midfield,England,5,2020,2024,"2020-21, 2021-22, 2022-23, 2023-24, 2024-25",10242,55,25,80,0.474,0.217,0.691,0.163,0.455,0.846,8,65,Moderate sustained performance
72047,Iago Aspas,Attack,Centre-Forward,Spain,5,2020,2024,"2020-21, 2021-22, 2022-23, 2023-24, 2024-25",13293,63,38,101,0.431,0.259,0.69,0.133,0.502,0.846,58,66,High consistency
315867,Gianluca Scamacca,Attack,Centre-Forward,Italy,4,2020,2023,"2020-21, 2021-22, 2022-23, 2023-24",5890,39,8,47,0.558,0.126,0.684,0.335,0.291,1.11,59,67,Moderate sustained performance
406040,Ademola Lookman,Attack,Left Winger,Nigeria,5,2020,2024,"2020-21, 2021-22, 2022-23, 2023-24, 2024-25",10111,49,25,74,0.459,0.225,0.684,0.354,0.261,1.091,60,68,Moderate sustained performance
576024,Julián Alvarez,Attack,Centre-Forward,Argentina,3,2022,2024,"2022-23, 2023-24, 2024-25",6632,37,14,51,0.512,0.17,0.682,0.066,0.619,0.75,61,69,High consistency
353399,Romain Del Castillo,Attack,Right Winger,France,4,2021,2024,"2021-22, 2022-23, 2023-24, 2024-25",6219,20,26,46,0.273,0.409,0.682,0.108,0.571,0.818,62,70,High consistency
82009,Kevin Volland,Midfield,Attacking Midfield,Germany,3,2020,2023,"2020-21, 2021-22, 2023-24",6589,28,24,52,0.349,0.332,0.681,0.128,0.535,0.773,9,71,High consistency
533738,Jonathan David,Attack,Centre-Forward,Canada,5,2020,2024,"2020-21, 2021-22, 2022-23, 2023-24, 2024-25",13560,87,16,103,0.573,0.108,0.681,0.134,0.48,0.793,63,72,High consistency
294057,James Maddison,Midfield,Attacking Midfield,England,5,2020,2024,"2020-21, 2021-22, 2022-23, 2023-24, 2024-25",11029,43,40,83,0.351,0.328,0.679,0.094,0.543,0.793,10,73,High consistency
363205,Gabriel Jesus,Attack,Centre-Forward,Brazil,4,2020,2023,"2020-21, 2021-22, 2022-23, 2023-24",7495,32,25,57,0.374,0.303,0.678,0.14,0.546,0.815,64,74,High consistency
125781,Antoine Griezmann,Attack,Second Striker,France,5,2020,2024,"2020-21, 2021-22, 2022-23, 2023-24, 2024-25",12587,55,43,98,0.378,0.299,0.677,0.24,0.365,1.007,65,75,Moderate sustained performance
295313,Taiwo Awoniyi,Attack,Centre-Forward,Nigeria,4,2020,2023,"2020-21, 2021-22, 2022-23, 2023-24",6025,36,9,45,0.524,0.151,0.675,0.105,0.527,0.774,66,76,High consistency
434675,Cody Gakpo,Attack,Left Winger,Netherlands,3,2022,2024,"2022-23, 2023-24, 2024-25",5049,25,13,38,0.444,0.23,0.674,0.052,0.614,0.711,67,77,High consistency
293385,Dani Olmo,Midfield,Attacking Midfield,Spain,4,2020,2024,"2020-21, 2022-23, 2023-24, 2024-25",6160,21,24,45,0.333,0.341,0.674,0.246,0.491,1.036,11,78,Moderate sustained performance
45320,Ángel Di María,Attack,Right Winger,Argentina,3,2020,2022,"2020-21, 2021-22, 2022-23",4883,14,23,37,0.259,0.41,0.669,0.126,0.528,0.772,68,79,High consistency
445939,Omar Marmoush,Attack,Centre-Forward,Egypt,4,2021,2024,"2021-22, 2022-23, 2023-24, 2024-25",8034,42,24,66,0.422,0.246,0.669,0.357,0.365,1.16,69,80,Moderate sustained performance
200512,Sadio Mané,Attack,Left Winger,Senegal,3,2020,2022,"2020-21, 2021-22, 2022-23",7068,34,17,51,0.434,0.232,0.667,0.078,0.608,0.755,70,81,High consistency
185077,Vincenzo Grifo,Attack,Left Winger,Italy,5,2020,2024,"2020-21, 2021-22, 2022-23, 2023-24, 2024-25",12350,49,42,91,0.359,0.308,0.667,0.083,0.548,0.74,71,82,High consistency
496094,Karim Adeyemi,Attack,Right Winger,Germany,3,2022,2024,"2022-23, 2023-24, 2024-25",3749,16,13,29,0.373,0.287,0.66,0.23,0.395,0.812,72,83,Moderate sustained performance
364135,Moise Kean,Attack,Centre-Forward,Italy,4,2020,2024,"2020-21, 2021-22, 2022-23, 2024-25",6513,43,6,49,0.567,0.087,0.654,0.077,0.547,0.73,73,84,High consistency
125103,Marvin Ducksch,Attack,Centre-Forward,Germany,3,2022,2024,"2022-23, 2023-24, 2024-25",8014,32,26,58,0.357,0.295,0.652,0.07,0.597,0.73,74,85,High consistency
278359,Borja Iglesias,Attack,Centre-Forward,Spain,4,2020,2024,"2020-21, 2021-22, 2022-23, 2024-25",7327,47,6,53,0.587,0.063,0.649,0.057,0.573,0.702,75,86,High consistency
28396,Edin Dzeko,Attack,Centre-Forward,Bosnia-Herzegovina,3,2020,2022,"2020-21, 2021-22, 2022-23",6026,29,15,44,0.429,0.22,0.649,0.096,0.542,0.727,76,87,High consistency
517894,Matheus Cunha,Attack,Centre-Forward,Brazil,5,2020,2024,"2020-21, 2021-22, 2022-23, 2023-24, 2024-25",9668,42,27,69,0.374,0.274,0.648,0.289,0.268,1.047,77,88,Moderate sustained performance
324358,Ollie Watkins,Attack,Centre-Forward,England,5,2020,2024,"2020-21, 2021-22, 2022-23, 2023-24, 2024-25",15256,75,34,109,0.445,0.201,0.647,0.21,0.396,0.893,78,89,Moderate sustained performance
395516,Moussa Diaby,Attack,Right Winger,France,4,2020,2023,"2020-21, 2021-22, 2022-23, 2023-24",10071,32,41,73,0.279,0.367,0.646,0.11,0.576,0.811,79,90,High consistency
585959,Arnaud Kalimuendo,Attack,Centre-Forward,France,5,2020,2024,"2020-21, 2021-22, 2022-23, 2023-24, 2024-25",10075,53,18,71,0.466,0.179,0.645,0.135,0.497,0.836,80,91,High consistency
462250,João Félix,Attack,Second Striker,Portugal,5,2020,2024,"2020-21, 2021-22, 2022-23, 2023-24, 2024-25",7089,33,18,51,0.415,0.227,0.642,0.172,0.401,0.856,81,92,Moderate sustained performance
368482,Riccardo Orsolini,Attack,Right Winger,Italy,5,2020,2024,"2020-21, 2021-22, 2022-23, 2023-24, 2024-25",9351,49,18,67,0.469,0.173,0.642,0.188,0.452,0.954,82,93,Moderate sustained performance
433177,Bukayo Saka,Attack,Right Winger,England,5,2020,2024,"2020-21, 2021-22, 2022-23, 2023-24, 2024-25",13421,52,42,94,0.34,0.301,0.642,0.22,0.316,0.881,83,94,Moderate sustained performance
296622,Marco Asensio,Midfield,Attacking Midfield,Spain,5,2020,2024,"2020-21, 2021-22, 2022-23, 2023-24, 2024-25",7492,33,18,51,0.397,0.241,0.638,0.226,0.336,0.941,12,95,Moderate sustained performance
73794,Duván Zapata,Attack,Centre-Forward,Colombia,4,2020,2023,"2020-21, 2021-22, 2022-23, 2023-24",8522,40,22,62,0.401,0.238,0.638,0.275,0.323,0.941,84,96,Moderate sustained performance
420002,Jean-Philippe Mateta,Attack,Centre-Forward,France,4,2020,2024,"2020-21, 2021-22, 2023-24, 2024-25",7310,43,9,52,0.522,0.104,0.626,0.156,0.47,0.827,85,97,Moderate sustained performance
418659,Amine Gouiri,Attack,Centre-Forward,Algeria,5,2020,2024,"2020-21, 2021-22, 2022-23, 2023-24, 2024-25",12442,57,29,86,0.414,0.206,0.62,0.122,0.433,0.775,86,98,High consistency
344888,Habib Diallo,Attack,Centre-Forward,Senegal,3,2020,2022,"2020-21, 2021-22, 2022-23",6890,40,6,46,0.532,0.086,0.618,0.166,0.437,0.762,87,99,Moderate sustained performance
398065,Harvey Barnes,Attack,Left Winger,England,4,2020,2024,"2020-21, 2021-22, 2022-23, 2024-25",8527,37,20,57,0.391,0.226,0.617,0.113,0.464,0.718,88,100,High consistency
120205,Michael Gregoritsch,Attack,Centre-Forward,Austria,3,2021,2023,"2021-22, 2022-23, 2023-24",5247,26,10,36,0.457,0.158,0.615,0.03,0.583,0.642,89,101,High consistency
134294,Danny Ings,Attack,Centre-Forward,England,3,2020,2022,"2020-21, 2021-22, 2022-23",5679,27,12,39,0.426,0.187,0.613,0.047,0.566,0.659,90,102,High consistency
237662,Breel Embolo,Attack,Centre-Forward,Switzerland,4,2020,2024,"2020-21, 2021-22, 2022-23, 2024-25",7277,32,17,49,0.392,0.222,0.613,0.083,0.537,0.69,91,103,High consistency
167329,Alassane Pléa,Attack,Centre-Forward,France,5,2020,2024,"2020-21, 2021-22, 2022-23, 2023-24, 2024-25",9481,36,29,65,0.336,0.274,0.611,0.188,0.349,0.799,92,104,Moderate sustained performance
46413,Ante Budimir,Attack,Centre-Forward,Croatia,5,2020,2024,"2020-21, 2021-22, 2022-23, 2023-24, 2024-25",10588,65,9,74,0.537,0.069,0.606,0.127,0.448,0.758,93,105,High consistency
252677,José Luis Morales,Attack,Centre-Forward,Spain,4,2020,2023,"2020-21, 2021-22, 2022-23, 2023-24",7420,40,11,51,0.509,0.095,0.604,0.058,0.523,0.66,94,106,High consistency
538874,Terem Moffi,Attack,Centre-Forward,Nigeria,4,2020,2023,"2020-21, 2021-22, 2022-23, 2023-24",9515,51,12,63,0.491,0.113,0.604,0.15,0.395,0.732,95,107,High consistency
134425,Raheem Sterling,Attack,Right Winger,England,4,2020,2023,"2020-21, 2021-22, 2022-23, 2023-24",8548,37,21,58,0.388,0.216,0.604,0.16,0.426,0.804,96,108,Moderate sustained performance
187492,Julian Brandt,Midfield,Attacking Midfield,Germany,5,2020,2024,"2020-21, 2021-22, 2022-23, 2023-24, 2024-25",10535,33,40,73,0.276,0.328,0.604,0.184,0.302,0.766,13,109,Moderate sustained performance
65278,Pedro,Attack,Right Winger,Spain,4,2020,2024,"2020-21, 2021-22, 2022-23, 2024-25",6624,28,14,42,0.424,0.18,0.604,0.213,0.427,0.91,97,110,Moderate sustained performance
331726,Tammy Abraham,Attack,Centre-Forward,England,4,2020,2024,"2020-21, 2021-22, 2022-23, 2024-25",7503,34,15,49,0.393,0.209,0.602,0.084,0.492,0.696,98,111,High consistency
315779,Christian Pulisic,Attack,Right Winger,United States,4,2020,2024,"2020-21, 2021-22, 2023-24, 2024-25",8136,33,24,57,0.359,0.238,0.597,0.214,0.311,0.795,99,112,Moderate sustained performance
480692,Luis Díaz,Attack,Left Winger,Colombia,4,2021,2024,"2021-22, 2022-23, 2023-24, 2024-25",7019,29,17,46,0.373,0.223,0.596,0.132,0.442,0.746,100,113,High consistency
181378,Gaëtan Laborde,Attack,Centre-Forward,France,5,2020,2024,"2020-21, 2021-22, 2022-23, 2023-24, 2024-25",12870,62,25,87,0.428,0.168,0.596,0.158,0.329,0.734,101,114,Moderate sustained performance
412363,Rodrygo,Attack,Right Winger,Brazil,5,2020,2024,"2020-21, 2021-22, 2022-23, 2023-24, 2024-25",9242,30,31,61,0.264,0.33,0.593,0.066,0.522,0.68,102,115,High consistency
157635,Yussuf Poulsen,Attack,Centre-Forward,Denmark,3,2020,2023,"2020-21, 2021-22, 2023-24",3641,16,8,24,0.402,0.188,0.59,0.073,0.52,0.666,103,116,High consistency
197838,Jamie Vardy,Attack,Centre-Forward,England,4,2020,2024,"2020-21, 2021-22, 2022-23, 2024-25",9340,42,19,61,0.414,0.177,0.59,0.251,0.34,0.848,104,117,Moderate sustained performance
315110,Karl Toko Ekambi,Attack,Centre-Forward,Cameroon,3,2020,2022,"2020-21, 2021-22, 2022-23",7467,33,16,49,0.395,0.191,0.586,0.139,0.425,0.668,105,118,High consistency
237164,Ihlas Bebou,Attack,Centre-Forward,Togo,4,2020,2023,"2020-21, 2021-22, 2022-23, 2023-24",7367,30,18,48,0.374,0.212,0.586,0.142,0.427,0.717,106,119,High consistency
279455,Harry Wilson,Attack,Right Winger,Wales,3,2022,2024,"2022-23, 2023-24, 2024-25",3870,12,13,25,0.284,0.3,0.584,0.033,0.558,0.621,107,120,High consistency
388165,Yoane Wissa,Attack,Centre-Forward,DR Congo,5,2020,2024,"2020-21, 2021-22, 2022-23, 2023-24, 2024-25",10995,55,17,72,0.448,0.134,0.581,0.091,0.503,0.737,108,121,High consistency
433049,Youssef En-Nesyri,Attack,Centre-Forward,Morocco,4,2020,2023,"2020-21, 2021-22, 2022-23, 2023-24",7827,47,5,52,0.511,0.066,0.578,0.104,0.489,0.7,109,122,High consistency
266302,Sergej Milinković-Savić,Midfield,Central Midfield,Serbia,3,2020,2022,"2020-21, 2021-22, 2022-23",8894,28,29,57,0.282,0.294,0.577,0.067,0.505,0.637,14,123,High consistency
111078,Emil Forsberg,Attack,Left Winger,Sweden,3,2020,2022,"2020-21, 2021-22, 2022-23",4741,19,11,30,0.362,0.213,0.575,0.141,0.421,0.697,110,124,High consistency
263918,Aleksandr Golovin,Midfield,Attacking Midfield,Russia,5,2020,2024,"2020-21, 2021-22, 2022-23, 2023-24, 2024-25",8371,25,26,51,0.275,0.3,0.574,0.356,0.234,1.175,15,125,Moderate sustained performance
314875,Jarrod Bowen,Attack,Right Winger,England,5,2020,2024,"2020-21, 2021-22, 2022-23, 2023-24, 2024-25",14809,55,39,94,0.335,0.237,0.572,0.17,0.334,0.722,111,126,Moderate sustained performance
413039,Bryan Mbeumo,Attack,Right Winger,Cameroon,4,2021,2024,"2021-22, 2022-23, 2023-24, 2024-25",11222,42,29,71,0.335,0.237,0.572,0.18,0.34,0.737,112,127,Moderate sustained performance
122155,Willian José,Attack,Centre-Forward,Brazil,3,2020,2023,"2020-21, 2021-22, 2023-24",5392,23,11,34,0.386,0.184,0.57,0.235,0.3,0.727,113,128,Moderate sustained performance
298976,Borja Mayoral,Attack,Centre-Forward,Spain,5,2020,2024,"2020-21, 2021-22, 2022-23, 2023-24, 2024-25",8760,44,9,53,0.467,0.099,0.566,0.18,0.324,0.801,114,129,Moderate sustained performance
228645,Wout Weghorst,Attack,Centre-Forward,Netherlands,3,2020,2023,"2020-21, 2021-22, 2023-24",7946,35,16,51,0.389,0.177,0.566,0.281,0.359,0.885,115,130,Moderate sustained performance
258923,Marcus Rashford,Attack,Left Winger,England,5,2020,2024,"2020-21, 2021-22, 2022-23, 2023-24, 2024-25",10752,45,25,70,0.363,0.202,0.565,0.138,0.395,0.685,116,131,High consistency
240306,Bruno Fernandes,Midfield,Attacking Midfield,Portugal,5,2020,2024,"2020-21, 2021-22, 2022-23, 2023-24, 2024-25",15690,54,44,98,0.311,0.253,0.564,0.162,0.434,0.839,16,132,Moderate sustained performance
144028,Leandro Trossard,Attack,Left Winger,Belgium,5,2020,2024,"2020-21, 2021-22, 2022-23, 2023-24, 2024-25",11881,41,30,71,0.337,0.225,0.562,0.218,0.344,0.837,117,133,Moderate sustained performance
145866,Munas Dabbur,Attack,Centre-Forward,Israel,3,2020,2022,"2020-21, 2021-22, 2022-23",3245,13,7,20,0.382,0.178,0.561,0.206,0.361,0.773,118,134,Moderate sustained performance
607223,Rayan Cherki,Midfield,Attacking Midfield,France,3,2022,2024,"2022-23, 2023-24, 2024-25",5637,13,23,36,0.199,0.362,0.561,0.244,0.367,0.835,17,135,Moderate sustained performance
531949,Ignatius Ganago,Attack,Centre-Forward,Cameroon,3,2020,2022,"2020-21, 2021-22, 2022-23",3899,17,7,24,0.403,0.155,0.559,0.118,0.457,0.688,119,136,High consistency
191891,Arkadiusz Milik,Attack,Centre-Forward,Poland,4,2020,2023,"2020-21, 2021-22, 2022-23, 2023-24",5265,27,5,32,0.468,0.088,0.556,0.135,0.418,0.735,120,137,High consistency
569389,Sofiane Diop,Attack,Left Winger,Morocco,4,2020,2024,"2020-21, 2021-22, 2022-23, 2024-25",6337,21,15,36,0.31,0.245,0.555,0.265,0.354,0.941,121,138,Moderate sustained performance
333647,Jonathan Burkardt,Attack,Centre-Forward,Germany,4,2020,2024,"2020-21, 2021-22, 2023-24, 2024-25",7675,39,10,49,0.434,0.12,0.553,0.261,0.262,0.889,122,139,Moderate sustained performance
626913,Boulaye Dia,Attack,Centre-Forward,Senegal,5,2020,2024,"2020-21, 2021-22, 2022-23, 2023-24, 2024-25",10077,48,15,63,0.407,0.145,0.552,0.192,0.315,0.784,123,140,Moderate sustained performance
532826,Mason Greenwood,Attack,Right Winger,England,4,2020,2024,"2020-21, 2021-22, 2023-24, 2024-25",8590,41,15,56,0.41,0.141,0.55,0.209,0.423,0.862,124,141,Moderate sustained performance
378710,Richarlison,Attack,Centre-Forward,Brazil,4,2020,2023,"2020-21, 2021-22, 2022-23, 2023-24",7898,29,16,45,0.332,0.218,0.55,0.254,0.313,0.905,125,142,Moderate sustained performance
340205,Gorka Guruzeta,Attack,Centre-Forward,Spain,3,2022,2024,"2022-23, 2023-24, 2024-25",5504,27,8,35,0.428,0.121,0.549,0.186,0.44,0.763,126,143,Moderate sustained performance
205938,Mario Pašalić,Midfield,Central Midfield,Croatia,5,2020,2024,"2020-21, 2021-22, 2022-23, 2023-24, 2024-25",8920,33,21,54,0.344,0.205,0.549,0.235,0.32,0.896,18,144,Moderate sustained performance
170527,Timo Werner,Attack,Centre-Forward,Germany,4,2020,2023,"2020-21, 2021-22, 2022-23, 2023-24",6860,23,20,43,0.314,0.234,0.548,0.132,0.35,0.622,127,145,High consistency
314678,Brahim Díaz,Attack,Right Winger,Morocco,5,2020,2024,"2020-21, 2021-22, 2022-23, 2023-24, 2024-25",7980,25,23,48,0.288,0.259,0.547,0.223,0.289,0.87,128,146,Moderate sustained performance
229006,Franck Honorat,Attack,Right Winger,France,5,2020,2024,"2020-21, 2021-22, 2022-23, 2023-24, 2024-25",11737,32,36,68,0.241,0.304,0.545,0.156,0.389,0.804,129,147,Moderate sustained performance
387626,Leon Bailey,Attack,Right Winger,Jamaica,4,2020,2024,"2020-21, 2022-23, 2023-24, 2024-25",7348,24,24,48,0.268,0.277,0.545,0.289,0.236,0.824,130,148,Moderate sustained performance
251664,Ivan Toney,Attack,Centre-Forward,England,3,2021,2023,"2021-22, 2022-23, 2023-24",7312,36,11,47,0.409,0.134,0.543,0.18,0.373,0.731,131,149,Moderate sustained performance
316889,Hirving Lozano,Attack,Left Winger,Mexico,3,2020,2022,"2020-21, 2021-22, 2022-23",5205,19,13,32,0.316,0.228,0.543,0.184,0.335,0.685,132,150,Moderate sustained performance
351478,Mikel Oyarzabal,Attack,Centre-Forward,Spain,5,2020,2024,"2020-21, 2021-22, 2022-23, 2023-24, 2024-25",9743,42,18,60,0.384,0.155,0.539,0.134,0.37,0.704,133,151,High consistency
571020,Oihan Sancet,Midfield,Attacking Midfield,Spain,5,2020,2024,"2020-21, 2021-22, 2022-23, 2023-24, 2024-25",8633,37,14,51,0.383,0.155,0.539,0.221,0.349,0.886,19,152,Moderate sustained performance
81999,Joselu,Attack,Centre-Forward,Spain,4,2020,2023,"2020-21, 2021-22, 2022-23, 2023-24",10827,51,12,63,0.437,0.1,0.537,0.094,0.415,0.645,134,153,High consistency
486031,Nico González,Attack,Left Winger,Argentina,5,2020,2024,"2020-21, 2021-22, 2022-23, 2023-24, 2024-25",8327,34,14,48,0.392,0.144,0.537,0.196,0.255,0.77,135,154,Moderate sustained performance
496857,Edon Zhegrova,Attack,Right Winger,Kosovo,3,2022,2024,"2022-23, 2023-24, 2024-25",4340,13,12,25,0.285,0.251,0.536,0.127,0.457,0.683,136,155,High consistency
655488,Gabriel Martinelli,Attack,Left Winger,Brazil,4,2021,2024,"2021-22, 2022-23, 2023-24, 2024-25",9000,35,19,54,0.337,0.196,0.534,0.093,0.444,0.642,137,156,High consistency
486624,Musa Barrow,Attack,Left Winger,The Gambia,3,2020,2022,"2020-21, 2021-22, 2022-23",7050,17,25,42,0.211,0.322,0.533,0.027,0.503,0.552,138,157,High consistency
309400,Kai Havertz,Attack,Centre-Forward,Germany,5,2020,2024,"2020-21, 2021-22, 2022-23, 2023-24, 2024-25",10425,41,20,61,0.351,0.183,0.533,0.152,0.279,0.682,139,158,Moderate sustained performance
207877,Ruslan Malinovskyi,Midfield,Central Midfield,Ukraine,4,2020,2023,"2020-21, 2021-22, 2022-23, 2023-24",6810,20,21,41,0.264,0.267,0.53,0.328,0.253,0.956,20,159,Moderate sustained performance
266359,Benjamin Bourigeaud,Midfield,Central Midfield,France,4,2020,2023,"2020-21, 2021-22, 2022-23, 2023-24",11297,33,34,67,0.264,0.264,0.527,0.119,0.387,0.672,21,160,High consistency
470607,Brennan Johnson,Attack,Right Winger,Wales,3,2022,2024,"2022-23, 2023-24, 2024-25",7453,24,18,42,0.297,0.228,0.526,0.168,0.337,0.661,140,161,Moderate sustained performance
538964,Thijs Dallinga,Attack,Centre-Forward,Netherlands,3,2022,2024,"2022-23, 2023-24, 2024-25",6027,29,7,36,0.398,0.127,0.525,0.074,0.472,0.609,141,162,High consistency
108725,Chris Wood,Attack,Centre-Forward,New Zealand,4,2020,2024,"2020-21, 2021-22, 2023-24, 2024-25",10244,51,7,58,0.465,0.06,0.525,0.263,0.166,0.747,142,163,Moderate sustained performance
581678,Jude Bellingham,Midfield,Attacking Midfield,England,5,2020,2024,"2020-21, 2021-22, 2022-23, 2023-24, 2024-25",12006,40,31,71,0.296,0.228,0.524,0.295,0.212,0.968,22,164,Moderate sustained performance
343052,Nicolas Pépé,Attack,Right Winger,Cote d'Ivoire,3,2020,2024,"2020-21, 2022-23, 2024-25",4637,19,8,27,0.364,0.159,0.522,0.102,0.412,0.614,143,165,High consistency
152963,Florian Niederlechner,Attack,Centre-Forward,Germany,3,2020,2022,"2020-21, 2021-22, 2022-23",4593,15,10,25,0.305,0.217,0.521,0.237,0.318,0.782,144,166,Moderate sustained performance
84765,Francesco Caputo,Attack,Centre-Forward,Italy,4,2020,2023,"2020-21, 2021-22, 2022-23, 2023-24",8753,31,19,50,0.33,0.191,0.521,0.352,0.212,1.006,145,167,Moderate sustained performance
126414,Hakan Çalhanoğlu,Midfield,Defensive Midfield,Türkiye,5,2020,2024,"2020-21, 2021-22, 2022-23, 2023-24, 2024-25",12046,32,38,70,0.237,0.283,0.52,0.137,0.341,0.719,23,168,High consistency
500689,Evann Guessand,Attack,Right Winger,Cote d'Ivoire,3,2022,2024,"2022-23, 2023-24, 2024-25",5372,21,13,34,0.328,0.192,0.52,0.193,0.358,0.734,146,169,Moderate sustained performance
256361,Daniele Verde,Attack,Right Winger,Italy,3,2020,2022,"2020-21, 2021-22, 2022-23",3931,17,7,24,0.397,0.123,0.52,0.215,0.271,0.644,147,170,Moderate sustained performance
548111,Álex Baena,Attack,Left Winger,Spain,3,2022,2024,"2022-23, 2023-24, 2024-25",7152,15,27,42,0.196,0.323,0.519,0.09,0.417,0.587,148,171,High consistency
405885,Giacomo Raspadori,Attack,Second Striker,Italy,5,2020,2024,"2020-21, 2021-22, 2022-23, 2023-24, 2024-25",7594,29,15,44,0.347,0.172,0.519,0.108,0.38,0.661,149,172,High consistency
131505,Rodrigo,Attack,Centre-Forward,Spain,3,2020,2022,"2020-21, 2021-22, 2022-23",5501,26,4,30,0.443,0.075,0.518,0.208,0.278,0.648,150,173,Moderate sustained performance
227081,Joaquín Correa,Attack,Second Striker,Argentina,3,2020,2022,"2020-21, 2021-22, 2022-23",3915,17,6,23,0.394,0.123,0.517,0.123,0.38,0.616,151,174,High consistency
914562,Désiré Doué,Attack,Right Winger,France,3,2022,2024,"2022-23, 2023-24, 2024-25",4469,13,14,27,0.259,0.258,0.516,0.203,0.323,0.727,152,175,Moderate sustained performance
429983,Jørgen Strand Larsen,Attack,Centre-Forward,Norway,3,2022,2024,"2022-23, 2023-24, 2024-25",7200,31,11,42,0.367,0.147,0.514,0.101,0.421,0.622,153,176,High consistency
387106,Lovro Majer,Midfield,Attacking Midfield,Croatia,3,2021,2023,"2021-22, 2022-23, 2023-24",5639,13,19,32,0.204,0.309,0.513,0.148,0.422,0.684,24,177,High consistency
332798,Roland Sallai,Defender,Right-Back,Hungary,4,2020,2023,"2020-21, 2021-22, 2022-23, 2023-24",6088,16,18,34,0.224,0.289,0.513,0.209,0.243,0.753,1,178,Moderate sustained performance
225122,Gonçalo Guedes,Attack,Left Winger,Portugal,4,2020,2024,"2020-21, 2021-22, 2023-24, 2024-25",6835,21,18,39,0.261,0.249,0.51,0.071,0.431,0.588,154,179,High consistency
340324,Eddie Nketiah,Attack,Centre-Forward,England,3,2022,2024,"2022-23, 2023-24, 2024-25",3168,12,6,18,0.34,0.171,0.51,0.075,0.439,0.588,155,180,High consistency
104124,Michail Antonio,Attack,Centre-Forward,Jamaica,4,2020,2023,"2020-21, 2021-22, 2022-23, 2023-24",8512,31,18,49,0.329,0.18,0.51,0.132,0.392,0.681,156,181,High consistency
479999,Eberechi Eze,Midfield,Attacking Midfield,England,4,2020,2024,"2020-21, 2022-23, 2023-24, 2024-25",9877,33,22,55,0.309,0.2,0.508,0.127,0.351,0.653,25,182,High consistency
264372,Viktor Tsygankov,Attack,Right Winger,Ukraine,3,2022,2024,"2022-23, 2023-24, 2024-25",5482,13,18,31,0.208,0.3,0.508,0.165,0.328,0.653,157,183,Moderate sustained performance
435772,Charles De Ketelaere,Midfield,Attacking Midfield,Belgium,3,2022,2024,"2022-23, 2023-24, 2024-25",5223,17,17,34,0.248,0.26,0.508,0.376,0.082,0.793,26,184,Moderate sustained performance
391004,Jonas Wind,Attack,Centre-Forward,Denmark,4,2021,2024,"2021-22, 2022-23, 2023-24, 2024-25",7117,31,11,42,0.395,0.113,0.507,0.087,0.417,0.608,158,185,High consistency
486049,Jérémy Doku,Attack,Left Winger,Belgium,4,2020,2024,"2020-21, 2022-23, 2023-24, 2024-25",6822,15,21,36,0.222,0.285,0.507,0.228,0.194,0.739,159,186,Moderate sustained performance
451276,Dominik Szoboszlai,Midfield,Attacking Midfield,Hungary,4,2021,2024,"2021-22, 2022-23, 2023-24, 2024-25",8598,21,25,46,0.229,0.275,0.504,0.249,0.213,0.82,27,187,Moderate sustained performance
85393,Nicolas Viola,Midfield,Attacking Midfield,Italy,3,2020,2024,"2020-21, 2023-24, 2024-25",3510,13,6,19,0.341,0.161,0.501,0.208,0.282,0.697,28,188,Moderate sustained performance
284010,Robin Hack,Attack,Left Winger,Germany,3,2021,2024,"2021-22, 2023-24, 2024-25",4888,14,13,27,0.278,0.221,0.499,0.303,0.199,0.804,160,189,Moderate sustained performance
258889,Dominic Solanke,Attack,Centre-Forward,England,3,2022,2024,"2022-23, 2023-24, 2024-25",8412,34,13,47,0.356,0.141,0.497,0.094,0.407,0.594,161,190,High consistency
53622,İlkay Gündoğan,Midfield,Central Midfield,Germany,5,2020,2024,"2020-21, 2021-22, 2022-23, 2023-24, 2024-25",11472,35,27,62,0.292,0.205,0.496,0.144,0.323,0.709,29,191,High consistency
401173,Jadon Sancho,Attack,Left Winger,England,5,2020,2024,"2020-21, 2021-22, 2022-23, 2023-24, 2024-25",8467,22,26,48,0.227,0.268,0.495,0.221,0.284,0.869,162,192,Moderate sustained performance
626724,João Pedro,Attack,Centre-Forward,Brazil,3,2021,2024,"2021-22, 2023-24, 2024-25",5638,22,10,32,0.341,0.154,0.495,0.26,0.22,0.737,163,193,Moderate sustained performance
67063,Danny Welbeck,Attack,Centre-Forward,England,5,2020,2024,"2020-21, 2021-22, 2022-23, 2023-24, 2024-25",8705,33,15,48,0.339,0.155,0.494,0.106,0.317,0.594,164,194,High consistency
533295,Patrick Wimmer,Attack,Right Winger,Austria,3,2021,2024,"2021-22, 2022-23, 2024-25",5513,10,20,30,0.166,0.327,0.494,0.148,0.354,0.649,165,195,High consistency
128220,Luis Alberto,Midfield,Attacking Midfield,Spain,4,2020,2023,"2020-21, 2021-22, 2022-23, 2023-24",9767,25,28,53,0.228,0.264,0.492,0.096,0.375,0.61,30,196,High consistency
251106,Enes Ünal,Attack,Centre-Forward,Türkiye,3,2020,2022,"2020-21, 2021-22, 2022-23",7120,34,6,40,0.402,0.086,0.488,0.071,0.409,0.544,166,197,High consistency
394300,Davide Frattesi,Midfield,Central Midfield,Italy,4,2021,2024,"2021-22, 2022-23, 2023-24, 2024-25",7919,22,10,32,0.323,0.165,0.488,0.345,0.218,0.963,31,198,Moderate sustained performance
324811,Arnaud Nordin,Attack,Right Winger,France,5,2020,2024,"2020-21, 2021-22, 2022-23, 2023-24, 2024-25",8576,27,19,46,0.29,0.198,0.487,0.142,0.361,0.719,167,199,High consistency
140776,Yannick Carrasco,Attack,Left Winger,Belgium,3,2020,2022,"2020-21, 2021-22, 2022-23",7112,19,19,38,0.242,0.245,0.487,0.149,0.386,0.658,168,200,High consistency
538977,Georginio Rutter,Attack,Centre-Forward,France,3,2021,2024,"2021-22, 2022-23, 2024-25",4546,15,10,25,0.287,0.199,0.486,0.167,0.353,0.673,169,201,Moderate sustained performance
484547,Jeremie Frimpong,Defender,Right-Back,Netherlands,4,2021,2024,"2021-22, 2022-23, 2023-24, 2024-25",9372,23,28,51,0.215,0.271,0.486,0.172,0.306,0.715,2,202,Moderate sustained performance
568157,Yéremy Pino,Attack,Right Winger,Spain,3,2021,2024,"2021-22, 2022-23, 2024-25",6099,14,18,32,0.217,0.267,0.484,0.104,0.365,0.554,170,203,High consistency
184892,Florian Thauvin,Attack,Right Winger,France,3,2020,2024,"2020-21, 2023-24, 2024-25",6437,21,14,35,0.296,0.185,0.482,0.055,0.42,0.524,171,204,High consistency
330659,Justin Kluivert,Midfield,Attacking Midfield,Netherlands,4,2021,2024,"2021-22, 2022-23, 2023-24, 2024-25",7619,29,13,42,0.337,0.145,0.481,0.141,0.372,0.688,32,205,High consistency
424784,Luis Suárez,Attack,Centre-Forward,Colombia,4,2020,2023,"2020-21, 2021-22, 2022-23, 2023-24",7064,25,11,36,0.358,0.123,0.481,0.172,0.296,0.661,172,206,Moderate sustained performance
199527,Jacob Murphy,Attack,Right Winger,England,5,2020,2024,"2020-21, 2021-22, 2022-23, 2023-24, 2024-25",7899,18,26,44,0.198,0.283,0.481,0.265,0.185,0.756,173,207,Moderate sustained performance
346483,Mason Mount,Midfield,Attacking Midfield,England,3,2020,2022,"2020-21, 2021-22, 2022-23",6913,20,18,38,0.256,0.226,0.481,0.28,0.272,0.799,33,208,Moderate sustained performance
358166,Eldor Shomurodov,Attack,Centre-Forward,Uzbekistan,4,2020,2024,"2020-21, 2022-23, 2023-24, 2024-25",4625,16,9,25,0.286,0.193,0.479,0.203,0.195,0.659,174,209,Moderate sustained performance
199258,Andrea Petagna,Attack,Centre-Forward,Italy,3,2020,2023,"2020-21, 2022-23, 2023-24",3619,9,11,20,0.228,0.25,0.478,0.26,0.181,0.66,175,210,Moderate sustained performance
203460,Jack Grealish,Attack,Left Winger,England,4,2020,2023,"2020-21, 2021-22, 2022-23, 2023-24",7165,17,23,40,0.219,0.258,0.477,0.203,0.282,0.741,176,211,Moderate sustained performance
583189,Anthony Elanga,Attack,Right Winger,Sweden,3,2021,2024,"2021-22, 2023-24, 2024-25",6158,13,22,35,0.183,0.292,0.475,0.161,0.297,0.61,177,212,Moderate sustained performance
522784,Taty Castellanos,Attack,Centre-Forward,Argentina,3,2022,2024,"2022-23, 2023-24, 2024-25",6692,27,9,36,0.346,0.128,0.474,0.094,0.376,0.564,178,213,High consistency
274862,Moses Simon,Attack,Left Winger,Nigeria,5,2020,2024,"2020-21, 2021-22, 2022-23, 2023-24, 2024-25",11468,28,33,61,0.215,0.259,0.474,0.105,0.344,0.617,179,214,High consistency
165895,Matteo Politano,Attack,Right Winger,Italy,5,2020,2024,"2020-21, 2021-22, 2022-23, 2023-24, 2024-25",9948,26,25,51,0.243,0.229,0.472,0.165,0.254,0.659,180,215,Moderate sustained performance
314398,Jae-sung Lee,Midfield,Attacking Midfield,"Korea, South",4,2021,2024,"2021-22, 2022-23, 2023-24, 2024-25",8147,24,19,43,0.267,0.204,0.471,0.049,0.423,0.52,34,216,High consistency
504849,Kaoru Mitoma,Attack,Left Winger,Japan,3,2022,2024,"2022-23, 2023-24, 2024-25",6415,20,14,34,0.266,0.204,0.47,0.042,0.423,0.505,181,217,High consistency
290532,Saïd Benrahma,Attack,Left Winger,Algeria,4,2020,2023,"2020-21, 2021-22, 2022-23, 2023-24",7036,18,19,37,0.213,0.256,0.469,0.078,0.391,0.577,182,218,High consistency
649016,El Bilal Touré,Attack,Left Winger,Mali,3,2020,2022,"2020-21, 2021-22, 2022-23",3800,13,7,20,0.301,0.168,0.469,0.116,0.364,0.594,183,219,High consistency
94529,Stephan El Shaarawy,Attack,Left Winger,Italy,4,2021,2024,"2021-22, 2022-23, 2023-24, 2024-25",5397,16,12,28,0.269,0.2,0.468,0.19,0.258,0.661,184,220,Moderate sustained performance
167727,Andrea Belotti,Attack,Centre-Forward,Italy,4,2020,2023,"2020-21, 2021-22, 2022-23, 2023-24",7032,27,13,40,0.315,0.152,0.467,0.212,0.158,0.622,185,221,Moderate sustained performance
303259,Dodi Lukébakio,Attack,Right Winger,Belgium,5,2020,2024,"2020-21, 2021-22, 2022-23, 2023-24, 2024-25",9550,34,15,49,0.309,0.157,0.466,0.068,0.377,0.561,186,222,High consistency
342226,Irvin Cardona,Attack,Right Winger,Malta,3,2020,2024,"2020-21, 2021-22, 2024-25",5003,18,8,26,0.318,0.148,0.466,0.073,0.407,0.547,187,223,High consistency
283994,Ludovic Ajorque,Attack,Centre-Forward,France,5,2020,2024,"2020-21, 2021-22, 2022-23, 2023-24, 2024-25",11570,50,16,66,0.359,0.107,0.466,0.218,0.133,0.656,188,224,Moderate sustained performance
106270,Florian Kainz,Midfield,Attacking Midfield,Austria,3,2021,2023,"2021-22, 2022-23, 2023-24",6931,15,21,36,0.195,0.27,0.465,0.127,0.366,0.608,35,225,High consistency
462348,Mostafa Mohamed,Attack,Centre-Forward,Egypt,3,2022,2024,"2022-23, 2023-24, 2024-25",5197,21,6,27,0.363,0.1,0.464,0.042,0.433,0.512,189,226,High consistency
27389,Kévin Gameiro,Attack,Centre-Forward,France,4,2020,2023,"2020-21, 2021-22, 2022-23, 2023-24",6913,29,8,37,0.361,0.103,0.464,0.072,0.401,0.563,190,227,High consistency
127156,Téji Savanier,Midfield,Attacking Midfield,France,5,2020,2024,"2020-21, 2021-22, 2022-23, 2023-24, 2024-25",12275,36,28,64,0.259,0.205,0.464,0.124,0.269,0.562,36,228,High consistency
283735,Mattia Zaccagni,Attack,Left Winger,Italy,5,2020,2024,"2020-21, 2021-22, 2022-23, 2023-24, 2024-25",12151,35,28,63,0.259,0.204,0.463,0.077,0.365,0.55,191,229,High consistency
246968,Ayoze Pérez,Attack,Centre-Forward,Spain,4,2020,2024,"2020-21, 2022-23, 2023-24, 2024-25",7390,33,7,40,0.376,0.088,0.463,0.337,0.203,0.956,192,230,Moderate sustained performance
255508,Iñaki Williams,Attack,Right Winger,Ghana,5,2020,2024,"2020-21, 2021-22, 2022-23, 2023-24, 2024-25",13540,42,27,69,0.276,0.184,0.46,0.031,0.41,0.489,193,231,High consistency
343463,Cyle Larin,Attack,Centre-Forward,Canada,3,2022,2024,"2022-23, 2023-24, 2024-25",5065,18,7,25,0.331,0.128,0.459,0.214,0.247,0.674,194,232,Moderate sustained performance
398073,Achraf Hakimi,Defender,Right-Back,Morocco,5,2020,2024,"2020-21, 2021-22, 2022-23, 2023-24, 2024-25",11204,24,33,57,0.192,0.262,0.454,0.089,0.362,0.573,3,233,High consistency
188888,Sheraldo Becker,Attack,Left Winger,Suriname,5,2020,2024,"2020-21, 2021-22, 2022-23, 2023-24, 2024-25",7882,22,21,43,0.227,0.227,0.454,0.134,0.272,0.627,195,234,High consistency
610442,Rasmus Højlund,Attack,Centre-Forward,Denmark,3,2022,2024,"2022-23, 2023-24, 2024-25",6020,23,7,30,0.345,0.108,0.453,0.211,0.223,0.638,196,235,Moderate sustained performance
361254,Rafa Mir,Attack,Centre-Forward,Spain,3,2020,2022,"2020-21, 2021-22, 2022-23",5977,29,1,30,0.441,0.01,0.451,0.044,0.416,0.5,197,236,High consistency
25488,Antonio Candreva,Midfield,Right Midfield,Italy,4,2020,2023,"2020-21, 2021-22, 2022-23, 2023-24",11137,25,31,56,0.202,0.248,0.45,0.073,0.392,0.546,37,237,High consistency
431755,Dejan Kulusevski,Midfield,Attacking Midfield,Sweden,5,2020,2024,"2020-21, 2021-22, 2022-23, 2023-24, 2024-25",11182,27,28,55,0.213,0.236,0.449,0.174,0.328,0.755,38,238,Moderate sustained performance
170986,Raphaël Guerreiro,Defender,Left-Back,Portugal,5,2020,2024,"2020-21, 2021-22, 2022-23, 2023-24, 2024-25",9106,20,29,49,0.202,0.247,0.449,0.183,0.225,0.648,4,239,Moderate sustained performance
429014,Morgan Gibbs-White,Midfield,Attacking Midfield,England,3,2022,2024,"2022-23, 2023-24, 2024-25",9145,17,28,45,0.169,0.277,0.446,0.088,0.37,0.542,39,240,High consistency
737781,Jérémy Le Douaron,Attack,Centre-Forward,France,3,2021,2023,"2021-22, 2022-23, 2023-24",5144,19,7,26,0.322,0.124,0.446,0.15,0.277,0.563,198,241,High consistency
256267,Vedat Muriqi,Attack,Centre-Forward,Kosovo,4,2021,2024,"2021-22, 2022-23, 2023-24, 2024-25",8996,34,11,45,0.326,0.119,0.445,0.092,0.348,0.549,199,242,High consistency
161011,Filip Kostić,Midfield,Left Midfield,Serbia,4,2020,2023,"2020-21, 2021-22, 2022-23, 2023-24",9544,11,38,49,0.097,0.348,0.445,0.229,0.197,0.745,40,243,Moderate sustained performance
179635,Philipp Förster,Midfield,Attacking Midfield,Germany,3,2020,2022,"2020-21, 2021-22, 2022-23",3804,8,11,19,0.189,0.256,0.445,0.326,0.237,0.821,41,244,Moderate sustained performance
178459,Davie Selke,Attack,Centre-Forward,Germany,3,2021,2023,"2021-22, 2022-23, 2023-24",3420,16,1,17,0.418,0.026,0.444,0.095,0.361,0.547,200,245,High consistency
74230,Pablo Sarabia,Midfield,Attacking Midfield,Spain,3,2020,2023,"2020-21, 2022-23, 2023-24",4195,11,11,22,0.233,0.211,0.444,0.321,0.08,0.686,42,246,Moderate sustained performance
206040,Raúl Jiménez,Attack,Centre-Forward,Mexico,3,2021,2024,"2021-22, 2023-24, 2024-25",6547,25,7,32,0.362,0.081,0.443,0.099,0.341,0.538,201,247,High consistency
392765,Emile Smith Rowe,Midfield,Attacking Midfield,England,3,2020,2024,"2020-21, 2021-22, 2024-25",5429,18,9,27,0.285,0.158,0.443,0.104,0.373,0.563,43,248,High consistency
181136,Piotr Zielinski,Midfield,Central Midfield,Poland,5,2020,2024,"2020-21, 2021-22, 2022-23, 2023-24, 2024-25",9857,22,29,51,0.196,0.247,0.443,0.161,0.232,0.671,44,249,Moderate sustained performance
459463,Cucho Hernández,Attack,Centre-Forward,Colombia,3,2020,2024,"2020-21, 2021-22, 2024-25",3765,12,6,18,0.302,0.14,0.442,0.126,0.305,0.552,202,250,High consistency
354814,M'Bala Nzola,Attack,Centre-Forward,Angola,5,2020,2024,"2020-21, 2021-22, 2022-23, 2023-24, 2024-25",8624,35,10,45,0.335,0.106,0.441,0.156,0.254,0.664,203,251,Moderate sustained performance
316264,Martin Ødegaard,Midfield,Attacking Midfield,Norway,5,2020,2024,"2020-21, 2021-22, 2022-23, 2023-24, 2024-25",12477,34,32,66,0.217,0.224,0.441,0.157,0.246,0.657,45,252,Moderate sustained performance
338425,Álex Berenguer,Attack,Left Winger,Spain,5,2020,2024,"2020-21, 2021-22, 2022-23, 2023-24, 2024-25",10828,28,24,52,0.241,0.198,0.439,0.136,0.235,0.57,204,253,High consistency
392538,Tommaso Pobega,Midfield,Central Midfield,Italy,3,2020,2024,"2020-21, 2021-22, 2024-25",4655,12,9,21,0.25,0.189,0.439,0.193,0.282,0.654,46,254,Moderate sustained performance
288225,Ludovic Blas,Midfield,Right Midfield,France,5,2020,2024,"2020-21, 2021-22, 2022-23, 2023-24, 2024-25",12463,37,25,62,0.262,0.176,0.438,0.111,0.288,0.586,47,255,High consistency
42460,Ivan Perišić,Attack,Left Winger,Croatia,3,2020,2022,"2020-21, 2021-22, 2022-23",6752,13,20,33,0.166,0.271,0.437,0.047,0.384,0.476,205,256,High consistency
391065,Hamed Traoré,Attack,Left Winger,Cote d'Ivoire,4,2020,2024,"2020-21, 2021-22, 2022-23, 2024-25",6701,22,12,34,0.258,0.176,0.434,0.13,0.264,0.556,206,257,High consistency
153084,Leon Goretzka,Midfield,Central Midfield,Germany,5,2020,2024,"2020-21, 2021-22, 2022-23, 2023-24, 2024-25",8406,21,21,42,0.225,0.208,0.433,0.151,0.259,0.602,48,258,Moderate sustained performance
555076,Romain Faivre,Midfield,Attacking Midfield,France,4,2020,2023,"2020-21, 2021-22, 2022-23, 2023-24",8627,26,15,41,0.279,0.154,0.432,0.094,0.341,0.524,49,259,High consistency
321528,Denzel Dumfries,Defender,Right-Back,Netherlands,4,2021,2024,"2021-22, 2022-23, 2023-24, 2024-25",7843,17,20,37,0.201,0.229,0.431,0.074,0.324,0.493,5,260,High consistency
167721,Chimy Ávila,Attack,Centre-Forward,Argentina,3,2021,2023,"2021-22, 2022-23, 2023-24",4765,16,7,23,0.287,0.144,0.431,0.08,0.384,0.523,207,261,High consistency
327757,Krzysztof Piatek,Attack,Centre-Forward,Poland,3,2020,2022,"2020-21, 2021-22, 2022-23",4861,15,8,23,0.295,0.134,0.43,0.06,0.378,0.495,208,262,High consistency
145988,Wilfried Zaha,Attack,Left Winger,Cote d'Ivoire,3,2020,2022,"2020-21, 2021-22, 2022-23",7670,32,5,37,0.37,0.06,0.43,0.07,0.353,0.489,209,263,High consistency
400489,Eljif Elmas,Midfield,Attacking Midfield,North Macedonia,3,2021,2024,"2021-22, 2022-23, 2024-25",4286,13,8,21,0.28,0.149,0.429,0.084,0.337,0.501,50,264,High consistency
279009,Marco Richter,Midfield,Attacking Midfield,Germany,3,2020,2022,"2020-21, 2021-22, 2022-23",4975,14,10,24,0.249,0.18,0.428,0.094,0.368,0.537,51,265,High consistency
401922,Samuel Chukwueze,Attack,Right Winger,Nigeria,5,2020,2024,"2020-21, 2021-22, 2022-23, 2023-24, 2024-25",6967,17,16,33,0.216,0.211,0.427,0.052,0.356,0.49,210,266,High consistency
573775,Hugo Duro,Attack,Centre-Forward,Spain,4,2021,2024,"2021-22, 2022-23, 2023-24, 2024-25",8400,32,11,43,0.313,0.114,0.427,0.201,0.131,0.58,211,267,Moderate sustained performance
344152,Odsonne Édouard,Attack,Centre-Forward,France,3,2021,2023,"2021-22, 2022-23, 2023-24",4927,18,5,23,0.333,0.091,0.424,0.086,0.349,0.517,212,268,High consistency
257751,Simone Bastoni,Midfield,Central Midfield,Italy,3,2020,2022,"2020-21, 2021-22, 2022-23",5018,6,16,22,0.109,0.315,0.424,0.132,0.275,0.526,52,269,High consistency
126737,Juanmi,Attack,Left Winger,Spain,3,2021,2024,"2021-22, 2022-23, 2024-25",4001,20,5,25,0.354,0.07,0.424,0.441,0,0.881,213,270,Moderate sustained performance
198116,Federico Dimarco,Defender,Left-Back,Italy,5,2020,2024,"2020-21, 2021-22, 2022-23, 2023-24, 2024-25",10423,20,29,49,0.17,0.253,0.423,0.077,0.344,0.533,6,271,High consistency
410225,Ismaïla Sarr,Attack,Right Winger,Senegal,3,2021,2024,"2021-22, 2023-24, 2024-25",6033,16,13,29,0.231,0.193,0.423,0.08,0.338,0.496,214,272,High consistency
161056,Joshua Kimmich,Midfield,Defensive Midfield,Germany,5,2020,2024,"2020-21, 2021-22, 2022-23, 2023-24, 2024-25",12527,16,42,58,0.114,0.309,0.423,0.126,0.316,0.574,53,273,High consistency
286297,Lorenzo Pellegrini,Midfield,Attacking Midfield,Italy,5,2020,2024,"2020-21, 2021-22, 2022-23, 2023-24, 2024-25",10963,30,22,52,0.246,0.176,0.423,0.153,0.22,0.579,54,274,Moderate sustained performance
225593,Pere Milla,Attack,Left Winger,Spain,3,2020,2022,"2020-21, 2021-22, 2022-23",5449,18,7,25,0.304,0.117,0.422,0.158,0.325,0.604,215,275,Moderate sustained performance
165793,Takumi Minamino,Attack,Left Winger,Japan,3,2020,2024,"2020-21, 2023-24, 2024-25",5378,18,9,27,0.297,0.125,0.421,0.191,0.268,0.635,216,276,Moderate sustained performance
346779,Ché Adams,Attack,Centre-Forward,Scotland,4,2020,2024,"2020-21, 2021-22, 2022-23, 2024-25",9371,30,14,44,0.286,0.134,0.42,0.047,0.361,0.471,217,277,High consistency
146752,Gianluca Caprari,Attack,Second Striker,Italy,4,2020,2024,"2020-21, 2021-22, 2022-23, 2024-25",8741,25,17,42,0.245,0.175,0.42,0.183,0.256,0.621,218,278,Moderate sustained performance
217115,Neal Maupay,Attack,Centre-Forward,France,5,2020,2024,"2020-21, 2021-22, 2022-23, 2023-24, 2024-25",8376,27,11,38,0.282,0.137,0.419,0.232,0.081,0.69,219,279,Moderate sustained performance
424072,Mathias Pereira Lage,Attack,Left Winger,Portugal,5,2020,2024,"2020-21, 2021-22, 2022-23, 2023-24, 2024-25",6533,15,15,30,0.215,0.203,0.418,0.138,0.284,0.606,220,280,High consistency
358504,Ritsu Doan,Attack,Right Winger,Japan,4,2020,2024,"2020-21, 2022-23, 2023-24, 2024-25",10366,27,21,48,0.234,0.182,0.416,0.126,0.258,0.564,221,281,High consistency
159372,Felipe Anderson,Attack,Left Winger,Brazil,3,2021,2023,"2021-22, 2022-23, 2023-24",8651,20,20,40,0.207,0.208,0.415,0.052,0.356,0.455,222,282,High consistency
292246,Hee-chan Hwang,Attack,Centre-Forward,"Korea, South",3,2021,2023,"2021-22, 2022-23, 2023-24",5120,20,5,25,0.33,0.085,0.415,0.192,0.289,0.636,223,283,Moderate sustained performance
595809,Beto,Attack,Centre-Forward,Guinea-Bissau,4,2021,2024,"2021-22, 2022-23, 2023-24, 2024-25",6852,32,1,33,0.404,0.011,0.414,0.099,0.266,0.471,224,284,High consistency
518505,Jamie Leweling,Attack,Right Winger,Germany,3,2021,2024,"2021-22, 2023-24, 2024-25",5158,11,12,23,0.191,0.222,0.413,0.207,0.268,0.65,225,285,Moderate sustained performance
34601,Raúl García,Attack,Centre-Forward,Spain,3,2020,2022,"2020-21, 2021-22, 2022-23",4506,13,7,20,0.248,0.162,0.411,0.088,0.31,0.476,226,286,High consistency
323831,Rafael Borré,Attack,Centre-Forward,Colombia,3,2021,2023,"2021-22, 2022-23, 2023-24",4445,14,8,22,0.278,0.132,0.41,0.102,0.339,0.527,227,287,High consistency
823231,Dango Ouattara,Attack,Right Winger,Burkina Faso,3,2022,2024,"2022-23, 2023-24, 2024-25",6029,15,15,30,0.204,0.205,0.409,0.164,0.221,0.515,228,288,Moderate sustained performance
106872,Kevin Stöger,Midfield,Attacking Midfield,Austria,3,2022,2024,"2022-23, 2023-24, 2024-25",6830,15,16,31,0.194,0.213,0.407,0.131,0.276,0.538,55,289,High consistency
27992,Luka Modrić,Midfield,Central Midfield,Croatia,4,2021,2024,"2021-22, 2022-23, 2023-24, 2024-25",7297,10,23,33,0.125,0.281,0.406,0.035,0.361,0.44,56,290,High consistency
99353,Portu,Attack,Right Winger,Spain,4,2020,2023,"2020-21, 2021-22, 2022-23, 2023-24",6804,16,13,29,0.221,0.186,0.406,0.326,0.153,0.85,229,291,Moderate sustained performance
579930,Armand Laurienté,Attack,Left Winger,France,4,2020,2023,"2020-21, 2021-22, 2022-23, 2023-24",9496,22,20,42,0.208,0.198,0.405,0.116,0.289,0.549,230,292,High consistency
119211,Mitchell Weiser,Defender,Right-Back,Germany,3,2022,2024,"2022-23, 2023-24, 2024-25",8031,10,26,36,0.11,0.293,0.403,0.054,0.341,0.439,7,293,High consistency
175639,Jonathan Clauss,Defender,Right-Back,France,5,2020,2024,"2020-21, 2021-22, 2022-23, 2023-24, 2024-25",12582,16,41,57,0.114,0.289,0.403,0.09,0.304,0.506,8,294,High consistency
55735,Henrikh Mkhitaryan,Midfield,Central Midfield,Armenia,5,2020,2024,"2020-21, 2021-22, 2022-23, 2023-24, 2024-25",12465,24,34,58,0.168,0.235,0.403,0.23,0.224,0.786,57,295,Moderate sustained performance
248999,Lucas Höler,Attack,Centre-Forward,Germany,5,2020,2024,"2020-21, 2021-22, 2022-23, 2023-24, 2024-25",10379,29,17,46,0.255,0.147,0.402,0.023,0.381,0.433,231,296,High consistency
272642,Allan Saint-Maximin,Attack,Left Winger,France,3,2020,2022,"2020-21, 2021-22, 2022-23",5496,9,14,23,0.138,0.264,0.402,0.082,0.32,0.483,232,297,High consistency
113707,Rémy Cabella,Midfield,Attacking Midfield,France,3,2022,2024,"2022-23, 2023-24, 2024-25",5013,10,15,25,0.153,0.248,0.402,0.184,0.245,0.604,58,298,Moderate sustained performance
298477,Oli McBurnie,Attack,Centre-Forward,Scotland,3,2020,2024,"2020-21, 2023-24, 2024-25",4443,10,10,20,0.212,0.191,0.402,0.249,0.136,0.63,233,299,Moderate sustained performance
112302,Roberto Pereyra,Midfield,Central Midfield,Argentina,4,2020,2023,"2020-21, 2021-22, 2022-23, 2023-24",9427,17,25,42,0.164,0.236,0.4,0.011,0.387,0.414,59,300,High consistency
324278,Christoph Baumgartner,Midfield,Attacking Midfield,Austria,5,2020,2024,"2020-21, 2021-22, 2022-23, 2023-24, 2024-25",9616,27,16,43,0.261,0.139,0.4,0.145,0.168,0.548,60,301,High consistency
238639,Steve Mounié,Attack,Centre-Forward,Benin,4,2020,2023,"2020-21, 2021-22, 2022-23, 2023-24",8433,30,8,38,0.32,0.079,0.399,0.051,0.325,0.435,234,302,High consistency
401578,Exequiel Palacios,Midfield,Central Midfield,Argentina,4,2021,2024,"2021-22, 2022-23, 2023-24, 2024-25",5741,11,14,25,0.164,0.235,0.399,0.104,0.326,0.548,61,303,High consistency
429874,Ansgar Knauff,Attack,Right Winger,Germany,3,2022,2024,"2022-23, 2023-24, 2024-25",5011,12,11,23,0.197,0.201,0.399,0.177,0.21,0.561,235,304,Moderate sustained performance
212391,Roger Martí,Attack,Centre-Forward,Spain,4,2020,2023,"2020-21, 2021-22, 2022-23, 2023-24",6999,22,12,34,0.247,0.15,0.397,0.217,0.139,0.652,236,305,Moderate sustained performance
35518,David Silva,Midfield,Attacking Midfield,Spain,3,2020,2022,"2020-21, 2021-22, 2022-23",5099,6,16,22,0.108,0.287,0.395,0.065,0.322,0.447,62,306,High consistency
234523,Antonio Sanabria,Attack,Centre-Forward,Paraguay,5,2020,2024,"2020-21, 2021-22, 2022-23, 2023-24, 2024-25",9625,33,11,44,0.292,0.102,0.395,0.181,0.205,0.589,237,307,Moderate sustained performance
66106,Sergio Canales,Midfield,Attacking Midfield,Spain,3,2020,2022,"2020-21, 2021-22, 2022-23",7721,17,17,34,0.199,0.195,0.394,0.123,0.261,0.503,63,308,High consistency
455181,Jorge de Frutos,Attack,Right Winger,Spain,4,2020,2024,"2020-21, 2021-22, 2023-24, 2024-25",8000,16,20,36,0.175,0.219,0.394,0.218,0.117,0.576,238,309,Moderate sustained performance
119234,Karim Onisiwo,Attack,Centre-Forward,Austria,4,2020,2023,"2020-21, 2021-22, 2022-23, 2023-24",8264,20,18,38,0.199,0.194,0.393,0.128,0.24,0.53,239,310,High consistency
306024,Dominic Calvert-Lewin,Attack,Centre-Forward,England,5,2020,2024,"2020-21, 2021-22, 2022-23, 2023-24, 2024-25",9137,33,10,43,0.292,0.101,0.393,0.15,0.23,0.595,240,311,High consistency
557149,Kang-in Lee,Midfield,Attacking Midfield,"Korea, South",5,2020,2024,"2020-21, 2021-22, 2022-23, 2023-24, 2024-25",8659,16,23,39,0.152,0.241,0.393,0.172,0.192,0.648,64,312,Moderate sustained performance
399434,Marcus Tavernier,Midfield,Attacking Midfield,England,3,2022,2024,"2022-23, 2023-24, 2024-25",5822,11,14,25,0.174,0.218,0.392,0.087,0.295,0.463,65,313,High consistency
273132,Robin Gosens,Defender,Left-Back,Germany,4,2020,2024,"2020-21, 2022-23, 2023-24, 2024-25",8625,25,15,40,0.257,0.136,0.392,0.156,0.23,0.603,9,314,Moderate sustained performance
709187,Nico Williams,Attack,Left Winger,Spain,4,2021,2024,"2021-22, 2022-23, 2023-24, 2024-25",8280,16,24,40,0.156,0.236,0.392,0.308,0,0.749,241,315,Moderate sustained performance
205562,Thomas Lemar,Midfield,Attacking Midfield,France,3,2020,2022,"2020-21, 2021-22, 2022-23",4076,6,12,18,0.129,0.263,0.391,0.148,0.286,0.56,66,316,High consistency
345886,Rubén Vargas,Attack,Left Winger,Switzerland,5,2020,2024,"2020-21, 2021-22, 2022-23, 2023-24, 2024-25",7708,16,16,32,0.197,0.195,0.391,0.181,0.18,0.635,242,317,Moderate sustained performance
392768,Callum Hudson-Odoi,Attack,Left Winger,England,4,2020,2024,"2020-21, 2021-22, 2023-24, 2024-25",6086,16,10,26,0.214,0.176,0.39,0.05,0.327,0.436,243,318,High consistency
719442,David Da Costa,Midfield,Attacking Midfield,Portugal,3,2021,2023,"2021-22, 2022-23, 2023-24",4370,8,11,19,0.163,0.227,0.389,0.121,0.256,0.492,67,319,High consistency
503733,Anthony Gordon,Attack,Left Winger,England,4,2021,2024,"2021-22, 2022-23, 2023-24, 2024-25",9216,25,18,43,0.237,0.153,0.389,0.2,0.228,0.65,244,320,Moderate sustained performance
395236,Yacine Adli,Midfield,Defensive Midfield,Algeria,4,2020,2024,"2020-21, 2021-22, 2023-24, 2024-25",7299,8,21,29,0.119,0.27,0.389,0.247,0.191,0.745,68,321,Moderate sustained performance
355369,Jordan,Attack,Centre-Forward,United States,3,2022,2024,"2022-23, 2023-24, 2024-25",4097,10,8,18,0.215,0.172,0.388,0.22,0.139,0.559,245,322,Moderate sustained performance
241527,Federico Bonazzoli,Attack,Centre-Forward,Italy,3,2021,2023,"2021-22, 2022-23, 2023-24",3995,15,3,18,0.303,0.083,0.387,0.085,0.323,0.483,246,323,High consistency
203496,Nabil Fekir,Midfield,Attacking Midfield,France,4,2020,2023,"2020-21, 2021-22, 2022-23, 2023-24",7460,14,19,33,0.159,0.228,0.387,0.094,0.258,0.466,69,324,High consistency
241641,Bernardo Silva,Midfield,Attacking Midfield,Portugal,5,2020,2024,"2020-21, 2021-22, 2022-23, 2023-24, 2024-25",12382,24,29,53,0.169,0.216,0.386,0.093,0.27,0.523,70,325,High consistency
82873,Pascal Groß,Midfield,Central Midfield,Germany,5,2020,2024,"2020-21, 2021-22, 2022-23, 2023-24, 2024-25",13220,18,40,58,0.113,0.272,0.385,0.075,0.264,0.471,71,326,High consistency
855015,Farès Chaïbi,Midfield,Attacking Midfield,Algeria,3,2022,2024,"2022-23, 2023-24, 2024-25",5332,8,15,23,0.124,0.259,0.383,0.026,0.357,0.409,72,327,High consistency
487465,Pedro Neto,Attack,Right Winger,Portugal,4,2020,2024,"2020-21, 2022-23, 2023-24, 2024-25",7318,11,22,33,0.113,0.269,0.382,0.229,0.093,0.652,247,328,Moderate sustained performance
340328,Stephy Mavididi,Attack,Left Winger,England,4,2020,2024,"2020-21, 2021-22, 2022-23, 2024-25",7260,25,6,31,0.303,0.078,0.381,0.07,0.278,0.428,248,329,High consistency
325223,Mama Baldé,Attack,Centre-Forward,Guinea-Bissau,4,2020,2024,"2020-21, 2021-22, 2022-23, 2024-25",7744,24,10,34,0.251,0.13,0.381,0.112,0.29,0.539,249,330,High consistency
57280,Giacomo Bonaventura,Midfield,Attacking Midfield,Italy,4,2020,2023,"2020-21, 2021-22, 2022-23, 2023-24",8750,20,17,37,0.207,0.174,0.38,0.103,0.238,0.474,73,331,High consistency
221316,Lucas Vázquez,Defender,Right-Back,Spain,5,2020,2024,"2020-21, 2021-22, 2022-23, 2023-24, 2024-25",8430,13,20,33,0.158,0.22,0.379,0.192,0.147,0.638,10,332,Moderate sustained performance
255942,Nicolò Barella,Midfield,Central Midfield,Italy,5,2020,2024,"2020-21, 2021-22, 2022-23, 2023-24, 2024-25",13814,17,41,58,0.112,0.265,0.377,0.095,0.252,0.491,74,333,High consistency
381950,Alexis Saelemaekers,Midfield,Right Midfield,Belgium,5,2020,2024,"2020-21, 2021-22, 2022-23, 2023-24, 2024-25",8680,16,19,35,0.176,0.201,0.377,0.203,0.193,0.725,75,334,Moderate sustained performance
289835,Jens Stage,Midfield,Central Midfield,Denmark,3,2022,2024,"2022-23, 2023-24, 2024-25",6406,16,11,27,0.223,0.155,0.377,0.205,0.231,0.611,76,335,Moderate sustained performance
334222,Lucas Boyé,Attack,Centre-Forward,Argentina,4,2020,2023,"2020-21, 2021-22, 2022-23, 2023-24",9461,27,11,38,0.266,0.11,0.376,0.101,0.299,0.522,250,336,High consistency
392959,Andrea Colpani,Midfield,Attacking Midfield,Italy,3,2022,2024,"2022-23, 2023-24, 2024-25",5078,14,7,21,0.258,0.118,0.376,0.118,0.247,0.479,77,337,High consistency
360518,Teun Koopmeiners,Midfield,Defensive Midfield,Netherlands,4,2021,2024,"2021-22, 2022-23, 2023-24, 2024-25",9618,29,13,42,0.257,0.119,0.376,0.168,0.211,0.581,78,338,Moderate sustained performance
131978,Ross Barkley,Midfield,Central Midfield,England,3,2020,2023,"2020-21, 2022-23, 2023-24",5120,12,7,19,0.245,0.13,0.374,0.188,0.228,0.586,79,339,Moderate sustained performance
372246,Carlos Soler,Midfield,Central Midfield,Spain,4,2021,2024,"2021-22, 2022-23, 2023-24, 2024-25",6332,18,11,29,0.223,0.151,0.374,0.197,0.128,0.597,80,340,Moderate sustained performance
125858,Kerem Demirbay,Midfield,Central Midfield,Germany,3,2020,2022,"2020-21, 2021-22, 2022-23",5343,9,13,22,0.161,0.212,0.373,0.03,0.351,0.407,81,341,High consistency
232454,Nadiem Amiri,Midfield,Central Midfield,Germany,5,2020,2024,"2020-21, 2021-22, 2022-23, 2023-24, 2024-25",7787,15,18,33,0.174,0.198,0.372,0.084,0.258,0.464,82,342,High consistency
52769,Willian,Attack,Left Winger,Brazil,3,2020,2023,"2020-21, 2022-23, 2023-24",5607,10,13,23,0.15,0.22,0.37,0.1,0.263,0.462,251,343,High consistency
255901,Rodrigo De Paul,Midfield,Central Midfield,Argentina,5,2020,2024,"2020-21, 2021-22, 2022-23, 2023-24, 2024-25",11490,20,29,49,0.146,0.224,0.37,0.119,0.209,0.534,83,344,High consistency
54235,Iker Muniain,Attack,Left Winger,Spain,3,2020,2022,"2020-21, 2021-22, 2022-23",6452,9,19,28,0.119,0.25,0.37,0.14,0.213,0.482,252,345,High consistency
513245,Jesper Lindstrøm,Attack,Right Winger,Denmark,3,2021,2024,"2021-22, 2022-23, 2024-25",4927,12,10,22,0.199,0.171,0.37,0.265,0.073,0.584,253,346,Moderate sustained performance
356141,Daichi Kamada,Midfield,Attacking Midfield,Japan,5,2020,2024,"2020-21, 2021-22, 2022-23, 2023-24, 2024-25",9886,20,25,45,0.166,0.203,0.369,0.287,0,0.682,84,347,Moderate sustained performance
215977,Adrien Thomasson,Midfield,Central Midfield,France,5,2020,2024,"2020-21, 2021-22, 2022-23, 2023-24, 2024-25",11075,22,23,45,0.171,0.195,0.365,0.126,0.205,0.526,85,348,High consistency
111961,Suso,Midfield,Attacking Midfield,Spain,3,2020,2023,"2020-21, 2022-23, 2023-24",4805,6,12,18,0.117,0.246,0.363,0.127,0.282,0.509,86,349,High consistency
444523,Lucas Paquetá,Midfield,Attacking Midfield,Brazil,5,2020,2024,"2020-21, 2021-22, 2022-23, 2023-24, 2024-25",12351,30,20,50,0.219,0.143,0.362,0.164,0.151,0.551,87,350,Moderate sustained performance
315865,Andrea Pinamonti,Attack,Centre-Forward,Italy,4,2021,2024,"2021-22, 2022-23, 2023-24, 2024-25",11003,39,6,45,0.312,0.048,0.361,0.092,0.248,0.47,254,351,High consistency
347253,Dany Mota,Attack,Centre-Forward,Portugal,3,2022,2024,"2022-23, 2023-24, 2024-25",6091,14,10,24,0.207,0.149,0.356,0.062,0.298,0.421,255,352,High consistency
354726,Florian Sotoca,Attack,Centre-Forward,France,5,2020,2024,"2020-21, 2021-22, 2022-23, 2023-24, 2024-25",12380,29,23,52,0.202,0.154,0.356,0.157,0.1,0.499,256,353,Moderate sustained performance
487843,Lorenzo Colombo,Attack,Centre-Forward,Italy,3,2022,2024,"2022-23, 2023-24, 2024-25",5123,15,5,20,0.267,0.088,0.355,0.052,0.321,0.415,257,354,High consistency
406640,Felix Nmecha,Midfield,Central Midfield,Germany,3,2022,2024,"2022-23, 2023-24, 2024-25",4365,8,10,18,0.158,0.197,0.354,0.088,0.265,0.441,88,355,High consistency
181579,James Ward-Prowse,Midfield,Central Midfield,England,5,2020,2024,"2020-21, 2021-22, 2022-23, 2023-24, 2024-25",14453,35,25,60,0.201,0.153,0.354,0.097,0.188,0.42,89,356,High consistency
372711,Amine Harit,Attack,Left Winger,Morocco,3,2020,2023,"2020-21, 2021-22, 2023-24",5108,7,11,18,0.148,0.207,0.354,0.24,0.148,0.617,258,357,Moderate sustained performance
116088,Marius Bülter,Attack,Left Winger,Germany,4,2020,2024,"2020-21, 2022-23, 2023-24, 2024-25",6655,20,9,29,0.226,0.127,0.353,0.199,0.093,0.569,259,358,Moderate sustained performance
348795,Giovani Lo Celso,Midfield,Attacking Midfield,Argentina,4,2020,2024,"2020-21, 2021-22, 2022-23, 2024-25",4806,12,8,20,0.205,0.148,0.353,0.246,0.141,0.681,90,359,Moderate sustained performance
390177,Nedim Bajrami,Midfield,Attacking Midfield,Albania,3,2021,2023,"2021-22, 2022-23, 2023-24",5123,10,11,21,0.167,0.182,0.349,0.192,0.206,0.567,91,360,Moderate sustained performance
694928,Samuel Lino,Attack,Left Winger,Brazil,3,2022,2024,"2022-23, 2023-24, 2024-25",6546,13,11,24,0.177,0.17,0.347,0.086,0.248,0.404,260,361,High consistency
553875,Pedro Porro,Defender,Right-Back,Spain,3,2022,2024,"2022-23, 2023-24, 2024-25",6838,8,16,24,0.131,0.216,0.347,0.111,0.276,0.475,11,362,High consistency
272278,Chris Führich,Attack,Left Winger,Germany,4,2021,2024,"2021-22, 2022-23, 2023-24, 2024-25",8200,18,15,33,0.191,0.156,0.347,0.12,0.261,0.52,261,363,High consistency
289182,Christopher Antwi-Adjei,Attack,Left Winger,Ghana,3,2021,2023,"2021-22, 2022-23, 2023-24",4316,6,12,18,0.121,0.224,0.346,0.134,0.244,0.498,262,364,High consistency
149579,Elbasan Rashani,Attack,Left Winger,Kosovo,3,2021,2023,"2021-22, 2022-23, 2023-24",5120,13,7,20,0.228,0.118,0.346,0.186,0.23,0.56,263,365,Moderate sustained performance
20005,Papu Gómez,Attack,Left Winger,Argentina,3,2020,2022,"2020-21, 2021-22, 2022-23",4436,13,5,18,0.245,0.102,0.346,0.203,0.169,0.567,264,366,Moderate sustained performance
91970,Juan Cuadrado,Midfield,Right Midfield,Colombia,3,2020,2022,"2020-21, 2021-22, 2022-23",6758,7,19,26,0.09,0.255,0.345,0.183,0.173,0.537,92,367,Moderate sustained performance
149231,Fidel,Attack,Left Winger,Spain,3,2020,2022,"2020-21, 2021-22, 2022-23",6409,14,11,25,0.193,0.151,0.344,0.087,0.26,0.434,265,368,High consistency
616344,Tiago Tomás,Attack,Right Winger,Portugal,4,2021,2024,"2021-22, 2022-23, 2023-24, 2024-25",5293,14,7,21,0.229,0.116,0.344,0.13,0.175,0.488,266,369,High consistency
314353,Trent Alexander-Arnold,Defender,Right-Back,England,5,2020,2024,"2020-21, 2021-22, 2022-23, 2023-24, 2024-25",13358,12,39,51,0.084,0.259,0.343,0.07,0.267,0.441,12,370,High consistency
309110,Brais Méndez,Midfield,Attacking Midfield,Spain,5,2020,2024,"2020-21, 2021-22, 2022-23, 2023-24, 2024-25",12091,29,17,46,0.216,0.127,0.343,0.079,0.267,0.447,93,371,High consistency
503749,Jacob Ramsey,Midfield,Central Midfield,England,3,2021,2024,"2021-22, 2022-23, 2024-25",6753,13,13,26,0.159,0.183,0.343,0.094,0.254,0.442,94,372,High consistency
203394,Andreas Pereira,Midfield,Central Midfield,Brazil,3,2022,2024,"2022-23, 2023-24, 2024-25",7383,9,19,28,0.108,0.235,0.342,0.012,0.331,0.355,95,373,High consistency
408471,Javi Puado,Attack,Left Winger,Spain,3,2021,2024,"2021-22, 2022-23, 2024-25",7596,23,7,30,0.263,0.079,0.342,0.142,0.199,0.482,267,374,High consistency
505674,Sergio Camello,Attack,Centre-Forward,Spain,3,2022,2024,"2022-23, 2023-24, 2024-25",5198,12,8,20,0.208,0.133,0.341,0.106,0.219,0.41,268,375,High consistency
162056,Gonzalo Melero,Midfield,Central Midfield,Spain,4,2020,2023,"2020-21, 2021-22, 2022-23, 2023-24",6536,19,7,26,0.246,0.095,0.341,0.131,0.165,0.475,96,376,High consistency
93936,Kike García,Attack,Centre-Forward,Spain,5,2020,2024,"2020-21, 2021-22, 2022-23, 2023-24, 2024-25",9935,35,6,41,0.284,0.056,0.34,0.105,0.181,0.458,269,377,High consistency
119037,Philipp Hofmann,Attack,Centre-Forward,Germany,3,2022,2024,"2022-23, 2023-24, 2024-25",6507,15,9,24,0.206,0.132,0.339,0.063,0.275,0.4,270,378,High consistency
131275,Choco Lozano,Attack,Centre-Forward,Honduras,3,2020,2022,"2020-21, 2021-22, 2022-23",4640,11,7,18,0.205,0.132,0.337,0.236,0.125,0.591,271,379,Moderate sustained performance
537382,Bryan Gil,Attack,Left Winger,Spain,3,2020,2024,"2020-21, 2022-23, 2024-25",5087,9,9,18,0.161,0.175,0.336,0.076,0.276,0.421,272,380,High consistency
450050,Jean-Ricner Bellegarde,Midfield,Central Midfield,Haiti,5,2020,2024,"2020-21, 2021-22, 2022-23, 2023-24, 2024-25",9740,11,23,34,0.119,0.217,0.336,0.187,0.088,0.513,97,381,Moderate sustained performance
67556,Milan Djuric,Attack,Centre-Forward,Bosnia-Herzegovina,4,2021,2024,"2021-22, 2022-23, 2023-24, 2024-25",7534,20,10,30,0.224,0.111,0.334,0.139,0.132,0.438,273,382,High consistency
338424,Mikel Merino,Midfield,Central Midfield,Spain,5,2020,2024,"2020-21, 2021-22, 2022-23, 2023-24, 2024-25",11617,19,22,41,0.165,0.168,0.333,0.12,0.218,0.512,98,383,High consistency
272261,Antonín Barák,Midfield,Attacking Midfield,Czech Republic,3,2020,2022,"2020-21, 2021-22, 2022-23",6948,20,7,27,0.249,0.084,0.333,0.239,0.098,0.576,99,384,Moderate sustained performance
199369,Sandro Ramírez,Attack,Centre-Forward,Spain,4,2020,2024,"2020-21, 2021-22, 2023-24, 2024-25",6631,18,7,25,0.244,0.088,0.332,0.169,0.183,0.528,274,385,Moderate sustained performance
584769,Dwight McNeil,Attack,Left Winger,England,5,2020,2024,"2020-21, 2021-22, 2022-23, 2023-24, 2024-25",12952,16,23,39,0.133,0.199,0.332,0.283,0.029,0.788,275,386,Moderate sustained performance
277533,Josan,Attack,Right Winger,Spain,3,2020,2022,"2020-21, 2021-22, 2022-23",4199,7,8,15,0.14,0.19,0.331,0.048,0.28,0.376,276,387,High consistency
318204,David Raum,Defender,Left-Back,Germany,4,2021,2024,"2021-22, 2022-23, 2023-24, 2024-25",8982,6,30,36,0.054,0.278,0.331,0.174,0.107,0.522,13,388,Moderate sustained performance
186186,Bobby De Cordova-Reid,Midfield,Attacking Midfield,Jamaica,3,2020,2023,"2020-21, 2022-23, 2023-24",6290,15,6,21,0.238,0.092,0.33,0.164,0.181,0.506,100,389,Moderate sustained performance
139435,Dani Rodríguez,Midfield,Attacking Midfield,Spain,4,2021,2024,"2021-22, 2022-23, 2023-24, 2024-25",9764,12,22,34,0.114,0.213,0.327,0.132,0.205,0.455,101,390,High consistency
449151,Junior Messias,Attack,Right Winger,Brazil,4,2020,2023,"2020-21, 2021-22, 2022-23, 2023-24",7214,20,8,28,0.237,0.089,0.327,0.164,0.085,0.44,277,391,Moderate sustained performance
270393,Robert Skov,Midfield,Left Midfield,Denmark,3,2020,2023,"2020-21, 2022-23, 2023-24",3779,7,7,14,0.164,0.163,0.327,0.247,0.077,0.571,102,392,Moderate sustained performance
528833,Lazar Samardžić,Midfield,Attacking Midfield,Serbia,3,2022,2024,"2022-23, 2023-24, 2024-25",5381,13,7,20,0.209,0.116,0.325,0.103,0.235,0.438,103,393,High consistency
190289,Gerrit Holtmann,Attack,Left Winger,Philippines,3,2021,2024,"2021-22, 2022-23, 2024-25",3899,8,8,16,0.167,0.157,0.324,0.189,0.193,0.541,278,394,Moderate sustained performance
348791,Junya Ito,Attack,Right Winger,Japan,3,2022,2024,"2022-23, 2023-24, 2024-25",8356,13,17,30,0.139,0.184,0.323,0.02,0.3,0.338,279,395,High consistency
386455,Riccardo Sottil,Attack,Left Winger,Italy,4,2020,2024,"2020-21, 2021-22, 2023-24, 2024-25",4487,8,8,16,0.157,0.164,0.32,0.08,0.227,0.406,280,396,High consistency
261504,Aleix García,Midfield,Central Midfield,Spain,3,2022,2024,"2022-23, 2023-24, 2024-25",6994,7,16,23,0.103,0.216,0.319,0.1,0.253,0.434,104,397,High consistency
342405,Mattias Svanberg,Midfield,Central Midfield,Sweden,5,2020,2024,"2020-21, 2021-22, 2022-23, 2023-24, 2024-25",9219,16,16,32,0.163,0.156,0.319,0.107,0.21,0.491,105,398,High consistency
670847,Mohamed-Ali Cho,Attack,Right Winger,France,3,2021,2024,"2021-22, 2023-24, 2024-25",4587,8,8,16,0.147,0.171,0.318,0.071,0.244,0.385,281,399,High consistency
472249,Jan Thielmann,Attack,Right Winger,Germany,3,2020,2023,"2020-21, 2021-22, 2023-24",3795,6,6,12,0.154,0.164,0.318,0.226,0.057,0.457,282,400,Moderate sustained performance
292818,Jonathan Bamba,Attack,Left Winger,Cote d'Ivoire,4,2020,2023,"2020-21, 2021-22, 2022-23, 2023-24",10220,16,22,38,0.137,0.18,0.317,0.182,0.11,0.511,283,401,Moderate sustained performance
148928,Saúl Ñíguez,Midfield,Central Midfield,Spain,4,2020,2024,"2020-21, 2022-23, 2023-24, 2024-25",6037,7,13,20,0.115,0.201,0.316,0.127,0.133,0.405,106,402,High consistency
294808,Franck Kessié,Midfield,Central Midfield,Cote d'Ivoire,3,2020,2022,"2020-21, 2021-22, 2022-23",6519,20,7,27,0.229,0.086,0.316,0.186,0.184,0.529,107,403,Moderate sustained performance
189441,Lucas Ocampos,Attack,Left Winger,Argentina,4,2020,2023,"2020-21, 2021-22, 2022-23, 2023-24",8826,19,11,30,0.215,0.1,0.314,0.084,0.218,0.423,284,404,High consistency
278332,Florian Neuhaus,Midfield,Central Midfield,Germany,4,2020,2023,"2020-21, 2021-22, 2022-23, 2023-24",7375,15,12,27,0.183,0.131,0.314,0.172,0.064,0.439,108,405,Moderate sustained performance
746695,Kamaldeen Sulemana,Attack,Left Winger,Ghana,3,2021,2024,"2021-22, 2022-23, 2024-25",3704,8,4,12,0.21,0.104,0.314,0.204,0.128,0.532,285,406,Moderate sustained performance
239743,Przemyslaw Frankowski,Defender,Right-Back,Poland,4,2021,2024,"2021-22, 2022-23, 2023-24, 2024-25",8875,18,12,30,0.19,0.123,0.313,0.099,0.205,0.404,14,407,High consistency
69633,Christian Eriksen,Midfield,Attacking Midfield,Denmark,5,2020,2024,"2020-21, 2021-22, 2022-23, 2023-24, 2024-25",6587,7,16,23,0.1,0.212,0.312,0.12,0.194,0.48,109,408,High consistency
257062,Álvaro García,Attack,Left Winger,Spain,4,2021,2024,"2021-22, 2022-23, 2023-24, 2024-25",10964,22,16,38,0.18,0.129,0.31,0.044,0.252,0.359,286,409,High consistency
520624,Bruno Guimarães,Midfield,Central Midfield,Brazil,5,2020,2024,"2020-21, 2021-22, 2022-23, 2023-24, 2024-25",13723,24,25,49,0.157,0.154,0.31,0.075,0.205,0.413,110,410,High consistency
346853,Romano Schmid,Midfield,Attacking Midfield,Austria,4,2020,2024,"2020-21, 2022-23, 2023-24, 2024-25",8162,10,19,29,0.089,0.221,0.309,0.058,0.237,0.379,111,411,High consistency
249565,Youri Tielemans,Midfield,Central Midfield,Belgium,5,2020,2024,"2020-21, 2021-22, 2022-23, 2023-24, 2024-25",12996,20,23,43,0.136,0.172,0.308,0.094,0.191,0.444,112,412,High consistency
417346,Jack Harrison,Attack,Left Winger,England,5,2020,2024,"2020-21, 2021-22, 2022-23, 2023-24, 2024-25",12531,25,20,45,0.171,0.136,0.307,0.158,0.086,0.504,287,413,Moderate sustained performance
293200,Nikola Vlašić,Midfield,Attacking Midfield,Croatia,3,2022,2024,"2022-23, 2023-24, 2024-25",7468,13,12,25,0.16,0.146,0.306,0.116,0.172,0.382,113,414,High consistency
245744,Takuma Asano,Attack,Right Winger,Japan,4,2021,2024,"2021-22, 2022-23, 2023-24, 2024-25",6407,14,8,22,0.191,0.114,0.305,0.063,0.255,0.39,288,415,High consistency
534033,Alexis Mac Allister,Midfield,Central Midfield,Argentina,5,2020,2024,"2020-21, 2021-22, 2022-23, 2023-24, 2024-25",11337,26,15,41,0.19,0.114,0.305,0.085,0.161,0.374,114,416,High consistency
212804,Florian Tardieu,Midfield,Central Midfield,France,3,2021,2024,"2021-22, 2022-23, 2024-25",4863,9,6,15,0.184,0.121,0.305,0.123,0.205,0.442,115,417,High consistency
103565,Wahbi Khazri,Attack,Left Winger,Tunisia,5,2020,2024,"2020-21, 2021-22, 2022-23, 2023-24, 2024-25",7286,23,3,26,0.262,0.043,0.305,0.206,0.08,0.604,289,418,Moderate sustained performance
70411,Darko Lazović,Midfield,Left Midfield,Serbia,5,2020,2024,"2020-21, 2021-22, 2022-23, 2023-24, 2024-25",10942,13,24,37,0.112,0.192,0.304,0.065,0.231,0.399,116,419,High consistency
640109,Martín Satriano,Attack,Centre-Forward,Uruguay,3,2021,2023,"2021-22, 2022-23, 2023-24",4550,10,5,15,0.223,0.082,0.304,0.127,0.158,0.385,290,420,High consistency
487469,Vitinha,Midfield,Defensive Midfield,Portugal,3,2022,2024,"2022-23, 2023-24, 2024-25",6624,14,8,22,0.197,0.108,0.304,0.145,0.183,0.465,117,421,High consistency
339808,Theo Hernández,Defender,Left-Back,France,5,2020,2024,"2020-21, 2021-22, 2022-23, 2023-24, 2024-25",13915,25,22,47,0.161,0.142,0.303,0.077,0.227,0.399,15,422,High consistency
399543,Rémi Oudin,Midfield,Attacking Midfield,France,4,2020,2023,"2020-21, 2021-22, 2022-23, 2023-24",7317,14,11,25,0.177,0.126,0.303,0.114,0.205,0.465,118,423,High consistency
350219,Fabián Ruiz,Midfield,Central Midfield,Spain,5,2020,2024,"2020-21, 2021-22, 2022-23, 2023-24, 2024-25",9990,18,15,33,0.154,0.148,0.302,0.119,0.14,0.421,119,424,High consistency
405398,Takefusa Kubo,Attack,Right Winger,Japan,5,2020,2024,"2020-21, 2021-22, 2022-23, 2023-24, 2024-25",9693,23,13,36,0.19,0.112,0.302,0.208,0.112,0.587,291,425,Moderate sustained performance
222859,Florent Mollet,Midfield,Attacking Midfield,France,4,2020,2023,"2020-21, 2021-22, 2022-23, 2023-24",8606,15,14,29,0.153,0.148,0.301,0.063,0.241,0.387,120,426,High consistency
392966,Nadir Zortea,Defender,Right-Back,Italy,3,2021,2024,"2021-22, 2023-24, 2024-25",5536,9,9,18,0.13,0.171,0.301,0.132,0.192,0.448,16,427,High consistency
142021,Sergi Darder,Midfield,Central Midfield,Spain,4,2021,2024,"2021-22, 2022-23, 2023-24, 2024-25",11359,13,25,38,0.1,0.2,0.3,0.052,0.261,0.376,121,428,High consistency
234802,Renaud Ripart,Attack,Right Winger,,3,2020,2022,"2020-21, 2021-22, 2022-23",6285,17,4,21,0.23,0.07,0.3,0.056,0.236,0.341,292,429,High consistency
324690,Jonathan Ikoné,Attack,Right Winger,France,4,2020,2023,"2020-21, 2021-22, 2022-23, 2023-24",7596,13,13,26,0.152,0.147,0.3,0.112,0.157,0.404,293,430,High consistency
216569,Jérémie Boga,Attack,Left Winger,Cote d'Ivoire,4,2020,2024,"2020-21, 2021-22, 2023-24, 2024-25",6296,11,12,23,0.139,0.161,0.299,0.169,0.17,0.537,294,431,Moderate sustained performance
282411,Marcos Llorente,Defender,Right-Back,Spain,5,2020,2024,"2020-21, 2021-22, 2022-23, 2023-24, 2024-25",12212,21,23,44,0.14,0.159,0.299,0.245,0.073,0.699,17,432,Moderate sustained performance
266795,Gonzalo Escalante,Midfield,Central Midfield,Argentina,3,2021,2023,"2021-22, 2022-23, 2023-24",4687,10,5,15,0.203,0.094,0.297,0.127,0.16,0.411,122,433,High consistency
683840,Pedri,Midfield,Central Midfield,Spain,4,2020,2024,"2020-21, 2022-23, 2023-24, 2024-25",8787,17,11,28,0.188,0.108,0.296,0.06,0.222,0.364,123,434,High consistency
256429,Sergi Guardiola,Attack,Centre-Forward,Spain,3,2020,2022,"2020-21, 2021-22, 2022-23",5182,12,5,17,0.21,0.085,0.296,0.2,0.161,0.525,295,435,Moderate sustained performance
357565,Rodri,Midfield,Defensive Midfield,Spain,4,2020,2023,"2020-21, 2021-22, 2022-23, 2023-24",11495,19,19,38,0.148,0.147,0.295,0.164,0.131,0.521,124,436,Moderate sustained performance
223967,Konrad Laimer,Defender,Right-Back,Austria,4,2021,2024,"2021-22, 2022-23, 2023-24, 2024-25",6182,9,10,19,0.145,0.151,0.295,0.196,0.153,0.58,18,437,Moderate sustained performance
356197,Alfonso Pedraza,Defender,Left-Back,Spain,4,2020,2023,"2020-21, 2021-22, 2022-23, 2023-24",6560,6,15,21,0.084,0.211,0.294,0.138,0.165,0.476,19,438,High consistency
293194,Borna Sosa,Defender,Left-Back,Croatia,4,2020,2024,"2020-21, 2021-22, 2022-23, 2024-25",7693,3,25,28,0.032,0.262,0.294,0.202,0,0.439,20,439,Moderate sustained performance
256977,Daniel Podence,Attack,Left Winger,Portugal,3,2020,2022,"2020-21, 2021-22, 2022-23",4931,11,5,16,0.196,0.096,0.292,0.021,0.268,0.305,296,440,High consistency
340329,Joe Willock,Midfield,Central Midfield,England,4,2020,2024,"2020-21, 2021-22, 2022-23, 2024-25",6910,13,8,21,0.197,0.094,0.291,0.222,0.088,0.593,125,441,Moderate sustained performance
99343,Ander Herrera,Midfield,Central Midfield,Spain,3,2020,2023,"2020-21, 2021-22, 2023-24",3959,4,8,12,0.099,0.192,0.29,0.111,0.195,0.412,126,442,High consistency
164771,Jordan Veretout,Midfield,Central Midfield,France,5,2020,2024,"2020-21, 2021-22, 2022-23, 2023-24, 2024-25",10986,21,15,36,0.175,0.114,0.29,0.193,0.116,0.525,127,443,Moderate sustained performance
182913,Adrien Rabiot,Midfield,Central Midfield,France,5,2020,2024,"2020-21, 2021-22, 2022-23, 2023-24, 2024-25",12491,26,15,41,0.183,0.106,0.289,0.167,0.079,0.507,128,444,Moderate sustained performance
213260,Rubén García,Attack,Right Winger,Spain,5,2020,2024,"2020-21, 2021-22, 2022-23, 2023-24, 2024-25",10274,14,19,33,0.13,0.158,0.288,0.054,0.232,0.37,297,445,High consistency
420064,Caio Henrique,Defender,Left-Back,Brazil,4,2020,2024,"2020-21, 2021-22, 2022-23, 2024-25",9876,3,29,32,0.025,0.263,0.288,0.076,0.189,0.371,21,446,High consistency
362086,Isi Palazón,Attack,Second Striker,Spain,4,2021,2024,"2021-22, 2022-23, 2023-24, 2024-25",10274,19,14,33,0.161,0.126,0.287,0.114,0.16,0.421,298,447,High consistency
457673,Gabriel Strefezza,Attack,Right Winger,Brazil,3,2022,2024,"2022-23, 2023-24, 2024-25",6214,15,8,23,0.193,0.094,0.287,0.185,0.081,0.439,299,448,Moderate sustained performance
73926,Davide Faraoni,Defender,Right-Back,Italy,4,2020,2023,"2020-21, 2021-22, 2022-23, 2023-24",7954,10,17,27,0.096,0.19,0.286,0.073,0.181,0.349,22,449,High consistency
202278,Flavien Tait,Midfield,Central Midfield,France,3,2020,2022,"2020-21, 2021-22, 2022-23",5185,8,9,17,0.128,0.158,0.286,0.085,0.214,0.38,129,450,High consistency
332560,Deiver Machado,Defender,Left-Back,Colombia,3,2022,2024,"2022-23, 2023-24, 2024-25",5137,9,7,16,0.177,0.107,0.285,0.035,0.249,0.319,23,451,High consistency
585982,Carlos Augusto,Defender,Left-Back,Brazil,3,2022,2024,"2022-23, 2023-24, 2024-25",6471,9,12,21,0.112,0.173,0.285,0.113,0.158,0.375,24,452,High consistency
602105,Antony,Attack,Right Winger,Brazil,3,2022,2024,"2022-23, 2023-24, 2024-25",4641,10,5,15,0.189,0.096,0.284,0.142,0.136,0.42,300,453,High consistency
63186,Roberto Soriano,Midfield,Attacking Midfield,Italy,3,2020,2022,"2020-21, 2021-22, 2022-23",7218,10,14,24,0.106,0.178,0.283,0.153,0.137,0.442,130,454,Moderate sustained performance
61842,Andros Townsend,Attack,Right Winger,England,3,2020,2023,"2020-21, 2021-22, 2023-24",4926,5,10,15,0.1,0.182,0.282,0.038,0.239,0.309,301,455,High consistency
163222,Grégoire Defrel,Attack,Centre-Forward,France,3,2020,2022,"2020-21, 2021-22, 2022-23",3842,7,5,12,0.164,0.115,0.279,0.054,0.232,0.338,302,456,High consistency
268429,Sandi Lovrić,Midfield,Central Midfield,Slovenia,3,2022,2024,"2022-23, 2023-24, 2024-25",6667,8,13,21,0.105,0.174,0.278,0.126,0.181,0.421,131,457,High consistency
876631,Habib Diarra,Midfield,Central Midfield,Senegal,3,2022,2024,"2022-23, 2023-24, 2024-25",6298,10,9,19,0.145,0.132,0.277,0.105,0.156,0.344,132,458,High consistency
327251,Ridle Baku,Defender,Right-Back,Germany,5,2020,2024,"2020-21, 2021-22, 2022-23, 2023-24, 2024-25",12367,19,21,40,0.133,0.145,0.277,0.144,0.045,0.439,25,459,High consistency
472423,Reece James,Defender,Right-Back,England,4,2020,2024,"2020-21, 2021-22, 2022-23, 2024-25",6539,8,13,21,0.109,0.167,0.276,0.268,0.114,0.676,26,460,Moderate sustained performance
182893,Seko Fofana,Midfield,Central Midfield,Cote d'Ivoire,3,2020,2022,"2020-21, 2021-22, 2022-23",8755,17,10,27,0.166,0.11,0.275,0.066,0.234,0.351,133,461,High consistency
190393,Corentin Tolisso,Midfield,Central Midfield,France,3,2022,2024,"2022-23, 2023-24, 2024-25",6130,10,10,20,0.139,0.136,0.275,0.229,0.132,0.54,134,462,Moderate sustained performance
30321,Óscar Trejo,Midfield,Attacking Midfield,Argentina,3,2021,2023,"2021-22, 2022-23, 2023-24",5603,6,13,19,0.086,0.189,0.275,0.267,0,0.534,135,463,Moderate sustained performance
433188,Curtis Jones,Midfield,Central Midfield,England,4,2020,2024,"2020-21, 2022-23, 2023-24, 2024-25",5094,8,8,16,0.143,0.132,0.274,0.101,0.154,0.368,136,464,High consistency
414908,Marshall Munetsi,Midfield,Central Midfield,Zimbabwe,5,2020,2024,"2020-21, 2021-22, 2022-23, 2023-24, 2024-25",11471,23,13,36,0.176,0.098,0.274,0.13,0.047,0.366,137,465,High consistency
174094,Morgan Sanson,Midfield,Central Midfield,France,3,2020,2023,"2020-21, 2022-23, 2023-24",4542,5,8,13,0.105,0.167,0.272,0.114,0.187,0.401,138,466,High consistency
202591,Benjamin Henrichs,Defender,Right-Back,Germany,4,2021,2024,"2021-22, 2022-23, 2023-24, 2024-25",6791,6,13,19,0.089,0.183,0.272,0.136,0.193,0.475,27,467,High consistency
424042,Nahuel Molina,Defender,Right-Back,Argentina,5,2020,2024,"2020-21, 2021-22, 2022-23, 2023-24, 2024-25",10784,15,18,33,0.112,0.159,0.271,0.103,0.171,0.408,28,468,High consistency
616369,Ander Barrenetxea,Attack,Left Winger,Spain,3,2020,2024,"2020-21, 2023-24, 2024-25",3995,8,4,12,0.177,0.093,0.269,0.055,0.208,0.313,303,469,High consistency
250426,Adam Armstrong,Attack,Centre-Forward,England,3,2021,2024,"2021-22, 2022-23, 2024-25",4003,6,6,12,0.135,0.134,0.269,0.06,0.202,0.318,304,470,High consistency
93844,Leonardo Bittencourt,Midfield,Central Midfield,Germany,4,2020,2024,"2020-21, 2022-23, 2023-24, 2024-25",5721,10,7,17,0.161,0.109,0.269,0.076,0.17,0.355,139,471,High consistency
173859,Davide Zappacosta,Midfield,Right Midfield,Italy,5,2020,2024,"2020-21, 2021-22, 2022-23, 2023-24, 2024-25",9829,15,14,29,0.145,0.123,0.269,0.081,0.144,0.366,140,472,High consistency
535955,Nuno Tavares,Defender,Left-Back,Portugal,3,2021,2024,"2021-22, 2022-23, 2024-25",5223,7,9,16,0.102,0.167,0.269,0.139,0.154,0.423,29,473,High consistency
59561,Dani Parejo,Midfield,Central Midfield,Spain,5,2020,2024,"2020-21, 2021-22, 2022-23, 2023-24, 2024-25",13983,14,27,41,0.092,0.176,0.267,0.08,0.192,0.399,141,474,High consistency
31909,Toni Kroos,Midfield,Central Midfield,Germany,3,2021,2023,"2021-22, 2022-23, 2023-24",6401,4,15,19,0.056,0.211,0.267,0.106,0.171,0.38,142,475,High consistency
242631,Alex Iwobi,Attack,Left Winger,Nigeria,5,2020,2024,"2020-21, 2021-22, 2022-23, 2023-24, 2024-25",12301,19,20,39,0.132,0.135,0.267,0.112,0.175,0.45,305,476,High consistency
108354,Jordan Ayew,Attack,Centre-Forward,Ghana,5,2020,2024,"2020-21, 2021-22, 2022-23, 2023-24, 2024-25",11058,17,16,33,0.144,0.122,0.266,0.079,0.172,0.388,306,477,High consistency
119277,Yannick Gerhardt,Midfield,Central Midfield,Germany,5,2020,2024,"2020-21, 2021-22, 2022-23, 2023-24, 2024-25",8520,12,14,26,0.122,0.144,0.266,0.141,0.119,0.482,143,478,High consistency
339816,Tete Morente,Attack,Left Winger,Spain,4,2020,2024,"2020-21, 2021-22, 2022-23, 2024-25",7627,12,10,22,0.142,0.123,0.265,0.08,0.174,0.334,307,479,High consistency
204103,Adama Traoré,Attack,Right Winger,Spain,4,2020,2024,"2020-21, 2021-22, 2022-23, 2024-25",7338,7,14,21,0.088,0.176,0.265,0.133,0.17,0.458,308,480,High consistency
370846,Timothy Weah,Midfield,Right Midfield,United States,4,2021,2024,"2021-22, 2022-23, 2023-24, 2024-25",6250,8,11,19,0.111,0.155,0.265,0.205,0.072,0.445,144,481,Moderate sustained performance
337725,Christian Kouamé,Attack,Centre-Forward,Cote d'Ivoire,4,2020,2024,"2020-21, 2022-23, 2023-24, 2024-25",5060,8,8,16,0.133,0.132,0.264,0.086,0.183,0.385,309,482,High consistency
634131,Aimar Oroz,Midfield,Attacking Midfield,Spain,3,2022,2024,"2022-23, 2023-24, 2024-25",7355,10,11,21,0.121,0.142,0.263,0.143,0.115,0.401,145,483,High consistency
536482,Junior Dina Ebimbe,Midfield,Right Midfield,Cameroon,3,2020,2023,"2020-21, 2022-23, 2023-24",5181,9,5,14,0.175,0.088,0.263,0.156,0.084,0.366,146,484,Moderate sustained performance
106987,Marcel Sabitzer,Midfield,Central Midfield,Austria,5,2020,2024,"2020-21, 2021-22, 2022-23, 2023-24, 2024-25",7805,15,10,25,0.152,0.111,0.263,0.178,0.056,0.532,147,485,Moderate sustained performance
428563,Lewis Ferguson,Midfield,Central Midfield,Scotland,3,2022,2024,"2022-23, 2023-24, 2024-25",6019,14,5,19,0.187,0.075,0.262,0.074,0.184,0.331,148,486,High consistency
396894,Maxi Gómez,Attack,Centre-Forward,Uruguay,3,2020,2023,"2020-21, 2021-22, 2023-24",5737,12,8,20,0.158,0.104,0.262,0.227,0,0.4,310,487,Moderate sustained performance
32467,Ivan Rakitic,Midfield,Central Midfield,Croatia,4,2020,2023,"2020-21, 2021-22, 2022-23, 2023-24",7643,11,12,23,0.126,0.135,0.261,0.103,0.189,0.412,149,488,High consistency
168989,Silvan Widmer,Defender,Right-Back,Switzerland,3,2021,2023,"2021-22, 2022-23, 2023-24",5859,7,10,17,0.101,0.159,0.26,0.041,0.213,0.289,30,489,High consistency
488362,Conor Gallagher,Midfield,Central Midfield,England,4,2020,2024,"2020-21, 2022-23, 2023-24, 2024-25",8917,13,13,26,0.137,0.123,0.26,0.096,0.142,0.344,150,490,High consistency
341278,Iván Martín,Midfield,Central Midfield,Spain,3,2022,2024,"2022-23, 2023-24, 2024-25",6384,9,9,18,0.126,0.134,0.259,0.157,0.088,0.395,151,491,Moderate sustained performance
156617,Marcelo Brozović,Midfield,Defensive Midfield,Croatia,3,2020,2022,"2020-21, 2021-22, 2022-23",7302,7,12,19,0.095,0.165,0.259,0.158,0.092,0.407,152,492,Moderate sustained performance
315969,Scott McTominay,Midfield,Central Midfield,Scotland,5,2020,2024,"2020-21, 2021-22, 2022-23, 2023-24, 2024-25",10520,25,9,34,0.197,0.062,0.259,0.205,0.075,0.548,153,493,Moderate sustained performance
298635,Grigoris Kastanos,Midfield,Central Midfield,Cyprus,3,2021,2023,"2021-22, 2022-23, 2023-24",4115,6,6,12,0.13,0.129,0.258,0.091,0.2,0.363,154,494,High consistency
283628,Tomáš Souček,Midfield,Defensive Midfield,Czech Republic,5,2020,2024,"2020-21, 2021-22, 2022-23, 2023-24, 2024-25",14746,33,9,42,0.202,0.057,0.258,0.092,0.16,0.385,155,495,High consistency
127187,Abdoulaye Doucouré,Midfield,Attacking Midfield,Mali,5,2020,2024,"2020-21, 2021-22, 2022-23, 2023-24, 2024-25",11739,19,13,32,0.156,0.102,0.258,0.101,0.175,0.412,156,496,High consistency
234029,Grischa Prömel,Midfield,Central Midfield,Germany,4,2020,2023,"2020-21, 2021-22, 2022-23, 2023-24",7860,16,8,24,0.169,0.09,0.258,0.118,0.123,0.377,157,497,High consistency
369081,Federico Valverde,Midfield,Central Midfield,Uruguay,5,2020,2024,"2020-21, 2021-22, 2022-23, 2023-24, 2024-25",11619,18,17,35,0.139,0.119,0.258,0.127,0.049,0.394,158,498,High consistency
490417,Ibrahima Niane,Attack,Centre-Forward,Senegal,3,2021,2024,"2021-22, 2022-23, 2024-25",3668,8,2,10,0.205,0.051,0.256,0.117,0.157,0.385,311,499,High consistency
131951,Kevin Lasagna,Attack,Centre-Forward,Italy,3,2020,2022,"2020-21, 2021-22, 2022-23",5121,7,6,13,0.121,0.134,0.255,0.182,0.114,0.46,312,500,Moderate sustained performance
157506,Jeffrey Schlupp,Midfield,Left Midfield,Ghana,4,2020,2023,"2020-21, 2021-22, 2022-23, 2023-24",7173,11,8,19,0.14,0.114,0.254,0.078,0.141,0.316,159,501,High consistency
447661,Douglas Luiz,Midfield,Central Midfield,Brazil,4,2020,2023,"2020-21, 2021-22, 2022-23, 2023-24",11447,17,16,33,0.13,0.124,0.254,0.168,0.064,0.42,160,502,Moderate sustained performance
93707,Christian Günter,Defender,Left-Back,Germany,5,2020,2024,"2020-21, 2021-22, 2022-23, 2023-24, 2024-25",12258,9,24,33,0.068,0.184,0.253,0.089,0.164,0.353,31,503,High consistency
308279,Rolando Mandragora,Midfield,Defensive Midfield,Italy,5,2020,2024,"2020-21, 2021-22, 2022-23, 2023-24, 2024-25",8712,12,13,25,0.118,0.135,0.253,0.089,0.136,0.341,161,504,High consistency
361065,Mitchel Bakker,Midfield,Left Midfield,Netherlands,4,2020,2024,"2020-21, 2021-22, 2022-23, 2024-25",6331,7,10,17,0.111,0.142,0.253,0.116,0.106,0.388,162,505,High consistency
450936,Tanguy Ndombélé,Midfield,Central Midfield,France,3,2020,2024,"2020-21, 2021-22, 2024-25",4431,5,7,12,0.094,0.157,0.252,0.046,0.214,0.303,163,506,High consistency
357885,Pablo Fornals,Midfield,Central Midfield,Spain,5,2020,2024,"2020-21, 2021-22, 2022-23, 2023-24, 2024-25",10300,19,11,30,0.163,0.088,0.252,0.092,0.098,0.321,164,507,High consistency
234803,Andrew Robertson,Defender,Left-Back,Scotland,5,2020,2024,"2020-21, 2021-22, 2022-23, 2023-24, 2024-25",12701,7,28,35,0.059,0.192,0.251,0.152,0.036,0.46,32,508,Moderate sustained performance
348026,Nordi Mukiele,Defender,Right-Back,France,3,2020,2022,"2020-21, 2021-22, 2022-23",4656,4,9,13,0.07,0.18,0.25,0.016,0.238,0.268,33,509,High consistency
138927,Daniel Carvajal,Defender,Right-Back,Spain,4,2020,2023,"2020-21, 2021-22, 2022-23, 2023-24",6468,5,12,17,0.056,0.194,0.25,0.116,0.101,0.378,34,510,High consistency
102017,Jorginho,Midfield,Defensive Midfield,Italy,4,2020,2023,"2020-21, 2021-22, 2022-23, 2023-24",7347,15,6,21,0.159,0.091,0.249,0.106,0.127,0.357,165,511,High consistency
182712,João Cancelo,Defender,Right-Back,Portugal,4,2020,2023,"2020-21, 2021-22, 2022-23, 2023-24",10329,8,20,28,0.074,0.173,0.247,0.046,0.215,0.314,35,512,High consistency
159088,Robert Andrich,Midfield,Defensive Midfield,Germany,5,2020,2024,"2020-21, 2021-22, 2022-23, 2023-24, 2024-25",10046,17,10,27,0.155,0.091,0.247,0.088,0.149,0.346,166,513,High consistency
357992,Raoul Bellanova,Midfield,Right Midfield,Italy,3,2021,2024,"2021-22, 2023-24, 2024-25",8060,2,20,22,0.022,0.225,0.247,0.145,0.108,0.397,167,514,High consistency
117674,Maximilian Arnold,Midfield,Central Midfield,Germany,5,2020,2024,"2020-21, 2021-22, 2022-23, 2023-24, 2024-25",13226,17,19,36,0.114,0.131,0.246,0.092,0.108,0.347,168,515,High consistency
282660,Maximilian Mittelstädt,Defender,Left-Back,Germany,4,2020,2024,"2020-21, 2021-22, 2023-24, 2024-25",7874,3,19,22,0.031,0.216,0.246,0.102,0.1,0.327,36,516,High consistency
277179,Angeliño,Defender,Left-Back,Spain,5,2020,2024,"2020-21, 2021-22, 2022-23, 2023-24, 2024-25",11412,8,24,32,0.06,0.185,0.245,0.146,0.078,0.416,37,517,High consistency
496745,Emil Holm,Defender,Right-Back,Sweden,3,2022,2024,"2022-23, 2023-24, 2024-25",3483,3,6,9,0.079,0.164,0.244,0.118,0.159,0.379,38,518,High consistency
324795,Mahdi Camara,Midfield,Central Midfield,France,5,2020,2024,"2020-21, 2021-22, 2022-23, 2023-24, 2024-25",12905,20,13,33,0.149,0.095,0.244,0.152,0.137,0.486,169,519,Moderate sustained performance
191614,Fred,Midfield,Central Midfield,Brazil,3,2020,2022,"2020-21, 2021-22, 2022-23",5664,7,7,14,0.12,0.122,0.243,0.185,0.038,0.398,170,520,Moderate sustained performance
95810,Kieran Trippier,Defender,Right-Back,England,5,2020,2024,"2020-21, 2021-22, 2022-23, 2023-24, 2024-25",10783,4,26,30,0.039,0.203,0.242,0.118,0.128,0.442,39,521,High consistency
616341,Nuno Mendes,Defender,Left-Back,Portugal,3,2021,2024,"2021-22, 2022-23, 2024-25",4884,3,10,13,0.055,0.187,0.242,0.177,0.054,0.405,40,522,Moderate sustained performance
296397,Arne Maier,Midfield,Central Midfield,Germany,5,2020,2024,"2020-21, 2021-22, 2022-23, 2023-24, 2024-25",6831,8,12,20,0.091,0.15,0.242,0.19,0,0.451,171,523,Moderate sustained performance
209212,Solly March,Attack,Right Winger,England,3,2020,2022,"2020-21, 2021-22, 2022-23",6142,9,10,19,0.113,0.129,0.242,0.193,0.103,0.462,313,524,Moderate sustained performance
392770,Angel Gomes,Midfield,Attacking Midfield,England,3,2021,2023,"2021-22, 2022-23, 2023-24",6375,3,15,18,0.052,0.188,0.241,0.046,0.189,0.279,172,525,High consistency
648195,Enzo Fernández,Midfield,Central Midfield,Argentina,3,2022,2024,"2022-23, 2023-24, 2024-25",6715,9,11,20,0.102,0.137,0.239,0.144,0.116,0.397,173,526,High consistency
357662,Declan Rice,Midfield,Central Midfield,England,5,2020,2024,"2020-21, 2021-22, 2022-23, 2023-24, 2024-25",15394,18,23,41,0.105,0.134,0.239,0.151,0.094,0.446,174,527,Moderate sustained performance
181382,Abdoulaye Touré,Midfield,Defensive Midfield,Guinea,3,2020,2024,"2020-21, 2023-24, 2024-25",6302,14,3,17,0.191,0.049,0.239,0.174,0.079,0.425,175,528,Moderate sustained performance
333241,Joelinton,Midfield,Central Midfield,Brazil,5,2020,2024,"2020-21, 2021-22, 2022-23, 2023-24, 2024-25",10896,20,9,29,0.163,0.075,0.238,0.043,0.176,0.272,176,529,High consistency
525299,Miguel Gutiérrez,Defender,Left-Back,Spain,3,2022,2024,"2022-23, 2023-24, 2024-25",7898,5,16,21,0.057,0.18,0.237,0.026,0.219,0.267,41,530,High consistency
278837,Luis Rioja,Attack,Right Winger,Spain,4,2020,2024,"2020-21, 2021-22, 2023-24, 2024-25",10611,15,12,27,0.134,0.102,0.236,0.087,0.115,0.322,314,531,High consistency
340456,Noussair Mazraoui,Defender,Right-Back,Morocco,3,2022,2024,"2022-23, 2023-24, 2024-25",5120,1,9,10,0.028,0.208,0.236,0.178,0.063,0.419,42,532,Moderate sustained performance
18934,Thomas Mangani,Midfield,Central Midfield,France,3,2020,2022,"2020-21, 2021-22, 2022-23",6226,11,6,17,0.152,0.083,0.235,0.121,0.135,0.369,177,533,High consistency
334526,Denis Zakaria,Midfield,Defensive Midfield,Switzerland,4,2020,2024,"2020-21, 2021-22, 2023-24, 2024-25",7701,14,7,21,0.155,0.08,0.235,0.129,0.127,0.419,178,534,High consistency
54906,Matteo Darmian,Defender,Right-Back,Italy,5,2020,2024,"2020-21, 2021-22, 2022-23, 2023-24, 2024-25",9099,11,11,22,0.117,0.118,0.235,0.134,0.133,0.461,43,535,High consistency
540941,Mikkel Damsgaard,Midfield,Attacking Midfield,Denmark,3,2020,2024,"2020-21, 2022-23, 2024-25",5679,4,15,19,0.054,0.18,0.235,0.209,0,0.399,179,536,Moderate sustained performance
443710,Angelo Stiller,Midfield,Defensive Midfield,Germany,3,2021,2024,"2021-22, 2023-24, 2024-25",7215,4,15,19,0.057,0.177,0.234,0.054,0.194,0.295,180,537,High consistency
571607,Fabio Miretti,Midfield,Central Midfield,Italy,3,2022,2024,"2022-23, 2023-24, 2024-25",4033,4,7,11,0.08,0.153,0.234,0.079,0.163,0.319,181,538,High consistency
250013,Angelo Fulgini,Midfield,Attacking Midfield,New Caledonia,5,2020,2024,"2020-21, 2021-22, 2022-23, 2023-24, 2024-25",9495,15,12,27,0.12,0.114,0.233,0.066,0.173,0.328,182,539,High consistency
448258,Josha Vagnoman,Defender,Right-Back,Germany,3,2022,2024,"2022-23, 2023-24, 2024-25",4494,5,6,11,0.108,0.124,0.232,0.08,0.147,0.305,44,540,High consistency
336869,Marc Roca,Midfield,Defensive Midfield,Spain,3,2022,2024,"2022-23, 2023-24, 2024-25",5226,5,6,11,0.109,0.122,0.231,0.147,0.116,0.396,183,541,High consistency
166237,Leandro Paredes,Midfield,Defensive Midfield,Argentina,4,2020,2024,"2020-21, 2022-23, 2023-24, 2024-25",6339,8,9,17,0.114,0.116,0.23,0.046,0.177,0.272,184,542,High consistency
295183,Răzvan Marin,Midfield,Central Midfield,Romania,5,2020,2024,"2020-21, 2021-22, 2022-23, 2023-24, 2024-25",11543,8,21,29,0.071,0.159,0.23,0.068,0.149,0.323,185,543,High consistency
332697,Weston McKennie,Midfield,Central Midfield,United States,5,2020,2024,"2020-21, 2021-22, 2022-23, 2023-24, 2024-25",10487,11,15,26,0.115,0.115,0.23,0.095,0.108,0.371,186,544,High consistency
465830,Mattéo Guendouzi,Midfield,Central Midfield,France,5,2020,2024,"2020-21, 2021-22, 2022-23, 2023-24, 2024-25",12745,11,21,32,0.08,0.149,0.229,0.086,0.11,0.342,187,545,High consistency
654539,Adrien Truffert,Defender,Left-Back,France,5,2020,2024,"2020-21, 2021-22, 2022-23, 2023-24, 2024-25",10456,7,18,25,0.064,0.163,0.227,0.08,0.131,0.33,45,546,High consistency
378293,Yangel Herrera,Midfield,Central Midfield,Venezuela,5,2020,2024,"2020-21, 2021-22, 2022-23, 2023-24, 2024-25",9225,15,7,22,0.147,0.08,0.227,0.103,0.109,0.373,188,547,High consistency
463618,Khéphren Thuram,Midfield,Central Midfield,France,5,2020,2024,"2020-21, 2021-22, 2022-23, 2023-24, 2024-25",10389,13,14,27,0.116,0.112,0.227,0.13,0.085,0.386,189,548,High consistency
724520,Abde Ezzalzouli,Attack,Left Winger,Morocco,3,2022,2024,"2022-23, 2023-24, 2024-25",4427,7,5,12,0.142,0.085,0.227,0.13,0.098,0.357,315,549,High consistency
375382,André Almeida,Midfield,Attacking Midfield,Portugal,3,2022,2024,"2022-23, 2023-24, 2024-25",5507,4,9,13,0.086,0.138,0.224,0.05,0.181,0.279,190,550,High consistency
74842,Mario Götze,Midfield,Attacking Midfield,Germany,3,2022,2024,"2022-23, 2023-24, 2024-25",6378,9,6,15,0.134,0.089,0.224,0.064,0.164,0.291,191,551,High consistency
130765,Stuart Armstrong,Midfield,Central Midfield,Scotland,3,2020,2022,"2020-21, 2021-22, 2022-23",5649,8,7,15,0.127,0.096,0.223,0.06,0.184,0.292,192,552,High consistency
118689,Leonardo Spinazzola,Defender,Left-Back,Italy,4,2020,2024,"2020-21, 2022-23, 2023-24, 2024-25",6613,5,12,17,0.067,0.156,0.223,0.08,0.118,0.296,46,553,High consistency
402008,Amadou Haidara,Midfield,Central Midfield,Mali,5,2020,2024,"2020-21, 2021-22, 2022-23, 2023-24, 2024-25",7523,10,9,19,0.118,0.104,0.222,0.088,0.068,0.283,193,554,High consistency
255838,Patrick Ciurria,Midfield,Right Midfield,Italy,3,2022,2024,"2022-23, 2023-24, 2024-25",5467,7,9,16,0.092,0.13,0.222,0.149,0.112,0.392,194,555,High consistency
272999,Miguel Almirón,Attack,Right Winger,Paraguay,4,2020,2023,"2020-21, 2021-22, 2022-23, 2023-24",8613,19,4,23,0.184,0.039,0.222,0.175,0.052,0.467,316,556,Moderate sustained performance
646740,Gavi,Midfield,Central Midfield,Spain,4,2021,2024,"2021-22, 2022-23, 2023-24, 2024-25",6897,6,12,18,0.082,0.138,0.22,0.063,0.166,0.31,195,557,High consistency
424204,Alphonso Davies,Defender,Left-Back,Canada,5,2020,2024,"2020-21, 2021-22, 2022-23, 2023-24, 2024-25",9188,5,18,23,0.048,0.172,0.22,0.076,0.153,0.348,47,558,High consistency
344069,Anton Stach,Midfield,Defensive Midfield,Germany,4,2021,2024,"2021-22, 2022-23, 2023-24, 2024-25",9028,5,16,21,0.05,0.169,0.219,0.096,0.104,0.338,196,559,High consistency
524285,Luca Netz,Defender,Left-Back,Germany,3,2021,2024,"2021-22, 2023-24, 2024-25",4571,0,11,11,0,0.217,0.217,0.039,0.188,0.261,48,560,High consistency
357233,Leandro Barreiro,Midfield,Central Midfield,Luxembourg,4,2020,2023,"2020-21, 2021-22, 2022-23, 2023-24",8855,11,10,21,0.109,0.108,0.217,0.082,0.156,0.336,197,561,High consistency
193116,John McGinn,Midfield,Central Midfield,Scotland,5,2020,2024,"2020-21, 2021-22, 2022-23, 2023-24, 2024-25",14362,14,21,35,0.084,0.132,0.216,0.061,0.133,0.299,198,562,High consistency
319859,Mathias Jensen,Midfield,Central Midfield,Denmark,3,2021,2023,"2021-22, 2022-23, 2023-24",6652,8,10,18,0.094,0.123,0.216,0.149,0.056,0.35,199,563,High consistency
214775,Óliver Torres,Midfield,Central Midfield,Spain,4,2020,2023,"2020-21, 2021-22, 2022-23, 2023-24",6171,5,8,13,0.076,0.14,0.216,0.166,0.055,0.448,200,564,Moderate sustained performance
354362,Rodrigo Bentancur,Midfield,Defensive Midfield,Uruguay,5,2020,2024,"2020-21, 2021-22, 2022-23, 2023-24, 2024-25",9013,8,13,21,0.099,0.116,0.215,0.12,0.109,0.418,201,565,High consistency
326330,Frenkie de Jong,Midfield,Central Midfield,Netherlands,4,2021,2024,"2021-22, 2022-23, 2023-24, 2024-25",7798,9,9,18,0.112,0.102,0.214,0.085,0.11,0.317,202,566,High consistency
148367,Christian Nørgaard,Midfield,Defensive Midfield,Denmark,4,2021,2024,"2021-22, 2022-23, 2023-24, 2024-25",10173,11,13,24,0.093,0.121,0.213,0.078,0.107,0.286,203,567,High consistency
351816,Ismaël Bennacer,Midfield,Defensive Midfield,Algeria,5,2020,2024,"2020-21, 2021-22, 2022-23, 2023-24, 2024-25",6966,6,10,16,0.073,0.139,0.212,0.057,0.178,0.313,204,568,High consistency
560593,Hicham Boudaoui,Midfield,Central Midfield,Algeria,5,2020,2024,"2020-21, 2021-22, 2022-23, 2023-24, 2024-25",9309,11,11,22,0.111,0.102,0.212,0.084,0.112,0.309,205,569,High consistency
463605,Bafodé Diakité,Defender,Centre-Back,France,3,2022,2024,"2022-23, 2023-24, 2024-25",7118,12,3,15,0.166,0.046,0.212,0.141,0.102,0.371,49,570,High consistency
332179,Matteo Pessina,Midfield,Central Midfield,Italy,4,2020,2023,"2020-21, 2021-22, 2022-23, 2023-24",9264,14,9,23,0.123,0.087,0.21,0.058,0.125,0.251,206,571,High consistency
284884,Óscar Rodríguez,Midfield,Attacking Midfield,Spain,4,2021,2024,"2021-22, 2022-23, 2023-24, 2024-25",5414,5,7,12,0.089,0.121,0.21,0.124,0.066,0.34,207,572,High consistency
789082,Vanderson,Defender,Right-Back,Brazil,4,2021,2024,"2021-22, 2022-23, 2023-24, 2024-25",7063,7,9,16,0.102,0.107,0.209,0.028,0.174,0.241,50,573,High consistency
282429,Sergio Reguilón,Defender,Left-Back,Spain,3,2020,2023,"2020-21, 2021-22, 2023-24",5707,2,11,13,0.031,0.178,0.209,0.043,0.16,0.234,51,574,High consistency
290587,Ellyes Skhiri,Midfield,Defensive Midfield,Tunisia,5,2020,2024,"2020-21, 2021-22, 2022-23, 2023-24, 2024-25",11865,19,9,28,0.141,0.069,0.209,0.062,0.121,0.258,208,575,High consistency
143798,Pavel Kaderabek,Midfield,Right Midfield,Czech Republic,5,2020,2024,"2020-21, 2021-22, 2022-23, 2023-24, 2024-25",8445,7,13,20,0.071,0.138,0.209,0.094,0.108,0.3,209,576,High consistency
377393,Pierre Lees-Melou,Midfield,Defensive Midfield,France,5,2020,2024,"2020-21, 2021-22, 2022-23, 2023-24, 2024-25",11159,16,10,26,0.127,0.081,0.209,0.098,0.079,0.325,210,577,High consistency
568693,Pape Matar Sarr,Midfield,Central Midfield,Senegal,4,2020,2024,"2020-21, 2021-22, 2023-24, 2024-25",7719,10,8,18,0.12,0.088,0.208,0.046,0.169,0.259,211,578,High consistency
369684,Rasmus Nissen Kristensen,Defender,Right-Back,Denmark,3,2022,2024,"2022-23, 2023-24, 2024-25",6220,9,6,15,0.123,0.085,0.208,0.069,0.155,0.286,52,579,High consistency
108537,Jonas Hector,Defender,Left-Back,Germany,3,2020,2022,"2020-21, 2021-22, 2022-23",6673,3,10,13,0.07,0.138,0.208,0.142,0.064,0.348,53,580,High consistency
353796,Giulio Maggiore,Midfield,Central Midfield,Italy,3,2020,2023,"2020-21, 2021-22, 2023-24",6864,9,6,15,0.128,0.078,0.207,0.08,0.159,0.299,212,581,High consistency
284732,Ramy Bensebaini,Defender,Centre-Back,Algeria,5,2020,2024,"2020-21, 2021-22, 2022-23, 2023-24, 2024-25",9350,15,9,24,0.128,0.079,0.207,0.122,0,0.311,54,582,High consistency
75921,Christopher Trimmel,Defender,Right-Back,Austria,5,2020,2024,"2020-21, 2021-22, 2022-23, 2023-24, 2024-25",9778,3,21,24,0.025,0.182,0.207,0.128,0.09,0.384,55,583,High consistency
119296,Emre Can,Defender,Centre-Back,Germany,5,2020,2024,"2020-21, 2021-22, 2022-23, 2023-24, 2024-25",9776,13,9,22,0.125,0.081,0.206,0.069,0.142,0.32,56,584,High consistency
369674,Joakim Maehle,Defender,Left-Back,Denmark,5,2020,2024,"2020-21, 2021-22, 2022-23, 2023-24, 2024-25",9534,9,14,23,0.076,0.129,0.205,0.068,0.123,0.288,57,585,High consistency
131225,Nicolás Tagliafico,Defender,Left-Back,Argentina,3,2022,2024,"2022-23, 2023-24, 2024-25",7025,7,8,15,0.1,0.106,0.205,0.082,0.12,0.284,58,586,High consistency
225161,Rúben Neves,Midfield,Defensive Midfield,Portugal,3,2020,2022,"2020-21, 2021-22, 2022-23",8365,15,4,19,0.161,0.044,0.204,0.004,0.201,0.208,213,587,High consistency
118534,Michael Keane,Defender,Centre-Back,England,4,2020,2024,"2020-21, 2021-22, 2022-23, 2024-25",7811,10,5,15,0.134,0.069,0.204,0.075,0.12,0.275,59,588,High consistency
111455,Granit Xhaka,Midfield,Defensive Midfield,Switzerland,5,2020,2024,"2020-21, 2021-22, 2022-23, 2023-24, 2024-25",13579,14,18,32,0.089,0.115,0.204,0.142,0.096,0.419,214,589,High consistency
169880,Giovanni Di Lorenzo,Defender,Right-Back,Italy,5,2020,2024,"2020-21, 2021-22, 2022-23, 2023-24, 2024-25",15935,11,25,36,0.061,0.142,0.203,0.044,0.162,0.278,60,590,High consistency
618809,Manu Sánchez,Defender,Left-Back,Spain,5,2020,2024,"2020-21, 2021-22, 2022-23, 2023-24, 2024-25",9815,2,16,18,0.015,0.188,0.203,0.154,0.034,0.44,61,591,Moderate sustained performance
258039,Aurélio Buta,Defender,Right-Back,Portugal,3,2022,2024,"2022-23, 2023-24, 2024-25",5047,4,6,10,0.085,0.118,0.203,0.186,0.046,0.408,62,592,Moderate sustained performance
459658,Andrea Cambiaso,Defender,Left-Back,Italy,4,2021,2024,"2021-22, 2022-23, 2023-24, 2024-25",8572,5,14,19,0.052,0.15,0.202,0.059,0.124,0.251,63,593,High consistency
336125,Mërgim Vojvoda,Defender,Right-Back,Kosovo,5,2020,2024,"2020-21, 2021-22, 2022-23, 2023-24, 2024-25",8257,3,15,18,0.036,0.165,0.202,0.061,0.136,0.264,64,594,High consistency
193900,Marius Wolf,Defender,Right-Back,Germany,5,2020,2024,"2020-21, 2021-22, 2022-23, 2023-24, 2024-25",8777,7,12,19,0.075,0.127,0.202,0.078,0.155,0.34,65,595,High consistency
633992,Enzo Le Fée,Midfield,Central Midfield,France,4,2020,2023,"2020-21, 2021-22, 2022-23, 2023-24",8591,7,14,21,0.058,0.145,0.202,0.102,0.059,0.296,215,596,High consistency
413843,Keven Schlotterbeck,Defender,Centre-Back,Germany,3,2020,2024,"2020-21, 2023-24, 2024-25",5130,8,4,12,0.138,0.064,0.202,0.177,0,0.33,66,597,Moderate sustained performance
214532,Pierrick Capelle,Midfield,Central Midfield,France,3,2020,2022,"2020-21, 2021-22, 2022-23",4664,3,8,11,0.044,0.158,0.201,0.057,0.152,0.263,216,598,High consistency
341227,Juan Miranda,Defender,Left-Back,Spain,4,2020,2024,"2020-21, 2022-23, 2023-24, 2024-25",7262,5,11,16,0.072,0.129,0.201,0.09,0.097,0.305,67,599,High consistency
182574,Jean-Paul Boëtius,Midfield,Attacking Midfield,Netherlands,3,2020,2022,"2020-21, 2021-22, 2022-23",4918,4,9,13,0.062,0.139,0.201,0.174,0,0.304,217,600,Moderate sustained performance
96718,Óscar de Marcos,Defender,Right-Back,Spain,5,2020,2024,"2020-21, 2021-22, 2022-23, 2023-24, 2024-25",9850,4,18,22,0.037,0.163,0.2,0.034,0.16,0.239,68,601,High consistency
288318,Adrián Embarba,Attack,Right Winger,Spain,4,2021,2024,"2021-22, 2022-23, 2023-24, 2024-25",7597,8,8,16,0.101,0.099,0.2,0.15,0.09,0.418,317,602,High consistency
51471,Mateo Kovacic,Midfield,Central Midfield,Croatia,5,2020,2024,"2020-21, 2021-22, 2022-23, 2023-24, 2024-25",8830,10,10,20,0.094,0.105,0.2,0.16,0.05,0.405,218,603,Moderate sustained performance
100986,Thomas Meunier,Defender,Right-Back,Belgium,3,2020,2024,"2020-21, 2021-22, 2024-25",4805,5,5,10,0.094,0.106,0.2,0.16,0.094,0.384,69,604,Moderate sustained performance
165007,Denis Suárez,Midfield,Attacking Midfield,Spain,3,2020,2022,"2020-21, 2021-22, 2022-23",6647,4,15,19,0.042,0.158,0.2,0.174,0,0.317,219,605,Moderate sustained performance
186368,Valentino Lazaro,Midfield,Right Midfield,Austria,4,2020,2024,"2020-21, 2022-23, 2023-24, 2024-25",6920,2,14,16,0.037,0.162,0.199,0.053,0.146,0.272,220,606,High consistency
87884,Mário Rui,Defender,Left-Back,Portugal,4,2020,2023,"2020-21, 2021-22, 2022-23, 2023-24",7638,0,17,17,0,0.199,0.199,0.11,0.108,0.358,70,607,High consistency
506248,Edu Expósito,Midfield,Central Midfield,Spain,3,2020,2024,"2020-21, 2022-23, 2024-25",4665,2,7,9,0.052,0.146,0.198,0.103,0.11,0.311,221,608,High consistency
130365,Alessandro Florenzi,Defender,Right-Back,Italy,3,2020,2023,"2020-21, 2021-22, 2023-24",4422,5,5,10,0.108,0.089,0.197,0.055,0.156,0.26,71,609,High consistency
311178,Georgios Kyriakopoulos,Defender,Left-Back,Greece,5,2020,2024,"2020-21, 2021-22, 2022-23, 2023-24, 2024-25",9474,4,17,21,0.037,0.16,0.197,0.062,0.123,0.274,72,610,High consistency
16306,Casemiro,Midfield,Defensive Midfield,Brazil,5,2020,2024,"2020-21, 2021-22, 2022-23, 2023-24, 2024-25",11096,13,13,26,0.099,0.096,0.195,0.106,0.06,0.31,222,611,High consistency
287188,Dejan Ljubicic,Midfield,Defensive Midfield,Austria,3,2021,2023,"2021-22, 2022-23, 2023-24",5751,8,4,12,0.133,0.062,0.195,0.114,0.088,0.314,223,612,High consistency
397033,Sandro Tonali,Midfield,Defensive Midfield,Italy,4,2020,2024,"2020-21, 2021-22, 2022-23, 2024-25",9290,11,12,23,0.094,0.101,0.195,0.136,0,0.298,224,613,High consistency
175449,Moi Gómez,Midfield,Attacking Midfield,Spain,4,2020,2023,"2020-21, 2021-22, 2022-23, 2023-24",8321,12,5,17,0.131,0.062,0.194,0.063,0.134,0.282,225,614,High consistency
124555,Cristiano Biraghi,Defender,Left-Back,Italy,5,2020,2024,"2020-21, 2021-22, 2022-23, 2023-24, 2024-25",12476,10,18,28,0.07,0.124,0.194,0.091,0.057,0.267,73,615,High consistency
136514,Charalampos Lykogiannis,Defender,Left-Back,Greece,4,2020,2024,"2020-21, 2021-22, 2022-23, 2024-25",6409,7,6,13,0.09,0.104,0.194,0.122,0.049,0.343,74,616,High consistency
61812,Yuri Berchiche,Defender,Left-Back,Spain,5,2020,2024,"2020-21, 2021-22, 2022-23, 2023-24, 2024-25",9079,6,12,18,0.064,0.129,0.193,0.087,0.088,0.267,75,617,High consistency
335147,Junior Sambia,Defender,Right-Back,France,3,2020,2023,"2020-21, 2021-22, 2023-24",5008,3,8,11,0.061,0.132,0.193,0.116,0.059,0.261,76,618,High consistency
378139,Aitor Ruibal,Attack,Right Winger,Spain,4,2020,2024,"2020-21, 2022-23, 2023-24, 2024-25",5373,5,6,11,0.09,0.102,0.192,0.13,0,0.276,318,619,High consistency
146310,Wataru Endo,Midfield,Defensive Midfield,Japan,4,2020,2023,"2020-21, 2021-22, 2022-23, 2023-24",10504,13,11,24,0.105,0.085,0.19,0.106,0.052,0.308,226,620,High consistency
556385,Destiny Udogie,Defender,Left-Back,Italy,4,2021,2024,"2021-22, 2022-23, 2023-24, 2024-25",9525,10,11,21,0.089,0.101,0.189,0.104,0.047,0.29,77,621,High consistency
445126,Emanuele Valeri,Defender,Left-Back,Italy,3,2022,2024,"2022-23, 2023-24, 2024-25",6848,4,11,15,0.042,0.146,0.188,0.054,0.153,0.25,78,622,High consistency
261905,Suat Serdar,Midfield,Central Midfield,Germany,5,2020,2024,"2020-21, 2021-22, 2022-23, 2023-24, 2024-25",9252,10,9,19,0.095,0.093,0.188,0.074,0.109,0.266,227,623,High consistency
232418,Ondrej Duda,Midfield,Central Midfield,Slovakia,5,2020,2024,"2020-21, 2021-22, 2022-23, 2023-24, 2024-25",10805,11,14,25,0.086,0.102,0.188,0.169,0,0.458,228,624,Moderate sustained performance
810092,Warren Zaïre-Emery,Midfield,Central Midfield,France,3,2022,2024,"2022-23, 2023-24, 2024-25",4931,5,5,10,0.111,0.075,0.186,0.049,0.132,0.229,229,625,High consistency
578391,Rayan Aït-Nouri,Defender,Left-Back,Algeria,5,2020,2024,"2020-21, 2021-22, 2022-23, 2023-24, 2024-25",9961,9,14,23,0.076,0.11,0.186,0.095,0.084,0.316,79,626,High consistency
388198,Nico Schlotterbeck,Defender,Centre-Back,Germany,5,2020,2024,"2020-21, 2021-22, 2022-23, 2023-24, 2024-25",11177,11,13,24,0.084,0.101,0.186,0.106,0.07,0.359,80,627,High consistency
314940,Dimitri Liénard,Midfield,Left Midfield,France,3,2020,2022,"2020-21, 2021-22, 2022-23",5421,4,8,12,0.062,0.124,0.186,0.162,0,0.295,230,628,Moderate sustained performance
262523,Davide Calabria,Defender,Right-Back,Italy,5,2020,2024,"2020-21, 2021-22, 2022-23, 2023-24, 2024-25",9613,6,14,20,0.049,0.136,0.185,0.086,0.095,0.319,81,629,High consistency
112515,Marcos Alonso,Defender,Centre-Back,Spain,4,2020,2024,"2020-21, 2021-22, 2022-23, 2024-25",6942,10,5,15,0.133,0.052,0.185,0.134,0.077,0.373,82,630,High consistency
251878,Aarón Martín,Defender,Left-Back,Spain,5,2020,2024,"2020-21, 2021-22, 2022-23, 2023-24, 2024-25",10413,6,16,22,0.057,0.127,0.183,0.134,0.065,0.39,83,631,High consistency
298975,Pol Lirola,Defender,Right-Back,Spain,3,2020,2023,"2020-21, 2021-22, 2023-24",5360,5,6,11,0.085,0.097,0.182,0.034,0.153,0.219,84,632,High consistency
118278,Xavier Chavalerin,Midfield,Central Midfield,France,3,2020,2022,"2020-21, 2021-22, 2022-23",7912,9,7,16,0.101,0.08,0.181,0.065,0.106,0.223,231,633,High consistency
646733,Jim Allevinah,Attack,Right Winger,Gabon,4,2021,2024,"2021-22, 2022-23, 2023-24, 2024-25",7366,5,9,14,0.062,0.119,0.181,0.083,0.08,0.255,319,634,High consistency
193098,Álex Moreno,Defender,Left-Back,Spain,5,2020,2024,"2020-21, 2021-22, 2022-23, 2023-24, 2024-25",8869,7,13,20,0.072,0.109,0.181,0.098,0.094,0.336,85,635,High consistency
60410,Marcos Acuña,Defender,Left-Back,Argentina,4,2020,2023,"2020-21, 2021-22, 2022-23, 2023-24",7801,6,9,15,0.072,0.107,0.18,0.053,0.116,0.236,86,636,High consistency
607854,Éderson,Midfield,Central Midfield,Brazil,4,2021,2024,"2021-22, 2022-23, 2023-24, 2024-25",9133,13,5,18,0.128,0.053,0.18,0.069,0.081,0.234,232,637,High consistency
318523,Romain Perraud,Defender,Left-Back,France,4,2020,2024,"2020-21, 2021-22, 2022-23, 2024-25",8601,7,12,19,0.069,0.111,0.18,0.095,0.055,0.287,87,638,High consistency
297070,Hamari Traoré,Defender,Right-Back,Mali,4,2020,2023,"2020-21, 2021-22, 2022-23, 2023-24",10728,5,17,22,0.04,0.14,0.18,0.158,0.06,0.404,88,639,Moderate sustained performance
569598,Youssouf Fofana,Midfield,Defensive Midfield,France,5,2020,2024,"2020-21, 2021-22, 2022-23, 2023-24, 2024-25",13370,7,19,26,0.045,0.133,0.179,0.077,0.094,0.266,233,640,High consistency
263727,Joan Jordán,Midfield,Central Midfield,Spain,3,2021,2024,"2021-22, 2022-23, 2024-25",5538,5,4,9,0.106,0.073,0.179,0.231,0.036,0.446,234,641,Moderate sustained performance
241076,Emmanuel Gyasi,Midfield,Right Midfield,Ghana,5,2020,2024,"2020-21, 2021-22, 2022-23, 2023-24, 2024-25",13834,15,12,27,0.094,0.083,0.178,0.091,0.064,0.315,235,642,High consistency
205006,Rick Karsdorp,Defender,Right-Back,Netherlands,3,2020,2023,"2020-21, 2021-22, 2023-24",6637,1,11,12,0.012,0.166,0.178,0.101,0.062,0.247,89,643,High consistency
587458,Kevin Agudelo,Midfield,Attacking Midfield,Colombia,3,2020,2022,"2020-21, 2021-22, 2022-23",4723,4,4,8,0.095,0.083,0.178,0.126,0.042,0.291,236,644,High consistency
268178,Arkadiusz Reca,Midfield,Left Midfield,Poland,3,2020,2022,"2020-21, 2021-22, 2022-23",6268,3,10,13,0.04,0.138,0.178,0.149,0.083,0.35,237,645,High consistency
618425,Tanguy Coulibaly,Attack,Right Winger,France,3,2020,2024,"2020-21, 2021-22, 2024-25",4051,5,3,8,0.101,0.075,0.177,0.01,0.166,0.185,320,646,High consistency
178313,Jean-Eudes Aholou,Midfield,Defensive Midfield,Cote d'Ivoire,4,2020,2024,"2020-21, 2021-22, 2022-23, 2024-25",6514,8,4,12,0.118,0.06,0.177,0.077,0.091,0.277,238,647,High consistency
331401,Manuel Lazzari,Defender,Right-Back,Italy,5,2020,2024,"2020-21, 2021-22, 2022-23, 2023-24, 2024-25",9248,5,14,19,0.046,0.13,0.177,0.118,0.048,0.326,90,648,High consistency
300716,Kieran Tierney,Defender,Left-Back,Scotland,3,2020,2023,"2020-21, 2021-22, 2023-24",5466,2,9,11,0.029,0.147,0.176,0.028,0.144,0.196,91,649,High consistency
221322,José Gayà,Defender,Left-Back,Spain,4,2021,2024,"2021-22, 2022-23, 2023-24, 2024-25",8196,4,12,16,0.045,0.131,0.176,0.119,0.05,0.336,92,650,High consistency
557613,Quentin Merlin,Defender,Left-Back,France,4,2021,2024,"2021-22, 2022-23, 2023-24, 2024-25",7320,4,10,14,0.05,0.125,0.175,0.068,0.09,0.234,93,651,High consistency
397225,Alessandro Zanoli,Defender,Right-Back,Italy,3,2022,2024,"2022-23, 2023-24, 2024-25",4236,3,5,8,0.056,0.118,0.174,0.064,0.105,0.232,94,652,High consistency
268670,Gerard Gumbau,Midfield,Defensive Midfield,Spain,3,2021,2023,"2021-22, 2022-23, 2023-24",7317,1,13,14,0.011,0.163,0.174,0.066,0.101,0.23,239,653,High consistency
174196,Kenny Lala,Defender,Right-Back,France,4,2020,2024,"2020-21, 2022-23, 2023-24, 2024-25",8911,8,9,17,0.077,0.096,0.173,0.051,0.127,0.245,95,654,High consistency
89733,Álex Fernández,Midfield,Central Midfield,Spain,4,2020,2023,"2020-21, 2021-22, 2022-23, 2023-24",6856,10,4,14,0.122,0.051,0.173,0.073,0.07,0.231,240,655,High consistency
370789,Julian Ryerson,Defender,Right-Back,Norway,5,2020,2024,"2020-21, 2021-22, 2022-23, 2023-24, 2024-25",8984,9,8,17,0.089,0.083,0.172,0.076,0.073,0.254,96,656,High consistency
265088,Manuel Locatelli,Midfield,Defensive Midfield,Italy,5,2020,2024,"2020-21, 2021-22, 2022-23, 2023-24, 2024-25",13350,10,15,25,0.069,0.103,0.172,0.085,0.073,0.291,241,657,High consistency
89231,Jóhann Berg Gudmundsson,Attack,Right Winger,Iceland,3,2020,2023,"2020-21, 2021-22, 2023-24",3665,3,4,7,0.069,0.103,0.172,0.116,0.081,0.302,321,658,High consistency
290249,Mauro Arambarri,Midfield,Central Midfield,Uruguay,4,2020,2024,"2020-21, 2021-22, 2022-23, 2024-25",9321,13,6,19,0.107,0.065,0.172,0.117,0.09,0.338,242,659,High consistency
207917,Alberto Moreno,Defender,Left-Back,Spain,4,2021,2024,"2021-22, 2022-23, 2023-24, 2024-25",5701,5,5,10,0.086,0.085,0.172,0.168,0,0.368,97,660,Moderate sustained performance
826224,Arnau Martínez,Defender,Right-Back,Spain,3,2022,2024,"2022-23, 2023-24, 2024-25",6605,5,8,13,0.056,0.115,0.171,0.052,0.137,0.23,98,661,High consistency
470794,Ivan Ilić,Midfield,Central Midfield,Serbia,5,2020,2024,"2020-21, 2021-22, 2022-23, 2023-24, 2024-25",9419,9,10,19,0.09,0.081,0.171,0.073,0.098,0.266,243,662,High consistency
520468,Iago,Defender,Left-Back,Brazil,4,2020,2023,"2020-21, 2021-22, 2022-23, 2023-24",6971,4,10,14,0.049,0.122,0.171,0.084,0.111,0.289,99,663,High consistency
281755,Iván Alejo,Attack,Right Winger,Spain,3,2021,2023,"2021-22, 2022-23, 2023-24",4063,2,5,7,0.056,0.115,0.171,0.145,0.069,0.337,322,664,High consistency
193867,Liam Henderson,Midfield,Central Midfield,Scotland,3,2021,2024,"2021-22, 2022-23, 2024-25",5369,2,9,11,0.03,0.14,0.17,0.09,0.09,0.268,244,665,High consistency
100131,William Carvalho,Midfield,Defensive Midfield,Portugal,3,2020,2022,"2020-21, 2021-22, 2022-23",5473,7,3,10,0.119,0.05,0.169,0.072,0.11,0.249,245,666,High consistency
354361,Frank Anguissa,Midfield,Central Midfield,Cameroon,5,2020,2024,"2020-21, 2021-22, 2022-23, 2023-24, 2024-25",13223,9,17,26,0.055,0.113,0.169,0.119,0.064,0.346,246,667,High consistency
453016,Anthony Caci,Defender,Right-Back,France,5,2020,2024,"2020-21, 2021-22, 2022-23, 2023-24, 2024-25",12433,6,17,23,0.046,0.121,0.168,0.072,0.064,0.266,100,668,High consistency
468066,Jens Cajuste,Midfield,Defensive Midfield,Sweden,3,2022,2024,"2022-23, 2023-24, 2024-25",4515,4,4,8,0.074,0.094,0.168,0.073,0.091,0.236,247,669,High consistency
127573,Phillipp Mwene,Defender,Left-Back,Austria,3,2020,2024,"2020-21, 2023-24, 2024-25",6296,3,9,12,0.044,0.123,0.167,0.036,0.135,0.206,101,670,High consistency
284854,Carles Aleñá,Midfield,Central Midfield,Spain,5,2020,2024,"2020-21, 2021-22, 2022-23, 2023-24, 2024-25",8437,6,9,15,0.068,0.099,0.167,0.057,0.115,0.254,248,671,High consistency
362977,Josip Juranovic,Defender,Right-Back,Croatia,3,2022,2024,"2022-23, 2023-24, 2024-25",3384,2,4,6,0.064,0.102,0.166,0.149,0,0.289,102,672,High consistency
251876,Pablo Maffeo,Defender,Right-Back,Argentina,5,2020,2024,"2020-21, 2021-22, 2022-23, 2023-24, 2024-25",11736,5,16,21,0.04,0.125,0.165,0.057,0.076,0.228,103,673,High consistency
290593,Sada Thioub,Attack,Right Winger,Senegal,3,2020,2022,"2020-21, 2021-22, 2022-23",3262,2,4,6,0.052,0.112,0.165,0.083,0.094,0.256,323,674,High consistency
550108,Nicola Zalewski,Midfield,Left Midfield,Poland,3,2022,2024,"2022-23, 2023-24, 2024-25",4134,3,4,7,0.058,0.107,0.165,0.101,0.093,0.28,249,675,High consistency
285845,Ainsley Maitland-Niles,Defender,Right-Back,England,4,2020,2024,"2020-21, 2022-23, 2023-24, 2024-25",6531,2,10,12,0.027,0.137,0.165,0.128,0.052,0.314,104,676,High consistency
297645,Riccardo Marchizza,Defender,Left-Back,Italy,3,2020,2023,"2020-21, 2021-22, 2023-24",4060,0,7,7,0,0.165,0.165,0.13,0.067,0.313,105,677,High consistency
648779,Wilfried Singo,Defender,Right-Back,Cote d'Ivoire,5,2020,2024,"2020-21, 2021-22, 2022-23, 2023-24, 2024-25",10807,8,12,20,0.065,0.1,0.164,0.061,0.082,0.24,106,678,High consistency
95641,Darko Brasanac,Midfield,Central Midfield,Serbia,4,2020,2024,"2020-21, 2021-22, 2022-23, 2024-25",5966,5,5,10,0.095,0.069,0.163,0.036,0.112,0.198,250,679,High consistency
59016,David Alaba,Defender,Centre-Back,Austria,4,2020,2023,"2020-21, 2021-22, 2022-23, 2023-24",8315,5,11,16,0.046,0.116,0.162,0.057,0.078,0.202,107,680,High consistency
245537,Nabil Bentaleb,Midfield,Defensive Midfield,Algeria,3,2021,2023,"2021-22, 2022-23, 2023-24",5983,5,7,12,0.068,0.094,0.162,0.117,0.059,0.289,251,681,High consistency
349599,Pervis Estupiñán,Defender,Left-Back,Ecuador,5,2020,2024,"2020-21, 2021-22, 2022-23, 2023-24, 2024-25",9064,4,12,16,0.043,0.118,0.161,0.133,0.057,0.361,108,682,High consistency
331505,Óscar Mingueza,Defender,Right-Back,Spain,4,2020,2024,"2020-21, 2022-23, 2023-24, 2024-25",8926,8,10,18,0.072,0.088,0.16,0.137,0,0.329,109,683,High consistency
636688,Alejandro Balde,Defender,Left-Back,Spain,3,2022,2024,"2022-23, 2023-24, 2024-25",6147,1,11,12,0.012,0.147,0.159,0.095,0.065,0.254,110,684,High consistency
395237,Maxence Caqueret,Midfield,Central Midfield,France,5,2020,2024,"2020-21, 2021-22, 2022-23, 2023-24, 2024-25",11569,7,14,21,0.054,0.106,0.159,0.15,0,0.356,252,685,High consistency
315063,Nahitan Nández,Midfield,Right Midfield,Uruguay,3,2020,2023,"2020-21, 2021-22, 2023-24",6614,4,8,12,0.047,0.111,0.158,0.037,0.118,0.191,253,686,High consistency
278296,Antonio Raíllo,Defender,Centre-Back,Spain,4,2021,2024,"2021-22, 2022-23, 2023-24, 2024-25",9703,9,7,16,0.091,0.068,0.158,0.069,0.056,0.205,111,687,High consistency
385105,Gabriel Suazo,Defender,Left-Back,Chile,3,2022,2024,"2022-23, 2023-24, 2024-25",5781,0,11,11,0,0.158,0.158,0.089,0.072,0.25,112,688,High consistency
485963,Pape Gueye,Midfield,Central Midfield,Senegal,4,2020,2024,"2020-21, 2021-22, 2022-23, 2024-25",7469,8,5,13,0.089,0.069,0.158,0.119,0.059,0.325,254,689,High consistency
203746,Ruben Aguilar,Defender,Right-Back,France,5,2020,2024,"2020-21, 2021-22, 2022-23, 2023-24, 2024-25",8594,3,12,15,0.033,0.125,0.158,0.122,0,0.319,113,690,High consistency
43848,Miguel Veloso,Midfield,Defensive Midfield,Portugal,3,2020,2022,"2020-21, 2021-22, 2022-23",3831,2,5,7,0.046,0.113,0.158,0.141,0,0.273,255,691,High consistency
341264,Fran García,Defender,Left-Back,Spain,4,2021,2024,"2021-22, 2022-23, 2023-24, 2024-25",9994,4,10,14,0.037,0.121,0.158,0.158,0.03,0.387,114,692,Moderate sustained performance
324377,Youssef Maleh,Midfield,Central Midfield,Morocco,4,2021,2024,"2021-22, 2022-23, 2023-24, 2024-25",6106,2,6,8,0.045,0.113,0.158,0.193,0.034,0.444,256,693,Moderate sustained performance
370683,Andreas Hanche-Olsen,Defender,Centre-Back,Norway,3,2022,2024,"2022-23, 2023-24, 2024-25",3771,3,4,7,0.074,0.083,0.157,0.076,0.091,0.24,115,694,High consistency
346707,Sean Longstaff,Midfield,Central Midfield,England,4,2020,2023,"2020-21, 2021-22, 2022-23, 2023-24",8131,8,8,16,0.074,0.084,0.157,0.084,0.064,0.262,257,695,High consistency
126719,Juan Bernat,Defender,Left-Back,Spain,3,2021,2024,"2021-22, 2022-23, 2024-25",3516,1,6,7,0.018,0.139,0.157,0.141,0,0.274,116,696,High consistency
203853,Oleksandr Zinchenko,Defender,Left-Back,Ukraine,4,2020,2023,"2020-21, 2021-22, 2022-23, 2023-24",6379,2,8,10,0.024,0.133,0.157,0.143,0,0.345,117,697,High consistency
126664,Lucas Digne,Defender,Left-Back,France,5,2020,2024,"2020-21, 2021-22, 2022-23, 2023-24, 2024-25",11398,2,19,21,0.019,0.137,0.156,0.065,0.06,0.235,118,698,High consistency
170961,Thomas Delaine,Defender,Left-Back,France,4,2020,2023,"2020-21, 2021-22, 2022-23, 2023-24",7228,5,7,12,0.059,0.098,0.156,0.072,0.088,0.253,119,699,High consistency
166677,Brian Oliván,Defender,Left-Back,Spain,3,2021,2024,"2021-22, 2022-23, 2024-25",5617,2,9,11,0.026,0.13,0.156,0.123,0.082,0.298,120,700,High consistency
282250,Birger Meling,Defender,Left-Back,Norway,3,2020,2022,"2020-21, 2021-22, 2022-23",5354,2,8,10,0.026,0.129,0.155,0.069,0.075,0.197,121,701,High consistency
226524,Morten Thorsby,Midfield,Central Midfield,Norway,4,2020,2024,"2020-21, 2021-22, 2023-24, 2024-25",8646,8,5,13,0.088,0.067,0.155,0.114,0.047,0.315,258,702,High consistency
188077,Ryan Christie,Midfield,Central Midfield,Scotland,3,2022,2024,"2022-23, 2023-24, 2024-25",6892,3,9,12,0.044,0.11,0.154,0.057,0.098,0.211,259,703,High consistency
422466,Javi Hernández,Defender,Left-Back,Spain,3,2022,2024,"2022-23, 2023-24, 2024-25",6026,4,5,9,0.064,0.09,0.154,0.076,0.107,0.242,122,704,High consistency
785353,Pablo Ibáñez,Midfield,Central Midfield,Spain,3,2022,2024,"2022-23, 2023-24, 2024-25",3490,2,4,6,0.05,0.104,0.154,0.076,0.085,0.236,260,705,High consistency
552549,Matheus Henrique,Midfield,Central Midfield,Brazil,3,2021,2023,"2021-22, 2022-23, 2023-24",5520,6,4,10,0.085,0.067,0.153,0.074,0.084,0.231,261,706,High consistency
711625,José Ángel Carmona,Defender,Right-Back,Spain,3,2022,2024,"2022-23, 2023-24, 2024-25",5386,4,2,6,0.103,0.05,0.153,0.161,0,0.321,123,707,Moderate sustained performance
380598,Santi Comesaña,Midfield,Central Midfield,Spain,4,2021,2024,"2021-22, 2022-23, 2023-24, 2024-25",9387,10,6,16,0.098,0.053,0.151,0.055,0.1,0.211,262,708,High consistency
133179,Marten de Roon,Midfield,Defensive Midfield,Netherlands,5,2020,2024,"2020-21, 2021-22, 2022-23, 2023-24, 2024-25",14191,11,13,24,0.069,0.082,0.151,0.069,0.06,0.235,263,709,High consistency
250153,Pasquale Mazzocchi,Defender,Right-Back,Italy,3,2021,2023,"2021-22, 2022-23, 2023-24",6188,2,8,10,0.031,0.12,0.151,0.109,0.071,0.275,124,710,High consistency
620322,Malo Gusto,Defender,Right-Back,France,4,2021,2024,"2021-22, 2022-23, 2023-24, 2024-25",7094,0,12,12,0,0.151,0.151,0.124,0.048,0.308,125,711,High consistency
315853,Alessandro Bastoni,Defender,Centre-Back,Italy,5,2020,2024,"2020-21, 2021-22, 2022-23, 2023-24, 2024-25",12115,3,17,20,0.023,0.127,0.15,0.062,0.083,0.223,126,712,High consistency
270171,Vitaly Janelt,Midfield,Defensive Midfield,Germany,4,2021,2024,"2021-22, 2022-23, 2023-24, 2024-25",9858,9,7,16,0.087,0.062,0.149,0.021,0.117,0.163,264,713,High consistency
344886,Matthieu Udol,Defender,Left-Back,France,3,2020,2023,"2020-21, 2021-22, 2023-24",5429,4,6,10,0.063,0.086,0.149,0.056,0.089,0.2,127,714,High consistency
192009,Unai López,Midfield,Central Midfield,Spain,5,2020,2024,"2020-21, 2021-22, 2022-23, 2023-24, 2024-25",7629,8,5,13,0.092,0.057,0.149,0.09,0,0.218,265,715,High consistency
89592,Marvin Plattenhardt,Defender,Left-Back,,3,2020,2022,"2020-21, 2021-22, 2022-23",5115,0,8,8,0,0.148,0.148,0.032,0.112,0.168,128,716,High consistency
223979,Xaver Schlager,Midfield,Central Midfield,Austria,4,2020,2023,"2020-21, 2021-22, 2022-23, 2023-24",7674,3,11,14,0.032,0.116,0.148,0.055,0.086,0.205,266,717,High consistency
401530,Éder Militão,Defender,Centre-Back,Brazil,4,2020,2024,"2020-21, 2021-22, 2022-23, 2024-25",7810,8,5,13,0.093,0.055,0.148,0.058,0.079,0.2,129,718,High consistency
289592,Orel Mangala,Midfield,Defensive Midfield,Belgium,5,2020,2024,"2020-21, 2021-22, 2022-23, 2023-24, 2024-25",8824,7,8,15,0.071,0.076,0.147,0.065,0.068,0.242,267,719,High consistency
593482,Azzedine Ounahi,Midfield,Central Midfield,Morocco,3,2021,2023,"2021-22, 2022-23, 2023-24",4086,5,2,7,0.11,0.037,0.147,0.075,0.072,0.222,268,720,High consistency
167799,Pierre-Emile Højbjerg,Midfield,Defensive Midfield,Denmark,5,2020,2024,"2020-21, 2021-22, 2022-23, 2023-24, 2024-25",13711,10,15,25,0.058,0.088,0.147,0.098,0,0.259,269,721,High consistency
476352,Renan Lodi,Defender,Left-Back,Brazil,4,2020,2023,"2020-21, 2021-22, 2022-23, 2023-24",5754,3,5,8,0.058,0.089,0.147,0.149,0,0.306,130,722,High consistency
525578,Pathé Ciss,Midfield,Central Midfield,Senegal,4,2021,2024,"2021-22, 2022-23, 2023-24, 2024-25",6151,8,2,10,0.115,0.031,0.146,0.097,0.055,0.248,270,723,High consistency
93604,Lukas Kübler,Defender,Right-Back,Germany,4,2021,2024,"2021-22, 2022-23, 2023-24, 2024-25",7680,10,2,12,0.12,0.026,0.146,0.109,0.049,0.292,131,724,High consistency
525704,Nicolò Rovella,Midfield,Defensive Midfield,Italy,5,2020,2024,"2020-21, 2021-22, 2022-23, 2023-24, 2024-25",8475,1,12,13,0.01,0.135,0.145,0.031,0.099,0.184,271,725,High consistency
226973,Harrison Reed,Midfield,Central Midfield,England,3,2020,2023,"2020-21, 2022-23, 2023-24",6455,3,8,11,0.031,0.114,0.145,0.07,0.08,0.219,272,726,High consistency
61651,Jordan Henderson,Midfield,Defensive Midfield,England,3,2020,2022,"2020-21, 2021-22, 2022-23",6382,3,8,11,0.041,0.104,0.145,0.085,0.087,0.242,273,727,High consistency
569387,Valentin Gendrey,Defender,Right-Back,France,3,2022,2024,"2022-23, 2023-24, 2024-25",7751,3,9,12,0.038,0.106,0.144,0.027,0.116,0.169,132,728,High consistency
92571,Aaron Cresswell,Defender,Left-Back,England,3,2020,2022,"2020-21, 2021-22, 2022-23",8137,2,12,14,0.022,0.122,0.144,0.095,0.04,0.227,133,729,High consistency
336960,Giuseppe Pezzella,Defender,Left-Back,Italy,5,2020,2024,"2020-21, 2021-22, 2022-23, 2023-24, 2024-25",7795,1,12,13,0.01,0.134,0.144,0.106,0,0.253,134,730,High consistency
469781,Marcos Senesi,Defender,Centre-Back,Argentina,3,2022,2024,"2022-23, 2023-24, 2024-25",5849,6,5,11,0.077,0.067,0.144,0.19,0,0.36,135,731,Moderate sustained performance
480267,Ronald Araujo,Defender,Centre-Back,Uruguay,4,2020,2023,"2020-21, 2021-22, 2022-23, 2023-24",7576,7,5,12,0.081,0.063,0.143,0.034,0.1,0.179,136,732,High consistency
129444,David López,Defender,Centre-Back,Spain,3,2022,2024,"2022-23, 2023-24, 2024-25",6064,7,2,9,0.112,0.03,0.143,0.072,0.074,0.217,137,733,High consistency
354352,Frédéric Guilbert,Defender,Right-Back,France,5,2020,2024,"2020-21, 2021-22, 2022-23, 2023-24, 2024-25",10044,3,10,13,0.031,0.113,0.143,0.15,0.037,0.403,138,734,High consistency
245056,Saša Lukić,Midfield,Central Midfield,Serbia,5,2020,2024,"2020-21, 2021-22, 2022-23, 2023-24, 2024-25",10177,11,7,18,0.094,0.048,0.142,0.082,0.076,0.271,274,735,High consistency
199248,Bryan Cristante,Midfield,Defensive Midfield,Italy,5,2020,2024,"2020-21, 2021-22, 2022-23, 2023-24, 2024-25",13103,11,9,20,0.08,0.063,0.142,0.107,0.061,0.308,275,736,High consistency
293569,Josh Brownhill,Midfield,Central Midfield,England,3,2020,2023,"2020-21, 2021-22, 2023-24",8018,6,6,12,0.074,0.068,0.141,0.104,0.032,0.24,276,737,High consistency
516716,Bremer,Defender,Centre-Back,Brazil,4,2020,2023,"2020-21, 2021-22, 2022-23, 2023-24",11703,15,3,18,0.116,0.024,0.14,0.046,0.083,0.184,139,738,High consistency
284595,Tommaso Augello,Defender,Left-Back,Italy,5,2020,2024,"2020-21, 2021-22, 2022-23, 2023-24, 2024-25",13827,5,17,22,0.032,0.108,0.14,0.074,0.074,0.232,140,739,High consistency
126665,Idrissa Gueye,Midfield,Defensive Midfield,Senegal,5,2020,2024,"2020-21, 2021-22, 2022-23, 2023-24, 2024-25",10784,9,6,15,0.094,0.047,0.14,0.076,0.035,0.219,277,740,High consistency
475959,Josko Gvardiol,Defender,Centre-Back,Croatia,4,2021,2024,"2021-22, 2022-23, 2023-24, 2024-25",10192,12,4,16,0.102,0.038,0.14,0.078,0.041,0.232,141,741,High consistency
177476,Nathan Aké,Defender,Centre-Back,Netherlands,3,2021,2023,"2021-22, 2022-23, 2023-24",4841,5,2,7,0.111,0.029,0.14,0.08,0.048,0.196,142,742,High consistency
640428,Eduardo Camavinga,Midfield,Central Midfield,France,5,2020,2024,"2020-21, 2021-22, 2022-23, 2023-24, 2024-25",8706,4,8,12,0.05,0.09,0.14,0.081,0.045,0.246,278,743,High consistency
14086,Ashley Young,Defender,Right-Back,England,5,2020,2024,"2020-21, 2021-22, 2022-23, 2023-24, 2024-25",8859,3,9,12,0.031,0.108,0.14,0.125,0,0.316,143,744,High consistency
139208,Virgil van Dijk,Defender,Centre-Back,Netherlands,4,2021,2024,"2021-22, 2022-23, 2023-24, 2024-25",12403,11,8,19,0.08,0.059,0.139,0.046,0.108,0.206,144,745,High consistency
85383,Rubén Sobrino,Attack,Centre-Forward,Spain,4,2020,2023,"2020-21, 2021-22, 2022-23, 2023-24",7162,8,4,12,0.095,0.044,0.139,0.088,0.054,0.241,324,746,High consistency
127032,Serge Aurier,Defender,Right-Back,Cote d'Ivoire,3,2020,2022,"2020-21, 2021-22, 2022-23",4560,3,4,7,0.053,0.086,0.139,0.124,0.046,0.28,145,747,High consistency
281989,Luis Milla,Midfield,Central Midfield,Spain,5,2020,2024,"2020-21, 2021-22, 2022-23, 2023-24, 2024-25",10818,5,12,17,0.041,0.097,0.138,0.057,0.042,0.194,279,748,High consistency
55099,Nicolas Höfler,Midfield,Defensive Midfield,Germany,4,2020,2023,"2020-21, 2021-22, 2022-23, 2023-24",10487,4,12,16,0.035,0.103,0.138,0.108,0.032,0.277,280,749,High consistency
186590,John Stones,Defender,Centre-Back,England,4,2020,2023,"2020-21, 2021-22, 2022-23, 2023-24",5964,8,2,10,0.112,0.024,0.137,0.062,0.081,0.195,146,750,High consistency
346314,Trevoh Chalobah,Defender,Centre-Back,England,5,2020,2024,"2020-21, 2021-22, 2022-23, 2023-24, 2024-25",8214,9,4,13,0.1,0.038,0.137,0.094,0,0.249,147,751,High consistency
413112,Aurélien Tchouaméni,Midfield,Defensive Midfield,France,5,2020,2024,"2020-21, 2021-22, 2022-23, 2023-24, 2024-25",12802,8,11,19,0.057,0.079,0.136,0.077,0,0.181,281,752,High consistency
230784,Thomas Partey,Midfield,Defensive Midfield,Ghana,4,2020,2024,"2020-21, 2021-22, 2022-23, 2024-25",9053,9,5,14,0.082,0.053,0.135,0.041,0.104,0.193,282,753,High consistency
145707,Danilo,Defender,Centre-Back,Brazil,4,2020,2023,"2020-21, 2021-22, 2022-23, 2023-24",10444,6,10,16,0.05,0.085,0.135,0.043,0.073,0.17,148,754,High consistency
184894,Alfred Duncan,Midfield,Central Midfield,Ghana,5,2020,2024,"2020-21, 2021-22, 2022-23, 2023-24, 2024-25",7122,5,8,13,0.054,0.081,0.135,0.129,0,0.332,283,755,High consistency
520530,Fali Candé,Defender,Centre-Back,Guinea-Bissau,3,2021,2024,"2021-22, 2023-24, 2024-25",4351,1,5,6,0.02,0.114,0.134,0.046,0.098,0.185,149,756,High consistency
461019,Samuele Birindelli,Defender,Right-Back,Italy,3,2022,2024,"2022-23, 2023-24, 2024-25",4883,3,4,7,0.061,0.073,0.134,0.047,0.089,0.183,150,757,High consistency
57216,Ismaël Traoré,Defender,Centre-Back,Cote d'Ivoire,3,2020,2023,"2020-21, 2021-22, 2023-24",8430,9,4,13,0.094,0.039,0.134,0.05,0.081,0.18,151,758,High consistency
497291,Nicolás Domínguez,Midfield,Central Midfield,Argentina,5,2020,2024,"2020-21, 2021-22, 2022-23, 2023-24, 2024-25",9165,6,8,14,0.06,0.074,0.134,0.077,0.046,0.224,284,759,High consistency
51174,Fernando,Midfield,Defensive Midfield,Brazil,3,2020,2022,"2020-21, 2021-22, 2022-23",5977,4,6,10,0.052,0.082,0.134,0.1,0.057,0.247,285,760,High consistency
501418,Adrià Pedrosa,Defender,Left-Back,Spain,3,2021,2024,"2021-22, 2023-24, 2024-25",6776,3,6,9,0.041,0.093,0.134,0.107,0.066,0.257,152,761,High consistency
334835,Toma Bašić,Midfield,Central Midfield,Croatia,3,2020,2023,"2020-21, 2021-22, 2023-24",4958,4,4,8,0.046,0.088,0.134,0.119,0,0.229,286,762,High consistency
281963,Lucas Hernández,Defender,Left-Back,France,3,2020,2023,"2020-21, 2021-22, 2023-24",5554,1,7,8,0.016,0.117,0.133,0.041,0.088,0.169,153,763,High consistency
251075,Zeki Çelik,Defender,Right-Back,Türkiye,4,2020,2024,"2020-21, 2021-22, 2022-23, 2024-25",8854,5,9,14,0.045,0.088,0.133,0.077,0.06,0.226,154,764,High consistency
666234,Mohamed Simakan,Defender,Centre-Back,France,4,2020,2023,"2020-21, 2021-22, 2022-23, 2023-24",7224,5,6,11,0.062,0.072,0.133,0.087,0.045,0.252,155,765,High consistency
212723,Djibril Sow,Midfield,Central Midfield,Switzerland,5,2020,2024,"2020-21, 2021-22, 2022-23, 2023-24, 2024-25",10791,9,7,16,0.072,0.06,0.132,0.037,0.083,0.186,287,766,High consistency
375137,Ismail Jakobs,Defender,Left-Back,Senegal,4,2020,2023,"2020-21, 2021-22, 2022-23, 2023-24",5486,2,6,8,0.028,0.104,0.132,0.05,0.076,0.184,156,767,High consistency
435338,Gabriel,Defender,Centre-Back,Brazil,5,2020,2024,"2020-21, 2021-22, 2022-23, 2023-24, 2024-25",13884,17,3,20,0.11,0.023,0.132,0.06,0.079,0.228,157,768,High consistency
319745,Dani Ceballos,Midfield,Central Midfield,Spain,3,2020,2024,"2020-21, 2022-23, 2024-25",4401,0,7,7,0,0.132,0.132,0.118,0,0.229,288,769,High consistency
387047,Danilho Doekhi,Defender,Centre-Back,Netherlands,3,2022,2024,"2022-23, 2023-24, 2024-25",7437,8,2,10,0.105,0.027,0.132,0.134,0.029,0.284,158,770,High consistency
381967,Albert Sambi Lokonga,Midfield,Central Midfield,Belgium,3,2021,2024,"2021-22, 2023-24, 2024-25",3916,1,5,6,0.023,0.109,0.132,0.138,0,0.275,289,771,High consistency
170934,Mario Lemina,Midfield,Defensive Midfield,Gabon,5,2020,2024,"2020-21, 2021-22, 2022-23, 2023-24, 2024-25",10165,8,6,14,0.066,0.065,0.131,0.084,0.042,0.264,290,772,High consistency
93740,Willi Orbán,Defender,Centre-Back,Hungary,5,2020,2024,"2020-21, 2021-22, 2022-23, 2023-24, 2024-25",11766,15,3,18,0.109,0.022,0.131,0.09,0,0.229,159,773,High consistency
355816,Ko Itakura,Defender,Centre-Back,Japan,3,2022,2024,"2022-23, 2023-24, 2024-25",6371,6,3,9,0.089,0.041,0.13,0.039,0.091,0.169,160,774,High consistency
177779,Janik Haberer,Midfield,Central Midfield,Germany,3,2022,2024,"2022-23, 2023-24, 2024-25",5140,6,2,8,0.092,0.038,0.13,0.123,0,0.244,291,775,High consistency
466794,Eric García,Defender,Centre-Back,Spain,4,2021,2024,"2021-22, 2022-23, 2023-24, 2024-25",7711,8,3,11,0.087,0.043,0.13,0.126,0,0.289,161,776,High consistency
177046,Rubén Duarte,Defender,Centre-Back,Spain,3,2020,2023,"2020-21, 2021-22, 2023-24",7054,3,7,10,0.044,0.085,0.129,0.052,0.071,0.171,162,777,High consistency
65230,Sergio Busquets,Midfield,Defensive Midfield,Spain,3,2020,2022,"2020-21, 2021-22, 2022-23",8078,2,9,11,0.019,0.11,0.129,0.064,0.056,0.178,292,778,High consistency
202886,Ruben Loftus-Cheek,Midfield,Central Midfield,England,5,2020,2024,"2020-21, 2021-22, 2022-23, 2023-24, 2024-25",8016,7,6,13,0.061,0.068,0.129,0.141,0,0.346,293,779,High consistency
557459,Micky van de Ven,Defender,Centre-Back,Netherlands,3,2022,2024,"2022-23, 2023-24, 2024-25",6331,4,4,8,0.048,0.079,0.128,0.044,0.091,0.177,163,780,High consistency
53536,Tolgay Arslan,Midfield,Attacking Midfield,Germany,3,2020,2022,"2020-21, 2021-22, 2022-23",4699,5,2,7,0.092,0.036,0.128,0.047,0.075,0.162,294,781,High consistency
371149,Evan Ndicka,Defender,Centre-Back,Cote d'Ivoire,5,2020,2024,"2020-21, 2021-22, 2022-23, 2023-24, 2024-25",13185,8,10,18,0.058,0.069,0.128,0.09,0.033,0.252,164,782,High consistency
425918,Jakub Kiwior,Defender,Centre-Back,Poland,4,2021,2024,"2021-22, 2022-23, 2023-24, 2024-25",5899,3,3,6,0.056,0.072,0.128,0.172,0,0.381,165,783,Moderate sustained performance
127076,Jérôme Roussillon,Defender,Left-Back,Guadeloupe,3,2020,2022,"2020-21, 2021-22, 2022-23",3991,1,4,5,0.017,0.11,0.127,0.068,0.051,0.183,166,784,High consistency
332889,Valentin Rongier,Midfield,Central Midfield,France,4,2020,2024,"2020-21, 2021-22, 2022-23, 2024-25",8690,5,6,11,0.063,0.063,0.126,0.081,0.041,0.23,295,785,High consistency
300168,Mikel Vesga,Midfield,Defensive Midfield,Spain,5,2020,2024,"2020-21, 2021-22, 2022-23, 2023-24, 2024-25",8167,8,5,13,0.083,0.043,0.126,0.1,0,0.235,296,786,High consistency
74683,Nemanja Matić,Midfield,Defensive Midfield,Serbia,5,2020,2024,"2020-21, 2021-22, 2022-23, 2023-24, 2024-25",8635,2,9,11,0.02,0.107,0.126,0.119,0,0.26,297,787,High consistency
124028,Ismaily,Defender,Left-Back,Brazil,3,2022,2024,"2022-23, 2023-24, 2024-25",5159,3,4,7,0.046,0.079,0.125,0.068,0.073,0.202,167,788,High consistency
328480,Pepelu,Midfield,Defensive Midfield,Spain,3,2021,2024,"2021-22, 2023-24, 2024-25",7042,9,2,11,0.098,0.026,0.125,0.112,0,0.218,298,789,High consistency
93128,Kalidou Koulibaly,Defender,Centre-Back,Senegal,3,2020,2022,"2020-21, 2021-22, 2022-23",6418,5,4,9,0.071,0.054,0.125,0.114,0,0.224,168,790,High consistency
135343,Fabian Schär,Defender,Centre-Back,Switzerland,5,2020,2024,"2020-21, 2021-22, 2022-23, 2023-24, 2024-25",12610,12,6,18,0.085,0.039,0.124,0.036,0.072,0.167,169,791,High consistency
206746,Kenny Tete,Defender,Right-Back,Netherlands,3,2020,2024,"2020-21, 2022-23, 2024-25",5855,1,8,9,0.012,0.112,0.124,0.078,0.06,0.21,170,792,High consistency
807128,Saïdou Sow,Defender,Centre-Back,Guinea,3,2020,2024,"2020-21, 2021-22, 2024-25",3806,3,2,5,0.077,0.047,0.124,0.138,0,0.273,171,793,High consistency
74810,Ben Mee,Defender,Centre-Back,England,4,2020,2023,"2020-21, 2021-22, 2022-23, 2023-24",9082,10,2,12,0.11,0.014,0.123,0.038,0.067,0.147,172,794,High consistency
284857,Marc Cucurella,Defender,Left-Back,Spain,5,2020,2024,"2020-21, 2021-22, 2022-23, 2023-24, 2024-25",12818,9,9,18,0.052,0.07,0.123,0.057,0.058,0.211,173,795,High consistency
257732,Amir Rrahmani,Defender,Centre-Back,Kosovo,5,2020,2024,"2020-21, 2021-22, 2022-23, 2023-24, 2024-25",12475,11,5,16,0.082,0.04,0.122,0.025,0.104,0.165,174,796,High consistency
33571,Lorenzo De Silvestri,Defender,Right-Back,Italy,3,2020,2024,"2020-21, 2021-22, 2024-25",5508,6,2,8,0.096,0.026,0.122,0.064,0.084,0.196,175,797,High consistency
40633,Milan Badelj,Midfield,Defensive Midfield,Croatia,4,2020,2024,"2020-21, 2021-22, 2023-24, 2024-25",9310,4,9,13,0.041,0.081,0.122,0.077,0.061,0.224,299,798,High consistency
374954,Kristijan Jakic,Midfield,Defensive Midfield,Croatia,4,2021,2024,"2021-22, 2022-23, 2023-24, 2024-25",6901,4,4,8,0.064,0.059,0.122,0.091,0.039,0.215,300,799,High consistency
157672,Vladimír Coufal,Defender,Right-Back,Czech Republic,5,2020,2024,"2020-21, 2021-22, 2022-23, 2023-24, 2024-25",11605,0,19,19,0,0.122,0.122,0.095,0,0.206,176,800,High consistency
372712,Ibrahima Sissoko,Midfield,Defensive Midfield,Mali,5,2020,2024,"2020-21, 2021-22, 2022-23, 2023-24, 2024-25",10459,4,10,14,0.029,0.092,0.122,0.118,0,0.312,301,801,High consistency
81789,Maya Yoshida,Defender,Centre-Back,Japan,3,2020,2022,"2020-21, 2021-22, 2022-23",6649,3,5,8,0.046,0.076,0.122,0.124,0,0.247,177,802,High consistency
411975,Jules Koundé,Defender,Right-Back,France,5,2020,2024,"2020-21, 2021-22, 2022-23, 2023-24, 2024-25",13645,8,10,18,0.053,0.068,0.121,0.037,0.091,0.173,178,803,High consistency
141050,Danilo Pereira,Defender,Centre-Back,Portugal,4,2020,2023,"2020-21, 2021-22, 2022-23, 2023-24",7869,9,1,10,0.106,0.016,0.121,0.102,0,0.221,179,804,High consistency
170929,Massadio Haïdara,Defender,Left-Back,Mali,4,2020,2024,"2020-21, 2021-22, 2022-23, 2024-25",6550,3,5,8,0.042,0.08,0.121,0.102,0,0.25,180,805,High consistency
309944,Tyronne Ebuehi,Defender,Right-Back,Nigeria,3,2021,2023,"2021-22, 2022-23, 2023-24",4167,2,5,7,0.031,0.09,0.121,0.144,0,0.28,181,806,High consistency
220878,Issiaga Sylla,Defender,Left-Back,Guinea,4,2020,2024,"2020-21, 2022-23, 2023-24, 2024-25",6388,4,5,9,0.064,0.056,0.12,0.05,0.079,0.185,182,807,High consistency
190284,Maximilian Eggestein,Midfield,Central Midfield,Germany,5,2020,2024,"2020-21, 2021-22, 2022-23, 2023-24, 2024-25",13381,7,11,18,0.047,0.074,0.12,0.057,0.063,0.214,302,808,High consistency
357796,Domagoj Bradarić,Defender,Left-Back,Croatia,4,2020,2024,"2020-21, 2022-23, 2023-24, 2024-25",8206,2,8,10,0.03,0.09,0.12,0.071,0.046,0.215,183,809,High consistency
355627,Sergio Akieme,Defender,Left-Back,Spain,3,2022,2024,"2022-23, 2023-24, 2024-25",7320,7,3,10,0.085,0.036,0.12,0.072,0.039,0.178,184,810,High consistency
349701,Antonee Robinson,Defender,Left-Back,United States,4,2020,2024,"2020-21, 2022-23, 2023-24, 2024-25",11688,0,17,17,0,0.12,0.12,0.131,0,0.284,185,811,High consistency
183288,Luke Shaw,Defender,Left-Back,England,4,2020,2023,"2020-21, 2021-22, 2022-23, 2023-24",7778,2,10,12,0.017,0.102,0.119,0.089,0,0.203,186,812,High consistency
335721,Ben White,Defender,Right-Back,England,5,2020,2024,"2020-21, 2021-22, 2022-23, 2023-24, 2024-25",13336,6,11,17,0.036,0.083,0.119,0.113,0,0.24,187,813,High consistency
624690,Manu Koné,Midfield,Central Midfield,France,4,2021,2024,"2021-22, 2022-23, 2023-24, 2024-25",8940,6,5,11,0.061,0.056,0.118,0.043,0.069,0.172,303,814,High consistency
353365,Marcus Coco,Defender,Right-Back,Guadeloupe,4,2020,2024,"2020-21, 2021-22, 2023-24, 2024-25",4843,2,4,6,0.039,0.078,0.118,0.057,0.06,0.194,188,815,High consistency
344695,Dayot Upamecano,Defender,Centre-Back,France,5,2020,2024,"2020-21, 2021-22, 2022-23, 2023-24, 2024-25",10423,5,9,14,0.047,0.072,0.118,0.095,0.051,0.285,189,816,High consistency
331560,Takehiro Tomiyasu,Defender,Centre-Back,Japan,3,2020,2023,"2020-21, 2021-22, 2023-24",5555,4,2,6,0.074,0.044,0.118,0.102,0.053,0.236,190,817,High consistency
171679,Matt Doherty,Defender,Right-Back,Ireland,3,2020,2024,"2020-21, 2023-24, 2024-25",4492,3,3,6,0.055,0.063,0.117,0.034,0.079,0.145,191,818,High consistency
527698,Kike Pérez,Midfield,Central Midfield,Spain,3,2020,2024,"2020-21, 2022-23, 2024-25",5791,4,4,8,0.052,0.065,0.117,0.039,0.078,0.155,304,819,High consistency
181767,Marquinhos,Defender,Centre-Back,Brazil,5,2020,2024,"2020-21, 2021-22, 2022-23, 2023-24, 2024-25",10975,12,3,15,0.091,0.027,0.117,0.045,0.058,0.169,192,820,High consistency
25557,Sergio Ramos,Defender,Centre-Back,Spain,3,2020,2023,"2020-21, 2022-23, 2023-24",6501,7,1,8,0.105,0.011,0.116,0.022,0.1,0.141,193,821,High consistency
326031,Matthijs de Ligt,Defender,Centre-Back,Netherlands,5,2020,2024,"2020-21, 2021-22, 2022-23, 2023-24, 2024-25",10813,11,3,14,0.094,0.022,0.116,0.031,0.081,0.15,194,822,High consistency
118847,Dominik Kohr,Defender,Centre-Back,Germany,5,2020,2024,"2020-21, 2021-22, 2022-23, 2023-24, 2024-25",9935,7,5,12,0.059,0.057,0.116,0.058,0.041,0.177,195,823,High consistency
281769,Mario Hermoso,Defender,Centre-Back,Spain,4,2020,2023,"2020-21, 2021-22, 2022-23, 2023-24",9119,6,5,11,0.065,0.051,0.116,0.079,0.035,0.213,196,824,High consistency
195736,Florian Grillitsch,Midfield,Defensive Midfield,Austria,4,2020,2024,"2020-21, 2021-22, 2023-24, 2024-25",6900,3,8,11,0.034,0.083,0.116,0.138,0,0.274,305,825,High consistency
467992,Samuele Ricci,Midfield,Defensive Midfield,Italy,4,2021,2024,"2021-22, 2022-23, 2023-24, 2024-25",9570,5,7,12,0.049,0.066,0.115,0.056,0.063,0.187,306,826,High consistency
376514,Mathías Olivera,Defender,Left-Back,Uruguay,5,2020,2024,"2020-21, 2021-22, 2022-23, 2023-24, 2024-25",11005,4,9,13,0.04,0.075,0.115,0.078,0,0.22,197,827,High consistency
94005,Sead Kolasinac,Defender,Centre-Back,Bosnia-Herzegovina,4,2020,2024,"2020-21, 2022-23, 2023-24, 2024-25",7826,6,4,10,0.066,0.049,0.114,0.068,0.041,0.203,198,828,High consistency
552425,Jon Moncayola,Midfield,Central Midfield,Spain,5,2020,2024,"2020-21, 2021-22, 2022-23, 2023-24, 2024-25",11947,6,9,15,0.043,0.071,0.114,0.079,0,0.2,307,829,High consistency
694509,Moussa Diarra,Defender,Centre-Back,Mali,3,2022,2024,"2022-23, 2023-24, 2024-25",4481,1,4,5,0.021,0.092,0.114,0.101,0,0.193,199,830,High consistency
235931,Alessandro Deiola,Midfield,Central Midfield,Italy,4,2020,2024,"2020-21, 2021-22, 2023-24, 2024-25",6154,7,2,9,0.088,0.026,0.114,0.102,0,0.21,308,831,High consistency
60444,Thiago Alcántara,Midfield,Central Midfield,Spain,3,2020,2022,"2020-21, 2021-22, 2022-23",4651,2,4,6,0.036,0.078,0.114,0.157,0,0.293,309,832,Moderate sustained performance
103427,Chris Smalling,Defender,Centre-Back,England,3,2020,2022,"2020-21, 2021-22, 2022-23",6006,6,2,8,0.075,0.038,0.113,0.027,0.081,0.129,200,833,High consistency
247250,Rubén Alcaraz,Midfield,Central Midfield,Spain,4,2020,2023,"2020-21, 2021-22, 2022-23, 2023-24",8464,9,1,10,0.106,0.007,0.113,0.052,0.041,0.163,310,834,High consistency
425334,Matty Cash,Defender,Right-Back,Poland,5,2020,2024,"2020-21, 2021-22, 2022-23, 2023-24, 2024-25",11799,7,9,16,0.047,0.066,0.113,0.06,0.049,0.186,201,835,High consistency
262226,Timothy Castagne,Defender,Right-Back,Belgium,5,2020,2024,"2020-21, 2021-22, 2022-23, 2023-24, 2024-25",12007,6,10,16,0.042,0.071,0.113,0.063,0.042,0.192,202,836,High consistency
633530,Jordan Zemura,Defender,Left-Back,Zimbabwe,3,2022,2024,"2022-23, 2023-24, 2024-25",3902,2,3,5,0.05,0.063,0.113,0.068,0.062,0.191,203,837,High consistency
157509,Kurt Zouma,Defender,Centre-Back,France,4,2020,2023,"2020-21, 2021-22, 2022-23, 2023-24",8936,11,0,11,0.113,0,0.113,0.077,0.043,0.222,204,838,High consistency
29241,Thiago Silva,Defender,Centre-Back,Brazil,4,2020,2023,"2020-21, 2021-22, 2022-23, 2023-24",9469,8,4,12,0.076,0.037,0.112,0.032,0.077,0.142,205,839,High consistency
225693,Fabinho,Midfield,Defensive Midfield,Brazil,3,2020,2022,"2020-21, 2021-22, 2022-23",7559,5,4,9,0.065,0.047,0.112,0.106,0.035,0.233,311,840,High consistency
177907,Harry Maguire,Defender,Centre-Back,England,4,2020,2024,"2020-21, 2021-22, 2023-24, 2024-25",8969,6,4,10,0.064,0.049,0.112,0.109,0.036,0.273,206,841,High consistency
247555,Edimilson Fernandes,Midfield,Defensive Midfield,Switzerland,3,2022,2024,"2022-23, 2023-24, 2024-25",4829,0,6,6,0,0.111,0.111,0.029,0.082,0.14,312,842,High consistency
503482,Min-jae Kim,Defender,Centre-Back,"Korea, South",3,2022,2024,"2022-23, 2023-24, 2024-25",7315,5,4,9,0.061,0.05,0.111,0.03,0.079,0.137,207,843,High consistency
614258,Levi Colwill,Defender,Centre-Back,England,3,2022,2024,"2022-23, 2023-24, 2024-25",6168,3,4,7,0.036,0.076,0.111,0.033,0.086,0.148,208,844,High consistency
578539,Chris Richards,Defender,Centre-Back,United States,4,2020,2024,"2020-21, 2021-22, 2023-24, 2024-25",6353,3,4,7,0.04,0.072,0.111,0.056,0.047,0.174,209,845,High consistency
373373,Lucas Martínez Quarta,Defender,Centre-Back,Argentina,4,2020,2023,"2020-21, 2021-22, 2022-23, 2023-24",7378,8,2,10,0.09,0.02,0.111,0.084,0.061,0.236,210,846,High consistency
951579,Saël Kumbedi,Defender,Right-Back,France,3,2022,2024,"2022-23, 2023-24, 2024-25",3189,0,4,4,0,0.111,0.111,0.101,0,0.197,211,847,High consistency
221025,André Gomes,Midfield,Central Midfield,Portugal,3,2020,2024,"2020-21, 2022-23, 2024-25",4478,3,3,6,0.055,0.056,0.111,0.146,0,0.276,313,848,High consistency
425902,Ryan Yates,Midfield,Central Midfield,England,3,2022,2024,"2022-23, 2023-24, 2024-25",5729,3,4,7,0.047,0.063,0.11,0.028,0.091,0.142,314,849,High consistency
386446,Alessandro Buongiorno,Defender,Centre-Back,Italy,4,2021,2024,"2021-22, 2022-23, 2023-24, 2024-25",8361,5,5,10,0.047,0.064,0.11,0.048,0.047,0.153,212,850,High consistency
355915,Cristian Romero,Defender,Centre-Back,Argentina,5,2020,2024,"2020-21, 2021-22, 2022-23, 2023-24, 2024-25",10970,9,5,14,0.069,0.041,0.11,0.064,0.038,0.177,213,851,High consistency
290017,Hassane Kamara,Defender,Left-Back,Cote d'Ivoire,4,2020,2024,"2020-21, 2021-22, 2023-24, 2024-25",9382,5,6,11,0.047,0.062,0.109,0.08,0.041,0.224,214,852,High consistency
249089,Lewis Cook,Midfield,Central Midfield,England,3,2022,2024,"2022-23, 2023-24, 2024-25",7485,1,8,9,0.01,0.098,0.108,0.012,0.097,0.121,315,853,High consistency
74229,Koke,Midfield,Central Midfield,Spain,5,2020,2024,"2020-21, 2021-22, 2022-23, 2023-24, 2024-25",12522,3,12,15,0.023,0.086,0.108,0.022,0.089,0.144,316,854,High consistency
659813,Piero Hincapié,Defender,Centre-Back,Ecuador,4,2021,2024,"2021-22, 2022-23, 2023-24, 2024-25",8372,5,5,10,0.054,0.054,0.108,0.027,0.073,0.135,215,855,High consistency
270051,Andrei Girotto,Defender,Centre-Back,Brazil,3,2020,2022,"2020-21, 2021-22, 2022-23",8969,8,3,11,0.078,0.031,0.108,0.08,0.057,0.2,216,856,High consistency
15956,Jesús Navas,Midfield,Right Midfield,Spain,4,2020,2023,"2020-21, 2021-22, 2022-23, 2023-24",8612,0,11,11,0,0.108,0.108,0.083,0,0.191,317,857,High consistency
449796,Alejandro Catena,Defender,Centre-Back,Spain,4,2021,2024,"2021-22, 2022-23, 2023-24, 2024-25",11958,5,9,14,0.037,0.07,0.107,0.035,0.058,0.142,217,858,High consistency
485706,Amadou Onana,Midfield,Defensive Midfield,Belgium,4,2021,2024,"2021-22, 2022-23, 2023-24, 2024-25",7557,7,2,9,0.089,0.018,0.107,0.043,0.067,0.166,318,859,High consistency
196792,Julian Weigl,Midfield,Defensive Midfield,Germany,3,2022,2024,"2022-23, 2023-24, 2024-25",7550,3,6,9,0.037,0.069,0.107,0.052,0.062,0.163,319,860,High consistency
149498,Gabriel Paulista,Defender,Centre-Back,Brazil,4,2020,2023,"2020-21, 2021-22, 2022-23, 2023-24",7623,7,3,10,0.076,0.031,0.107,0.093,0,0.199,218,861,High consistency
495629,Hugo Guillamón,Midfield,Defensive Midfield,Spain,4,2020,2023,"2020-21, 2021-22, 2022-23, 2023-24",7293,4,4,8,0.052,0.055,0.107,0.113,0.038,0.275,320,862,High consistency
280575,Elvis Rexhbecaj,Midfield,Central Midfield,Kosovo,5,2020,2024,"2020-21, 2021-22, 2022-23, 2023-24, 2024-25",10697,8,3,11,0.077,0.03,0.107,0.14,0,0.343,321,863,High consistency
238868,Rubén Peña,Defender,Right-Back,Spain,3,2020,2023,"2020-21, 2022-23, 2023-24",4497,1,4,5,0.027,0.079,0.106,0.049,0.07,0.162,219,864,High consistency
199733,Danilo Cataldi,Midfield,Defensive Midfield,Italy,4,2021,2024,"2021-22, 2022-23, 2023-24, 2024-25",6753,5,3,8,0.069,0.038,0.106,0.059,0.046,0.158,322,865,High consistency
357147,Diogo Dalot,Defender,Right-Back,Portugal,5,2020,2024,"2020-21, 2021-22, 2022-23, 2023-24, 2024-25",11019,4,9,13,0.036,0.07,0.106,0.065,0,0.167,220,866,High consistency
39728,Mats Hummels,Defender,Centre-Back,Germany,5,2020,2024,"2020-21, 2021-22, 2022-23, 2023-24, 2024-25",9102,10,2,12,0.085,0.02,0.106,0.078,0,0.171,221,867,High consistency
353948,Lucas Tousart,Midfield,Central Midfield,France,4,2020,2023,"2020-21, 2021-22, 2022-23, 2023-24",8576,8,4,12,0.072,0.034,0.106,0.101,0,0.244,323,868,High consistency
687626,Moisés Caicedo,Midfield,Defensive Midfield,Ecuador,3,2022,2024,"2022-23, 2023-24, 2024-25",9371,3,8,11,0.029,0.077,0.105,0.042,0.057,0.134,324,869,High consistency
191217,Héctor Bellerín,Defender,Right-Back,Spain,3,2020,2023,"2020-21, 2021-22, 2023-24",5786,1,6,7,0.014,0.091,0.105,0.061,0.053,0.172,222,870,High consistency
196357,Jonathan Tah,Defender,Centre-Back,Germany,5,2020,2024,"2020-21, 2021-22, 2022-23, 2023-24, 2024-25",13188,11,5,16,0.073,0.032,0.105,0.063,0.036,0.171,223,871,High consistency
256448,Gianluca Mancini,Defender,Centre-Back,Italy,5,2020,2024,"2020-21, 2021-22, 2022-23, 2023-24, 2024-25",14619,11,6,17,0.068,0.037,0.105,0.073,0,0.189,224,872,High consistency
361093,Sven Botman,Defender,Centre-Back,Netherlands,4,2020,2023,"2020-21, 2021-22, 2022-23, 2023-24",10068,5,3,8,0.063,0.043,0.105,0.128,0,0.261,225,873,High consistency
63494,Étienne Capoue,Midfield,Defensive Midfield,France,4,2020,2023,"2020-21, 2021-22, 2022-23, 2023-24",6892,6,2,8,0.079,0.025,0.104,0.032,0.075,0.138,325,874,High consistency
119905,Hugo Mallo,Defender,Right-Back,Spain,3,2020,2022,"2020-21, 2021-22, 2022-23",6604,4,4,8,0.051,0.053,0.104,0.066,0.041,0.173,226,875,High consistency
166601,Niklas Süle,Defender,Centre-Back,Germany,5,2020,2024,"2020-21, 2021-22, 2022-23, 2023-24, 2024-25",8020,5,6,11,0.051,0.054,0.104,0.099,0,0.255,227,876,High consistency
129674,Jeremy Toljan,Defender,Right-Back,Germany,4,2020,2023,"2020-21, 2021-22, 2022-23, 2023-24",7649,0,9,9,0,0.104,0.104,0.116,0,0.259,228,877,High consistency
384859,Fabien Centonze,Defender,Right-Back,France,3,2020,2022,"2020-21, 2021-22, 2022-23",6500,5,1,6,0.085,0.019,0.104,0.157,0,0.284,229,878,Moderate sustained performance
547985,Fabiano Parisi,Defender,Left-Back,Italy,4,2021,2024,"2021-22, 2022-23, 2023-24, 2024-25",6876,4,4,8,0.056,0.047,0.103,0.05,0.061,0.161,230,879,High consistency
391005,Mads Roerslev,Defender,Right-Back,Denmark,4,2021,2024,"2021-22, 2022-23, 2023-24, 2024-25",5716,2,5,7,0.03,0.073,0.103,0.069,0,0.146,231,880,High consistency
730893,Tyrick Mitchell,Defender,Left-Back,England,5,2020,2024,"2020-21, 2021-22, 2022-23, 2023-24, 2024-25",14022,3,13,16,0.022,0.08,0.102,0.041,0.058,0.145,232,881,High consistency
423440,Martín Zubimendi,Midfield,Defensive Midfield,Spain,5,2020,2024,"2020-21, 2021-22, 2022-23, 2023-24, 2024-25",13179,9,7,16,0.059,0.043,0.102,0.062,0,0.169,326,882,High consistency
102558,Marco Verratti,Midfield,Central Midfield,Italy,3,2020,2022,"2020-21, 2021-22, 2022-23",5643,2,4,6,0.031,0.071,0.102,0.094,0,0.185,327,883,High consistency
249730,Guillermo Maripán,Defender,Centre-Back,Chile,5,2020,2024,"2020-21, 2021-22, 2022-23, 2023-24, 2024-25",10185,10,2,12,0.086,0.016,0.102,0.098,0,0.259,233,884,High consistency
193004,Waldemar Anton,Defender,Centre-Back,Germany,5,2020,2024,"2020-21, 2021-22, 2022-23, 2023-24, 2024-25",13085,5,9,14,0.038,0.063,0.101,0.054,0.033,0.185,234,885,High consistency
207014,Will Hughes,Midfield,Central Midfield,England,3,2021,2024,"2021-22, 2023-24, 2024-25",5078,0,6,6,0,0.101,0.101,0.063,0.047,0.17,328,886,High consistency
181778,Emerson,Defender,Left-Back,Italy,4,2021,2024,"2021-22, 2022-23, 2023-24, 2024-25",8862,5,5,10,0.056,0.045,0.1,0.028,0.068,0.127,235,887,High consistency
303219,Jeff Chabot,Defender,Centre-Back,Germany,4,2020,2024,"2020-21, 2022-23, 2023-24, 2024-25",8442,4,5,9,0.043,0.057,0.1,0.051,0.033,0.158,236,888,High consistency
353403,Samuel Moutoussamy,Midfield,Central Midfield,DR Congo,3,2021,2023,"2021-22, 2022-23, 2023-24",5002,1,4,5,0.027,0.072,0.1,0.056,0.06,0.164,329,889,High consistency
386047,Axel Disasi,Defender,Centre-Back,France,4,2020,2023,"2020-21, 2021-22, 2022-23, 2023-24",10651,9,3,12,0.08,0.02,0.1,0.059,0.033,0.162,237,890,High consistency
690799,Anthony Rouault,Defender,Centre-Back,France,3,2022,2024,"2022-23, 2023-24, 2024-25",6509,3,3,6,0.032,0.069,0.1,0.071,0.041,0.179,238,891,High consistency
160968,Benno Schmitz,Defender,Right-Back,Germany,3,2021,2023,"2021-22, 2022-23, 2023-24",6013,1,6,7,0.012,0.088,0.1,0.076,0.037,0.185,239,892,High consistency
239802,Adam Marusic,Defender,Right-Back,Montenegro,5,2020,2024,"2020-21, 2021-22, 2022-23, 2023-24, 2024-25",13899,8,7,15,0.055,0.045,0.1,0.081,0.029,0.193,240,893,High consistency
274839,Wilfred Ndidi,Midfield,Defensive Midfield,Nigeria,4,2020,2024,"2020-21, 2021-22, 2022-23, 2024-25",7817,1,9,10,0.01,0.09,0.1,0.116,0,0.207,330,894,High consistency
251302,Niklas Dorsch,Midfield,Defensive Midfield,Germany,3,2021,2024,"2021-22, 2023-24, 2024-25",5093,3,2,5,0.057,0.044,0.1,0.141,0,0.261,331,895,High consistency
503991,Yunus Musah,Midfield,Central Midfield,United States,4,2021,2024,"2021-22, 2022-23, 2023-24, 2024-25",6401,1,6,7,0.018,0.08,0.099,0.023,0.073,0.122,332,896,High consistency
255501,Iñigo Lekue,Defender,Right-Back,Spain,3,2021,2023,"2021-22, 2022-23, 2023-24",5250,0,6,6,0,0.099,0.099,0.034,0.068,0.135,241,897,High consistency
340879,Merih Demiral,Defender,Centre-Back,Türkiye,3,2020,2022,"2020-21, 2021-22, 2022-23",4374,2,3,5,0.035,0.063,0.099,0.041,0.059,0.141,242,898,High consistency
84301,Benjamin André,Midfield,Defensive Midfield,France,5,2020,2024,"2020-21, 2021-22, 2022-23, 2023-24, 2024-25",13854,7,8,15,0.047,0.052,0.099,0.044,0.031,0.14,333,899,High consistency
311044,Alfonso Espino,Defender,Left-Back,Uruguay,4,2020,2023,"2020-21, 2021-22, 2022-23, 2023-24",11571,2,11,13,0.014,0.086,0.099,0.044,0.036,0.138,243,900,High consistency
79960,Alex Sandro,Defender,Left-Back,Brazil,3,2020,2022,"2020-21, 2021-22, 2022-23",5423,2,4,6,0.032,0.066,0.099,0.048,0.05,0.145,244,901,High consistency
285323,Baptiste Santamaria,Midfield,Defensive Midfield,France,5,2020,2024,"2020-21, 2021-22, 2022-23, 2023-24, 2024-25",10182,5,6,11,0.041,0.056,0.098,0.03,0.047,0.128,334,902,High consistency
202228,Milos Veljkovic,Defender,Centre-Back,Serbia,4,2020,2024,"2020-21, 2022-23, 2023-24, 2024-25",6934,3,5,8,0.034,0.065,0.098,0.078,0,0.187,245,903,High consistency
288429,Mads Pedersen,Defender,Left-Back,Denmark,3,2021,2023,"2021-22, 2022-23, 2023-24",5013,3,2,5,0.06,0.038,0.098,0.097,0,0.194,246,904,High consistency
88682,Mattia De Sciglio,Defender,Right-Back,Italy,3,2020,2022,"2020-21, 2021-22, 2022-23",3692,1,3,4,0.026,0.072,0.098,0.12,0,0.232,247,905,High consistency
448628,Javi Galán,Defender,Left-Back,Spain,5,2020,2024,"2020-21, 2021-22, 2022-23, 2023-24, 2024-25",12470,1,12,13,0.006,0.091,0.097,0.031,0.078,0.152,248,906,High consistency
346561,Luca Ranieri,Defender,Centre-Back,Italy,3,2021,2024,"2021-22, 2023-24, 2024-25",7260,4,4,8,0.053,0.044,0.097,0.047,0.043,0.131,249,907,High consistency
228948,Thilo Kehrer,Defender,Centre-Back,Germany,5,2020,2024,"2020-21, 2021-22, 2022-23, 2023-24, 2024-25",9073,7,3,10,0.068,0.03,0.097,0.06,0,0.151,250,908,High consistency
474800,Facundo Medina,Defender,Centre-Back,Argentina,5,2020,2024,"2020-21, 2021-22, 2022-23, 2023-24, 2024-25",12653,6,8,14,0.045,0.053,0.097,0.068,0.035,0.194,251,909,High consistency
67420,Luke Ayling,Defender,Right-Back,,3,2020,2022,"2020-21, 2021-22, 2022-23",7724,4,3,7,0.056,0.041,0.097,0.085,0,0.158,252,910,High consistency
68390,Séamus Coleman,Defender,Right-Back,Ireland,3,2020,2022,"2020-21, 2021-22, 2022-23",5933,2,4,6,0.029,0.067,0.096,0.062,0.054,0.167,253,911,High consistency
53418,Kevin Kampl,Midfield,Central Midfield,Slovenia,5,2020,2024,"2020-21, 2021-22, 2022-23, 2023-24, 2024-25",8176,4,4,8,0.051,0.045,0.096,0.094,0.046,0.263,335,912,High consistency
160938,Marc Oliver Kempf,Defender,Centre-Back,Germany,3,2020,2024,"2020-21, 2021-22, 2024-25",7244,5,2,7,0.07,0.027,0.096,0.095,0,0.19,254,913,High consistency
361260,Ozan Kabak,Defender,Centre-Back,Türkiye,4,2020,2023,"2020-21, 2021-22, 2022-23, 2023-24",7656,6,4,10,0.058,0.038,0.096,0.111,0,0.196,255,914,High consistency
124502,Matthias Ginter,Defender,Centre-Back,Germany,5,2020,2024,"2020-21, 2021-22, 2022-23, 2023-24, 2024-25",12934,9,5,14,0.057,0.037,0.095,0.039,0.039,0.147,256,915,High consistency
58884,Nacho Fernández,Defender,Centre-Back,Spain,4,2020,2023,"2020-21, 2021-22, 2022-23, 2023-24",6921,5,2,7,0.069,0.027,0.095,0.06,0.045,0.174,257,916,High consistency
57500,César Azpilicueta,Defender,Centre-Back,Spain,4,2020,2023,"2020-21, 2021-22, 2022-23, 2023-24",7209,2,6,8,0.021,0.074,0.095,0.063,0,0.13,258,917,High consistency
532775,Melvin Bard,Defender,Left-Back,France,4,2021,2024,"2021-22, 2022-23, 2023-24, 2024-25",9651,5,5,10,0.049,0.046,0.095,0.066,0,0.139,259,918,High consistency
65318,Jaume Costa,Defender,Left-Back,Spain,3,2021,2023,"2021-22, 2022-23, 2023-24",6124,0,6,6,0,0.095,0.095,0.088,0.034,0.196,260,919,High consistency
477758,Aaron Wan-Bissaka,Defender,Right-Back,DR Congo,5,2020,2024,"2020-21, 2021-22, 2022-23, 2023-24, 2024-25",11227,4,11,15,0.023,0.072,0.095,0.094,0,0.2,261,920,High consistency
223974,Stefan Posch,Defender,Centre-Back,Austria,5,2020,2024,"2020-21, 2021-22, 2022-23, 2023-24, 2024-25",10399,9,4,13,0.066,0.029,0.095,0.115,0,0.281,262,921,High consistency
657430,Samú Costa,Midfield,Defensive Midfield,Portugal,3,2022,2024,"2022-23, 2023-24, 2024-25",6946,2,5,7,0.028,0.066,0.094,0.037,0.068,0.136,336,922,High consistency
148252,Remo Freuler,Midfield,Central Midfield,Switzerland,5,2020,2024,"2020-21, 2021-22, 2022-23, 2023-24, 2024-25",13109,5,9,14,0.033,0.061,0.094,0.067,0,0.165,337,923,High consistency
328658,Kristoffer Ajer,Defender,Centre-Back,Norway,3,2021,2024,"2021-22, 2023-24, 2024-25",5263,3,3,6,0.048,0.047,0.094,0.082,0,0.147,263,924,High consistency
91473,Florent Ogier,Defender,Centre-Back,France,3,2021,2023,"2021-22, 2022-23, 2023-24",5072,2,2,4,0.044,0.05,0.094,0.085,0.037,0.191,264,925,High consistency
142310,Willy Boly,Defender,Centre-Back,Cote d'Ivoire,3,2020,2023,"2020-21, 2021-22, 2023-24",4223,3,2,5,0.058,0.037,0.094,0.094,0,0.187,265,926,High consistency
364857,Falaye Sacko,Defender,Right-Back,Mali,3,2022,2024,"2022-23, 2023-24, 2024-25",5167,1,5,6,0.012,0.082,0.093,0.041,0.065,0.14,266,927,High consistency
192635,Nico Elvedi,Defender,Centre-Back,Switzerland,5,2020,2024,"2020-21, 2021-22, 2022-23, 2023-24, 2024-25",12417,10,3,13,0.071,0.023,0.093,0.052,0.037,0.177,267,928,High consistency
413507,Nikola Milenković,Defender,Centre-Back,Serbia,5,2020,2024,"2020-21, 2021-22, 2022-23, 2023-24, 2024-25",13936,11,4,15,0.068,0.025,0.093,0.077,0,0.189,268,929,High consistency
88680,Luca Caldirola,Defender,Centre-Back,Italy,3,2020,2023,"2020-21, 2022-23, 2023-24",6068,5,1,6,0.078,0.014,0.092,0.021,0.076,0.115,269,930,High consistency
49275,Albin Ekdal,Midfield,Defensive Midfield,Sweden,3,2020,2022,"2020-21, 2021-22, 2022-23",5673,3,3,6,0.044,0.048,0.092,0.033,0.055,0.117,338,931,High consistency
76746,Damián Suárez,Defender,Right-Back,Uruguay,4,2020,2023,"2020-21, 2021-22, 2022-23, 2023-24",8402,2,6,8,0.021,0.071,0.092,0.042,0.037,0.14,270,932,High consistency
476344,Emerson Royal,Defender,Right-Back,Brazil,5,2020,2024,"2020-21, 2021-22, 2022-23, 2023-24, 2024-25",9641,5,6,11,0.05,0.042,0.092,0.064,0,0.156,271,933,High consistency
413220,James Justin,Defender,Right-Back,England,4,2020,2024,"2020-21, 2021-22, 2022-23, 2024-25",7242,4,5,9,0.037,0.055,0.092,0.074,0,0.174,272,934,High consistency
102423,Leandro Cabrera,Defender,Centre-Back,Uruguay,3,2021,2024,"2021-22, 2022-23, 2024-25",8872,6,3,9,0.06,0.032,0.092,0.084,0.034,0.188,273,935,High consistency
401320,Dara O'Shea,Defender,Centre-Back,Ireland,3,2020,2024,"2020-21, 2023-24, 2024-25",8121,3,6,9,0.031,0.061,0.092,0.113,0,0.218,274,936,High consistency
72121,Johan Gastien,Midfield,Defensive Midfield,France,3,2021,2023,"2021-22, 2022-23, 2023-24",7633,4,4,8,0.046,0.046,0.092,0.131,0,0.242,339,937,High consistency
649452,Issa Kaboré,Defender,Right-Back,Burkina Faso,3,2021,2023,"2021-22, 2022-23, 2023-24",5012,1,4,5,0.029,0.061,0.091,0.012,0.08,0.104,275,938,High consistency
118284,Jordan Ferri,Midfield,Central Midfield,France,5,2020,2024,"2020-21, 2021-22, 2022-23, 2023-24, 2024-25",12078,2,10,12,0.015,0.075,0.091,0.017,0.062,0.104,340,939,High consistency
347900,Jerdy Schouten,Midfield,Defensive Midfield,Netherlands,3,2020,2022,"2020-21, 2021-22, 2022-23",6431,2,4,6,0.034,0.058,0.091,0.033,0.071,0.129,341,940,High consistency
463603,Benoît Badiashile,Defender,Centre-Back,France,4,2020,2023,"2020-21, 2021-22, 2022-23, 2023-24",7790,6,2,8,0.067,0.025,0.091,0.046,0.049,0.155,276,941,High consistency
370791,Pablo Rosario,Midfield,Defensive Midfield,Dominican Republic,4,2021,2024,"2021-22, 2022-23, 2023-24, 2024-25",8277,3,5,8,0.038,0.053,0.091,0.075,0.045,0.203,342,942,High consistency
286949,Adam Masina,Defender,Centre-Back,Morocco,3,2021,2024,"2021-22, 2023-24, 2024-25",4076,1,4,5,0.016,0.075,0.091,0.094,0,0.188,277,943,High consistency
405687,Tom Krauß,Midfield,Defensive Midfield,Germany,3,2022,2024,"2022-23, 2023-24, 2024-25",4951,3,2,5,0.046,0.045,0.091,0.102,0,0.201,343,944,High consistency
126751,Iñigo Ruiz de Galarreta,Midfield,Central Midfield,Spain,4,2021,2024,"2021-22, 2022-23, 2023-24, 2024-25",7438,1,6,7,0.011,0.081,0.091,0.106,0,0.242,344,945,High consistency
343959,Erhan Masovic,Defender,Centre-Back,Serbia,4,2021,2024,"2021-22, 2022-23, 2023-24, 2024-25",6829,5,1,6,0.066,0.025,0.091,0.106,0,0.198,278,946,High consistency
58995,Anthony Jung,Defender,Centre-Back,Germany,3,2022,2024,"2022-23, 2023-24, 2024-25",7115,3,5,8,0.034,0.057,0.091,0.129,0,0.239,279,947,High consistency
289446,Yerry Mina,Defender,Centre-Back,Colombia,3,2020,2024,"2020-21, 2023-24, 2024-25",5774,5,0,5,0.09,0,0.09,0.054,0.035,0.143,280,948,High consistency
131075,Francesco Acerbi,Defender,Centre-Back,Italy,5,2020,2024,"2020-21, 2021-22, 2022-23, 2023-24, 2024-25",11867,7,5,12,0.051,0.039,0.09,0.069,0.032,0.177,281,949,High consistency
469050,Nathan Collins,Defender,Centre-Back,Ireland,4,2021,2024,"2021-22, 2022-23, 2023-24, 2024-25",9552,5,6,11,0.049,0.042,0.09,0.077,0,0.184,282,950,High consistency
335225,Manu Morlanes,Midfield,Central Midfield,Spain,3,2021,2024,"2021-22, 2023-24, 2024-25",4087,2,2,4,0.053,0.037,0.09,0.081,0,0.158,345,951,High consistency
805908,Bradley Locko,Defender,Left-Back,France,3,2021,2023,"2021-22, 2022-23, 2023-24",5294,1,4,5,0.03,0.06,0.09,0.09,0,0.179,283,952,High consistency
262939,Johan Mojica,Defender,Left-Back,Colombia,5,2020,2024,"2020-21, 2021-22, 2022-23, 2023-24, 2024-25",10054,3,10,13,0.019,0.071,0.09,0.093,0,0.22,284,953,High consistency
127108,Florian Lejeune,Defender,Centre-Back,France,5,2020,2024,"2020-21, 2021-22, 2022-23, 2023-24, 2024-25",14938,10,5,15,0.061,0.028,0.089,0.059,0,0.14,285,954,High consistency
546213,Tuta,Defender,Centre-Back,Brazil,5,2020,2024,"2020-21, 2021-22, 2022-23, 2023-24, 2024-25",11244,9,3,12,0.069,0.02,0.089,0.059,0,0.165,286,955,High consistency
192765,Ben Davies,Defender,Centre-Back,Wales,5,2020,2024,"2020-21, 2021-22, 2022-23, 2023-24, 2024-25",8585,4,5,9,0.039,0.05,0.089,0.061,0,0.157,287,956,High consistency
421637,Frank Onyeka,Midfield,Central Midfield,Nigeria,3,2021,2024,"2021-22, 2023-24, 2024-25",4824,1,3,4,0.026,0.063,0.089,0.126,0,0.234,346,957,High consistency
160241,Kevin Akpoguma,Defender,Centre-Back,Nigeria,5,2020,2024,"2020-21, 2021-22, 2022-23, 2023-24, 2024-25",7980,3,4,7,0.039,0.05,0.089,0.132,0,0.294,288,958,High consistency
524481,Roger Ibañez,Defender,Centre-Back,Brazil,3,2020,2022,"2020-21, 2021-22, 2022-23",8084,6,2,8,0.063,0.025,0.088,0.012,0.075,0.097,289,959,High consistency
29364,João Moutinho,Midfield,Central Midfield,Portugal,3,2020,2022,"2020-21, 2021-22, 2022-23",7293,3,4,7,0.032,0.056,0.088,0.015,0.071,0.101,347,960,High consistency
20506,Andrés Guardado,Midfield,Central Midfield,Mexico,3,2020,2022,"2020-21, 2021-22, 2022-23",4090,2,2,4,0.045,0.044,0.088,0.037,0.065,0.131,348,961,High consistency
361914,Nayef Aguerd,Defender,Centre-Back,Morocco,5,2020,2024,"2020-21, 2021-22, 2022-23, 2023-24, 2024-25",11103,8,4,12,0.063,0.026,0.088,0.064,0,0.164,290,962,High consistency
543387,Cheick Doucouré,Midfield,Defensive Midfield,Mali,4,2020,2023,"2020-21, 2021-22, 2022-23, 2023-24",9289,3,8,11,0.025,0.063,0.088,0.064,0,0.153,349,963,High consistency
392569,Gabriele Zappa,Defender,Right-Back,Italy,4,2020,2024,"2020-21, 2021-22, 2023-24, 2024-25",9161,3,7,10,0.024,0.064,0.088,0.071,0,0.15,291,964,High consistency
353826,Robert Gumny,Defender,Right-Back,Poland,3,2020,2022,"2020-21, 2021-22, 2022-23",5661,2,3,5,0.037,0.052,0.088,0.077,0,0.134,292,965,High consistency
55769,Danilo D'Ambrosio,Defender,Centre-Back,Italy,3,2021,2024,"2021-22, 2023-24, 2024-25",3624,1,2,3,0.03,0.058,0.088,0.091,0,0.181,293,966,High consistency
232320,Atakan Karazor,Midfield,Defensive Midfield,Türkiye,5,2020,2024,"2020-21, 2021-22, 2022-23, 2023-24, 2024-25",10154,2,10,12,0.014,0.073,0.087,0.083,0,0.206,350,967,High consistency
362842,Arthur Melo,Midfield,Central Midfield,Brazil,4,2020,2024,"2020-21, 2021-22, 2023-24, 2024-25",5053,3,4,7,0.042,0.045,0.087,0.128,0,0.271,351,968,High consistency
135492,Youssouf Sabaly,Defender,Right-Back,Senegal,4,2020,2024,"2020-21, 2022-23, 2023-24, 2024-25",7234,2,5,7,0.021,0.065,0.086,0.021,0.057,0.107,294,969,High consistency
85906,Danny da Costa,Defender,Centre-Back,Germany,3,2020,2024,"2020-21, 2022-23, 2024-25",4568,0,4,4,0,0.086,0.086,0.053,0.045,0.146,295,970,High consistency
42412,Jonny Evans,Defender,Centre-Back,Northern Ireland,4,2020,2023,"2020-21, 2021-22, 2022-23, 2023-24",6275,3,4,7,0.035,0.051,0.086,0.067,0,0.145,296,971,High consistency
624037,Joris Chotard,Midfield,Defensive Midfield,France,5,2020,2024,"2020-21, 2021-22, 2022-23, 2023-24, 2024-25",11028,2,10,12,0.016,0.071,0.086,0.083,0,0.219,352,972,High consistency
504153,Joe Scally,Defender,Right-Back,United States,4,2021,2024,"2021-22, 2022-23, 2023-24, 2024-25",8945,2,6,8,0.022,0.064,0.086,0.102,0,0.201,297,973,High consistency
249513,Diego Rico,Defender,Left-Back,Spain,4,2021,2024,"2021-22, 2022-23, 2023-24, 2024-25",8650,0,10,10,0,0.086,0.086,0.117,0,0.248,298,974,High consistency
182904,Clément Lenglet,Defender,Centre-Back,France,4,2020,2024,"2020-21, 2022-23, 2023-24, 2024-25",7634,3,4,7,0.032,0.053,0.085,0.042,0.036,0.137,299,975,High consistency
606718,Toti,Defender,Centre-Back,Portugal,3,2022,2024,"2022-23, 2023-24, 2024-25",6372,2,4,6,0.041,0.044,0.085,0.048,0.034,0.13,300,976,High consistency
115763,Koray Günter,Defender,Centre-Back,Germany,3,2020,2022,"2020-21, 2021-22, 2022-23",5959,1,4,5,0.017,0.068,0.085,0.078,0,0.153,301,977,High consistency
371851,Jaka Bijol,Defender,Centre-Back,Slovenia,3,2022,2024,"2022-23, 2023-24, 2024-25",7779,4,4,8,0.043,0.042,0.085,0.083,0,0.165,302,978,High consistency
357003,Martin Erlić,Defender,Centre-Back,Croatia,4,2020,2023,"2020-21, 2021-22, 2022-23, 2023-24",9328,6,2,8,0.064,0.021,0.085,0.089,0,0.201,303,979,High consistency
262980,Jefferson Lerma,Midfield,Defensive Midfield,Colombia,3,2022,2024,"2022-23, 2023-24, 2024-25",7936,6,2,8,0.058,0.026,0.084,0.05,0.04,0.138,353,980,High consistency
474662,Hugo Magnetti,Midfield,Central Midfield,France,4,2021,2024,"2021-22, 2022-23, 2023-24, 2024-25",7837,4,3,7,0.042,0.042,0.084,0.053,0.039,0.16,354,981,High consistency
333014,Sander Berge,Midfield,Defensive Midfield,Norway,3,2020,2024,"2020-21, 2023-24, 2024-25",6354,2,3,5,0.037,0.047,0.084,0.081,0,0.161,355,982,High consistency
569384,Lucien Agoumé,Midfield,Defensive Midfield,France,3,2021,2024,"2021-22, 2022-23, 2024-25",5087,1,4,5,0.014,0.07,0.084,0.085,0,0.17,356,983,High consistency
442248,Ethan Pinnock,Defender,Centre-Back,Jamaica,4,2021,2024,"2021-22, 2022-23, 2023-24, 2024-25",9831,8,1,9,0.075,0.008,0.083,0.016,0.067,0.1,304,984,High consistency
392516,Antonino Gallo,Defender,Left-Back,Italy,3,2022,2024,"2022-23, 2023-24, 2024-25",7603,0,7,7,0,0.083,0.083,0.022,0.069,0.108,305,985,High consistency
225657,Philipp Lienhart,Defender,Centre-Back,Austria,5,2020,2024,"2020-21, 2021-22, 2022-23, 2023-24, 2024-25",12398,12,0,12,0.083,0,0.083,0.054,0.032,0.157,306,986,High consistency
111266,Anthony Losilla,Midfield,Defensive Midfield,France,4,2021,2024,"2021-22, 2022-23, 2023-24, 2024-25",9366,5,5,10,0.041,0.042,0.083,0.07,0,0.165,357,987,High consistency
485960,Lilian Brassier,Defender,Centre-Back,France,5,2020,2024,"2020-21, 2021-22, 2022-23, 2023-24, 2024-25",11008,6,2,8,0.056,0.028,0.083,0.071,0,0.187,307,988,High consistency
126729,Patric,Defender,Centre-Back,Spain,4,2020,2023,"2020-21, 2021-22, 2022-23, 2023-24",6273,3,3,6,0.042,0.041,0.083,0.071,0,0.164,308,989,High consistency
485965,Nicolas Cozza,Defender,Centre-Back,France,5,2020,2024,"2020-21, 2021-22, 2022-23, 2023-24, 2024-25",8747,5,4,9,0.048,0.035,0.083,0.085,0,0.197,309,990,High consistency
157507,Adrien Tamèze,Midfield,Defensive Midfield,France,4,2020,2023,"2020-21, 2021-22, 2022-23, 2023-24",10075,5,4,9,0.045,0.039,0.083,0.091,0,0.21,358,991,High consistency
398163,Gonzalo Villar,Midfield,Central Midfield,Spain,3,2020,2023,"2020-21, 2022-23, 2023-24",4786,1,4,5,0.017,0.066,0.083,0.106,0,0.202,359,992,High consistency
315145,Azor Matusiwa,Midfield,Defensive Midfield,Netherlands,4,2021,2024,"2021-22, 2022-23, 2023-24, 2024-25",9222,3,5,8,0.03,0.052,0.082,0.071,0,0.173,360,993,High consistency
399776,Pau Torres,Defender,Centre-Back,Spain,5,2020,2024,"2020-21, 2021-22, 2022-23, 2023-24, 2024-25",13364,10,3,13,0.064,0.019,0.082,0.075,0,0.189,310,994,High consistency
272812,Kingsley Ehizibue,Defender,Right-Back,Netherlands,4,2020,2024,"2020-21, 2022-23, 2023-24, 2024-25",6202,2,3,5,0.028,0.052,0.081,0.033,0.036,0.113,311,995,High consistency
503680,Neco Williams,Defender,Left-Back,Wales,3,2022,2024,"2022-23, 2023-24, 2024-25",6102,2,4,6,0.028,0.053,0.081,0.051,0.048,0.139,312,996,High consistency
386552,Lassana Coulibaly,Midfield,Central Midfield,Mali,5,2020,2024,"2020-21, 2021-22, 2022-23, 2023-24, 2024-25",11684,5,6,11,0.036,0.045,0.081,0.071,0,0.186,361,997,High consistency
572326,Christopher Wooh,Defender,Centre-Back,Cameroon,4,2021,2024,"2021-22, 2022-23, 2023-24, 2024-25",4904,1,3,4,0.016,0.065,0.081,0.071,0,0.171,313,998,High consistency
423444,Fran Beltrán,Midfield,Central Midfield,Spain,5,2020,2024,"2020-21, 2021-22, 2022-23, 2023-24, 2024-25",11724,6,3,9,0.061,0.02,0.081,0.075,0,0.194,362,999,High consistency
291417,Ferland Mendy,Defender,Left-Back,France,5,2020,2024,"2020-21, 2021-22, 2022-23, 2023-24, 2024-25",8034,3,4,7,0.029,0.052,0.081,0.078,0,0.207,314,1000,High consistency
229804,Aritz Elustondo,Defender,Centre-Back,Spain,4,2020,2024,"2020-21, 2021-22, 2022-23, 2024-25",6894,5,2,7,0.055,0.026,0.081,0.093,0,0.214,315,1001,High consistency
362108,Gabriel Gudmundsson,Defender,Left-Back,Sweden,3,2021,2024,"2021-22, 2023-24, 2024-25",4390,4,0,4,0.08,0,0.08,0.019,0.067,0.101,316,1002,High consistency
158863,Iñigo Martínez,Defender,Centre-Back,Spain,5,2020,2024,"2020-21, 2021-22, 2022-23, 2023-24, 2024-25",9989,5,5,10,0.044,0.036,0.08,0.071,0,0.181,317,1003,High consistency
126281,Alexander Hack,Defender,Centre-Back,Germany,3,2020,2022,"2020-21, 2021-22, 2022-23",4576,4,1,5,0.065,0.014,0.08,0.087,0,0.173,318,1004,High consistency
183318,Jamaal Lascelles,Defender,Centre-Back,England,3,2020,2023,"2020-21, 2021-22, 2023-24",4764,4,0,4,0.079,0,0.079,0.034,0.044,0.111,319,1005,High consistency
238626,Laurent Abergel,Midfield,Defensive Midfield,France,4,2020,2023,"2020-21, 2021-22, 2022-23, 2023-24",11143,5,5,10,0.039,0.04,0.079,0.036,0.038,0.121,363,1006,High consistency
121477,Craig Dawson,Defender,Centre-Back,England,5,2020,2024,"2020-21, 2021-22, 2022-23, 2023-24, 2024-25",9996,7,3,10,0.058,0.021,0.079,0.059,0,0.14,320,1007,High consistency
156501,Felipe,Defender,Centre-Back,Brazil,3,2020,2022,"2020-21, 2021-22, 2022-23",5163,2,2,4,0.04,0.039,0.079,0.092,0,0.18,321,1008,High consistency
60542,Maxime Gonalons,Midfield,Defensive Midfield,France,4,2020,2023,"2020-21, 2021-22, 2022-23, 2023-24",5716,2,3,5,0.033,0.045,0.078,0.025,0.062,0.116,364,1009,High consistency
253677,Tyrone Mings,Defender,Centre-Back,England,4,2020,2024,"2020-21, 2021-22, 2022-23, 2024-25",10654,4,7,11,0.028,0.05,0.078,0.054,0,0.113,322,1010,High consistency
524000,Dani Vivian,Defender,Centre-Back,Spain,4,2021,2024,"2021-22, 2022-23, 2023-24, 2024-25",9843,7,1,8,0.067,0.011,0.078,0.07,0,0.138,323,1011,High consistency
353366,Benjamin Pavard,Defender,Centre-Back,France,5,2020,2024,"2020-21, 2021-22, 2022-23, 2023-24, 2024-25",9716,4,5,9,0.03,0.049,0.078,0.071,0,0.185,324,1012,High consistency
648020,Alexsandro,Defender,Centre-Back,Brazil,3,2022,2024,"2022-23, 2023-24, 2024-25",6528,4,1,5,0.067,0.011,0.078,0.085,0,0.168,325,1013,High consistency
443331,Patrick Osterhage,Midfield,Defensive Midfield,Germany,3,2022,2024,"2022-23, 2023-24, 2024-25",5159,3,2,5,0.046,0.032,0.078,0.102,0,0.193,365,1014,High consistency
570817,Maxime Busi,Defender,Right-Back,Belgium,3,2020,2022,"2020-21, 2021-22, 2022-23",3524,1,2,3,0.023,0.054,0.077,0.009,0.069,0.086,326,1015,High consistency
125020,José Luis Palomino,Defender,Centre-Back,Argentina,3,2020,2024,"2020-21, 2021-22, 2024-25",6170,3,2,5,0.052,0.025,0.077,0.04,0.034,0.112,327,1016,High consistency
263236,Kevin Danso,Defender,Centre-Back,Austria,4,2021,2024,"2021-22, 2022-23, 2023-24, 2024-25",10605,4,6,10,0.032,0.045,0.077,0.073,0,0.161,328,1017,High consistency
702441,Sinaly Diomandé,Defender,Centre-Back,Cote d'Ivoire,3,2020,2024,"2020-21, 2022-23, 2024-25",5021,3,2,5,0.046,0.031,0.077,0.133,0,0.231,329,1018,High consistency
353892,Hiroki Ito,Defender,Centre-Back,Japan,3,2021,2023,"2021-22, 2022-23, 2023-24",7141,2,4,6,0.024,0.051,0.076,0.006,0.07,0.081,330,1019,High consistency
410158,Rodrigo Becão,Defender,Centre-Back,Brazil,3,2020,2022,"2020-21, 2021-22, 2022-23",8404,5,2,7,0.054,0.022,0.076,0.04,0.032,0.109,331,1020,High consistency
99922,Marc Bartra,Defender,Centre-Back,Spain,3,2020,2024,"2020-21, 2021-22, 2024-25",5790,3,2,5,0.044,0.032,0.076,0.046,0.045,0.129,332,1021,High consistency
66100,Oriol Romeu,Midfield,Defensive Midfield,Spain,5,2020,2024,"2020-21, 2021-22, 2022-23, 2023-24, 2024-25",9982,5,4,9,0.034,0.042,0.076,0.049,0,0.124,366,1022,High consistency
238266,Duje Caleta-Car,Defender,Centre-Back,Croatia,5,2020,2024,"2020-21, 2021-22, 2022-23, 2023-24, 2024-25",9405,6,2,8,0.061,0.015,0.076,0.05,0,0.131,333,1023,High consistency
392757,Marc Guéhi,Defender,Centre-Back,England,4,2021,2024,"2021-22, 2022-23, 2023-24, 2024-25",11636,6,4,10,0.043,0.033,0.076,0.053,0.027,0.147,334,1024,High consistency
368891,Arthur Theate,Defender,Centre-Back,Belgium,4,2021,2024,"2021-22, 2022-23, 2023-24, 2024-25",10564,8,1,9,0.067,0.009,0.076,0.053,0,0.115,335,1025,High consistency
135617,Thiago Mendes,Midfield,Defensive Midfield,Brazil,3,2020,2022,"2020-21, 2021-22, 2022-23",6164,2,3,5,0.031,0.044,0.075,0.03,0.04,0.097,367,1026,High consistency
341051,Kyle Walker-Peters,Defender,Right-Back,England,4,2020,2024,"2020-21, 2021-22, 2022-23, 2024-25",10856,2,7,9,0.017,0.058,0.075,0.033,0.034,0.103,336,1027,High consistency
503981,Tino Livramento,Defender,Right-Back,England,3,2021,2024,"2021-22, 2023-24, 2024-25",6352,2,3,5,0.037,0.038,0.075,0.046,0.032,0.123,337,1028,High consistency
332705,Tyler Adams,Midfield,Defensive Midfield,United States,4,2020,2024,"2020-21, 2021-22, 2022-23, 2024-25",7321,1,5,6,0.012,0.063,0.075,0.058,0,0.137,368,1029,High consistency
513031,Antonio Sánchez,Midfield,Central Midfield,Spain,4,2021,2024,"2021-22, 2022-23, 2023-24, 2024-25",5539,4,1,5,0.06,0.015,0.075,0.117,0,0.246,369,1030,High consistency
121985,Juan Jesus,Defender,Centre-Back,Brazil,4,2021,2024,"2021-22, 2022-23, 2023-24, 2024-25",5396,3,1,4,0.053,0.021,0.074,0.024,0.042,0.097,338,1031,High consistency
236490,Ola Aina,Defender,Right-Back,Nigeria,4,2020,2024,"2020-21, 2021-22, 2023-24, 2024-25",8816,5,3,8,0.045,0.029,0.074,0.05,0,0.106,339,1032,High consistency
434224,Maxence Lacroix,Defender,Centre-Back,France,5,2020,2024,"2020-21, 2021-22, 2022-23, 2023-24, 2024-25",12199,7,3,10,0.054,0.02,0.074,0.07,0,0.19,340,1033,High consistency
196231,Marvin Friedrich,Defender,Centre-Back,Germany,5,2020,2024,"2020-21, 2021-22, 2022-23, 2023-24, 2024-25",8614,6,3,9,0.044,0.03,0.074,0.085,0,0.206,341,1034,High consistency
168157,Leander Dendoncker,Midfield,Defensive Midfield,Belgium,3,2020,2022,"2020-21, 2021-22, 2022-23",5350,3,2,5,0.043,0.031,0.074,0.098,0,0.185,370,1035,High consistency
165513,Berat Djimsiti,Defender,Centre-Back,Albania,5,2020,2024,"2020-21, 2021-22, 2022-23, 2023-24, 2024-25",12162,2,8,10,0.015,0.059,0.073,0.032,0.032,0.103,342,1036,High consistency
199704,Yunis Abdelhamid,Defender,Centre-Back,Morocco,5,2020,2024,"2020-21, 2021-22, 2022-23, 2023-24, 2024-25",12989,10,2,12,0.062,0.011,0.073,0.048,0,0.129,343,1037,High consistency
72441,Rafael Tolói,Defender,Centre-Back,Italy,4,2020,2023,"2020-21, 2021-22, 2022-23, 2023-24",7737,5,2,7,0.049,0.024,0.073,0.054,0,0.125,344,1038,High consistency
480763,Juan Foyth,Defender,Centre-Back,Argentina,5,2020,2024,"2020-21, 2021-22, 2022-23, 2023-24, 2024-25",7640,4,2,6,0.047,0.026,0.073,0.063,0,0.169,345,1039,High consistency
161869,Djibril Sidibé,Defender,Right-Back,France,3,2020,2024,"2020-21, 2021-22, 2024-25",5031,0,5,5,0,0.073,0.073,0.066,0,0.128,346,1040,High consistency
170481,Jean-Daniel Akpa Akpro,Midfield,Central Midfield,Cote d'Ivoire,3,2020,2024,"2020-21, 2022-23, 2024-25",3366,1,2,3,0.022,0.051,0.073,0.067,0,0.132,371,1041,High consistency
509022,Federico Gatti,Defender,Centre-Back,Italy,3,2022,2024,"2022-23, 2023-24, 2024-25",6285,5,1,6,0.059,0.014,0.073,0.068,0,0.136,347,1042,High consistency
401527,Rogério,Defender,Left-Back,Brazil,4,2020,2023,"2020-21, 2021-22, 2022-23, 2023-24",7510,1,5,6,0.025,0.048,0.072,0.026,0.048,0.099,348,1043,High consistency
683895,Emmanuel Agbadou,Defender,Centre-Back,Cote d'Ivoire,3,2022,2024,"2022-23, 2023-24, 2024-25",7655,2,4,6,0.023,0.049,0.072,0.04,0.034,0.113,349,1044,High consistency
242273,Pedro Chirivella,Midfield,Defensive Midfield,Spain,5,2020,2024,"2020-21, 2021-22, 2022-23, 2023-24, 2024-25",11933,4,6,10,0.027,0.045,0.072,0.048,0,0.136,372,1045,High consistency
277167,Gian Marco Ferrari,Defender,Centre-Back,Italy,4,2020,2023,"2020-21, 2021-22, 2022-23, 2023-24",10630,3,6,9,0.028,0.045,0.072,0.052,0.04,0.149,350,1046,High consistency
249126,Harry Winks,Midfield,Defensive Midfield,England,3,2021,2024,"2021-22, 2022-23, 2024-25",4166,0,3,3,0,0.072,0.072,0.063,0,0.117,373,1047,High consistency
45314,Federico Fazio,Defender,Centre-Back,Argentina,3,2021,2023,"2021-22, 2022-23, 2023-24",3866,3,0,3,0.071,0,0.071,0.011,0.063,0.084,351,1048,High consistency
480116,Lloyd Kelly,Defender,Centre-Back,England,3,2022,2024,"2022-23, 2023-24, 2024-25",4913,0,4,4,0,0.071,0.071,0.015,0.058,0.088,352,1049,High consistency
195633,Charlie Taylor,Defender,Left-Back,England,3,2020,2023,"2020-21, 2021-22, 2023-24",7490,1,5,6,0.013,0.058,0.071,0.031,0.037,0.099,353,1050,High consistency
346289,Mouctar Diakhaby,Defender,Centre-Back,Guinea,4,2020,2023,"2020-21, 2021-22, 2022-23, 2023-24",7549,5,1,6,0.059,0.012,0.071,0.032,0.043,0.11,354,1051,High consistency
106405,Jeffrey Gouweleeuw,Defender,Centre-Back,Netherlands,5,2020,2024,"2020-21, 2021-22, 2022-23, 2023-24, 2024-25",13749,5,6,11,0.034,0.038,0.071,0.049,0.032,0.153,355,1052,High consistency
170472,Dimitri Foulquier,Defender,Right-Back,Guadeloupe,5,2020,2024,"2020-21, 2021-22, 2022-23, 2023-24, 2024-25",10957,0,9,9,0,0.071,0.071,0.055,0,0.14,356,1053,High consistency
585949,Pierre Kalulu,Defender,Centre-Back,France,3,2021,2024,"2021-22, 2022-23, 2024-25",6817,3,2,5,0.04,0.031,0.071,0.059,0.035,0.139,357,1054,High consistency
258878,Tosin Adarabioyo,Defender,Centre-Back,England,4,2020,2024,"2020-21, 2022-23, 2023-24, 2024-25",8060,4,1,5,0.055,0.016,0.071,0.06,0,0.128,358,1055,High consistency
196948,Andreas Christensen,Defender,Centre-Back,Denmark,4,2020,2023,"2020-21, 2021-22, 2022-23, 2023-24",6620,3,3,6,0.035,0.035,0.071,0.088,0,0.181,359,1056,High consistency
410708,Pascal Struijk,Defender,Centre-Back,Netherlands,3,2020,2022,"2020-21, 2021-22, 2022-23",6330,4,1,5,0.056,0.014,0.07,0.046,0.043,0.123,360,1057,High consistency
163639,Federico Ceccherini,Defender,Centre-Back,Italy,3,2020,2022,"2020-21, 2021-22, 2022-23",5807,3,1,4,0.055,0.015,0.07,0.049,0.038,0.126,361,1058,High consistency
184573,Victor Lindelöf,Defender,Centre-Back,Sweden,4,2020,2023,"2020-21, 2021-22, 2022-23, 2023-24",7632,2,4,6,0.026,0.045,0.07,0.055,0,0.135,362,1059,High consistency
303254,Fikayo Tomori,Defender,Centre-Back,England,5,2020,2024,"2020-21, 2021-22, 2022-23, 2023-24, 2024-25",10712,6,2,8,0.052,0.018,0.07,0.061,0,0.169,363,1060,High consistency
342385,Guido Rodríguez,Midfield,Defensive Midfield,Argentina,5,2020,2024,"2020-21, 2021-22, 2022-23, 2023-24, 2024-25",11285,5,3,8,0.039,0.03,0.069,0.036,0.031,0.107,374,1061,High consistency
86202,Antonio Rüdiger,Defender,Centre-Back,Germany,5,2020,2024,"2020-21, 2021-22, 2022-23, 2023-24, 2024-25",12155,6,4,10,0.042,0.026,0.069,0.046,0.037,0.148,364,1062,High consistency
48002,Angelo Ogbonna,Defender,Centre-Back,Italy,3,2020,2022,"2020-21, 2021-22, 2022-23",4651,4,0,4,0.069,0,0.069,0.06,0,0.108,365,1063,High consistency
289255,Andoni Gorosabel,Defender,Right-Back,Spain,5,2020,2024,"2020-21, 2021-22, 2022-23, 2023-24, 2024-25",10756,1,7,8,0.006,0.063,0.069,0.066,0,0.157,366,1064,High consistency
415912,Konstantinos Mavropanos,Defender,Centre-Back,Greece,5,2020,2024,"2020-21, 2021-22, 2022-23, 2023-24, 2024-25",10008,7,2,9,0.054,0.014,0.069,0.073,0,0.166,367,1065,High consistency
128901,Conor Coady,Defender,Centre-Back,England,4,2020,2024,"2020-21, 2021-22, 2022-23, 2024-25",10476,7,1,8,0.058,0.011,0.068,0.035,0.027,0.107,368,1066,High consistency
148153,Lewis Dunk,Defender,Centre-Back,England,5,2020,2024,"2020-21, 2021-22, 2022-23, 2023-24, 2024-25",13702,10,1,11,0.062,0.006,0.068,0.067,0,0.153,369,1067,High consistency
33829,José Fonte,Defender,Centre-Back,Portugal,3,2020,2022,"2020-21, 2021-22, 2022-23",9199,4,3,7,0.04,0.027,0.067,0.041,0.035,0.113,370,1068,High consistency
111195,Joël Veltman,Defender,Right-Back,Netherlands,5,2020,2024,"2020-21, 2021-22, 2022-23, 2023-24, 2024-25",10637,4,4,8,0.034,0.034,0.067,0.042,0,0.114,371,1069,High consistency
246291,Diego Llorente,Defender,Centre-Back,Spain,5,2020,2024,"2020-21, 2021-22, 2022-23, 2023-24, 2024-25",9627,7,1,8,0.059,0.008,0.067,0.042,0,0.115,372,1070,High consistency
390688,Juan Iglesias,Defender,Right-Back,Spain,3,2022,2024,"2022-23, 2023-24, 2024-25",6449,1,3,4,0.014,0.053,0.067,0.053,0.031,0.127,373,1071,High consistency
243028,Jan Bednarek,Defender,Centre-Back,Poland,4,2020,2024,"2020-21, 2021-22, 2022-23, 2024-25",10040,7,1,8,0.059,0.007,0.067,0.056,0,0.137,374,1072,High consistency
82350,Stefan Bell,Defender,Centre-Back,Germany,4,2020,2024,"2020-21, 2021-22, 2022-23, 2024-25",7973,3,2,5,0.034,0.034,0.067,0.058,0,0.142,375,1073,High consistency
134270,Dan Burn,Defender,Centre-Back,England,5,2020,2024,"2020-21, 2021-22, 2022-23, 2023-24, 2024-25",13699,6,4,10,0.041,0.026,0.066,0.04,0.029,0.132,376,1074,High consistency
250779,Brendan Chardonnet,Defender,Centre-Back,France,5,2020,2024,"2020-21, 2021-22, 2022-23, 2023-24, 2024-25",13277,8,2,10,0.053,0.013,0.066,0.052,0,0.133,377,1075,High consistency
291200,Moussa Niakhaté,Defender,Centre-Back,Senegal,5,2020,2024,"2020-21, 2021-22, 2022-23, 2023-24, 2024-25",10782,8,1,9,0.059,0.006,0.066,0.067,0,0.14,378,1076,High consistency
292808,Wout Faes,Defender,Centre-Back,Belgium,4,2020,2024,"2020-21, 2021-22, 2022-23, 2024-25",12100,7,2,9,0.05,0.015,0.065,0.039,0.031,0.108,379,1077,High consistency
95424,Kyle Walker,Defender,Right-Back,England,5,2020,2024,"2020-21, 2021-22, 2022-23, 2023-24, 2024-25",10050,1,7,8,0.009,0.056,0.065,0.061,0,0.13,380,1078,High consistency
401624,Edgar González,Defender,Centre-Back,Spain,3,2021,2023,"2021-22, 2022-23, 2023-24",5755,3,1,4,0.044,0.021,0.065,0.062,0,0.124,381,1079,High consistency
127189,Geoffrey Kondogbia,Midfield,Defensive Midfield,Central African Republic,5,2020,2024,"2020-21, 2021-22, 2022-23, 2023-24, 2024-25",7397,1,4,5,0.01,0.055,0.065,0.089,0,0.18,375,1080,High consistency
215114,Thomas Foket,Defender,Right-Back,Belgium,4,2020,2023,"2020-21, 2021-22, 2022-23, 2023-24",9388,1,6,7,0.01,0.054,0.064,0.019,0.045,0.081,382,1081,High consistency
465967,Ander Guevara,Midfield,Central Midfield,Spain,3,2020,2024,"2020-21, 2023-24, 2024-25",6959,2,3,5,0.025,0.04,0.064,0.02,0.046,0.086,376,1082,High consistency
104597,Bram Nuytinck,Defender,Centre-Back,Netherlands,3,2020,2022,"2020-21, 2021-22, 2022-23",5562,2,2,4,0.033,0.031,0.064,0.021,0.048,0.088,383,1083,High consistency
260827,Joachim Andersen,Defender,Centre-Back,Denmark,5,2020,2024,"2020-21, 2021-22, 2022-23, 2023-24, 2024-25",14710,4,7,11,0.023,0.041,0.064,0.051,0,0.132,384,1084,High consistency
236981,Timo Hübers,Defender,Centre-Back,Germany,3,2021,2023,"2021-22, 2022-23, 2023-24",7079,4,1,5,0.053,0.011,0.063,0.038,0.032,0.106,385,1085,High consistency
298589,David García,Defender,Centre-Back,Spain,4,2020,2023,"2020-21, 2021-22, 2022-23, 2023-24",11274,7,1,8,0.053,0.01,0.063,0.039,0.029,0.116,386,1086,High consistency
351955,Federico Baschirotto,Defender,Centre-Back,Italy,3,2022,2024,"2022-23, 2023-24, 2024-25",10045,5,2,7,0.045,0.018,0.063,0.041,0.027,0.108,387,1087,High consistency
278531,Sebastiano Luperto,Defender,Centre-Back,Italy,5,2020,2024,"2020-21, 2021-22, 2022-23, 2023-24, 2024-25",13627,4,6,10,0.022,0.04,0.063,0.043,0,0.111,388,1088,High consistency
730581,Loïc Badé,Defender,Centre-Back,France,5,2020,2024,"2020-21, 2021-22, 2022-23, 2023-24, 2024-25",10102,2,4,6,0.018,0.044,0.063,0.045,0,0.117,389,1089,High consistency
124732,John Brooks,Defender,Centre-Back,United States,4,2020,2023,"2020-21, 2021-22, 2022-23, 2023-24",8280,5,1,6,0.054,0.009,0.063,0.048,0,0.117,390,1090,High consistency
469669,Yvan Neyou,Midfield,Defensive Midfield,Cameroon,3,2020,2024,"2020-21, 2021-22, 2024-25",5714,2,3,5,0.025,0.037,0.063,0.057,0,0.11,377,1091,High consistency
397171,Gideon Mensah,Defender,Left-Back,Ghana,3,2021,2024,"2021-22, 2022-23, 2024-25",5752,0,3,3,0,0.063,0.063,0.078,0,0.15,391,1092,High consistency
404842,Vitaliy Mykolenko,Defender,Left-Back,Ukraine,4,2021,2024,"2021-22, 2022-23, 2023-24, 2024-25",9266,4,2,6,0.047,0.015,0.062,0.042,0,0.088,392,1093,High consistency
451801,Abdul Mumin,Defender,Centre-Back,Ghana,3,2022,2024,"2022-23, 2023-24, 2024-25",4632,3,1,4,0.047,0.015,0.062,0.067,0,0.134,393,1094,High consistency
76467,Kiko Femenía,Defender,Right-Back,Spain,4,2021,2024,"2021-22, 2022-23, 2023-24, 2024-25",7095,0,6,6,0,0.062,0.062,0.1,0,0.209,394,1095,High consistency
144143,Bartosz Bereszyński,Defender,Right-Back,Poland,4,2020,2023,"2020-21, 2021-22, 2022-23, 2023-24",8697,1,5,6,0.009,0.052,0.061,0.024,0.035,0.091,395,1096,High consistency
351843,Yoann Salmier,Defender,Centre-Back,French Guiana,3,2021,2023,"2021-22, 2022-23, 2023-24",6890,2,2,4,0.03,0.03,0.061,0.047,0.034,0.115,396,1097,High consistency
74294,Nemanja Gudelj,Midfield,Defensive Midfield,Serbia,5,2020,2024,"2020-21, 2021-22, 2022-23, 2023-24, 2024-25",9081,5,3,8,0.037,0.024,0.061,0.059,0,0.13,378,1098,High consistency
495666,William Saliba,Defender,Centre-Back,France,5,2020,2024,"2020-21, 2021-22, 2022-23, 2023-24, 2024-25",13917,7,2,9,0.047,0.013,0.06,0.041,0,0.112,397,1099,High consistency
244940,Salih Özcan,Midfield,Defensive Midfield,Türkiye,4,2020,2023,"2020-21, 2021-22, 2022-23, 2023-24",6430,2,3,5,0.02,0.041,0.06,0.048,0,0.117,379,1100,High consistency
32113,Armando Izzo,Defender,Centre-Back,Italy,4,2020,2024,"2020-21, 2022-23, 2023-24, 2024-25",8576,4,2,6,0.041,0.018,0.059,0.04,0,0.09,398,1101,High consistency
200056,Elseid Hysaj,Defender,Right-Back,Albania,4,2020,2023,"2020-21, 2021-22, 2022-23, 2023-24",6988,2,3,5,0.022,0.037,0.059,0.047,0,0.102,399,1102,High consistency
344864,Jean-Kévin Duverne,Defender,Centre-Back,Haiti,4,2020,2023,"2020-21, 2021-22, 2022-23, 2023-24",8893,2,5,7,0.019,0.041,0.059,0.05,0,0.12,400,1103,High consistency
273152,Nemanja Maksimovic,Midfield,Central Midfield,Serbia,4,2020,2023,"2020-21, 2021-22, 2022-23, 2023-24",11028,6,2,8,0.044,0.015,0.059,0.051,0,0.11,380,1104,High consistency
111196,Stefan de Vrij,Defender,Centre-Back,Netherlands,5,2020,2024,"2020-21, 2021-22, 2022-23, 2023-24, 2024-25",10385,6,0,6,0.059,0,0.059,0.059,0,0.157,401,1105,High consistency
80293,Aïssa Mandi,Defender,Centre-Back,Algeria,5,2020,2024,"2020-21, 2021-22, 2022-23, 2023-24, 2024-25",8076,5,1,6,0.052,0.008,0.059,0.063,0,0.15,402,1106,High consistency
94201,Robin Knoche,Defender,Centre-Back,Germany,4,2020,2023,"2020-21, 2021-22, 2022-23, 2023-24",10805,4,3,7,0.035,0.024,0.059,0.068,0,0.157,403,1107,High consistency
520840,José Copete,Defender,Centre-Back,Spain,3,2022,2024,"2022-23, 2023-24, 2024-25",5074,2,1,3,0.036,0.022,0.059,0.069,0,0.135,404,1108,High consistency
139279,Nicolas Pallois,Defender,Centre-Back,France,5,2020,2024,"2020-21, 2021-22, 2022-23, 2023-24, 2024-25",11051,4,3,7,0.029,0.029,0.058,0.021,0.037,0.089,405,1109,High consistency
355628,Igor Zubeldia,Defender,Centre-Back,Spain,5,2020,2024,"2020-21, 2021-22, 2022-23, 2023-24, 2024-25",10950,2,5,7,0.016,0.041,0.058,0.035,0,0.092,406,1110,High consistency
231572,Nélson Semedo,Defender,Right-Back,Portugal,5,2020,2024,"2020-21, 2021-22, 2022-23, 2023-24, 2024-25",13749,1,8,9,0.006,0.052,0.058,0.039,0.029,0.124,407,1111,High consistency
389837,Nicolò Casale,Defender,Centre-Back,Italy,4,2021,2024,"2021-22, 2022-23, 2023-24, 2024-25",7619,1,4,5,0.009,0.048,0.058,0.039,0,0.087,408,1112,High consistency
367466,Thierry Correia,Defender,Right-Back,Portugal,4,2020,2023,"2020-21, 2021-22, 2022-23, 2023-24",7740,1,4,5,0.011,0.047,0.058,0.04,0,0.084,409,1113,High consistency
164770,Raphaël Varane,Defender,Centre-Back,France,4,2020,2023,"2020-21, 2021-22, 2022-23, 2023-24",7833,4,1,5,0.045,0.012,0.058,0.041,0,0.098,410,1114,High consistency
378953,Gerzino Nyamsi,Defender,Centre-Back,Cameroon,3,2021,2023,"2021-22, 2022-23, 2023-24",5655,1,3,4,0.019,0.039,0.058,0.057,0,0.114,411,1115,High consistency
394327,Boubacar Kamara,Midfield,Defensive Midfield,France,5,2020,2024,"2020-21, 2021-22, 2022-23, 2023-24, 2024-25",10856,2,5,7,0.017,0.04,0.057,0.006,0.051,0.065,381,1116,High consistency
173504,James Tarkowski,Defender,Centre-Back,England,5,2020,2024,"2020-21, 2021-22, 2022-23, 2023-24, 2024-25",16111,5,5,10,0.028,0.028,0.057,0.021,0.028,0.087,412,1117,High consistency
197747,Alessio Romagnoli,Defender,Centre-Back,Italy,5,2020,2024,"2020-21, 2021-22, 2022-23, 2023-24, 2024-25",11321,6,1,7,0.048,0.009,0.057,0.035,0,0.094,413,1118,High consistency
533568,Nahuel Tenaglia,Defender,Right-Back,Argentina,3,2021,2024,"2021-22, 2023-24, 2024-25",5126,3,1,4,0.047,0.01,0.057,0.05,0,0.092,414,1119,High consistency
660860,Diego Coppola,Defender,Centre-Back,Italy,3,2022,2024,"2022-23, 2023-24, 2024-25",5734,4,0,4,0.057,0,0.057,0.055,0,0.11,415,1120,High consistency
410425,Yves Bissouma,Midfield,Defensive Midfield,Mali,5,2020,2024,"2020-21, 2021-22, 2022-23, 2023-24, 2024-25",9723,4,2,6,0.04,0.017,0.057,0.066,0,0.128,382,1121,High consistency
143559,Matija Nastasić,Defender,Centre-Back,Serbia,4,2020,2024,"2020-21, 2022-23, 2023-24, 2024-25",6494,4,0,4,0.056,0,0.056,0.044,0,0.1,416,1122,High consistency
351749,Kalvin Phillips,Midfield,Defensive Midfield,England,3,2020,2024,"2020-21, 2021-22, 2024-25",5264,1,3,4,0.012,0.043,0.056,0.056,0,0.111,383,1123,High consistency
178425,Dani García,Midfield,Defensive Midfield,Spain,3,2020,2022,"2020-21, 2021-22, 2022-23",5599,0,3,3,0,0.056,0.056,0.061,0,0.121,384,1124,High consistency
175722,Eric Dier,Defender,Centre-Back,England,5,2020,2024,"2020-21, 2021-22, 2022-23, 2023-24, 2024-25",11227,4,2,6,0.037,0.019,0.056,0.083,0,0.185,417,1125,High consistency
563963,Mohammed Salisu,Defender,Centre-Back,Ghana,4,2021,2024,"2021-22, 2022-23, 2023-24, 2024-25",7001,1,2,3,0.022,0.033,0.055,0.042,0,0.088,418,1126,High consistency
490384,Koni De Winter,Defender,Centre-Back,Belgium,3,2022,2024,"2022-23, 2023-24, 2024-25",5537,3,1,4,0.042,0.013,0.055,0.065,0,0.127,419,1127,High consistency
842338,Enzo Tchato,Defender,Right-Back,Cameroon,3,2022,2024,"2022-23, 2023-24, 2024-25",4118,1,1,2,0.027,0.027,0.055,0.095,0,0.165,420,1128,High consistency
423744,Billy Gilmour,Midfield,Defensive Midfield,Scotland,3,2021,2024,"2021-22, 2023-24, 2024-25",5256,0,3,3,0,0.054,0.054,0.015,0.042,0.071,385,1129,High consistency
213670,Lucas Torró,Midfield,Defensive Midfield,Spain,5,2020,2024,"2020-21, 2021-22, 2022-23, 2023-24, 2024-25",11520,6,1,7,0.042,0.012,0.054,0.023,0.033,0.091,386,1130,High consistency
225873,Karol Linetty,Midfield,Central Midfield,Poland,4,2020,2024,"2020-21, 2022-23, 2023-24, 2024-25",7130,3,1,4,0.039,0.015,0.054,0.048,0,0.117,387,1131,High consistency
272622,Issa Diop,Defender,Centre-Back,Morocco,5,2020,2024,"2020-21, 2021-22, 2022-23, 2023-24, 2024-25",7110,3,1,4,0.035,0.019,0.054,0.058,0,0.131,421,1132,High consistency
278343,Felix Uduokhai,Defender,Centre-Back,Germany,3,2020,2023,"2020-21, 2022-23, 2023-24",6981,3,1,4,0.032,0.021,0.053,0.016,0.034,0.062,422,1133,High consistency
450417,Dylan Bronn,Defender,Centre-Back,Tunisia,3,2020,2022,"2020-21, 2021-22, 2022-23",7641,3,2,5,0.029,0.024,0.053,0.053,0,0.106,423,1134,High consistency
594997,Yohann Magnin,Midfield,Defensive Midfield,France,3,2021,2023,"2021-22, 2022-23, 2023-24",5786,2,1,3,0.035,0.017,0.053,0.053,0,0.105,388,1135,High consistency
575998,Leonardo Balerdi,Defender,Centre-Back,Argentina,5,2020,2024,"2020-21, 2021-22, 2022-23, 2023-24, 2024-25",9776,4,2,6,0.038,0.015,0.053,0.058,0,0.119,424,1136,High consistency
111038,Dennis Appiah,Defender,Right-Back,France,3,2020,2024,"2020-21, 2021-22, 2024-25",5772,0,3,3,0,0.053,0.053,0.059,0,0.116,425,1137,High consistency
290862,Maxime Lopez,Midfield,Defensive Midfield,France,4,2020,2023,"2020-21, 2021-22, 2022-23, 2023-24",8175,4,2,6,0.038,0.015,0.053,0.063,0,0.122,389,1138,High consistency
275303,Hans Hateboer,Defender,Right-Back,Netherlands,4,2021,2024,"2021-22, 2022-23, 2023-24, 2024-25",5574,1,2,3,0.016,0.037,0.053,0.063,0,0.128,426,1139,High consistency
352392,Lucas Perrin,Defender,Centre-Back,France,3,2021,2023,"2021-22, 2022-23, 2023-24",6992,1,3,4,0.012,0.04,0.052,0.02,0.033,0.072,427,1140,High consistency
371371,Marash Kumbulla,Defender,Centre-Back,Albania,3,2020,2024,"2020-21, 2021-22, 2024-25",5369,4,0,4,0.052,0,0.052,0.047,0,0.091,428,1141,High consistency
75067,Liam Cooper,Defender,Centre-Back,Scotland,3,2020,2022,"2020-21, 2021-22, 2022-23",5429,2,1,3,0.035,0.017,0.051,0.011,0.041,0.063,429,1142,High consistency
532937,Johan Vásquez,Defender,Centre-Back,Mexico,4,2021,2024,"2021-22, 2022-23, 2023-24, 2024-25",9005,5,1,6,0.043,0.008,0.051,0.037,0,0.089,430,1143,High consistency
48859,Simon Kjær,Defender,Centre-Back,Denmark,3,2020,2023,"2020-21, 2022-23, 2023-24",4575,0,3,3,0,0.051,0.051,0.044,0,0.077,431,1144,High consistency
392771,Ethan Ampadu,Midfield,Defensive Midfield,Wales,3,2020,2022,"2020-21, 2021-22, 2022-23",7028,0,4,4,0,0.051,0.051,0.061,0,0.118,390,1145,High consistency
334221,Amos Pieper,Defender,Centre-Back,Germany,4,2020,2024,"2020-21, 2021-22, 2022-23, 2024-25",8522,3,2,5,0.032,0.02,0.051,0.066,0,0.138,432,1146,High consistency
162434,Niklas Stark,Defender,Centre-Back,Germany,5,2020,2024,"2020-21, 2021-22, 2022-23, 2023-24, 2024-25",10101,3,1,4,0.042,0.009,0.051,0.068,0,0.166,433,1147,High consistency
379807,Lyanco,Defender,Centre-Back,Brazil,3,2020,2022,"2020-21, 2021-22, 2022-23",4040,1,1,2,0.026,0.026,0.051,0.088,0,0.153,434,1148,High consistency
258004,Rúben Dias,Defender,Centre-Back,Portugal,5,2020,2024,"2020-21, 2021-22, 2022-23, 2023-24, 2024-25",12072,3,4,7,0.021,0.03,0.051,0.098,0,0.225,435,1149,High consistency
240219,Lorenzo Venuti,Defender,Right-Back,Italy,3,2020,2022,"2020-21, 2021-22, 2022-23",4259,0,2,2,0,0.05,0.05,0.049,0,0.098,436,1150,High consistency
344072,Kelvin Amian,Defender,Right-Back,France,3,2021,2024,"2021-22, 2022-23, 2024-25",7185,2,2,4,0.025,0.024,0.049,0.016,0.038,0.068,437,1151,High consistency
338285,Unai Núñez,Defender,Centre-Back,Spain,3,2020,2023,"2020-21, 2022-23, 2023-24",8061,2,2,4,0.025,0.024,0.049,0.032,0.029,0.085,438,1152,High consistency
786436,Ismaël Doukouré,Defender,Centre-Back,France,3,2022,2024,"2022-23, 2023-24, 2024-25",6608,2,2,4,0.024,0.024,0.049,0.042,0,0.078,439,1153,High consistency
111051,Nampalys Mendy,Midfield,Defensive Midfield,Senegal,3,2020,2023,"2020-21, 2021-22, 2023-24",3550,0,2,2,0,0.049,0.049,0.044,0,0.085,391,1154,High consistency
250845,José María Giménez,Defender,Centre-Back,Uruguay,5,2020,2024,"2020-21, 2021-22, 2022-23, 2023-24, 2024-25",9550,3,3,6,0.024,0.025,0.049,0.051,0,0.112,440,1155,High consistency
357156,Diogo Leite,Defender,Centre-Back,Portugal,3,2022,2024,"2022-23, 2023-24, 2024-25",7508,1,3,4,0.012,0.037,0.049,0.054,0,0.106,441,1156,High consistency
123261,Vlad Chiricheș,Midfield,Defensive Midfield,Romania,3,2020,2022,"2020-21, 2021-22, 2022-23",5133,2,1,3,0.033,0.016,0.049,0.084,0,0.146,392,1157,High consistency
491693,Nehuén Pérez,Defender,Centre-Back,Argentina,3,2021,2023,"2021-22, 2022-23, 2023-24",7761,2,2,4,0.021,0.027,0.048,0.018,0.028,0.064,442,1158,High consistency
183321,Kevin Mbabu,Defender,Right-Back,Switzerland,3,2020,2023,"2020-21, 2021-22, 2023-24",5080,0,3,3,0,0.048,0.048,0.044,0,0.088,443,1159,High consistency
298583,Eray Cömert,Defender,Centre-Back,Switzerland,3,2022,2024,"2022-23, 2023-24, 2024-25",5456,3,0,3,0.048,0,0.048,0.045,0,0.09,444,1160,High consistency
341272,Álex Pozo,Attack,Right Winger,Spain,3,2020,2023,"2020-21, 2022-23, 2023-24",5024,0,3,3,0,0.048,0.048,0.083,0,0.144,325,1161,High consistency
351809,Robin Le Normand,Defender,Centre-Back,Spain,5,2020,2024,"2020-21, 2021-22, 2022-23, 2023-24, 2024-25",13494,4,3,7,0.028,0.019,0.047,0.029,0,0.073,445,1162,High consistency
353032,Omar Alderete,Defender,Centre-Back,Paraguay,5,2020,2024,"2020-21, 2021-22, 2022-23, 2023-24, 2024-25",10930,4,2,6,0.03,0.017,0.047,0.035,0,0.088,446,1163,High consistency
618472,Castello Lukeba,Defender,Centre-Back,France,4,2021,2024,"2021-22, 2022-23, 2023-24, 2024-25",8845,5,0,5,0.047,0,0.047,0.036,0,0.086,447,1164,High consistency
495625,Víctor Chust,Defender,Centre-Back,Spain,3,2021,2023,"2021-22, 2022-23, 2023-24",4662,1,1,2,0.031,0.016,0.047,0.047,0,0.093,448,1165,High consistency
215599,Lukas Klostermann,Defender,Centre-Back,Germany,5,2020,2024,"2020-21, 2021-22, 2022-23, 2023-24, 2024-25",7263,3,1,4,0.035,0.011,0.046,0.026,0,0.063,449,1166,High consistency
284730,Manuel Akanji,Defender,Centre-Back,Switzerland,5,2020,2024,"2020-21, 2021-22, 2022-23, 2023-24, 2024-25",11428,5,1,6,0.038,0.008,0.046,0.031,0,0.077,450,1167,High consistency
481834,Andrea Carboni,Defender,Centre-Back,Italy,4,2020,2024,"2020-21, 2021-22, 2023-24, 2024-25",6987,1,2,3,0.015,0.031,0.046,0.035,0,0.083,451,1168,High consistency
204069,Milan Škriniar,Defender,Centre-Back,Slovakia,4,2020,2023,"2020-21, 2021-22, 2022-23, 2023-24",9324,6,0,6,0.046,0,0.046,0.053,0,0.097,452,1169,High consistency
338629,Sebastiaan Bornauw,Defender,Centre-Back,Belgium,4,2020,2023,"2020-21, 2021-22, 2022-23, 2023-24",7447,3,1,4,0.034,0.011,0.045,0.035,0,0.086,453,1170,High consistency
174733,Omar Colley,Defender,Centre-Back,The Gambia,3,2020,2022,"2020-21, 2021-22, 2022-23",6724,3,0,3,0.045,0,0.045,0.039,0,0.069,454,1171,High consistency
45683,Manuel Gulde,Defender,Centre-Back,Germany,3,2020,2023,"2020-21, 2021-22, 2023-24",5235,3,0,3,0.045,0,0.045,0.046,0,0.092,455,1172,High consistency
46001,Moussa Sissoko,Midfield,Central Midfield,France,4,2020,2023,"2020-21, 2021-22, 2022-23, 2023-24",8546,4,1,5,0.038,0.007,0.045,0.052,0,0.094,393,1173,High consistency
250844,Alexander Djiku,Defender,Centre-Back,Ghana,3,2020,2022,"2020-21, 2021-22, 2022-23",7934,2,2,4,0.022,0.022,0.045,0.052,0,0.101,456,1174,High consistency
413403,Ezri Konsa,Defender,Centre-Back,England,5,2020,2024,"2020-21, 2021-22, 2022-23, 2023-24, 2024-25",15010,7,0,7,0.044,0,0.044,0.029,0,0.073,457,1175,High consistency
16136,Dante,Defender,Centre-Back,Brazil,4,2021,2024,"2021-22, 2022-23, 2023-24, 2024-25",10984,2,4,6,0.015,0.03,0.044,0.036,0,0.082,458,1176,High consistency
75942,Tomás Rincón,Midfield,Defensive Midfield,Venezuela,3,2020,2022,"2020-21, 2021-22, 2022-23",6757,1,3,4,0.01,0.034,0.044,0.039,0,0.07,394,1177,High consistency
113133,Germán Pezzella,Defender,Centre-Back,Argentina,4,2020,2023,"2020-21, 2021-22, 2022-23, 2023-24",10025,3,2,5,0.028,0.017,0.044,0.041,0,0.098,459,1178,High consistency
118850,Ivan Ordets,Defender,Centre-Back,Ukraine,3,2022,2024,"2022-23, 2023-24, 2024-25",6193,1,2,3,0.016,0.028,0.044,0.048,0,0.096,460,1179,High consistency
193784,Carlos Clerc,Defender,Left-Back,Spain,3,2020,2022,"2020-21, 2021-22, 2022-23",6940,0,4,4,0,0.044,0.044,0.049,0,0.097,461,1180,High consistency
649033,Dion Lopy,Midfield,Defensive Midfield,Senegal,3,2021,2023,"2021-22, 2022-23, 2023-24",4942,0,2,2,0,0.044,0.044,0.076,0,0.131,395,1181,High consistency
192735,Stanislav Lobotka,Midfield,Defensive Midfield,Slovakia,4,2021,2024,"2021-22, 2022-23, 2023-24, 2024-25",10745,2,3,5,0.021,0.023,0.043,0.015,0.027,0.058,396,1182,High consistency
211637,Kiki Kouyaté,Defender,Centre-Back,Mali,4,2020,2023,"2020-21, 2021-22, 2022-23, 2023-24",7816,2,2,4,0.02,0.023,0.043,0.038,0,0.093,462,1183,High consistency
121686,Cristian Gamboa,Defender,Right-Back,Costa Rica,3,2021,2023,"2021-22, 2022-23, 2023-24",4393,1,1,2,0.017,0.025,0.043,0.039,0,0.076,463,1184,High consistency
197473,Alberto Grassi,Midfield,Defensive Midfield,Italy,5,2020,2024,"2020-21, 2021-22, 2022-23, 2023-24, 2024-25",8586,1,4,5,0.008,0.035,0.043,0.041,0,0.082,397,1185,High consistency
257376,Domingos Duarte,Defender,Centre-Back,Portugal,5,2020,2024,"2020-21, 2021-22, 2022-23, 2023-24, 2024-25",9390,3,2,5,0.028,0.014,0.042,0.025,0,0.068,464,1186,High consistency
525247,Maximilian Kilman,Defender,Centre-Back,England,5,2020,2024,"2020-21, 2021-22, 2022-23, 2023-24, 2024-25",14073,3,3,6,0.017,0.025,0.042,0.027,0,0.069,465,1187,High consistency
124410,Rani Khedira,Midfield,Defensive Midfield,Tunisia,5,2020,2024,"2020-21, 2021-22, 2022-23, 2023-24, 2024-25",11554,4,2,6,0.029,0.013,0.042,0.027,0,0.066,398,1188,High consistency
184528,Emil Krafth,Defender,Right-Back,Sweden,3,2020,2023,"2020-21, 2021-22, 2023-24",3840,1,1,2,0.023,0.018,0.042,0.037,0,0.07,466,1189,High consistency
340853,Javi Sánchez,Defender,Centre-Back,Spain,3,2020,2024,"2020-21, 2022-23, 2024-25",5347,3,0,3,0.042,0,0.042,0.045,0,0.089,467,1190,High consistency
493702,Mattia Viti,Defender,Centre-Back,Italy,3,2021,2024,"2021-22, 2023-24, 2024-25",5050,2,0,2,0.042,0,0.042,0.046,0,0.091,468,1191,High consistency
330352,Raúl Guti,Midfield,Central Midfield,Spain,3,2020,2022,"2020-21, 2021-22, 2022-23",5580,3,1,4,0.031,0.01,0.042,0.072,0,0.125,399,1192,High consistency
176553,Aymeric Laporte,Defender,Centre-Back,Spain,3,2020,2022,"2020-21, 2021-22, 2022-23",5170,4,0,4,0.042,0,0.042,0.073,0,0.127,469,1193,High consistency
568559,Radu Drăgușin,Defender,Centre-Back,Romania,3,2021,2024,"2021-22, 2023-24, 2024-25",4484,2,1,3,0.028,0.014,0.042,0.073,0,0.127,470,1194,High consistency
435228,Ardian Ismajli,Defender,Centre-Back,Albania,5,2020,2024,"2020-21, 2021-22, 2022-23, 2023-24, 2024-25",9208,1,2,3,0.014,0.028,0.042,0.093,0,0.208,471,1195,High consistency
313094,Jordan Lotomba,Defender,Right-Back,Switzerland,4,2020,2023,"2020-21, 2021-22, 2022-23, 2023-24",8174,2,2,4,0.023,0.018,0.041,0.03,0,0.073,472,1196,High consistency
517842,Aihen Muñoz,Defender,Left-Back,Spain,5,2020,2024,"2020-21, 2021-22, 2022-23, 2023-24, 2024-25",6517,0,3,3,0,0.041,0.041,0.039,0,0.081,473,1197,High consistency
86784,Ricardo Rodríguez,Defender,Left-Back,Switzerland,5,2020,2024,"2020-21, 2021-22, 2022-23, 2023-24, 2024-25",10456,1,4,5,0.006,0.034,0.041,0.043,0,0.097,474,1198,High consistency
329145,Diego Carlos,Defender,Centre-Back,Brazil,3,2020,2023,"2020-21, 2021-22, 2023-24",7560,4,0,4,0.041,0,0.041,0.046,0,0.091,475,1199,High consistency
644771,Odilon Kossounou,Defender,Centre-Back,Cote d'Ivoire,4,2021,2024,"2021-22, 2022-23, 2023-24, 2024-25",6246,1,2,3,0.013,0.027,0.04,0.027,0,0.059,476,1200,High consistency
296356,Souleyman Doumbia,Defender,Left-Back,Cote d'Ivoire,3,2020,2022,"2020-21, 2021-22, 2022-23",6243,0,3,3,0,0.04,0.04,0.041,0,0.081,477,1201,High consistency
126557,Jonathan Gradit,Defender,Centre-Back,France,5,2020,2024,"2020-21, 2021-22, 2022-23, 2023-24, 2024-25",12963,2,4,6,0.015,0.025,0.04,0.052,0,0.127,478,1202,High consistency
212847,Adam Webster,Defender,Centre-Back,England,4,2020,2023,"2020-21, 2021-22, 2022-23, 2023-24",7157,3,0,3,0.04,0,0.04,0.06,0,0.126,479,1203,High consistency
395083,Andreaw Gravillon,Defender,Centre-Back,Guadeloupe,3,2020,2022,"2020-21, 2021-22, 2022-23",5768,1,2,3,0.013,0.026,0.04,0.069,0,0.119,480,1204,High consistency
35047,Axel Witsel,Midfield,Defensive Midfield,Belgium,4,2020,2023,"2020-21, 2021-22, 2022-23, 2023-24",8114,4,0,4,0.039,0,0.039,0.047,0,0.092,400,1205,High consistency
564545,Edmond Tapsoba,Defender,Centre-Back,Burkina Faso,5,2020,2024,"2020-21, 2021-22, 2022-23, 2023-24, 2024-25",11932,3,2,5,0.023,0.015,0.038,0.024,0,0.063,481,1206,High consistency
61841,Adam Smith,Defender,Right-Back,England,3,2022,2024,"2022-23, 2023-24, 2024-25",6700,0,3,3,0,0.038,0.038,0.042,0,0.083,482,1207,High consistency
84435,Kevin Vogt,Defender,Centre-Back,Germany,5,2020,2024,"2020-21, 2021-22, 2022-23, 2023-24, 2024-25",10202,1,3,4,0.013,0.024,0.037,0.035,0,0.07,483,1208,High consistency
461833,Caleb Okoli,Defender,Centre-Back,Italy,3,2022,2024,"2022-23, 2023-24, 2024-25",4992,1,1,2,0.027,0.01,0.037,0.04,0,0.08,484,1209,High consistency
142031,Omar Mascarell,Midfield,Defensive Midfield,Equatorial Guinea,5,2020,2024,"2020-21, 2021-22, 2022-23, 2023-24, 2024-25",10286,2,2,4,0.019,0.018,0.037,0.042,0,0.102,401,1210,High consistency
85177,Nathaniel Clyne,Defender,Right-Back,England,4,2020,2023,"2020-21, 2021-22, 2022-23, 2023-24",5479,0,2,2,0,0.036,0.036,0.042,0,0.078,485,1211,High consistency
310458,Giangiacomo Magnani,Defender,Centre-Back,Italy,4,2020,2024,"2020-21, 2022-23, 2023-24, 2024-25",6544,1,1,2,0.021,0.015,0.036,0.043,0,0.085,486,1212,High consistency
287579,Sofyan Amrabat,Midfield,Defensive Midfield,Morocco,4,2020,2023,"2020-21, 2021-22, 2022-23, 2023-24",6311,1,1,2,0.024,0.011,0.036,0.046,0,0.097,402,1213,High consistency
255488,Yeray Álvarez,Defender,Centre-Back,Spain,5,2020,2024,"2020-21, 2021-22, 2022-23, 2023-24, 2024-25",9081,3,1,4,0.027,0.008,0.035,0.034,0,0.077,487,1214,High consistency
322655,Flavius Daniliuc,Defender,Centre-Back,Austria,4,2020,2024,"2020-21, 2021-22, 2022-23, 2024-25",6053,1,2,3,0.015,0.02,0.035,0.041,0,0.079,488,1215,High consistency
254037,Iza Carcelén,Defender,Right-Back,Spain,4,2020,2023,"2020-21, 2021-22, 2022-23, 2023-24",8942,0,3,3,0,0.034,0.034,0.024,0,0.058,489,1216,High consistency
203043,Pedro Bigas,Defender,Centre-Back,Spain,3,2020,2022,"2020-21, 2021-22, 2022-23",5110,1,1,2,0.019,0.015,0.034,0.03,0,0.058,490,1217,High consistency
475411,Wesley Fofana,Defender,Centre-Back,France,3,2020,2024,"2020-21, 2022-23, 2024-25",5123,1,1,2,0.022,0.012,0.034,0.033,0,0.066,491,1218,High consistency
344605,Boubakary Soumaré,Midfield,Defensive Midfield,France,5,2020,2024,"2020-21, 2021-22, 2022-23, 2023-24, 2024-25",9106,0,3,3,0,0.034,0.034,0.035,0,0.082,403,1219,High consistency
277384,Martin Valjent,Defender,Centre-Back,Slovakia,4,2021,2024,"2021-22, 2022-23, 2023-24, 2024-25",10960,3,1,4,0.025,0.01,0.034,0.046,0,0.098,492,1220,High consistency
252667,Fali,Defender,Centre-Back,Spain,4,2020,2023,"2020-21, 2021-22, 2022-23, 2023-24",8721,0,3,3,0,0.034,0.034,0.047,0,0.1,493,1221,High consistency
328784,Robin Koch,Defender,Centre-Back,Germany,5,2020,2024,"2020-21, 2021-22, 2022-23, 2023-24, 2024-25",11211,5,0,5,0.034,0,0.034,0.048,0,0.104,494,1222,High consistency
367284,Leo Østigård,Defender,Centre-Back,Norway,3,2021,2024,"2021-22, 2023-24, 2024-25",4905,2,0,2,0.033,0,0.033,0.029,0,0.056,495,1223,High consistency
688707,Salis Abdul Samed,Midfield,Defensive Midfield,Ghana,3,2021,2023,"2021-22, 2022-23, 2023-24",6879,2,1,3,0.022,0.01,0.033,0.031,0,0.062,404,1224,High consistency
143029,Stefan Mitrovic,Defender,Centre-Back,Serbia,3,2020,2022,"2020-21, 2021-22, 2022-23",7135,3,0,3,0.033,0,0.033,0.033,0,0.065,496,1225,High consistency
605184,Jean-Clair Todibo,Defender,Centre-Back,France,5,2020,2024,"2020-21, 2021-22, 2022-23, 2023-24, 2024-25",11807,2,2,4,0.019,0.014,0.033,0.034,0,0.068,497,1226,High consistency
183031,Koffi Djidji,Defender,Centre-Back,Cote d'Ivoire,3,2020,2022,"2020-21, 2021-22, 2022-23",5683,2,0,2,0.032,0,0.032,0.03,0,0.059,498,1227,High consistency
413565,Jhon Lucumí,Defender,Centre-Back,Colombia,3,2022,2024,"2022-23, 2023-24, 2024-25",7727,0,3,3,0,0.032,0.032,0.031,0,0.062,499,1228,High consistency
92572,Joel Ward,Defender,Right-Back,England,4,2020,2023,"2020-21, 2021-22, 2022-23, 2023-24",8978,1,2,3,0.01,0.021,0.031,0.021,0,0.045,500,1229,High consistency
182875,Jean-Charles Castelletto,Defender,Centre-Back,Cameroon,5,2020,2024,"2020-21, 2021-22, 2022-23, 2023-24, 2024-25",12117,4,0,4,0.031,0,0.031,0.031,0,0.073,501,1230,High consistency
210178,Pablo Marí,Defender,Centre-Back,Spain,5,2020,2024,"2020-21, 2021-22, 2022-23, 2023-24, 2024-25",10253,3,0,3,0.031,0,0.031,0.051,0,0.118,502,1231,High consistency
521964,Malick Thiaw,Defender,Centre-Back,Germany,4,2020,2024,"2020-21, 2022-23, 2023-24, 2024-25",6506,1,1,2,0.016,0.014,0.03,0.034,0,0.062,503,1232,High consistency
138055,Haris Belkebla,Midfield,Central Midfield,Algeria,4,2020,2024,"2020-21, 2021-22, 2022-23, 2024-25",9500,2,1,3,0.017,0.013,0.03,0.035,0,0.068,405,1233,High consistency
323954,Walace,Midfield,Defensive Midfield,Brazil,4,2020,2023,"2020-21, 2021-22, 2022-23, 2023-24",11473,3,1,4,0.022,0.007,0.029,0.023,0,0.056,406,1234,High consistency
460245,Moritz Jenz,Defender,Centre-Back,Germany,4,2021,2024,"2021-22, 2022-23, 2023-24, 2024-25",5675,1,1,2,0.016,0.013,0.029,0.034,0,0.065,504,1235,High consistency
85295,Iván Balliu,Defender,Right-Back,Albania,4,2021,2024,"2021-22, 2022-23, 2023-24, 2024-25",10452,1,3,4,0.007,0.022,0.029,0.041,0,0.086,505,1236,High consistency
358250,Joseph Aidoo,Defender,Centre-Back,Ghana,3,2020,2022,"2020-21, 2021-22, 2022-23",7044,3,0,3,0.029,0,0.029,0.05,0,0.087,506,1237,High consistency
505194,Luke Thomas,Defender,Left-Back,England,5,2020,2024,"2020-21, 2021-22, 2022-23, 2023-24, 2024-25",5985,1,1,2,0.019,0.009,0.028,0.042,0,0.093,507,1238,High consistency
842341,Maxime Estève,Defender,Centre-Back,France,3,2021,2023,"2021-22, 2022-23, 2023-24",5811,1,1,2,0.013,0.013,0.026,0.045,0,0.078,508,1239,High consistency
357119,Ibrahima Konaté,Defender,Centre-Back,France,4,2021,2024,"2021-22, 2022-23, 2023-24, 2024-25",6679,1,2,3,0.009,0.018,0.026,0.053,0,0.105,509,1240,High consistency
147038,Cédric Brunner,Defender,Right-Back,Switzerland,3,2020,2022,"2020-21, 2021-22, 2022-23",7171,0,2,2,0,0.025,0.025,0.022,0,0.041,510,1241,High consistency
358115,Luis Pérez,Defender,Right-Back,Spain,3,2020,2024,"2020-21, 2022-23, 2024-25",5070,0,1,1,0,0.025,0.025,0.043,0,0.074,511,1242,High consistency
337333,Alex Král,Midfield,Central Midfield,Czech Republic,3,2022,2024,"2022-23, 2023-24, 2024-25",6433,0,2,2,0,0.024,0.024,0.021,0,0.038,407,1243,High consistency
221150,Dakonam Djené,Defender,Centre-Back,Togo,5,2020,2024,"2020-21, 2021-22, 2022-23, 2023-24, 2024-25",13949,0,4,4,0,0.024,0.024,0.026,0,0.061,512,1244,High consistency
349836,Diego González,Defender,Centre-Back,Spain,3,2020,2022,"2020-21, 2021-22, 2022-23",4024,1,0,1,0.023,0,0.023,0.04,0,0.07,513,1245,High consistency
371141,Stanley Nsoki,Defender,Centre-Back,France,3,2020,2024,"2020-21, 2022-23, 2024-25",3837,1,0,1,0.023,0,0.023,0.04,0,0.07,514,1246,High consistency
163744,Jack Stephens,Defender,Centre-Back,England,3,2020,2024,"2020-21, 2022-23, 2024-25",4151,1,0,1,0.022,0,0.022,0.038,0,0.065,515,1247,High consistency
343475,Ben Godfrey,Defender,Centre-Back,England,3,2020,2023,"2020-21, 2021-22, 2023-24",5837,0,2,2,0,0.022,0.022,0.039,0,0.067,516,1248,High consistency
131102,Jeison Murillo,Defender,Centre-Back,Colombia,3,2020,2022,"2020-21, 2021-22, 2022-23",4873,2,0,2,0.022,0,0.022,0.039,0,0.067,517,1249,High consistency
248732,Paweł Dawidowicz,Defender,Centre-Back,Poland,5,2020,2024,"2020-21, 2021-22, 2022-23, 2023-24, 2024-25",8682,1,1,2,0.011,0.011,0.022,0.049,0,0.11,518,1250,High consistency
242940,Edoardo Goldaniga,Defender,Centre-Back,Italy,4,2020,2024,"2020-21, 2021-22, 2023-24, 2024-25",6333,1,1,2,0.009,0.012,0.021,0.025,0,0.049,519,1251,High consistency
344598,Dan-Axel Zagadou,Defender,Centre-Back,France,3,2021,2023,"2021-22, 2022-23, 2023-24",3674,1,0,1,0.021,0,0.021,0.036,0,0.062,520,1252,High consistency
156990,Marco Friedl,Defender,Centre-Back,Austria,4,2020,2024,"2020-21, 2022-23, 2023-24, 2024-25",9745,1,1,2,0.01,0.01,0.021,0.041,0,0.082,521,1253,High consistency
120651,Vincent Le Goff,Defender,Left-Back,France,3,2020,2022,"2020-21, 2021-22, 2022-23",8697,1,1,2,0.01,0.01,0.02,0.034,0,0.059,522,1254,High consistency
406638,Oliver Skipp,Midfield,Defensive Midfield,England,3,2021,2024,"2021-22, 2022-23, 2024-25",3967,1,0,1,0.02,0,0.02,0.035,0,0.06,408,1255,High consistency
176139,Mattia Bani,Defender,Centre-Back,Italy,4,2020,2024,"2020-21, 2021-22, 2023-24, 2024-25",7102,2,0,2,0.02,0,0.02,0.039,0,0.078,523,1256,High consistency
345458,Sebastian Walukiewicz,Defender,Right-Back,Poland,3,2020,2024,"2020-21, 2023-24, 2024-25",5515,0,1,1,0,0.019,0.019,0.032,0,0.056,524,1257,High consistency
448844,Carlos Neva,Defender,Left-Back,Spain,3,2020,2023,"2020-21, 2021-22, 2023-24",6982,0,2,2,0,0.019,0.019,0.033,0,0.057,525,1258,High consistency
459655,Matteo Lovato,Defender,Centre-Back,Italy,3,2020,2023,"2020-21, 2021-22, 2023-24",4415,0,1,1,0,0.019,0.019,0.033,0,0.058,526,1259,High consistency
503075,Isak Hien,Defender,Centre-Back,Sweden,3,2022,2024,"2022-23, 2023-24, 2024-25",6726,0,1,1,0,0.017,0.017,0.029,0,0.05,527,1260,High consistency
205054,Norbert Gyömbér,Defender,Centre-Back,Slovakia,3,2021,2023,"2021-22, 2022-23, 2023-24",6080,0,1,1,0,0.017,0.017,0.029,0,0.051,528,1261,High consistency
798404,Alidu Seidu,Defender,Centre-Back,Ghana,3,2021,2023,"2021-22, 2022-23, 2023-24",5598,0,1,1,0,0.017,0.017,0.03,0,0.052,529,1262,High consistency
197122,Unai García,Defender,Centre-Back,Spain,3,2020,2022,"2020-21, 2021-22, 2022-23",4367,0,1,1,0,0.017,0.017,0.03,0,0.052,530,1263,High consistency
126673,Adama Soumaoro,Defender,Centre-Back,France,3,2020,2022,"2020-21, 2021-22, 2022-23",6035,1,0,1,0.016,0,0.016,0.027,0,0.047,531,1264,High consistency
386057,Julien Laporte,Defender,Centre-Back,France,4,2020,2023,"2020-21, 2021-22, 2022-23, 2023-24",9024,2,0,2,0.016,0,0.016,0.031,0,0.062,532,1265,High consistency
442805,Iddrisu Baba,Midfield,Central Midfield,Ghana,3,2021,2023,"2021-22, 2022-23, 2023-24",5115,1,0,1,0.015,0,0.015,0.027,0,0.046,409,1266,High consistency
277137,Renato Tapia,Midfield,Defensive Midfield,Peru,5,2020,2024,"2020-21, 2021-22, 2022-23, 2023-24, 2024-25",9323,1,1,2,0.007,0.007,0.014,0.019,0,0.037,410,1267,High consistency
711996,Warmed Omari,Defender,Centre-Back,Comoros,3,2021,2023,"2021-22, 2022-23, 2023-24",6232,1,0,1,0.014,0,0.014,0.025,0,0.043,533,1268,High consistency
457931,Luiz Felipe,Defender,Centre-Back,Italy,3,2020,2022,"2020-21, 2021-22, 2022-23",5172,0,1,1,0,0.012,0.012,0.021,0,0.036,534,1269,High consistency
169497,Juan Cruz,Defender,Left-Back,Spain,5,2020,2024,"2020-21, 2021-22, 2022-23, 2023-24, 2024-25",9119,0,1,1,0,0.011,0.011,0.024,0,0.054,535,1270,High consistency
216870,Nacho Vidal,Defender,Right-Back,Spain,3,2020,2022,"2020-21, 2021-22, 2022-23",6495,0,1,1,0,0.01,0.01,0.018,0,0.031,536,1271,High consistency
82503,Aridane Hernández,Defender,Centre-Back,Spain,5,2020,2024,"2020-21, 2021-22, 2022-23, 2023-24, 2024-25",7691,0,1,1,0,0.01,0.01,0.022,0,0.05,537,1272,High consistency
15452,Raúl Albiol,Defender,Centre-Back,Spain,5,2020,2024,"2020-21, 2021-22, 2022-23, 2023-24, 2024-25",10928,0,1,1,0,0.009,0.009,0.02,0,0.044,538,1273,High consistency
107010,Stefan Savic,Defender,Centre-Back,Montenegro,4,2020,2023,"2020-21, 2021-22, 2022-23, 2023-24",8972,1,0,1,0.008,0,0.008,0.015,0,0.03,539,1274,High consistency
240692,Reinildo Mandava,Defender,Left-Back,Mozambique,4,2020,2024,"2020-21, 2021-22, 2022-23, 2024-25",7806,1,0,1,0.008,0,0.008,0.016,0,0.032,540,1275,High consistency
517753,Óscar Valentín,Midfield,Central Midfield,Spain,4,2021,2024,"2021-22, 2022-23, 2023-24, 2024-25",9693,1,0,1,0.008,0,0.008,0.017,0,0.033,411,1276,High consistency
380350,Igor Julio,Defender,Centre-Back,Brazil,5,2020,2024,"2020-21, 2021-22, 2022-23, 2023-24, 2024-25",8058,0,0,0,0,0,0,0,0,0,541,1277,High consistency
170544,Christophe Hérelle,Defender,Centre-Back,Martinique,4,2020,2023,"2020-21, 2021-22, 2022-23, 2023-24",5995,0,0,0,0,0,0,0,0,0,542,1278,High consistency
39259,Makoto Hasebe,Defender,Centre-Back,Japan,3,2020,2022,"2020-21, 2021-22, 2022-23",4786,0,0,0,0,0,0,0,0,0,543,1279,High consistency
247377,Kevin Bonifazi,Defender,Centre-Back,Italy,3,2020,2022,"2020-21, 2021-22, 2022-23",4581,0,0,0,0,0,0,0,0,0,544,1280,High consistency
62351,Abdoulaye Bamba,Defender,Centre-Back,Cote d'Ivoire,3,2020,2024,"2020-21, 2022-23, 2024-25",4217,0,0,0,0,0,0,0,0,0,545,1281,High consistency
189475,Carlos Gruezo,Midfield,Defensive Midfield,Ecuador,3,2020,2022,"2020-21, 2021-22, 2022-23",4025,0,0,0,0,0,0,0,0,0,412,1282,High consistency