player_id,player_name,position,sub_position,country_of_citizenship,previous_season_label,current_season_label,previous_age,current_age,previous_clubs,current_clubs,previous_minutes_played,current_minutes_played,previous_goals,current_goals,previous_assists,current_assists,previous_goal_contributions,current_goal_contributions,previous_goals_per_90,current_goals_per_90,previous_assists_per_90,current_assists_per_90,previous_goal_contributions_per_90,current_goal_contributions_per_90,goals_per_90_change,assists_per_90_change,goal_contributions_per_90_change,performance_direction,improvement_rank,decline_rank
554903,Mateo Retegui,Attack,Centre-Forward,Italy,2023-24,2024-25,25,26,Genoa CFC,Atalanta BC,2224,2404,7,25,2,8,9,33,0.283,0.936,0.081,0.3,0.364,1.235,0.653,0.219,0.871,Improvement,1,3511
315867,Gianluca Scamacca,Attack,Centre-Forward,Italy,2022-23,2023-24,24,25,West Ham United,Atalanta BC,928,1459,3,12,0,6,3,18,0.291,0.74,0,0.37,0.291,1.11,0.449,0.37,0.819,Improvement,2,3510
288230,Ousmane Dembélé,Attack,Centre-Forward,France,2023-24,2024-25,27,28,Paris Saint-Germain,Paris Saint-Germain,1509,1736,3,21,9,8,12,29,0.179,1.089,0.537,0.415,0.716,1.503,0.91,-0.122,0.787,Improvement,3,3509
394300,Davide Frattesi,Midfield,Central Midfield,Italy,2022-23,2023-24,23,24,US Sassuolo,Inter Milan,2891,935,7,6,0,4,7,10,0.218,0.578,0,0.385,0.218,0.963,0.36,0.385,0.745,Improvement,4,3508
406040,Ademola Lookman,Attack,Left Winger,Nigeria,2021-22,2022-23,24,25,Leicester City,Atalanta BC,1457,1732,6,13,0,8,6,21,0.371,0.676,0,0.416,0.371,1.091,0.305,0.416,0.72,Improvement,5,3507
242086,Patrik Schick,Attack,Centre-Forward,Czech Republic,2020-21,2021-22,25,26,Bayer 04 Leverkusen,Bayer 04 Leverkusen,1865,2096,9,24,2,5,11,29,0.434,1.031,0.097,0.215,0.531,1.245,0.597,0.118,0.714,Improvement,6,3506
435772,Charles De Ketelaere,Midfield,Attacking Midfield,Belgium,2022-23,2023-24,22,23,AC Milan,Atalanta BC,1101,2042,0,10,1,8,1,18,0,0.441,0.082,0.353,0.082,0.793,0.441,0.271,0.711,Improvement,7,3505
566723,Michael Olise,Attack,Right Winger,France,2022-23,2023-24,21,22,Crystal Palace,Crystal Palace,2756,1278,2,10,11,6,13,16,0.065,0.704,0.359,0.423,0.425,1.127,0.639,0.064,0.702,Improvement,8,3504
99353,Portu,Attack,Right Winger,Spain,2022-23,2023-24,31,32,Getafe CF,"Getafe CF, Girona FC",1760,1271,0,7,3,5,3,12,0,0.496,0.153,0.354,0.153,0.85,0.496,0.201,0.697,Improvement,9,3503
125781,Antoine Griezmann,Attack,Second Striker,France,2021-22,2022-23,31,32,"Atlético de Madrid, FC Barcelona",Atlético de Madrid,1971,2860,3,15,5,17,8,32,0.137,0.472,0.228,0.535,0.365,1.007,0.335,0.307,0.642,Improvement,10,3502
270541,Serhou Guirassy,Attack,Centre-Forward,Guinea,2022-23,2023-24,27,28,"Stade Rennais FC, VfB Stuttgart",VfB Stuttgart,1675,2214,11,28,0,2,11,30,0.591,1.138,0,0.081,0.591,1.22,0.547,0.081,0.629,Improvement,11,3501
455661,Nick Woltemade,Attack,Centre-Forward,Germany,2023-24,2024-25,22,23,SV Werder Bremen,VfB Stuttgart,1184,1620,2,12,0,2,2,14,0.152,0.667,0,0.111,0.152,0.778,0.515,0.111,0.626,Improvement,12,3500
123682,Callum Wilson,Attack,Centre-Forward,England,2021-22,2022-23,30,31,Newcastle United,Newcastle United,1389,1887,8,18,0,5,8,23,0.518,0.859,0,0.238,0.518,1.097,0.341,0.238,0.579,Improvement,13,3499
246968,Ayoze Pérez,Attack,Centre-Forward,Spain,2023-24,2024-25,30,31,Real Betis Balompié,Villarreal CF,2307,1976,9,19,1,2,10,21,0.351,0.865,0.039,0.091,0.39,0.956,0.514,0.052,0.566,Improvement,14,3498
472423,Reece James,Defender,Right-Back,England,2020-21,2021-22,21,22,Chelsea FC,Chelsea FC,2367,1865,1,5,2,9,3,14,0.038,0.241,0.076,0.434,0.114,0.676,0.203,0.358,0.562,Improvement,15,3497
398184,Ferran Torres,Attack,Centre-Forward,Spain,2023-24,2024-25,24,25,FC Barcelona,FC Barcelona,1204,1101,7,10,3,6,10,16,0.523,0.817,0.224,0.49,0.748,1.308,0.294,0.266,0.56,Improvement,16,3496
487465,Pedro Neto,Attack,Right Winger,Portugal,2022-23,2023-24,23,24,Wolverhampton Wanderers,Wolverhampton Wanderers,970,1519,0,2,1,9,1,11,0,0.118,0.093,0.533,0.093,0.652,0.118,0.44,0.559,Improvement,17,3495
395236,Yacine Adli,Midfield,Defensive Midfield,Algeria,2023-24,2024-25,23,24,AC Milan,ACF Fiorentina,1411,1208,1,4,2,6,3,10,0.064,0.298,0.128,0.447,0.191,0.745,0.234,0.319,0.554,Improvement,18,3494
517894,Matheus Cunha,Attack,Centre-Forward,Brazil,2020-21,2021-22,22,23,Hertha BSC,"Atlético de Madrid, Hertha BSC",2152,1117,7,6,5,7,12,13,0.293,0.483,0.209,0.564,0.502,1.047,0.19,0.355,0.545,Improvement,19,3493
179635,Philipp Förster,Midfield,Attacking Midfield,Germany,2021-22,2022-23,27,28,VfB Stuttgart,VfL Bochum,971,1315,2,3,1,9,3,12,0.185,0.205,0.093,0.616,0.278,0.821,0.02,0.523,0.543,Improvement,20,3492
344381,Christopher Nkunku,Attack,Centre-Forward,France,2020-21,2021-22,23,24,RB Leipzig,RB Leipzig,1894,2733,6,20,7,15,13,35,0.285,0.659,0.333,0.494,0.618,1.153,0.374,0.161,0.535,Improvement,21,3491
1061282,Assane Diao,Attack,Left Winger,Senegal,2023-24,2024-25,18,19,Real Betis Balompié,"Como 1907, Real Betis Balompié",1052,1531,2,9,0,3,2,12,0.171,0.529,0,0.176,0.171,0.705,0.358,0.176,0.534,Improvement,22,3490
581678,Jude Bellingham,Midfield,Attacking Midfield,England,2022-23,2023-24,20,21,Borussia Dortmund,Real Madrid,2692,2324,8,19,5,6,13,25,0.267,0.736,0.167,0.232,0.435,0.968,0.469,0.065,0.533,Improvement,23,3489
132098,Harry Kane,Attack,Centre-Forward,England,2022-23,2023-24,29,30,Tottenham Hotspur,Bayern Munich,3408,2843,30,36,3,8,33,44,0.792,1.14,0.079,0.253,0.871,1.393,0.348,0.174,0.522,Improvement,24,3488
584769,Dwight McNeil,Attack,Left Winger,England,2023-24,2024-25,24,25,Everton FC,Everton FC,2898,1371,3,4,6,8,9,12,0.093,0.263,0.186,0.525,0.28,0.788,0.17,0.339,0.508,Improvement,25,3487
217115,Neal Maupay,Attack,Centre-Forward,France,2022-23,2023-24,26,27,Everton FC,"Brentford FC, Everton FC",1115,1424,1,6,0,3,1,9,0.081,0.379,0,0.19,0.081,0.569,0.298,0.19,0.488,Improvement,26,3486
238407,Alexander Sørloth,Attack,Centre-Forward,Norway,2022-23,2023-24,27,28,"RB Leipzig, Real Sociedad",Villarreal CF,2403,2491,12,23,3,6,15,29,0.449,0.831,0.112,0.217,0.562,1.048,0.382,0.105,0.486,Improvement,27,3485
85288,Isco,Midfield,Attacking Midfield,Spain,2023-24,2024-25,32,33,Real Betis Balompié,Real Betis Balompié,2339,1552,8,9,5,8,13,17,0.308,0.522,0.192,0.464,0.5,0.986,0.214,0.272,0.486,Improvement,28,3484
74230,Pablo Sarabia,Midfield,Attacking Midfield,Spain,2022-23,2023-24,31,32,"Paris Saint-Germain, Wolverhampton Wanderers",Wolverhampton Wanderers,1132,1751,1,4,0,7,1,11,0.08,0.206,0,0.36,0.08,0.565,0.126,0.36,0.485,Improvement,29,3483
144028,Leandro Trossard,Attack,Left Winger,Belgium,2021-22,2022-23,27,28,Brighton & Hove Albion,"Arsenal FC, Brighton & Hove Albion",2809,2257,8,8,3,13,11,21,0.256,0.319,0.096,0.518,0.352,0.837,0.063,0.422,0.485,Improvement,30,3482
192616,Ulisses Garcia,Defender,Left-Back,Switzerland,2023-24,2024-25,28,29,Olympique Marseille,Olympique Marseille,905,930,0,2,0,3,0,5,0,0.194,0,0.29,0,0.484,0.194,0.29,0.484,Improvement,31,3481
571020,Oihan Sancet,Midfield,Attacking Midfield,Spain,2023-24,2024-25,24,25,Athletic Bilbao,Athletic Bilbao,1993,1626,4,15,5,1,9,16,0.181,0.83,0.226,0.055,0.406,0.886,0.649,-0.171,0.48,Improvement,32,3480
293385,Dani Olmo,Midfield,Attacking Midfield,Spain,2023-24,2024-25,26,27,RB Leipzig,FC Barcelona,1456,1216,4,10,5,4,9,14,0.247,0.74,0.309,0.296,0.556,1.036,0.493,-0.013,0.48,Improvement,33,3479
405398,Takefusa Kubo,Attack,Right Winger,Japan,2021-22,2022-23,21,22,RCD Mallorca,Real Sociedad,1608,2454,1,9,1,7,2,16,0.056,0.33,0.056,0.257,0.112,0.587,0.274,0.201,0.475,Improvement,34,3478
68290,Neymar,Midfield,Attacking Midfield,Brazil,2021-22,2022-23,30,31,Paris Saint-Germain,Paris Saint-Germain,1861,1552,13,13,6,11,19,24,0.629,0.754,0.29,0.638,0.919,1.392,0.125,0.348,0.473,Improvement,35,3477
487969,Randal Kolo Muani,Attack,Centre-Forward,France,2021-22,2022-23,23,24,FC Nantes,Eintracht Frankfurt,2958,2647,12,15,5,14,17,29,0.365,0.51,0.152,0.476,0.517,0.986,0.145,0.324,0.469,Improvement,36,3476
607223,Rayan Cherki,Midfield,Attacking Midfield,France,2023-24,2024-25,20,21,Olympique Lyon,Olympique Lyon,1718,2048,1,8,6,11,7,19,0.052,0.352,0.314,0.483,0.367,0.835,0.3,0.169,0.468,Improvement,37,3475
387626,Leon Bailey,Attack,Right Winger,Jamaica,2022-23,2023-24,25,26,Aston Villa,Aston Villa,1984,2076,4,10,4,9,8,19,0.181,0.434,0.181,0.39,0.363,0.824,0.253,0.209,0.461,Improvement,38,3474
445939,Omar Marmoush,Attack,Centre-Forward,Egypt,2023-24,2024-25,25,26,Eintracht Frankfurt,"Eintracht Frankfurt, Manchester City",2313,2639,12,22,6,12,18,34,0.467,0.75,0.233,0.409,0.7,1.16,0.283,0.176,0.46,Improvement,39,3473
378710,Richarlison,Attack,Centre-Forward,Brazil,2022-23,2023-24,26,27,Tottenham Hotspur,Tottenham Hotspur,1006,1492,1,11,4,4,5,15,0.089,0.664,0.358,0.241,0.447,0.905,0.575,-0.117,0.458,Improvement,40,3472
345886,Rubén Vargas,Attack,Left Winger,Switzerland,2021-22,2022-23,23,24,FC Augsburg,FC Augsburg,2001,1134,1,3,3,5,4,8,0.045,0.238,0.135,0.397,0.18,0.635,0.193,0.262,0.455,Improvement,41,3471
143812,Matías Vecino,Midfield,Central Midfield,Uruguay,2022-23,2023-24,31,32,Società Sportiva Lazio S.p.A.,Società Sportiva Lazio S.p.A.,1684,1136,2,6,0,1,2,7,0.107,0.475,0,0.079,0.107,0.555,0.368,0.079,0.448,Improvement,42,3470
283994,Ludovic Ajorque,Attack,Centre-Forward,France,2023-24,2024-25,30,31,1.FSV Mainz 05,Stade Brestois 29,1356,2506,2,13,0,3,2,16,0.133,0.467,0,0.108,0.133,0.575,0.334,0.108,0.442,Improvement,43,3469
167329,Alassane Pléa,Attack,Centre-Forward,France,2020-21,2021-22,28,29,Borussia Mönchengladbach,Borussia Mönchengladbach,1807,2053,6,10,1,8,7,18,0.299,0.438,0.05,0.351,0.349,0.789,0.139,0.301,0.44,Improvement,44,3468
565822,Harvey Elliott,Midfield,Attacking Midfield,England,2022-23,2023-24,20,21,Liverpool FC,Liverpool FC,1611,1335,1,3,2,6,3,9,0.056,0.202,0.112,0.404,0.168,0.607,0.146,0.292,0.439,Improvement,45,3467
288230,Ousmane Dembélé,Attack,Centre-Forward,France,2020-21,2021-22,24,25,FC Barcelona,FC Barcelona,1780,1411,6,1,3,13,9,14,0.303,0.064,0.152,0.829,0.455,0.893,-0.239,0.677,0.438,Improvement,46,3466
187492,Julian Brandt,Midfield,Attacking Midfield,Germany,2020-21,2021-22,25,26,Borussia Dortmund,Borussia Dortmund,1490,2082,3,9,2,8,5,17,0.181,0.389,0.121,0.346,0.302,0.735,0.208,0.225,0.433,Improvement,47,3465
517894,Matheus Cunha,Attack,Centre-Forward,Brazil,2022-23,2023-24,24,25,"Atlético de Madrid, Wolverhampton Wanderers",Wolverhampton Wanderers,1342,2454,2,12,2,7,4,19,0.134,0.44,0.134,0.257,0.268,0.697,0.306,0.123,0.429,Improvement,48,3464
93720,Alexandre Lacazette,Attack,Centre-Forward,France,2021-22,2022-23,31,32,Arsenal FC,Olympique Lyon,1787,2935,4,27,7,5,11,32,0.201,0.828,0.353,0.153,0.554,0.981,0.627,-0.2,0.427,Improvement,49,3463
122155,Willian José,Attack,Centre-Forward,Brazil,2020-21,2021-22,29,30,"Real Sociedad, Wolverhampton Wanderers",Real Betis Balompié,1803,1609,4,9,2,4,6,13,0.2,0.503,0.1,0.224,0.3,0.727,0.303,0.124,0.427,Improvement,50,3462
431755,Dejan Kulusevski,Midfield,Attacking Midfield,Sweden,2020-21,2021-22,21,22,Juventus FC,"Juventus FC, Tottenham Hotspur",1919,2027,4,6,3,11,7,17,0.188,0.266,0.141,0.488,0.328,0.755,0.078,0.347,0.427,Improvement,51,3461
346483,Mason Mount,Midfield,Attacking Midfield,England,2020-21,2021-22,22,23,Chelsea FC,Chelsea FC,2894,2364,6,11,6,10,12,21,0.187,0.419,0.187,0.381,0.373,0.799,0.232,0.194,0.426,Improvement,52,3460
708265,Bradley Barcola,Attack,Left Winger,France,2023-24,2024-25,21,22,"Olympique Lyon, Paris Saint-Germain",Paris Saint-Germain,1647,2193,4,14,7,11,11,25,0.219,0.575,0.383,0.451,0.601,1.026,0.356,0.068,0.425,Improvement,53,3459
503733,Anthony Gordon,Attack,Left Winger,England,2022-23,2023-24,22,23,"Everton FC, Newcastle United",Newcastle United,1578,2906,4,11,0,10,4,21,0.228,0.341,0,0.31,0.228,0.65,0.113,0.31,0.422,Improvement,54,3458
148455,Mohamed Salah,Attack,Right Winger,Egypt,2020-21,2021-22,29,30,Liverpool FC,Liverpool FC,3082,2762,22,23,5,14,27,37,0.642,0.749,0.146,0.456,0.788,1.206,0.107,0.31,0.418,Improvement,55,3457
496094,Karim Adeyemi,Attack,Right Winger,Germany,2023-24,2024-25,22,23,Borussia Dortmund,Borussia Dortmund,911,1441,3,7,1,6,4,13,0.296,0.437,0.099,0.375,0.395,0.812,0.141,0.276,0.417,Improvement,56,3456
272999,Miguel Almirón,Attack,Right Winger,Paraguay,2021-22,2022-23,28,29,Newcastle United,Newcastle United,1720,2508,1,11,0,2,1,13,0.052,0.395,0,0.072,0.052,0.467,0.343,0.072,0.415,Improvement,57,3455
242086,Patrik Schick,Attack,Centre-Forward,Czech Republic,2023-24,2024-25,28,29,Bayer 04 Leverkusen,Bayer 04 Leverkusen,1065,1686,7,21,2,1,9,22,0.592,1.121,0.169,0.053,0.761,1.174,0.529,-0.116,0.413,Improvement,58,3454
296622,Marco Asensio,Midfield,Attacking Midfield,Spain,2021-22,2022-23,26,27,Real Madrid,Real Madrid,1704,1434,10,9,0,6,10,15,0.528,0.565,0,0.377,0.528,0.941,0.037,0.377,0.413,Improvement,59,3453
181378,Gaëtan Laborde,Attack,Centre-Forward,France,2023-24,2024-25,30,31,OGC Nice,OGC Nice,1913,1839,5,11,2,4,7,15,0.235,0.538,0.094,0.196,0.329,0.734,0.303,0.102,0.405,Improvement,60,3452
309400,Kai Havertz,Attack,Centre-Forward,Germany,2022-23,2023-24,24,25,Chelsea FC,Arsenal FC,2579,2640,7,13,1,7,8,20,0.244,0.443,0.035,0.239,0.279,0.682,0.199,0.204,0.403,Improvement,61,3451
580195,Jamal Musiala,Midfield,Attacking Midfield,Germany,2021-22,2022-23,19,20,Bayern Munich,Bayern Munich,1456,2211,5,12,5,13,10,25,0.309,0.488,0.309,0.529,0.618,1.018,0.179,0.22,0.4,Improvement,62,3450
381950,Alexis Saelemaekers,Midfield,Right Midfield,Belgium,2023-24,2024-25,25,26,Bologna Football Club 1909,"AC Milan, Associazione Sportiva Roma",1894,1490,4,7,3,5,7,12,0.19,0.423,0.143,0.302,0.333,0.725,0.233,0.159,0.392,Improvement,63,3449
532826,Mason Greenwood,Attack,Right Winger,England,2023-24,2024-25,22,23,Getafe CF,Olympique Marseille,2668,2818,8,21,6,6,14,27,0.27,0.671,0.202,0.192,0.472,0.862,0.401,-0.01,0.39,Improvement,64,3448
190393,Corentin Tolisso,Midfield,Central Midfield,France,2023-24,2024-25,29,30,Olympique Lyon,Olympique Lyon,1752,2333,2,7,1,7,3,14,0.103,0.27,0.051,0.27,0.154,0.54,0.167,0.219,0.386,Improvement,65,3447
296397,Arne Maier,Midfield,Central Midfield,Germany,2020-21,2021-22,22,23,"Arminia Bielefeld, Hertha BSC",FC Augsburg,1067,1872,0,1,0,7,0,8,0,0.048,0,0.337,0,0.385,0.048,0.337,0.385,Improvement,66,3446
358166,Eldor Shomurodov,Attack,Centre-Forward,Uzbekistan,2022-23,2023-24,28,29,"Associazione Sportiva Roma, Spezia Calcio",Cagliari Calcio,922,933,1,3,1,3,2,6,0.098,0.289,0.098,0.289,0.195,0.579,0.191,0.191,0.384,Improvement,67,3445
573775,Hugo Duro,Attack,Centre-Forward,Spain,2022-23,2023-24,23,24,Valencia CF,Valencia CF,1376,2996,1,13,1,4,2,17,0.065,0.391,0.065,0.12,0.131,0.511,0.326,0.055,0.38,Improvement,68,3444
289835,Jens Stage,Midfield,Central Midfield,Denmark,2023-24,2024-25,27,28,SV Werder Bremen,SV Werder Bremen,2336,2210,3,10,3,5,6,15,0.116,0.407,0.116,0.204,0.231,0.611,0.291,0.088,0.38,Improvement,69,3443
411295,Raphinha,Attack,Left Winger,Brazil,2022-23,2023-24,26,27,FC Barcelona,FC Barcelona,2084,1371,7,6,7,9,14,15,0.302,0.394,0.302,0.591,0.605,0.985,0.092,0.289,0.38,Improvement,70,3442
422460,Dani Gómez,Attack,Centre-Forward,Spain,2020-21,2021-22,22,23,Levante UD,Levante UD,1665,1059,2,4,2,3,4,7,0.108,0.34,0.108,0.255,0.216,0.595,0.232,0.147,0.379,Improvement,71,3441
709187,Nico Williams,Attack,Left Winger,Spain,2022-23,2023-24,20,21,Athletic Bilbao,Athletic Bilbao,2676,2282,6,5,5,14,11,19,0.202,0.197,0.168,0.552,0.37,0.749,-0.005,0.384,0.379,Improvement,72,3440
242086,Patrik Schick,Attack,Centre-Forward,Czech Republic,2022-23,2023-24,27,28,Bayer 04 Leverkusen,Bayer 04 Leverkusen,941,1065,3,7,1,2,4,9,0.287,0.592,0.096,0.169,0.383,0.761,0.305,0.073,0.378,Improvement,73,3439
598577,Florian Wirtz,Midfield,Attacking Midfield,Germany,2020-21,2021-22,18,19,Bayer 04 Leverkusen,Bayer 04 Leverkusen,2229,1863,5,7,6,10,11,17,0.202,0.338,0.242,0.483,0.444,0.821,0.136,0.241,0.377,Improvement,74,3438
278332,Florian Neuhaus,Midfield,Central Midfield,Germany,2022-23,2023-24,26,27,Borussia Mönchengladbach,Borussia Mönchengladbach,1410,1229,1,4,0,2,1,6,0.064,0.293,0,0.146,0.064,0.439,0.229,0.146,0.375,Improvement,75,3437
371998,Vinicius Junior,Attack,Left Winger,Brazil,2022-23,2023-24,22,23,Real Madrid,Real Madrid,2833,1875,10,15,10,6,20,21,0.318,0.72,0.318,0.288,0.635,1.008,0.402,-0.03,0.373,Improvement,76,3436
131505,Rodrigo,Attack,Centre-Forward,Spain,2021-22,2022-23,31,32,Leeds United,Leeds United,2270,1943,6,13,1,1,7,14,0.238,0.602,0.04,0.046,0.278,0.648,0.364,0.006,0.37,Improvement,77,3435
709187,Nico Williams,Attack,Left Winger,Spain,2021-22,2022-23,19,20,Athletic Bilbao,Athletic Bilbao,1324,2676,0,6,0,5,0,11,0,0.202,0,0.168,0,0.37,0.202,0.168,0.37,Improvement,78,3434
370846,Timothy Weah,Midfield,Right Midfield,United States,2023-24,2024-25,24,25,Juventus FC,Juventus FC,1248,1638,0,5,1,3,1,8,0,0.275,0.072,0.165,0.072,0.44,0.275,0.093,0.368,Improvement,79,3433
349066,Alexander Isak,Attack,Centre-Forward,Sweden,2021-22,2022-23,22,23,Real Sociedad,"Newcastle United, Real Sociedad",2157,1680,6,11,2,2,8,13,0.25,0.589,0.083,0.107,0.334,0.696,0.339,0.024,0.362,Improvement,80,3432
282388,Giovanni Simeone,Attack,Centre-Forward,Argentina,2020-21,2021-22,25,26,Cagliari Calcio,"Cagliari Calcio, Hellas Verona",1742,2672,6,17,2,6,8,23,0.31,0.573,0.103,0.202,0.413,0.775,0.263,0.099,0.362,Improvement,81,3431
191614,Fred,Midfield,Central Midfield,Brazil,2020-21,2021-22,28,29,Manchester United,Manchester United,2396,2035,1,4,0,5,1,9,0.038,0.177,0,0.221,0.038,0.398,0.139,0.221,0.36,Improvement,82,3430
209212,Solly March,Attack,Right Winger,England,2021-22,2022-23,27,28,Brighton & Hove Albion,Brighton & Hove Albion,1740,2728,0,7,2,7,2,14,0,0.231,0.103,0.231,0.103,0.462,0.231,0.128,0.359,Improvement,83,3429
398184,Ferran Torres,Attack,Centre-Forward,Spain,2022-23,2023-24,23,24,FC Barcelona,FC Barcelona,1382,1204,4,7,2,3,6,10,0.26,0.523,0.13,0.224,0.391,0.748,0.263,0.094,0.357,Improvement,84,3428
238407,Alexander Sørloth,Attack,Centre-Forward,Norway,2021-22,2022-23,26,27,Real Sociedad,"RB Leipzig, Real Sociedad",1760,2403,4,12,0,3,4,15,0.205,0.449,0,0.112,0.205,0.562,0.244,0.112,0.357,Improvement,85,3427
395237,Maxence Caqueret,Midfield,Central Midfield,France,2021-22,2022-23,22,23,Olympique Lyon,Olympique Lyon,2333,2778,0,4,0,7,0,11,0,0.13,0,0.227,0,0.356,0.13,0.227,0.356,Improvement,86,3426
51471,Mateo Kovacic,Midfield,Central Midfield,Croatia,2020-21,2021-22,27,28,Chelsea FC,Chelsea FC,1818,1556,0,2,1,5,1,7,0,0.116,0.05,0.289,0.05,0.405,0.116,0.239,0.355,Improvement,87,3425
96341,Romelu Lukaku,Attack,Centre-Forward,Belgium,2021-22,2022-23,29,30,Chelsea FC,Inter Milan,1586,1664,8,10,1,6,9,16,0.454,0.541,0.057,0.325,0.511,0.865,0.087,0.268,0.354,Improvement,88,3424
368482,Riccardo Orsolini,Attack,Right Winger,Italy,2023-24,2024-25,27,28,Bologna Football Club 1909,Bologna Football Club 1909,1791,1886,10,15,2,5,12,20,0.503,0.716,0.101,0.239,0.603,0.954,0.213,0.138,0.351,Improvement,89,3423
616341,Nuno Mendes,Defender,Left-Back,Portugal,2021-22,2022-23,20,21,Paris Saint-Germain,Paris Saint-Germain,1654,1554,0,1,1,6,1,7,0,0.058,0.054,0.347,0.054,0.405,0.058,0.293,0.351,Improvement,90,3422
365108,Dan Ndoye,Attack,Right Winger,Switzerland,2023-24,2024-25,23,24,Bologna Football Club 1909,Bologna Football Club 1909,1776,2151,1,8,2,4,3,12,0.051,0.335,0.101,0.167,0.152,0.502,0.284,0.066,0.35,Improvement,91,3421
181382,Abdoulaye Touré,Midfield,Defensive Midfield,Guinea,2023-24,2024-25,30,31,Le Havre AC,Le Havre AC,2288,2331,2,10,0,1,2,11,0.079,0.386,0,0.039,0.079,0.425,0.307,0.039,0.346,Improvement,92,3420
369081,Federico Valverde,Midfield,Central Midfield,Uruguay,2021-22,2022-23,23,24,Real Madrid,Real Madrid,1833,2510,0,7,1,4,1,11,0,0.251,0.049,0.143,0.049,0.394,0.251,0.094,0.345,Improvement,93,3419
203853,Oleksandr Zinchenko,Defender,Left-Back,Ukraine,2020-21,2021-22,24,25,Manchester City,Manchester City,1474,1044,0,0,0,4,0,4,0,0,0,0.345,0,0.345,0,0.345,0.345,Improvement,94,3418
297070,Hamari Traoré,Defender,Right-Back,Mali,2020-21,2021-22,29,30,Stade Rennais FC,Stade Rennais FC,3003,2898,1,3,1,10,2,13,0.03,0.093,0.03,0.311,0.06,0.404,0.063,0.281,0.344,Improvement,95,3417
153084,Leon Goretzka,Midfield,Central Midfield,Germany,2022-23,2023-24,28,29,Bayern Munich,Bayern Munich,1737,2243,3,6,2,9,5,15,0.155,0.241,0.104,0.361,0.259,0.602,0.086,0.257,0.343,Improvement,96,3416
418659,Amine Gouiri,Attack,Centre-Forward,Algeria,2023-24,2024-25,24,25,Stade Rennais FC,"Olympique Marseille, Stade Rennais FC",2077,2089,7,13,3,5,10,18,0.303,0.56,0.13,0.215,0.433,0.775,0.257,0.085,0.342,Improvement,97,3415
298976,Borja Mayoral,Attack,Centre-Forward,Spain,2022-23,2023-24,26,27,Getafe CF,Getafe CF,2776,2165,8,15,2,1,10,16,0.259,0.624,0.065,0.042,0.324,0.665,0.365,-0.023,0.341,Improvement,98,3414
167727,Andrea Belotti,Attack,Centre-Forward,Italy,2022-23,2023-24,29,30,Associazione Sportiva Roma,"ACF Fiorentina, Associazione Sportiva Roma",1136,1626,0,6,2,3,2,9,0,0.332,0.158,0.166,0.158,0.498,0.332,0.008,0.34,Improvement,99,3413
356141,Daichi Kamada,Midfield,Attacking Midfield,Japan,2021-22,2022-23,25,26,Eintracht Frankfurt,Eintracht Frankfurt,2145,2271,4,9,3,7,7,16,0.168,0.357,0.126,0.277,0.294,0.634,0.189,0.151,0.34,Improvement,100,3412
324795,Mahdi Camara,Midfield,Central Midfield,France,2022-23,2023-24,25,26,Stade Brestois 29,Stade Brestois 29,1826,2038,2,7,1,4,3,11,0.099,0.309,0.049,0.177,0.148,0.486,0.21,0.128,0.338,Improvement,101,3411
44136,Domenico Criscito,Defender,Left-Back,Italy,2020-21,2021-22,34,35,Genoa CFC,Genoa CFC,1726,1620,1,6,0,1,1,7,0.052,0.333,0,0.056,0.052,0.389,0.281,0.056,0.337,Improvement,102,3410
338425,Álex Berenguer,Attack,Left Winger,Spain,2022-23,2023-24,27,28,Athletic Bilbao,Athletic Bilbao,2301,1580,4,7,2,3,6,10,0.156,0.399,0.078,0.171,0.235,0.57,0.243,0.093,0.335,Improvement,103,3409
445939,Omar Marmoush,Attack,Centre-Forward,Egypt,2022-23,2023-24,24,25,VfL Wolfsburg,Eintracht Frankfurt,1478,2313,5,12,1,6,6,18,0.304,0.467,0.061,0.233,0.365,0.7,0.163,0.172,0.335,Improvement,104,3408
94529,Stephan El Shaarawy,Attack,Left Winger,Italy,2021-22,2022-23,29,30,Associazione Sportiva Roma,Associazione Sportiva Roma,1048,1520,3,7,0,3,3,10,0.258,0.414,0,0.178,0.258,0.592,0.156,0.178,0.334,Improvement,105,3407
425918,Jakub Kiwior,Defender,Centre-Back,Poland,2022-23,2023-24,23,24,"Arsenal FC, Spezia Calcio",Arsenal FC,1874,945,1,1,0,3,1,4,0.048,0.095,0,0.286,0.048,0.381,0.047,0.286,0.333,Improvement,106,3406
112935,Mark Uth,Attack,Centre-Forward,Germany,2020-21,2021-22,29,30,FC Schalke 04,1.FC Köln,1497,2042,3,5,1,8,4,13,0.18,0.22,0.06,0.353,0.24,0.573,0.04,0.293,0.333,Improvement,107,3405
584769,Dwight McNeil,Attack,Left Winger,England,2021-22,2022-23,22,23,Burnley FC,Everton FC,3112,2499,0,7,1,3,1,10,0,0.252,0.029,0.108,0.029,0.36,0.252,0.079,0.331,Improvement,108,3404
199369,Sandro Ramírez,Attack,Centre-Forward,Spain,2023-24,2024-25,28,29,UD Las Palmas,UD Las Palmas,1819,2046,1,9,3,3,4,12,0.049,0.396,0.148,0.132,0.198,0.528,0.347,-0.016,0.33,Improvement,109,3403
288318,Adrián Embarba,Attack,Right Winger,Spain,2021-22,2022-23,30,31,RCD Espanyol Barcelona,"RCD Espanyol Barcelona, UD Almería",1998,1507,0,4,2,3,2,7,0,0.239,0.09,0.179,0.09,0.418,0.239,0.089,0.328,Improvement,110,3402
91845,Heung-min Son,Attack,Left Winger,"Korea, South",2022-23,2023-24,30,31,Tottenham Hotspur,Tottenham Hotspur,2899,2948,10,17,6,10,16,27,0.31,0.519,0.186,0.305,0.497,0.824,0.209,0.119,0.327,Improvement,111,3401
277114,Jason Denayer,Defender,Centre-Back,Belgium,2020-21,2021-22,26,27,Olympique Lyon,Olympique Lyon,2619,1001,1,3,0,1,1,4,0.034,0.27,0,0.09,0.034,0.36,0.236,0.09,0.326,Improvement,112,3400
206050,Paulo Dybala,Attack,Second Striker,Argentina,2021-22,2022-23,28,29,Juventus FC,Associazione Sportiva Roma,2072,1749,10,12,5,7,15,19,0.434,0.617,0.217,0.36,0.652,0.978,0.183,0.143,0.326,Improvement,113,3399
221316,Lucas Vázquez,Defender,Right-Back,Spain,2021-22,2022-23,30,31,Real Madrid,Real Madrid,1835,1141,3,4,0,2,3,6,0.147,0.316,0,0.158,0.147,0.473,0.169,0.158,0.326,Improvement,114,3398
344888,Habib Diallo,Attack,Centre-Forward,Senegal,2020-21,2021-22,26,27,"FC Metz, RC Strasbourg Alsace",RC Strasbourg Alsace,2474,1536,9,11,3,2,12,13,0.327,0.645,0.109,0.117,0.437,0.762,0.318,0.008,0.325,Improvement,115,3397
186186,Bobby De Cordova-Reid,Midfield,Attacking Midfield,Jamaica,2022-23,2023-24,30,31,Fulham FC,Fulham FC,2485,1423,4,6,1,2,5,8,0.145,0.379,0.036,0.126,0.181,0.506,0.234,0.09,0.325,Improvement,116,3396
256429,Sergi Guardiola,Attack,Centre-Forward,Spain,2020-21,2021-22,30,31,Real Valladolid CF,Rayo Vallecano,1793,1714,1,8,3,2,4,10,0.05,0.42,0.151,0.105,0.201,0.525,0.37,-0.046,0.324,Improvement,117,3395
314875,Jarrod Bowen,Attack,Right Winger,England,2022-23,2023-24,26,27,West Ham United,West Ham United,3237,3022,6,16,6,6,12,22,0.167,0.477,0.167,0.179,0.334,0.655,0.31,0.012,0.321,Improvement,118,3394
340205,Gorka Guruzeta,Attack,Centre-Forward,Spain,2022-23,2023-24,26,27,Athletic Bilbao,Athletic Bilbao,1421,2241,6,14,1,5,7,19,0.38,0.562,0.063,0.201,0.443,0.763,0.182,0.138,0.32,Improvement,119,3393
199527,Jacob Murphy,Attack,Right Winger,England,2022-23,2023-24,28,29,Newcastle United,Newcastle United,1243,1193,4,3,2,7,6,10,0.29,0.226,0.145,0.528,0.434,0.754,-0.064,0.383,0.32,Improvement,120,3392
372711,Amine Harit,Attack,Left Winger,Morocco,2020-21,2021-22,24,25,FC Schalke 04,Olympique Marseille,2113,1166,2,4,5,4,7,8,0.085,0.309,0.213,0.309,0.298,0.617,0.224,0.096,0.319,Improvement,121,3391
152963,Florian Niederlechner,Attack,Centre-Forward,Germany,2020-21,2021-22,30,31,FC Augsburg,FC Augsburg,1745,1151,5,5,4,5,9,10,0.258,0.391,0.206,0.391,0.464,0.782,0.133,0.185,0.318,Improvement,122,3390
292246,Hee-chan Hwang,Attack,Centre-Forward,"Korea, South",2022-23,2023-24,27,28,Wolverhampton Wanderers,Wolverhampton Wanderers,1127,2124,3,12,1,3,4,15,0.24,0.508,0.08,0.127,0.319,0.636,0.268,0.047,0.317,Improvement,123,3389
131789,Roberto Firmino,Attack,Centre-Forward,Brazil,2020-21,2021-22,29,30,Liverpool FC,Liverpool FC,2852,985,9,5,7,4,16,9,0.284,0.457,0.221,0.365,0.505,0.822,0.173,0.144,0.317,Improvement,124,3388
459128,Marco Brescianini,Midfield,Central Midfield,Italy,2023-24,2024-25,24,25,Frosinone Calcio,Atalanta BC,2322,983,4,4,2,2,6,6,0.155,0.366,0.078,0.183,0.233,0.549,0.211,0.105,0.316,Improvement,125,3387
330659,Justin Kluivert,Midfield,Attacking Midfield,Netherlands,2023-24,2024-25,25,26,AFC Bournemouth,AFC Bournemouth,1935,2356,7,12,1,6,8,18,0.326,0.458,0.047,0.229,0.372,0.688,0.132,0.182,0.316,Improvement,126,3386
156617,Marcelo Brozović,Midfield,Defensive Midfield,Croatia,2021-22,2022-23,29,30,Inter Milan,Inter Milan,2949,1769,2,3,1,5,3,8,0.061,0.153,0.031,0.254,0.092,0.407,0.092,0.223,0.315,Improvement,127,3385
182913,Adrien Rabiot,Midfield,Central Midfield,France,2021-22,2022-23,27,28,Juventus FC,Juventus FC,2292,2751,0,8,2,4,2,12,0,0.262,0.079,0.131,0.079,0.393,0.262,0.052,0.314,Improvement,128,3384
533738,Jonathan David,Attack,Centre-Forward,Canada,2021-22,2022-23,22,23,LOSC Lille,LOSC Lille,2812,3179,15,24,0,4,15,28,0.48,0.679,0,0.113,0.48,0.793,0.199,0.113,0.313,Improvement,129,3383
251878,Aarón Martín,Defender,Left-Back,Spain,2021-22,2022-23,25,26,1.FSV Mainz 05,1.FSV Mainz 05,2296,1846,1,5,1,3,2,8,0.039,0.244,0.039,0.146,0.078,0.39,0.205,0.107,0.312,Improvement,130,3382
314678,Brahim Díaz,Attack,Right Winger,Morocco,2021-22,2022-23,22,23,AC Milan,AC Milan,1871,1946,3,6,3,7,6,13,0.144,0.277,0.144,0.324,0.289,0.601,0.133,0.18,0.312,Improvement,131,3381
372712,Ibrahima Sissoko,Midfield,Defensive Midfield,Mali,2020-21,2021-22,23,24,RC Strasbourg Alsace,RC Strasbourg Alsace,2584,2307,0,2,0,6,0,8,0,0.078,0,0.234,0,0.312,0.078,0.234,0.312,Improvement,132,3380
284732,Ramy Bensebaini,Defender,Centre-Back,Algeria,2023-24,2024-25,29,30,Borussia Dortmund,Borussia Dortmund,1030,2023,0,1,0,6,0,7,0,0.044,0,0.267,0,0.311,0.044,0.267,0.311,Improvement,133,3379
292818,Jonathan Bamba,Attack,Left Winger,Cote d'Ivoire,2021-22,2022-23,26,27,LOSC Lille,LOSC Lille,2444,2789,1,6,2,7,3,13,0.037,0.194,0.074,0.226,0.11,0.42,0.157,0.152,0.31,Improvement,134,3378
333647,Jonathan Burkardt,Attack,Centre-Forward,Germany,2023-24,2024-25,23,24,1.FSV Mainz 05,1.FSV Mainz 05,1543,2125,8,18,2,3,10,21,0.467,0.762,0.117,0.127,0.583,0.889,0.295,0.01,0.306,Improvement,135,3377
67556,Milan Djuric,Attack,Centre-Forward,Bosnia-Herzegovina,2022-23,2023-24,33,34,Hellas Verona,"AC Monza, Hellas Verona",1362,2464,1,9,1,3,2,12,0.066,0.329,0.066,0.11,0.132,0.438,0.263,0.044,0.306,Improvement,136,3376
480692,Luis Díaz,Attack,Left Winger,Colombia,2023-24,2024-25,27,28,Liverpool FC,Liverpool FC,2646,2413,8,13,5,7,13,20,0.272,0.485,0.17,0.261,0.442,0.746,0.213,0.091,0.304,Improvement,137,3375
315969,Scott McTominay,Midfield,Central Midfield,Scotland,2022-23,2023-24,26,27,Manchester United,Manchester United,1151,1892,1,7,0,1,1,8,0.078,0.333,0,0.048,0.078,0.381,0.255,0.048,0.303,Improvement,138,3374
316264,Martin Ødegaard,Midfield,Attacking Midfield,Norway,2021-22,2022-23,23,24,Arsenal FC,Arsenal FC,2793,3150,7,15,4,8,11,23,0.226,0.429,0.129,0.229,0.354,0.657,0.203,0.1,0.303,Improvement,139,3373
111455,Granit Xhaka,Midfield,Defensive Midfield,Switzerland,2021-22,2022-23,29,30,Arsenal FC,Arsenal FC,2331,3004,1,7,2,7,3,14,0.039,0.21,0.077,0.21,0.116,0.419,0.171,0.133,0.303,Improvement,140,3372
35207,Marco Reus,Midfield,Attacking Midfield,Germany,2020-21,2021-22,32,33,Borussia Dortmund,Borussia Dortmund,2293,2514,8,9,8,17,16,26,0.314,0.322,0.314,0.609,0.628,0.931,0.008,0.295,0.303,Improvement,141,3371
342229,Kylian Mbappé,Attack,Centre-Forward,France,2022-23,2023-24,24,25,Paris Saint-Germain,Paris Saint-Germain,2822,2159,29,27,6,7,35,34,0.925,1.126,0.191,0.292,1.116,1.417,0.201,0.101,0.301,Improvement,142,3370
318528,Marcus Thuram,Attack,Centre-Forward,France,2021-22,2022-23,24,25,Borussia Mönchengladbach,Borussia Mönchengladbach,953,2518,3,13,1,6,4,19,0.283,0.465,0.094,0.214,0.378,0.679,0.182,0.12,0.301,Improvement,143,3369
463618,Khéphren Thuram,Midfield,Central Midfield,France,2023-24,2024-25,23,24,OGC Nice,Juventus FC,2114,2329,1,4,1,6,2,10,0.043,0.155,0.043,0.232,0.085,0.386,0.112,0.189,0.301,Improvement,144,3368
424072,Mathias Pereira Lage,Attack,Left Winger,Portugal,2020-21,2021-22,24,25,Angers SCO,Angers SCO,1472,1039,4,4,1,3,5,7,0.245,0.346,0.061,0.26,0.306,0.606,0.101,0.199,0.3,Improvement,145,3367
94529,Stephan El Shaarawy,Attack,Left Winger,Italy,2023-24,2024-25,31,32,Associazione Sportiva Roma,Associazione Sportiva Roma,1740,1089,3,3,4,5,7,8,0.155,0.248,0.207,0.413,0.362,0.661,0.093,0.206,0.299,Improvement,146,3366
288225,Ludovic Blas,Midfield,Right Midfield,France,2023-24,2024-25,26,27,Stade Rennais FC,Stade Rennais FC,1564,2302,4,6,1,9,5,15,0.23,0.235,0.058,0.352,0.288,0.586,0.005,0.294,0.298,Improvement,147,3365
538874,Terem Moffi,Attack,Centre-Forward,Nigeria,2021-22,2022-23,23,24,FC Lorient,"FC Lorient, OGC Nice",2735,2730,8,18,4,3,12,21,0.263,0.593,0.132,0.099,0.395,0.692,0.33,-0.033,0.297,Improvement,148,3364
131275,Choco Lozano,Attack,Centre-Forward,Honduras,2020-21,2021-22,28,29,Cádiz CF,Cádiz CF,1525,1675,3,7,2,4,5,11,0.177,0.376,0.118,0.215,0.295,0.591,0.199,0.097,0.296,Improvement,149,3363
243714,Kingsley Coman,Attack,Left Winger,France,2021-22,2022-23,26,27,Bayern Munich,Bayern Munich,1369,1419,6,8,3,6,9,14,0.394,0.507,0.197,0.381,0.592,0.888,0.113,0.184,0.296,Improvement,150,3362
636703,Fermín López,Midfield,Attacking Midfield,Spain,2023-24,2024-25,21,22,FC Barcelona,FC Barcelona,1444,1245,8,6,0,5,8,11,0.499,0.434,0,0.361,0.499,0.795,-0.065,0.361,0.296,Improvement,151,3361
319859,Mathias Jensen,Midfield,Central Midfield,Denmark,2021-22,2022-23,26,27,Brentford FC,Brentford FC,1600,2831,0,5,1,6,1,11,0,0.159,0.056,0.191,0.056,0.35,0.159,0.135,0.294,Improvement,152,3360
131789,Roberto Firmino,Attack,Centre-Forward,Brazil,2021-22,2022-23,30,31,Liverpool FC,Liverpool FC,985,1212,5,11,4,4,9,15,0.457,0.817,0.365,0.297,0.822,1.114,0.36,-0.068,0.292,Improvement,153,3359
270411,Saîf-Eddine Khaoui,Midfield,Attacking Midfield,Tunisia,2021-22,2022-23,27,28,Clermont Foot 63,Clermont Foot 63,923,2034,1,7,1,4,2,11,0.098,0.31,0.098,0.177,0.195,0.487,0.212,0.079,0.292,Improvement,154,3358
46580,Andrej Kramaric,Attack,Second Striker,Croatia,2022-23,2023-24,32,33,TSG 1899 Hoffenheim,TSG 1899 Hoffenheim,2393,2207,12,15,3,6,15,21,0.451,0.612,0.113,0.245,0.564,0.856,0.161,0.132,0.292,Improvement,155,3357
598577,Florian Wirtz,Midfield,Attacking Midfield,Germany,2022-23,2023-24,20,21,Bayer 04 Leverkusen,Bayer 04 Leverkusen,1091,2384,1,11,6,12,7,23,0.082,0.415,0.495,0.453,0.577,0.868,0.333,-0.042,0.291,Improvement,156,3356
735571,Rodrigo Muniz,Attack,Centre-Forward,Brazil,2023-24,2024-25,23,24,Fulham FC,Fulham FC,1599,950,9,8,1,1,10,9,0.507,0.758,0.056,0.095,0.563,0.853,0.251,0.039,0.29,Improvement,157,3355
324358,Ollie Watkins,Attack,Centre-Forward,England,2022-23,2023-24,27,28,Aston Villa,Aston Villa,3136,3226,15,19,6,13,21,32,0.43,0.53,0.172,0.363,0.603,0.893,0.1,0.191,0.29,Improvement,158,3354
202886,Ruben Loftus-Cheek,Midfield,Central Midfield,England,2022-23,2023-24,27,28,Chelsea FC,AC Milan,1542,2081,0,6,1,2,1,8,0,0.259,0.058,0.086,0.058,0.346,0.259,0.028,0.288,Improvement,159,3353
193033,Tim Kleindienst,Attack,Centre-Forward,Germany,2023-24,2024-25,28,29,1. Fußballclub Heidenheim 1846,Borussia Mönchengladbach,2878,2745,12,16,5,9,17,25,0.375,0.525,0.156,0.295,0.532,0.82,0.15,0.139,0.288,Improvement,160,3352
469781,Marcos Senesi,Defender,Centre-Back,Argentina,2022-23,2023-24,26,27,AFC Bournemouth,AFC Bournemouth,2495,2247,2,4,0,5,2,9,0.072,0.16,0,0.2,0.072,0.36,0.088,0.2,0.288,Improvement,161,3351
414908,Marshall Munetsi,Midfield,Central Midfield,Zimbabwe,2020-21,2021-22,25,26,Stade Reims,Stade Reims,1928,1885,1,5,0,2,1,7,0.047,0.239,0,0.095,0.047,0.334,0.192,0.095,0.287,Improvement,162,3350
318204,David Raum,Defender,Left-Back,Germany,2022-23,2023-24,25,26,RB Leipzig,RB Leipzig,1688,2745,0,2,2,10,2,12,0,0.066,0.107,0.328,0.107,0.393,0.066,0.221,0.286,Improvement,163,3349
89701,Charles Aránguiz,Midfield,Central Midfield,Chile,2020-21,2021-22,32,33,Bayer 04 Leverkusen,Bayer 04 Leverkusen,1674,1575,0,1,0,4,0,5,0,0.057,0,0.229,0,0.286,0.057,0.229,0.286,Improvement,164,3348
69633,Christian Eriksen,Midfield,Attacking Midfield,Denmark,2020-21,2021-22,29,30,Inter Milan,Brentford FC,1390,938,3,1,0,4,3,5,0.194,0.096,0,0.384,0.194,0.48,-0.098,0.384,0.286,Improvement,165,3347
327251,Ridle Baku,Defender,Right-Back,Germany,2023-24,2024-25,26,27,VfL Wolfsburg,"RB Leipzig, VfL Wolfsburg",2014,2453,1,4,0,5,1,9,0.045,0.147,0,0.183,0.045,0.33,0.102,0.183,0.285,Improvement,166,3346
266359,Benjamin Bourigeaud,Midfield,Central Midfield,France,2020-21,2021-22,27,28,Stade Rennais FC,Stade Rennais FC,2558,3216,6,11,5,13,11,24,0.211,0.308,0.176,0.364,0.387,0.672,0.097,0.188,0.285,Improvement,167,3345
122153,Paul Pogba,Midfield,Central Midfield,France,2020-21,2021-22,28,29,Manchester United,Manchester United,1896,1354,3,1,5,9,8,10,0.142,0.066,0.237,0.598,0.38,0.665,-0.076,0.361,0.285,Improvement,168,3344
602105,Antony,Attack,Right Winger,Brazil,2023-24,2024-25,24,25,Manchester United,"Manchester United, Real Betis Balompié",1323,1500,1,5,1,2,2,7,0.068,0.3,0.068,0.12,0.136,0.42,0.232,0.052,0.284,Improvement,169,3343
424784,Luis Suárez,Attack,Centre-Forward,Colombia,2021-22,2022-23,24,25,Granada CF,"Olympique Marseille, UD Almería",2855,1770,8,7,4,6,12,13,0.252,0.356,0.126,0.305,0.378,0.661,0.104,0.179,0.283,Improvement,170,3342
487469,Vitinha,Midfield,Defensive Midfield,Portugal,2022-23,2023-24,23,24,Paris Saint-Germain,Paris Saint-Germain,2460,2129,2,7,3,4,5,11,0.073,0.296,0.11,0.169,0.183,0.465,0.223,0.059,0.282,Improvement,171,3341
571020,Oihan Sancet,Midfield,Attacking Midfield,Spain,2020-21,2021-22,21,22,Athletic Bilbao,Athletic Bilbao,1032,1427,2,6,2,4,4,10,0.174,0.378,0.174,0.252,0.349,0.631,0.204,0.078,0.282,Improvement,172,3340
354361,Frank Anguissa,Midfield,Central Midfield,Cameroon,2023-24,2024-25,28,29,SSC Napoli,SSC Napoli,2793,2858,0,6,2,5,2,11,0,0.189,0.064,0.157,0.064,0.346,0.189,0.093,0.282,Improvement,173,3339
283497,Mathias Honsak,Attack,Left Winger,Austria,2023-24,2024-25,27,28,SV Darmstadt 98,1. Fußballclub Heidenheim 1846,1014,1176,1,5,1,1,2,6,0.089,0.383,0.089,0.077,0.178,0.459,0.294,-0.012,0.281,Improvement,174,3338
342405,Mattias Svanberg,Midfield,Central Midfield,Sweden,2021-22,2022-23,23,24,Bologna Football Club 1909,VfL Wolfsburg,2574,1834,3,4,3,6,6,10,0.105,0.196,0.105,0.294,0.21,0.491,0.091,0.189,0.281,Improvement,175,3337
357662,Declan Rice,Midfield,Central Midfield,England,2022-23,2023-24,24,25,West Ham United,Arsenal FC,3272,3231,4,7,2,9,6,16,0.11,0.195,0.055,0.251,0.165,0.446,0.085,0.196,0.281,Improvement,176,3336
901019,Neil El Aynaoui,Midfield,Central Midfield,Morocco,2023-24,2024-25,22,23,RC Lens,RC Lens,1568,1587,1,8,3,1,4,9,0.057,0.454,0.172,0.057,0.23,0.51,0.397,-0.115,0.28,Improvement,177,3335
48298,Lars Stindl,Midfield,Attacking Midfield,Germany,2021-22,2022-23,33,34,Borussia Mönchengladbach,Borussia Mönchengladbach,1635,1742,4,8,5,7,9,15,0.22,0.413,0.275,0.362,0.495,0.775,0.193,0.087,0.28,Improvement,178,3334
309944,Tyronne Ebuehi,Defender,Right-Back,Nigeria,2021-22,2022-23,26,27,Venezia FC,FC Empoli,1142,1928,0,2,0,4,0,6,0,0.093,0,0.187,0,0.28,0.093,0.187,0.28,Improvement,179,3333
225593,Pere Milla,Attack,Left Winger,Spain,2020-21,2021-22,28,29,Elche CF,Elche CF,1937,1639,4,8,3,3,7,11,0.186,0.439,0.139,0.165,0.325,0.604,0.253,0.026,0.279,Improvement,180,3332
170986,Raphaël Guerreiro,Defender,Left-Back,Portugal,2021-22,2022-23,28,29,Borussia Dortmund,Borussia Dortmund,1804,2296,4,4,3,12,7,16,0.2,0.157,0.15,0.47,0.349,0.627,-0.043,0.32,0.278,Improvement,181,3331
659542,Elye Wahi,Attack,Centre-Forward,Cote d'Ivoire,2021-22,2022-23,19,20,Montpellier HSC,Montpellier HSC,1766,2531,10,19,2,6,12,25,0.51,0.676,0.102,0.213,0.612,0.889,0.166,0.111,0.277,Improvement,182,3330
67063,Danny Welbeck,Attack,Centre-Forward,England,2023-24,2024-25,33,34,Brighton & Hove Albion,Brighton & Hove Albion,1703,2121,5,10,1,4,6,14,0.264,0.424,0.053,0.17,0.317,0.594,0.16,0.117,0.277,Improvement,183,3329
550550,Gonçalo Ramos,Attack,Centre-Forward,Portugal,2023-24,2024-25,23,24,Paris Saint-Germain,Paris Saint-Germain,1420,1063,11,10,2,3,13,13,0.697,0.847,0.127,0.254,0.824,1.101,0.15,0.127,0.277,Improvement,184,3328
397033,Sandro Tonali,Midfield,Defensive Midfield,Italy,2020-21,2021-22,21,22,AC Milan,AC Milan,1336,2607,0,5,0,3,0,8,0,0.173,0,0.104,0,0.276,0.173,0.104,0.276,Improvement,185,3327
171424,Riyad Mahrez,Attack,Right Winger,Algeria,2020-21,2021-22,30,31,Manchester City,Manchester City,1955,1491,9,11,6,5,15,16,0.414,0.664,0.276,0.302,0.691,0.966,0.25,0.026,0.275,Improvement,186,3326
357565,Rodri,Midfield,Defensive Midfield,Spain,2022-23,2023-24,27,28,Manchester City,Manchester City,2921,2938,2,8,6,9,8,17,0.062,0.245,0.185,0.276,0.246,0.521,0.183,0.091,0.275,Improvement,187,3325
126719,Juan Bernat,Defender,Left-Back,Spain,2021-22,2022-23,29,30,Paris Saint-Germain,Paris Saint-Germain,964,1645,0,1,0,4,0,5,0,0.055,0,0.219,0,0.274,0.055,0.219,0.274,Improvement,188,3324
807128,Saïdou Sow,Defender,Centre-Back,Guinea,2020-21,2021-22,18,19,AS Saint-Étienne,AS Saint-Étienne,997,990,0,2,0,1,0,3,0,0.182,0,0.091,0,0.273,0.182,0.091,0.273,Improvement,189,3323
350219,Fabián Ruiz,Midfield,Central Midfield,Spain,2020-21,2021-22,25,26,SSC Napoli,SSC Napoli,2577,2397,3,7,1,4,4,11,0.105,0.263,0.035,0.15,0.14,0.413,0.158,0.115,0.273,Improvement,190,3322
823231,Dango Ouattara,Attack,Right Winger,Burkina Faso,2023-24,2024-25,22,23,AFC Bournemouth,AFC Bournemouth,1220,2011,1,7,2,4,3,11,0.074,0.313,0.148,0.179,0.221,0.492,0.239,0.031,0.271,Improvement,191,3321
229006,Franck Honorat,Attack,Right Winger,France,2023-24,2024-25,27,28,Borussia Mönchengladbach,Borussia Mönchengladbach,2358,1455,3,4,11,9,14,13,0.115,0.247,0.42,0.557,0.534,0.804,0.132,0.137,0.27,Improvement,192,3320
131951,Kevin Lasagna,Attack,Centre-Forward,Italy,2020-21,2021-22,28,29,"Hellas Verona, Udinese Calcio",Hellas Verona,2371,1173,4,2,1,4,5,6,0.152,0.153,0.038,0.307,0.19,0.46,0.001,0.269,0.27,Improvement,193,3319
314678,Brahim Díaz,Attack,Right Winger,Morocco,2022-23,2023-24,23,24,AC Milan,Real Madrid,1946,1551,6,8,7,7,13,15,0.277,0.464,0.324,0.406,0.601,0.87,0.187,0.082,0.269,Improvement,194,3318
51471,Mateo Kovacic,Midfield,Central Midfield,Croatia,2023-24,2024-25,30,31,Manchester City,Manchester City,1548,2203,1,6,0,2,1,8,0.058,0.245,0,0.082,0.058,0.327,0.187,0.082,0.269,Improvement,194,3318
463605,Bafodé Diakité,Defender,Centre-Back,France,2022-23,2023-24,22,23,LOSC Lille,LOSC Lille,2655,1696,3,5,0,2,3,7,0.102,0.265,0,0.106,0.102,0.371,0.163,0.106,0.269,Improvement,195,3317
215876,Ricardo Pereira,Defender,Right-Back,Portugal,2020-21,2021-22,27,28,Leicester City,Leicester City,956,992,0,1,1,3,1,4,0,0.091,0.094,0.272,0.094,0.363,0.091,0.178,0.269,Improvement,196,3316
652275,Hákon Arnar Haraldsson,Midfield,Attacking Midfield,Iceland,2023-24,2024-25,21,22,LOSC Lille,LOSC Lille,1289,1766,2,5,0,3,2,8,0.14,0.255,0,0.153,0.14,0.408,0.115,0.153,0.268,Improvement,197,3315
314875,Jarrod Bowen,Attack,Right Winger,England,2020-21,2021-22,24,25,West Ham United,West Ham United,2577,2993,8,12,5,12,13,24,0.279,0.361,0.175,0.361,0.454,0.722,0.082,0.186,0.268,Improvement,198,3314
565435,Arne Engels,Midfield,Central Midfield,Belgium,2022-23,2023-24,19,20,FC Augsburg,FC Augsburg,1444,1396,0,3,4,5,4,8,0,0.193,0.249,0.322,0.249,0.516,0.193,0.073,0.267,Improvement,199,3313
378139,Aitor Ruibal,Attack,Right Winger,Spain,2022-23,2023-24,27,28,Real Betis Balompié,Real Betis Balompié,1450,1016,0,2,0,1,0,3,0,0.177,0,0.089,0,0.266,0.177,0.089,0.266,Improvement,200,3312
485963,Pape Gueye,Midfield,Central Midfield,Senegal,2021-22,2022-23,23,24,Olympique Marseille,"Olympique Marseille, Sevilla FC",1525,1659,0,2,1,4,1,6,0,0.108,0.059,0.217,0.059,0.325,0.108,0.158,0.266,Improvement,201,3311
532776,Amine Adli,Attack,Left Winger,Morocco,2021-22,2022-23,22,23,Bayer 04 Leverkusen,Bayer 04 Leverkusen,1255,1440,3,5,2,5,5,10,0.215,0.313,0.143,0.313,0.359,0.625,0.098,0.17,0.266,Improvement,202,3310
500689,Evann Guessand,Attack,Right Winger,Cote d'Ivoire,2023-24,2024-25,22,23,OGC Nice,OGC Nice,1540,2575,6,12,2,9,8,21,0.351,0.419,0.117,0.315,0.468,0.734,0.068,0.198,0.266,Improvement,203,3309
676042,Juanlu Sánchez,Defender,Right-Back,Spain,2023-24,2024-25,20,21,Sevilla FC,Sevilla FC,1173,1724,0,4,2,4,2,8,0,0.209,0.153,0.209,0.153,0.418,0.209,0.056,0.265,Improvement,204,3308
378293,Yangel Herrera,Midfield,Central Midfield,Venezuela,2021-22,2022-23,24,25,RCD Espanyol Barcelona,Girona FC,1651,964,1,2,1,2,2,4,0.055,0.187,0.055,0.187,0.109,0.373,0.132,0.132,0.264,Improvement,205,3307
286297,Lorenzo Pellegrini,Midfield,Attacking Midfield,Italy,2022-23,2023-24,27,28,Associazione Sportiva Roma,Associazione Sportiva Roma,2557,1866,4,8,5,4,9,12,0.141,0.386,0.176,0.193,0.317,0.579,0.245,0.017,0.262,Improvement,206,3306
356197,Alfonso Pedraza,Defender,Left-Back,Spain,2020-21,2021-22,25,26,Villarreal CF,Villarreal CF,2103,1703,1,4,4,5,5,9,0.043,0.211,0.171,0.264,0.214,0.476,0.168,0.093,0.262,Improvement,207,3305
937958,Lamine Yamal,Attack,Right Winger,Spain,2023-24,2024-25,16,17,FC Barcelona,FC Barcelona,2196,2864,5,9,7,15,12,24,0.205,0.283,0.287,0.471,0.492,0.754,0.078,0.184,0.262,Improvement,208,3304
100986,Thomas Meunier,Defender,Right-Back,Belgium,2020-21,2021-22,29,30,Borussia Dortmund,Borussia Dortmund,1474,1406,1,2,1,4,2,6,0.061,0.128,0.061,0.256,0.122,0.384,0.067,0.195,0.262,Improvement,209,3303
106872,Kevin Stöger,Midfield,Attacking Midfield,Austria,2022-23,2023-24,29,30,VfL Bochum,VfL Bochum,2608,2678,5,7,3,9,8,16,0.173,0.235,0.104,0.302,0.276,0.538,0.062,0.198,0.262,Improvement,210,3302
255450,Aleksey Miranchuk,Midfield,Attacking Midfield,Russia,2022-23,2023-24,27,28,Torino FC,Atalanta BC,2094,1171,4,3,6,6,10,9,0.172,0.231,0.258,0.461,0.43,0.692,0.059,0.203,0.262,Improvement,211,3301
251302,Niklas Dorsch,Midfield,Defensive Midfield,Germany,2023-24,2024-25,26,27,FC Augsburg,"1. Fußballclub Heidenheim 1846, FC Augsburg",1388,1378,0,2,0,2,0,4,0,0.131,0,0.131,0,0.261,0.131,0.131,0.261,Improvement,212,3300
361093,Sven Botman,Defender,Centre-Back,Netherlands,2022-23,2023-24,23,24,Newcastle United,Newcastle United,3129,1378,0,2,0,2,0,4,0,0.131,0,0.131,0,0.261,0.131,0.131,0.261,Improvement,212,3300
457673,Gabriel Strefezza,Attack,Right Winger,Brazil,2023-24,2024-25,27,28,US Lecce,Como 1907,1117,2635,1,6,0,4,1,10,0.081,0.205,0,0.137,0.081,0.342,0.124,0.137,0.261,Improvement,213,3299
579930,Armand Laurienté,Attack,Left Winger,France,2021-22,2022-23,23,24,FC Lorient,"FC Lorient, US Sassuolo",2493,2459,6,8,2,7,8,15,0.217,0.293,0.072,0.256,0.289,0.549,0.076,0.184,0.26,Improvement,214,3298
348795,Giovani Lo Celso,Midfield,Attacking Midfield,Argentina,2021-22,2022-23,26,27,"Tottenham Hotspur, Villarreal CF",Villarreal CF,1274,1128,1,2,1,3,2,5,0.071,0.16,0.071,0.239,0.141,0.399,0.089,0.168,0.258,Improvement,215,3297
148455,Mohamed Salah,Attack,Right Winger,Egypt,2023-24,2024-25,32,33,Liverpool FC,Liverpool FC,2536,3380,18,29,10,18,28,47,0.639,0.772,0.355,0.479,0.994,1.251,0.133,0.124,0.257,Improvement,216,3296
384859,Fabien Centonze,Defender,Right-Back,France,2020-21,2021-22,25,26,FC Metz,FC Metz,3222,1587,1,4,0,1,1,5,0.028,0.227,0,0.057,0.028,0.284,0.199,0.057,0.256,Improvement,217,3295
451276,Dominik Szoboszlai,Midfield,Attacking Midfield,Hungary,2023-24,2024-25,23,24,Liverpool FC,Liverpool FC,2111,2497,3,6,2,7,5,13,0.128,0.216,0.085,0.252,0.213,0.469,0.088,0.167,0.256,Improvement,218,3294
354814,M'Bala Nzola,Attack,Centre-Forward,Angola,2021-22,2022-23,25,26,Spezia Calcio,Spezia Calcio,1061,2653,2,13,1,2,3,15,0.17,0.441,0.085,0.068,0.254,0.509,0.271,-0.017,0.255,Improvement,219,3293
341264,Fran García,Defender,Left-Back,Spain,2022-23,2023-24,23,24,Rayo Vallecano,Real Madrid,3399,1395,2,1,3,5,5,6,0.053,0.065,0.079,0.323,0.132,0.387,0.012,0.244,0.255,Improvement,220,3292
214775,Óliver Torres,Midfield,Central Midfield,Spain,2020-21,2021-22,26,27,Sevilla FC,Sevilla FC,1394,1005,0,2,3,3,3,5,0,0.179,0.194,0.269,0.194,0.448,0.179,0.075,0.254,Improvement,221,3291
234029,Grischa Prömel,Midfield,Central Midfield,Germany,2022-23,2023-24,28,29,TSG 1899 Hoffenheim,TSG 1899 Hoffenheim,1458,2147,1,4,1,5,2,9,0.062,0.168,0.062,0.21,0.123,0.377,0.106,0.148,0.254,Improvement,222,3290
289182,Christopher Antwi-Adjei,Attack,Left Winger,Ghana,2021-22,2022-23,28,29,VfL Bochum,VfL Bochum,1106,1989,1,3,2,8,3,11,0.081,0.136,0.163,0.362,0.244,0.498,0.055,0.199,0.254,Improvement,223,3289
249565,Youri Tielemans,Midfield,Central Midfield,Belgium,2022-23,2023-24,26,27,Leicester City,Aston Villa,2351,1621,3,2,2,6,5,8,0.115,0.111,0.077,0.333,0.191,0.444,-0.004,0.256,0.253,Improvement,224,3288
620322,Malo Gusto,Defender,Right-Back,France,2022-23,2023-24,20,21,Olympique Lyon,Chelsea FC,1600,1756,0,0,1,6,1,6,0,0,0.056,0.308,0.056,0.308,0,0.252,0.252,Improvement,225,3287
626913,Boulaye Dia,Attack,Centre-Forward,Senegal,2020-21,2021-22,24,25,Stade Reims,Villarreal CF,2947,1268,14,5,1,5,15,10,0.428,0.355,0.031,0.355,0.458,0.71,-0.073,0.324,0.252,Improvement,226,3286
270541,Serhou Guirassy,Attack,Centre-Forward,Guinea,2020-21,2021-22,25,26,Stade Rennais FC,Stade Rennais FC,1766,998,10,9,1,0,11,9,0.51,0.812,0.051,0,0.561,0.812,0.302,-0.051,0.251,Improvement,227,3285
272261,Antonín Barák,Midfield,Attacking Midfield,Czech Republic,2020-21,2021-22,26,27,Hellas Verona,Hellas Verona,2772,2345,7,11,3,4,10,15,0.227,0.422,0.097,0.154,0.325,0.576,0.195,0.057,0.251,Improvement,228,3284
335457,Ermedin Demirovic,Attack,Centre-Forward,Bosnia-Herzegovina,2022-23,2023-24,25,26,FC Augsburg,FC Augsburg,2381,2884,8,15,6,10,14,25,0.302,0.468,0.227,0.312,0.529,0.78,0.166,0.085,0.251,Improvement,229,3283
334526,Denis Zakaria,Midfield,Defensive Midfield,Switzerland,2023-24,2024-25,27,28,AS Monaco,AS Monaco,2142,2148,4,6,0,4,4,10,0.168,0.251,0,0.168,0.168,0.419,0.083,0.168,0.251,Improvement,230,3282
257751,Simone Bastoni,Midfield,Central Midfield,Italy,2021-22,2022-23,25,26,Spezia Calcio,Spezia Calcio,2292,1197,3,2,4,5,7,7,0.118,0.15,0.157,0.376,0.275,0.526,0.032,0.219,0.251,Improvement,231,3281
294057,James Maddison,Midfield,Attacking Midfield,England,2023-24,2024-25,27,28,Tottenham Hotspur,Tottenham Hotspur,2154,1817,4,9,9,7,13,16,0.167,0.446,0.376,0.347,0.543,0.793,0.279,-0.029,0.25,Improvement,232,3280
46413,Ante Budimir,Attack,Centre-Forward,Croatia,2022-23,2023-24,31,32,CA Osasuna,CA Osasuna,1809,2449,8,17,1,2,9,19,0.398,0.625,0.05,0.073,0.448,0.698,0.227,0.023,0.25,Improvement,233,3279
326029,Donyell Malen,Attack,Centre-Forward,Netherlands,2021-22,2022-23,23,24,Borussia Dortmund,Borussia Dortmund,1693,1725,5,9,6,7,11,16,0.266,0.47,0.319,0.365,0.585,0.835,0.204,0.046,0.25,Improvement,234,3278
170527,Timo Werner,Attack,Centre-Forward,Germany,2021-22,2022-23,26,27,Chelsea FC,RB Leipzig,1286,1950,4,9,1,4,5,13,0.28,0.415,0.07,0.185,0.35,0.6,0.135,0.115,0.25,Improvement,235,3277
139435,Dani Rodríguez,Midfield,Attacking Midfield,Spain,2023-24,2024-25,36,37,RCD Mallorca,RCD Mallorca,2634,2175,2,4,4,7,6,11,0.068,0.166,0.137,0.29,0.205,0.455,0.098,0.153,0.25,Improvement,236,3276
285845,Ainsley Maitland-Niles,Defender,Right-Back,England,2022-23,2023-24,25,26,Southampton FC,Olympique Lyon,1404,1432,0,1,1,4,1,5,0,0.063,0.064,0.251,0.064,0.314,0.063,0.187,0.25,Improvement,237,3275
184894,Alfred Duncan,Midfield,Central Midfield,Ghana,2022-23,2023-24,30,31,ACF Fiorentina,ACF Fiorentina,1104,1896,1,2,0,5,1,7,0.082,0.095,0,0.237,0.082,0.332,0.013,0.237,0.25,Improvement,238,3274
199527,Jacob Murphy,Attack,Right Winger,England,2021-22,2022-23,27,28,Newcastle United,Newcastle United,1460,1243,1,4,2,2,3,6,0.062,0.29,0.123,0.145,0.185,0.434,0.228,0.022,0.249,Improvement,239,3273
315779,Christian Pulisic,Attack,Right Winger,United States,2020-21,2021-22,22,23,Chelsea FC,Chelsea FC,1737,1286,4,6,2,2,6,8,0.207,0.42,0.104,0.14,0.311,0.56,0.213,0.036,0.249,Improvement,240,3272
205938,Mario Pašalić,Midfield,Central Midfield,Croatia,2020-21,2021-22,26,27,Atalanta BC,Atalanta BC,1113,2008,6,13,2,7,8,20,0.485,0.583,0.162,0.314,0.647,0.896,0.098,0.152,0.249,Improvement,241,3271
249513,Diego Rico,Defender,Left-Back,Spain,2022-23,2023-24,30,31,Real Sociedad,Getafe CF,1647,2536,0,0,0,7,0,7,0,0,0,0.248,0,0.248,0,0.248,0.248,Improvement,242,3270
459463,Cucho Hernández,Attack,Centre-Forward,Colombia,2020-21,2021-22,22,23,Getafe CF,Watford FC,1474,1141,2,5,3,2,5,7,0.122,0.394,0.183,0.158,0.305,0.552,0.272,-0.025,0.247,Improvement,243,3269
258923,Marcus Rashford,Attack,Left Winger,England,2021-22,2022-23,24,25,Manchester United,Manchester United,1233,2891,4,17,2,5,6,22,0.292,0.529,0.146,0.156,0.438,0.685,0.237,0.01,0.247,Improvement,244,3268
234803,Andrew Robertson,Defender,Left-Back,Scotland,2020-21,2021-22,27,28,Liverpool FC,Liverpool FC,3386,2541,1,3,7,10,8,13,0.027,0.106,0.186,0.354,0.213,0.46,0.079,0.168,0.247,Improvement,245,3267
324690,Jonathan Ikoné,Attack,Right Winger,France,2021-22,2022-23,24,25,"ACF Fiorentina, LOSC Lille",ACF Fiorentina,1718,2007,2,4,1,5,3,9,0.105,0.179,0.052,0.224,0.157,0.404,0.074,0.172,0.247,Improvement,246,3266
198516,Harry Toffolo,Defender,Left-Back,England,2022-23,2023-24,27,28,Nottingham Forest,Nottingham Forest,935,1455,0,1,0,3,0,4,0,0.062,0,0.186,0,0.247,0.062,0.186,0.247,Improvement,247,3265
363205,Gabriel Jesus,Attack,Centre-Forward,Brazil,2020-21,2021-22,24,25,Manchester City,Manchester City,2059,1878,9,8,4,9,13,17,0.393,0.383,0.175,0.431,0.568,0.815,-0.01,0.256,0.247,Improvement,248,3264
513031,Antonio Sánchez,Midfield,Central Midfield,Spain,2022-23,2023-24,26,27,RCD Mallorca,RCD Mallorca,1064,1464,0,3,0,1,0,4,0,0.184,0,0.061,0,0.246,0.184,0.061,0.246,Improvement,249,3263
215977,Adrien Thomasson,Midfield,Central Midfield,France,2020-21,2021-22,27,28,RC Strasbourg Alsace,RC Strasbourg Alsace,2639,2395,5,8,1,4,6,12,0.171,0.301,0.034,0.15,0.205,0.451,0.13,0.116,0.246,Improvement,250,3262
377393,Pierre Lees-Melou,Midfield,Defensive Midfield,France,2021-22,2022-23,29,30,Norwich City,Stade Brestois 29,2272,2773,1,5,1,5,2,10,0.04,0.162,0.04,0.162,0.079,0.325,0.122,0.122,0.246,Improvement,251,3261
60444,Thiago Alcántara,Midfield,Central Midfield,Spain,2020-21,2021-22,30,31,Liverpool FC,Liverpool FC,1858,1537,1,1,0,4,1,5,0.048,0.059,0,0.234,0.048,0.293,0.011,0.234,0.245,Improvement,252,3260
93604,Lukas Kübler,Defender,Right-Back,Germany,2023-24,2024-25,31,32,SC Freiburg,SC Freiburg,1848,1849,1,5,0,1,1,6,0.049,0.243,0,0.049,0.049,0.292,0.194,0.049,0.243,Improvement,253,3259
203460,Jack Grealish,Attack,Left Winger,England,2021-22,2022-23,26,27,Manchester City,Manchester City,1916,2063,3,5,3,7,6,12,0.141,0.218,0.141,0.305,0.282,0.524,0.077,0.164,0.242,Improvement,254,3258
470607,Brennan Johnson,Attack,Right Winger,Wales,2022-23,2023-24,22,23,Nottingham Forest,"Nottingham Forest, Tottenham Hotspur",2941,2333,8,5,3,10,11,15,0.245,0.193,0.092,0.386,0.337,0.579,-0.052,0.294,0.242,Improvement,255,3257
126414,Hakan Çalhanoğlu,Midfield,Defensive Midfield,Türkiye,2020-21,2021-22,27,28,AC Milan,Inter Milan,2628,2505,4,7,10,13,14,20,0.137,0.251,0.342,0.467,0.479,0.719,0.114,0.125,0.24,Improvement,256,3256
167329,Alassane Pléa,Attack,Centre-Forward,France,2023-24,2024-25,31,32,Borussia Mönchengladbach,Borussia Mönchengladbach,1926,1916,7,11,5,6,12,17,0.327,0.517,0.234,0.282,0.561,0.799,0.19,0.048,0.238,Improvement,257,3255
270393,Robert Skov,Midfield,Left Midfield,Denmark,2022-23,2023-24,27,28,TSG 1899 Hoffenheim,TSG 1899 Hoffenheim,1353,1260,3,3,2,5,5,8,0.2,0.214,0.133,0.357,0.333,0.571,0.014,0.224,0.238,Improvement,258,3254
495629,Hugo Guillamón,Midfield,Defensive Midfield,Spain,2021-22,2022-23,22,23,Valencia CF,Valencia CF,2365,1634,1,1,0,4,1,5,0.038,0.055,0,0.22,0.038,0.275,0.017,0.22,0.237,Improvement,259,3253
182913,Adrien Rabiot,Midfield,Central Midfield,France,2023-24,2024-25,29,30,Juventus FC,Olympique Marseille,2652,2483,5,9,3,5,8,14,0.17,0.326,0.102,0.181,0.271,0.507,0.156,0.079,0.236,Improvement,260,3252
258923,Marcus Rashford,Attack,Left Winger,England,2023-24,2024-25,26,27,Manchester United,"Aston Villa, Manchester United",2278,1426,7,6,3,4,10,10,0.277,0.379,0.119,0.252,0.395,0.631,0.102,0.133,0.236,Improvement,261,3251
57280,Giacomo Bonaventura,Midfield,Attacking Midfield,Italy,2020-21,2021-22,31,32,ACF Fiorentina,ACF Fiorentina,2267,2280,3,4,3,8,6,12,0.119,0.158,0.119,0.316,0.238,0.474,0.039,0.197,0.236,Improvement,262,3250
116088,Marius Bülter,Attack,Left Winger,Germany,2023-24,2024-25,31,32,TSG 1899 Hoffenheim,TSG 1899 Hoffenheim,1347,1740,1,7,4,4,5,11,0.067,0.362,0.267,0.207,0.334,0.569,0.295,-0.06,0.235,Improvement,263,3249
193098,Álex Moreno,Defender,Left-Back,Spain,2020-21,2021-22,28,29,Real Betis Balompié,Real Betis Balompié,1786,2408,0,5,2,4,2,9,0,0.187,0.101,0.15,0.101,0.336,0.187,0.049,0.235,Improvement,264,3248
128220,Luis Alberto,Midfield,Attacking Midfield,Spain,2020-21,2021-22,28,29,Società Sportiva Lazio S.p.A.,Società Sportiva Lazio S.p.A.,2640,2362,9,5,2,11,11,16,0.307,0.191,0.068,0.419,0.375,0.61,-0.116,0.351,0.235,Improvement,265,3247
393621,Douglas Augusto,Midfield,Central Midfield,Brazil,2023-24,2024-25,27,28,FC Nantes,FC Nantes,1782,2316,0,4,0,2,0,6,0,0.155,0,0.078,0,0.233,0.155,0.078,0.233,Improvement,266,3246
234781,Maxwel Cornet,Attack,Left Winger,Cote d'Ivoire,2020-21,2021-22,24,25,Olympique Lyon,"Burnley FC, Olympique Lyon",2456,1841,2,9,5,1,7,10,0.073,0.44,0.183,0.049,0.257,0.489,0.367,-0.134,0.232,Improvement,267,3245
559328,Emmanuel Emegha,Attack,Centre-Forward,Netherlands,2023-24,2024-25,21,22,RC Strasbourg Alsace,RC Strasbourg Alsace,2089,2307,8,14,2,3,10,17,0.345,0.546,0.086,0.117,0.431,0.663,0.201,0.031,0.232,Improvement,268,3244
205562,Thomas Lemar,Midfield,Attacking Midfield,France,2020-21,2021-22,25,26,Atlético de Madrid,Atlético de Madrid,1373,1446,1,4,4,5,5,9,0.066,0.249,0.262,0.311,0.328,0.56,0.183,0.049,0.232,Improvement,269,3243
545538,Lameck Banda,Attack,Left Winger,Zambia,2022-23,2023-24,22,23,US Lecce,US Lecce,1634,1361,2,2,1,4,3,6,0.11,0.132,0.055,0.265,0.165,0.397,0.022,0.21,0.232,Improvement,270,3242
245537,Nabil Bentaleb,Midfield,Defensive Midfield,Algeria,2021-22,2022-23,27,28,Angers SCO,Angers SCO,1523,2493,1,4,0,4,1,8,0.059,0.144,0,0.144,0.059,0.289,0.085,0.144,0.23,Improvement,271,3241
360518,Teun Koopmeiners,Midfield,Defensive Midfield,Netherlands,2021-22,2022-23,24,25,Atalanta BC,Atalanta BC,2128,2861,4,10,1,4,5,14,0.169,0.315,0.042,0.126,0.211,0.44,0.146,0.084,0.229,Improvement,272,3240
914562,Désiré Doué,Attack,Right Winger,France,2023-24,2024-25,19,20,Stade Rennais FC,Paris Saint-Germain,1624,1732,4,6,5,8,9,14,0.222,0.312,0.277,0.416,0.499,0.727,0.09,0.139,0.228,Improvement,273,3239
763182,Josué Casimir,Attack,Right Winger,Haiti,2023-24,2024-25,22,23,Le Havre AC,Le Havre AC,2028,2006,0,4,5,6,5,10,0,0.179,0.222,0.269,0.222,0.449,0.179,0.047,0.227,Improvement,274,3238
640109,Martín Satriano,Attack,Centre-Forward,Uruguay,2022-23,2023-24,22,23,FC Empoli,Stade Brestois 29,1708,1869,2,4,1,4,3,8,0.105,0.193,0.053,0.193,0.158,0.385,0.088,0.14,0.227,Improvement,275,3237
95810,Kieran Trippier,Defender,Right-Back,England,2022-23,2023-24,32,33,Newcastle United,Newcastle United,3348,2240,1,1,7,10,8,11,0.027,0.04,0.188,0.402,0.215,0.442,0.013,0.214,0.227,Improvement,276,3236
325223,Mama Baldé,Attack,Centre-Forward,Guinea-Bissau,2021-22,2022-23,26,27,ESTAC Troyes,ESTAC Troyes,1724,2671,3,12,3,4,6,16,0.157,0.404,0.157,0.135,0.313,0.539,0.247,-0.022,0.226,Improvement,277,3235
340329,Joe Willock,Midfield,Central Midfield,England,2021-22,2022-23,22,23,Newcastle United,Newcastle United,2045,2578,2,3,0,6,2,9,0.088,0.105,0,0.209,0.088,0.314,0.017,0.209,0.226,Improvement,278,3234
145866,Munas Dabbur,Attack,Centre-Forward,Israel,2021-22,2022-23,30,31,TSG 1899 Hoffenheim,TSG 1899 Hoffenheim,1315,932,3,6,5,2,8,8,0.205,0.579,0.342,0.193,0.548,0.773,0.374,-0.149,0.225,Improvement,279,3233
433177,Bukayo Saka,Attack,Right Winger,England,2020-21,2021-22,19,20,Arsenal FC,Arsenal FC,2561,2994,5,11,4,7,9,18,0.176,0.331,0.141,0.21,0.316,0.541,0.155,0.069,0.225,Improvement,280,3232
129674,Jeremy Toljan,Defender,Right-Back,Germany,2022-23,2023-24,28,29,US Sassuolo,US Sassuolo,2672,2085,0,0,1,6,1,6,0,0,0.034,0.259,0.034,0.259,0,0.225,0.225,Improvement,281,3231
93128,Kalidou Koulibaly,Defender,Centre-Back,Senegal,2020-21,2021-22,30,31,SSC Napoli,SSC Napoli,2211,2407,0,3,0,3,0,6,0,0.112,0,0.112,0,0.224,0.112,0.112,0.224,Improvement,282,3230
401923,Victor Osimhen,Attack,Centre-Forward,Nigeria,2021-22,2022-23,23,24,SSC Napoli,SSC Napoli,1993,2581,14,26,5,5,19,31,0.632,0.907,0.226,0.174,0.858,1.081,0.275,-0.052,0.223,Improvement,283,3229
334222,Lucas Boyé,Attack,Centre-Forward,Argentina,2020-21,2021-22,25,26,Elche CF,Elche CF,2709,1724,7,7,2,3,9,10,0.233,0.365,0.066,0.157,0.299,0.522,0.132,0.091,0.223,Improvement,284,3228
338424,Mikel Merino,Midfield,Central Midfield,Spain,2023-24,2024-25,28,29,Real Sociedad,Arsenal FC,2485,1581,5,7,3,2,8,9,0.181,0.398,0.109,0.114,0.29,0.512,0.217,0.005,0.222,Improvement,285,3227
378710,Richarlison,Attack,Centre-Forward,Brazil,2020-21,2021-22,24,25,Everton FC,Everton FC,2872,2528,7,10,3,5,10,15,0.219,0.356,0.094,0.178,0.313,0.534,0.137,0.084,0.221,Improvement,286,3226
416108,Youcef Atal,Defender,Right-Back,Algeria,2020-21,2021-22,25,26,OGC Nice,OGC Nice,962,1144,1,2,0,2,1,4,0.094,0.157,0,0.157,0.094,0.315,0.063,0.157,0.221,Improvement,287,3225
238407,Alexander Sørloth,Attack,Centre-Forward,Norway,2023-24,2024-25,28,29,Villarreal CF,Atlético de Madrid,2491,1561,23,20,6,2,29,22,0.831,1.153,0.217,0.115,1.048,1.268,0.322,-0.102,0.22,Improvement,288,3224
557149,Kang-in Lee,Midfield,Attacking Midfield,"Korea, South",2023-24,2024-25,23,24,Paris Saint-Germain,Paris Saint-Germain,1472,1667,3,6,4,6,7,12,0.183,0.324,0.245,0.324,0.428,0.648,0.141,0.079,0.22,Improvement,289,3223
557149,Kang-in Lee,Midfield,Attacking Midfield,"Korea, South",2021-22,2022-23,21,22,RCD Mallorca,RCD Mallorca,1409,2843,1,6,2,7,3,13,0.064,0.19,0.128,0.222,0.192,0.412,0.126,0.094,0.22,Improvement,290,3222
225083,N'Golo Kanté,Midfield,Defensive Midfield,France,2020-21,2021-22,30,31,Chelsea FC,Chelsea FC,2145,1778,0,2,2,4,2,6,0,0.101,0.084,0.202,0.084,0.304,0.101,0.118,0.22,Improvement,291,3221
262939,Johan Mojica,Defender,Left-Back,Colombia,2020-21,2021-22,28,29,"Atalanta BC, Elche CF",Elche CF,1498,2858,0,2,0,5,0,7,0,0.063,0,0.157,0,0.22,0.063,0.157,0.22,Improvement,292,3220
484547,Jeremie Frimpong,Defender,Right-Back,Netherlands,2022-23,2023-24,22,23,Bayer 04 Leverkusen,Bayer 04 Leverkusen,2722,2266,8,9,7,9,15,18,0.265,0.357,0.231,0.357,0.496,0.715,0.092,0.126,0.219,Improvement,293,3219
126414,Hakan Çalhanoğlu,Midfield,Defensive Midfield,Türkiye,2022-23,2023-24,29,30,Inter Milan,Inter Milan,2374,2576,3,13,6,3,9,16,0.114,0.454,0.227,0.105,0.341,0.559,0.34,-0.122,0.218,Improvement,294,3218
349066,Alexander Isak,Attack,Centre-Forward,Sweden,2022-23,2023-24,23,24,"Newcastle United, Real Sociedad",Newcastle United,1680,2266,11,21,2,2,13,23,0.589,0.834,0.107,0.079,0.696,0.914,0.245,-0.028,0.218,Improvement,295,3217
192009,Unai López,Midfield,Central Midfield,Spain,2021-22,2022-23,26,27,Rayo Vallecano,Rayo Vallecano,1156,1241,0,1,0,2,0,3,0,0.073,0,0.145,0,0.218,0.073,0.145,0.218,Improvement,296,3216
58864,Pierre-Emerick Aubameyang,Attack,Centre-Forward,Gabon,2020-21,2021-22,32,33,Arsenal FC,"Arsenal FC, FC Barcelona",2337,2132,10,15,3,2,13,17,0.385,0.633,0.116,0.084,0.501,0.718,0.248,-0.032,0.217,Improvement,297,3215
333647,Jonathan Burkardt,Attack,Centre-Forward,Germany,2020-21,2021-22,20,21,1.FSV Mainz 05,1.FSV Mainz 05,1375,2632,2,11,2,3,4,14,0.131,0.376,0.131,0.103,0.262,0.479,0.245,-0.028,0.217,Improvement,298,3214
99343,Ander Herrera,Midfield,Central Midfield,Spain,2020-21,2021-22,31,32,Paris Saint-Germain,Paris Saint-Germain,1845,1092,1,3,3,2,4,5,0.049,0.247,0.146,0.165,0.195,0.412,0.198,0.019,0.217,Improvement,299,3213
585982,Carlos Augusto,Defender,Left-Back,Brazil,2023-24,2024-25,25,26,Inter Milan,Inter Milan,1704,1681,0,3,3,4,3,7,0,0.161,0.158,0.214,0.158,0.375,0.161,0.056,0.217,Improvement,300,3212
263361,Maximilian Wöber,Defender,Centre-Back,Austria,2022-23,2023-24,25,26,Leeds United,Borussia Mönchengladbach,1265,2072,0,2,0,3,0,5,0,0.087,0,0.13,0,0.217,0.087,0.13,0.217,Improvement,301,3211
442891,Martin Terrier,Attack,Left Winger,France,2020-21,2021-22,24,25,Stade Rennais FC,Stade Rennais FC,2456,2807,9,21,7,4,16,25,0.33,0.673,0.257,0.128,0.586,0.802,0.343,-0.129,0.216,Improvement,302,3210
768380,Arouna Sangante,Defender,Centre-Back,Senegal,2023-24,2024-25,22,23,Le Havre AC,Le Havre AC,2690,1251,0,3,0,0,0,3,0,0.216,0,0,0,0.216,0.216,0,0.216,Improvement,303,3209
53418,Kevin Kampl,Midfield,Central Midfield,Slovenia,2021-22,2022-23,31,32,RB Leipzig,RB Leipzig,1909,1368,0,2,1,2,1,4,0,0.132,0.047,0.132,0.047,0.263,0.132,0.085,0.216,Improvement,304,3208
450050,Jean-Ricner Bellegarde,Midfield,Central Midfield,Haiti,2021-22,2022-23,24,25,RC Strasbourg Alsace,RC Strasbourg Alsace,2349,2429,2,2,3,9,5,11,0.077,0.074,0.115,0.333,0.192,0.408,-0.003,0.218,0.216,Improvement,305,3207
166677,Brian Oliván,Defender,Left-Back,Spain,2021-22,2022-23,28,29,RCD Mallorca,RCD Espanyol Barcelona,2187,2413,1,1,1,7,2,8,0.041,0.037,0.041,0.261,0.082,0.298,-0.004,0.22,0.216,Improvement,306,3206
429874,Ansgar Knauff,Attack,Right Winger,Germany,2022-23,2023-24,21,22,Eintracht Frankfurt,Eintracht Frankfurt,1287,2119,1,7,2,3,3,10,0.07,0.297,0.14,0.127,0.21,0.425,0.227,-0.013,0.215,Improvement,307,3205
336869,Marc Roca,Midfield,Defensive Midfield,Spain,2023-24,2024-25,27,28,Real Betis Balompié,Real Betis Balompié,1987,909,2,2,2,2,4,4,0.091,0.198,0.091,0.198,0.181,0.396,0.107,0.107,0.215,Improvement,308,3204
433188,Curtis Jones,Midfield,Central Midfield,England,2023-24,2024-25,23,24,Liverpool FC,Liverpool FC,1166,1711,1,3,1,4,2,7,0.077,0.158,0.077,0.21,0.154,0.368,0.081,0.133,0.214,Improvement,309,3203
237164,Ihlas Bebou,Attack,Centre-Forward,Togo,2022-23,2023-24,29,30,TSG 1899 Hoffenheim,TSG 1899 Hoffenheim,1425,1631,7,7,1,6,8,13,0.442,0.386,0.063,0.331,0.505,0.717,-0.056,0.268,0.212,Improvement,310,3202
463618,Khéphren Thuram,Midfield,Central Midfield,France,2020-21,2021-22,20,21,OGC Nice,OGC Nice,1491,1897,2,4,0,3,2,7,0.121,0.19,0,0.142,0.121,0.332,0.069,0.142,0.211,Improvement,311,3201
343463,Cyle Larin,Attack,Centre-Forward,Canada,2023-24,2024-25,29,30,RCD Mallorca,RCD Mallorca,1824,1772,3,7,2,2,5,9,0.148,0.356,0.099,0.102,0.247,0.457,0.208,0.003,0.21,Improvement,312,3200
235931,Alessandro Deiola,Midfield,Central Midfield,Italy,2020-21,2021-22,25,26,"Cagliari Calcio, Spezia Calcio",Cagliari Calcio,973,2144,0,4,0,1,0,5,0,0.168,0,0.042,0,0.21,0.168,0.042,0.21,Improvement,313,3199
293200,Nikola Vlašić,Midfield,Attacking Midfield,Croatia,2023-24,2024-25,26,27,Torino FC,Torino FC,2615,2122,3,5,2,4,5,9,0.103,0.212,0.069,0.17,0.172,0.382,0.109,0.101,0.21,Improvement,314,3198
255901,Rodrigo De Paul,Midfield,Central Midfield,Argentina,2021-22,2022-23,28,29,Atlético de Madrid,Atlético de Madrid,2155,1935,3,2,2,7,5,9,0.125,0.093,0.084,0.326,0.209,0.419,-0.032,0.242,0.21,Improvement,315,3197
395516,Moussa Diaby,Attack,Right Winger,France,2020-21,2021-22,21,22,Bayer 04 Leverkusen,Bayer 04 Leverkusen,2393,2775,4,13,12,12,16,25,0.15,0.422,0.451,0.389,0.602,0.811,0.272,-0.062,0.209,Improvement,316,3196
72121,Johan Gastien,Midfield,Defensive Midfield,France,2021-22,2022-23,34,35,Clermont Foot 63,Clermont Foot 63,2752,2607,0,4,1,3,1,7,0,0.138,0.033,0.104,0.033,0.242,0.138,0.071,0.209,Improvement,317,3195
331505,Óscar Mingueza,Defender,Right-Back,Spain,2023-24,2024-25,25,26,Celta de Vigo,Celta de Vigo,3002,2739,2,4,2,6,4,10,0.06,0.131,0.06,0.197,0.12,0.329,0.071,0.137,0.209,Improvement,318,3194
626724,João Pedro,Attack,Centre-Forward,Brazil,2023-24,2024-25,22,23,Brighton & Hove Albion,Brighton & Hove Albion,2047,1953,9,10,3,6,12,16,0.396,0.461,0.132,0.276,0.528,0.737,0.065,0.144,0.209,Improvement,319,3193
75921,Christopher Trimmel,Defender,Right-Back,Austria,2021-22,2022-23,35,36,1.FC Union Berlin,1.FC Union Berlin,1995,1809,2,0,0,6,2,6,0.09,0,0,0.299,0.09,0.299,-0.09,0.299,0.209,Improvement,320,3192
460939,Tijjani Reijnders,Midfield,Central Midfield,Netherlands,2023-24,2024-25,25,26,AC Milan,AC Milan,2829,3132,3,10,4,5,7,15,0.095,0.287,0.127,0.144,0.223,0.431,0.192,0.017,0.208,Improvement,321,3191
344695,Dayot Upamecano,Defender,Centre-Back,France,2020-21,2021-22,22,23,RB Leipzig,Bayern Munich,2332,2209,1,1,1,6,2,7,0.039,0.041,0.039,0.244,0.077,0.285,0.002,0.205,0.208,Improvement,322,3190
96341,Romelu Lukaku,Attack,Centre-Forward,Belgium,2023-24,2024-25,31,32,Associazione Sportiva Roma,SSC Napoli,2644,2870,13,14,3,10,16,24,0.443,0.439,0.102,0.314,0.545,0.753,-0.004,0.212,0.208,Improvement,323,3189
82873,Pascal Groß,Midfield,Central Midfield,Germany,2021-22,2022-23,31,32,Brighton & Hove Albion,Brighton & Hove Albion,2043,3246,2,9,4,8,6,17,0.088,0.25,0.176,0.222,0.264,0.471,0.162,0.046,0.207,Improvement,324,3188
324358,Ollie Watkins,Attack,Centre-Forward,England,2021-22,2022-23,26,27,Aston Villa,Aston Villa,2955,3136,11,15,2,6,13,21,0.335,0.43,0.061,0.172,0.396,0.603,0.095,0.111,0.207,Improvement,325,3187
326330,Frenkie de Jong,Midfield,Central Midfield,Netherlands,2023-24,2024-25,27,28,FC Barcelona,FC Barcelona,1637,1136,2,2,0,2,2,4,0.11,0.158,0,0.158,0.11,0.317,0.048,0.158,0.207,Improvement,326,3186
232454,Nadiem Amiri,Midfield,Central Midfield,Germany,2021-22,2022-23,25,26,"Bayer 04 Leverkusen, Genoa CFC",Bayer 04 Leverkusen,1046,970,1,4,2,1,3,5,0.086,0.371,0.172,0.093,0.258,0.464,0.285,-0.079,0.206,Improvement,327,3185
627228,Yan Couto,Defender,Right-Back,Brazil,2022-23,2023-24,21,22,Girona FC,Girona FC,1151,2244,1,1,2,10,3,11,0.078,0.04,0.156,0.401,0.235,0.441,-0.038,0.245,0.206,Improvement,328,3184
251664,Ivan Toney,Attack,Centre-Forward,England,2021-22,2022-23,26,27,Brentford FC,Brentford FC,2908,2955,12,20,5,4,17,24,0.371,0.609,0.155,0.122,0.526,0.731,0.238,-0.033,0.205,Improvement,329,3183
595809,Beto,Attack,Centre-Forward,Guinea-Bissau,2023-24,2024-25,26,27,"Everton FC, Udinese Calcio",Everton FC,1016,1528,3,8,0,0,3,8,0.266,0.471,0,0,0.266,0.471,0.205,0,0.205,Improvement,330,3182
616344,Tiago Tomás,Attack,Right Winger,Portugal,2023-24,2024-25,22,23,VfL Wolfsburg,VfL Wolfsburg,1028,1893,1,6,1,2,2,8,0.088,0.285,0.088,0.095,0.175,0.38,0.197,0.007,0.205,Improvement,331,3181
357164,Rafael Leão,Attack,Left Winger,Portugal,2021-22,2022-23,23,24,AC Milan,AC Milan,2621,2430,11,15,10,10,21,25,0.378,0.556,0.343,0.37,0.721,0.926,0.178,0.027,0.205,Improvement,332,3180
455181,Jorge de Frutos,Attack,Right Winger,Spain,2023-24,2024-25,27,28,Rayo Vallecano,Rayo Vallecano,1534,2513,2,6,0,3,2,9,0.117,0.215,0,0.107,0.117,0.322,0.098,0.107,0.205,Improvement,333,3179
335721,Ben White,Defender,Right-Back,England,2021-22,2022-23,24,25,Arsenal FC,Arsenal FC,2880,3067,0,2,0,5,0,7,0,0.059,0,0.147,0,0.205,0.059,0.147,0.205,Improvement,334,3178
354362,Rodrigo Bentancur,Midfield,Defensive Midfield,Uruguay,2021-22,2022-23,25,26,"Juventus FC, Tottenham Hotspur",Tottenham Hotspur,2521,1506,0,5,6,2,6,7,0,0.299,0.214,0.12,0.214,0.418,0.299,-0.094,0.204,Improvement,335,3177
250153,Pasquale Mazzocchi,Defender,Right-Back,Italy,2021-22,2022-23,26,27,"US Salernitana 1919, Venezia FC",US Salernitana 1919,2518,1966,0,2,2,4,2,6,0,0.092,0.071,0.183,0.071,0.275,0.092,0.112,0.204,Improvement,336,3176
139435,Dani Rodríguez,Midfield,Attacking Midfield,Spain,2021-22,2022-23,34,35,RCD Mallorca,RCD Mallorca,2841,2114,3,3,4,7,7,10,0.095,0.128,0.127,0.298,0.222,0.426,0.033,0.171,0.204,Improvement,337,3175
447661,Douglas Luiz,Midfield,Central Midfield,Brazil,2021-22,2022-23,24,25,Aston Villa,Aston Villa,2722,2932,2,6,3,6,5,12,0.066,0.184,0.099,0.184,0.165,0.368,0.118,0.085,0.203,Improvement,338,3174
167799,Pierre-Emile Højbjerg,Midfield,Defensive Midfield,Denmark,2023-24,2024-25,28,29,Tottenham Hotspur,Olympique Marseille,1293,2666,0,2,0,4,0,6,0,0.068,0,0.135,0,0.203,0.068,0.135,0.203,Improvement,339,3173
93740,Willi Orbán,Defender,Centre-Back,Hungary,2023-24,2024-25,31,32,RB Leipzig,RB Leipzig,1583,2224,0,5,0,0,0,5,0,0.202,0,0,0,0.202,0.202,0,0.202,Improvement,340,3172
398163,Gonzalo Villar,Midfield,Central Midfield,Spain,2022-23,2023-24,25,26,"Getafe CF, UC Sampdoria",Granada CF,1140,1785,0,1,0,3,0,4,0,0.05,0,0.151,0,0.202,0.05,0.151,0.202,Improvement,341,3171
175639,Jonathan Clauss,Defender,Right-Back,France,2023-24,2024-25,31,32,Olympique Marseille,OGC Nice,2071,2311,3,3,4,10,7,13,0.13,0.117,0.174,0.389,0.304,0.506,-0.013,0.215,0.202,Improvement,342,3170
504153,Joe Scally,Defender,Right-Back,United States,2022-23,2023-24,20,21,Borussia Mönchengladbach,Borussia Mönchengladbach,2216,2236,0,1,0,4,0,5,0,0.04,0,0.161,0,0.201,0.04,0.161,0.201,Improvement,343,3169
578391,Rayan Aït-Nouri,Defender,Left-Back,Algeria,2023-24,2024-25,23,24,Wolverhampton Wanderers,Wolverhampton Wanderers,2343,3128,2,4,1,7,3,11,0.077,0.115,0.038,0.201,0.115,0.316,0.038,0.163,0.201,Improvement,344,3168
282660,Maximilian Mittelstädt,Defender,Left-Back,Germany,2020-21,2021-22,24,25,Hertha BSC,Hertha BSC,1800,1496,0,0,2,5,2,5,0,0,0.1,0.301,0.1,0.301,0,0.201,0.201,Improvement,345,3167
546543,Darwin Núñez,Attack,Centre-Forward,Uruguay,2022-23,2023-24,24,25,Liverpool FC,Liverpool FC,1698,2045,9,11,3,8,12,19,0.477,0.484,0.159,0.352,0.636,0.836,0.007,0.193,0.2,Improvement,346,3166
127187,Abdoulaye Doucouré,Midfield,Attacking Midfield,Mali,2021-22,2022-23,29,30,Everton FC,Everton FC,2538,1530,2,5,4,2,6,7,0.071,0.294,0.142,0.118,0.213,0.412,0.223,-0.024,0.199,Improvement,347,3165
388165,Yoane Wissa,Attack,Centre-Forward,DR Congo,2023-24,2024-25,27,28,Brentford FC,Brentford FC,2508,2929,12,19,3,5,15,24,0.431,0.584,0.108,0.154,0.538,0.737,0.153,0.046,0.199,Improvement,348,3164
223974,Stefan Posch,Defender,Centre-Back,Austria,2021-22,2022-23,25,26,TSG 1899 Hoffenheim,"Bologna Football Club 1909, TSG 1899 Hoffenheim",2202,2559,2,6,0,2,2,8,0.082,0.211,0,0.07,0.082,0.281,0.129,0.07,0.199,Improvement,349,3163
205569,Mickaël Malsa,Midfield,Defensive Midfield,Martinique,2020-21,2021-22,25,26,Levante UD,Levante UD,2341,1137,1,1,0,2,1,3,0.038,0.079,0,0.158,0.038,0.237,0.041,0.158,0.199,Improvement,350,3162
225693,Fabinho,Midfield,Defensive Midfield,Brazil,2020-21,2021-22,27,28,Liverpool FC,Liverpool FC,2566,2316,0,5,1,1,1,6,0,0.194,0.035,0.039,0.035,0.233,0.194,0.004,0.198,Improvement,351,3161
343959,Erhan Masovic,Defender,Centre-Back,Serbia,2023-24,2024-25,25,26,VfL Bochum,VfL Bochum,2218,907,0,1,0,1,0,2,0,0.099,0,0.099,0,0.198,0.099,0.099,0.198,Improvement,352,3160
324811,Arnaud Nordin,Attack,Right Winger,France,2022-23,2023-24,25,26,Montpellier HSC,Montpellier HSC,2420,1251,9,6,5,4,14,10,0.335,0.432,0.186,0.288,0.521,0.719,0.097,0.102,0.198,Improvement,353,3159
388198,Nico Schlotterbeck,Defender,Centre-Back,Germany,2021-22,2022-23,22,23,SC Freiburg,Borussia Dortmund,2788,2256,4,4,1,5,5,9,0.129,0.16,0.032,0.199,0.161,0.359,0.031,0.167,0.198,Improvement,354,3158
117674,Maximilian Arnold,Midfield,Central Midfield,Germany,2023-24,2024-25,30,31,VfL Wolfsburg,VfL Wolfsburg,2504,2359,2,3,1,5,3,8,0.072,0.114,0.036,0.191,0.108,0.305,0.042,0.155,0.197,Improvement,355,3157
119277,Yannick Gerhardt,Midfield,Central Midfield,Germany,2021-22,2022-23,28,29,VfL Wolfsburg,VfL Wolfsburg,1576,1868,1,6,4,4,5,10,0.057,0.289,0.228,0.193,0.286,0.482,0.232,-0.035,0.196,Improvement,356,3156
469211,Liberato Cacace,Defender,Left-Back,New Zealand,2023-24,2024-25,23,24,FC Empoli,FC Empoli,1910,2231,0,2,1,4,1,6,0,0.081,0.047,0.161,0.047,0.242,0.081,0.114,0.195,Improvement,357,3155
729814,Georges Mikautadze,Attack,Centre-Forward,Georgia,2023-24,2024-25,23,24,FC Metz,Olympique Lyon,1755,1434,13,11,4,6,17,17,0.667,0.69,0.205,0.377,0.872,1.067,0.023,0.172,0.195,Improvement,358,3154
353399,Romain Del Castillo,Attack,Right Winger,France,2021-22,2022-23,26,27,"Stade Brestois 29, Stade Rennais FC",Stade Brestois 29,1009,1430,0,6,7,7,7,13,0,0.378,0.624,0.441,0.624,0.818,0.378,-0.183,0.194,Improvement,359,3153
486031,Nico González,Attack,Left Winger,Argentina,2022-23,2023-24,25,26,ACF Fiorentina,ACF Fiorentina,1354,1913,6,12,1,2,7,14,0.399,0.565,0.066,0.094,0.465,0.659,0.166,0.028,0.194,Improvement,360,3152
648195,Enzo Fernández,Midfield,Central Midfield,Argentina,2023-24,2024-25,23,24,Chelsea FC,Chelsea FC,2215,2949,3,6,2,7,5,13,0.122,0.183,0.081,0.214,0.203,0.397,0.061,0.133,0.194,Improvement,361,3151
443331,Patrick Osterhage,Midfield,Defensive Midfield,Germany,2022-23,2023-24,23,24,VfL Bochum,VfL Bochum,1023,1863,0,2,0,2,0,4,0,0.097,0,0.097,0,0.193,0.097,0.097,0.193,Improvement,362,3150
14086,Ashley Young,Defender,Right-Back,England,2023-24,2024-25,38,39,Everton FC,Everton FC,2290,1870,0,1,0,3,0,4,0,0.048,0,0.144,0,0.193,0.048,0.144,0.193,Improvement,363,3149
918969,Lamine Camara,Midfield,Central Midfield,Senegal,2023-24,2024-25,20,21,FC Metz,AS Monaco,2266,2065,1,2,4,7,5,9,0.04,0.087,0.159,0.305,0.199,0.392,0.047,0.146,0.193,Improvement,364,3148
258004,Rúben Dias,Defender,Centre-Back,Portugal,2020-21,2021-22,24,25,Manchester City,Manchester City,2845,2403,1,2,0,4,1,6,0.032,0.075,0,0.15,0.032,0.225,0.043,0.15,0.193,Improvement,365,3147
296622,Marco Asensio,Midfield,Attacking Midfield,Spain,2020-21,2021-22,25,26,Real Madrid,Real Madrid,1876,1704,5,10,2,0,7,10,0.24,0.528,0.096,0,0.336,0.528,0.288,-0.096,0.192,Improvement,366,3146
185077,Vincenzo Grifo,Attack,Left Winger,Italy,2021-22,2022-23,29,30,SC Freiburg,SC Freiburg,2790,2431,9,15,8,5,17,20,0.29,0.555,0.258,0.185,0.548,0.74,0.265,-0.073,0.192,Improvement,367,3145
401173,Jadon Sancho,Attack,Left Winger,England,2021-22,2022-23,22,23,Manchester United,Manchester United,1901,1700,3,6,3,3,6,9,0.142,0.318,0.142,0.159,0.284,0.476,0.176,0.017,0.192,Improvement,368,3144
282411,Marcos Llorente,Defender,Right-Back,Spain,2022-23,2023-24,28,29,Atlético de Madrid,Atlético de Madrid,1712,2570,1,6,2,4,3,10,0.053,0.21,0.105,0.14,0.158,0.35,0.157,0.035,0.192,Improvement,369,3143
406635,Phil Foden,Midfield,Attacking Midfield,England,2021-22,2022-23,22,23,Manchester City,Manchester City,2134,1842,9,11,5,5,14,16,0.38,0.537,0.211,0.244,0.59,0.782,0.157,0.033,0.192,Improvement,369,3143
475959,Josko Gvardiol,Defender,Centre-Back,Croatia,2022-23,2023-24,21,22,RB Leipzig,Manchester City,2170,2329,1,4,0,2,1,6,0.041,0.155,0,0.077,0.041,0.232,0.114,0.077,0.191,Improvement,370,3142
391004,Jonas Wind,Attack,Centre-Forward,Denmark,2022-23,2023-24,24,25,VfL Wolfsburg,VfL Wolfsburg,1296,2663,6,11,0,7,6,18,0.417,0.372,0,0.237,0.417,0.608,-0.045,0.237,0.191,Improvement,371,3141
392765,Emile Smith Rowe,Midfield,Attacking Midfield,England,2020-21,2021-22,20,21,Arsenal FC,Arsenal FC,1449,1920,2,10,4,2,6,12,0.124,0.469,0.248,0.094,0.373,0.563,0.345,-0.154,0.19,Improvement,372,3140
484547,Jeremie Frimpong,Defender,Right-Back,Netherlands,2021-22,2022-23,21,22,Bayer 04 Leverkusen,Bayer 04 Leverkusen,2062,2722,1,8,6,7,7,15,0.044,0.265,0.262,0.231,0.306,0.496,0.221,-0.031,0.19,Improvement,373,3139
212391,Roger Martí,Attack,Centre-Forward,Spain,2022-23,2023-24,32,33,"Cádiz CF, Elche CF",Cádiz CF,1298,1369,1,2,1,3,2,5,0.069,0.131,0.069,0.197,0.139,0.329,0.062,0.128,0.19,Improvement,374,3138
266807,Ángel Correa,Attack,Second Striker,Argentina,2020-21,2021-22,26,27,Atlético de Madrid,Atlético de Madrid,2410,1857,9,12,8,5,17,17,0.336,0.582,0.299,0.242,0.635,0.824,0.246,-0.057,0.189,Improvement,375,3137
138927,Daniel Carvajal,Defender,Right-Back,Spain,2022-23,2023-24,31,32,Real Madrid,Real Madrid,1789,2175,0,4,2,3,2,7,0,0.166,0.101,0.124,0.101,0.29,0.166,0.023,0.189,Improvement,376,3136
413507,Nikola Milenković,Defender,Centre-Back,Serbia,2023-24,2024-25,26,27,ACF Fiorentina,Nottingham Forest,2505,3330,0,5,0,2,0,7,0,0.135,0,0.054,0,0.189,0.135,0.054,0.189,Improvement,377,3135
236045,Denis Bouanga,Attack,Left Winger,Gabon,2020-21,2021-22,26,27,AS Saint-Étienne,AS Saint-Étienne,2737,2448,7,9,4,6,11,15,0.23,0.331,0.132,0.221,0.362,0.551,0.101,0.089,0.189,Improvement,378,3134
143798,Pavel Kaderabek,Midfield,Right Midfield,Czech Republic,2022-23,2023-24,31,32,TSG 1899 Hoffenheim,TSG 1899 Hoffenheim,1662,2422,1,3,1,5,2,8,0.054,0.111,0.054,0.186,0.108,0.297,0.057,0.132,0.189,Improvement,379,3133
522784,Taty Castellanos,Attack,Centre-Forward,Argentina,2023-24,2024-25,25,26,Società Sportiva Lazio S.p.A.,Società Sportiva Lazio S.p.A.,1677,2395,4,10,3,5,7,15,0.215,0.376,0.161,0.188,0.376,0.564,0.161,0.027,0.188,Improvement,380,3132
128223,Álvaro Morata,Attack,Centre-Forward,Spain,2022-23,2023-24,30,31,Atlético de Madrid,Atlético de Madrid,1906,1909,13,15,2,4,15,19,0.614,0.707,0.094,0.189,0.708,0.896,0.093,0.095,0.188,Improvement,381,3131
361260,Ozan Kabak,Defender,Centre-Back,Türkiye,2021-22,2022-23,22,23,Norwich City,TSG 1899 Hoffenheim,924,2393,0,2,0,3,0,5,0,0.075,0,0.113,0,0.188,0.075,0.113,0.188,Improvement,382,3130
286949,Adam Masina,Defender,Centre-Back,Morocco,2023-24,2024-25,30,31,"Torino FC, Udinese Calcio",Torino FC,1082,1918,0,1,0,3,0,4,0,0.047,0,0.141,0,0.188,0.047,0.141,0.188,Improvement,383,3129
876631,Habib Diarra,Midfield,Central Midfield,Senegal,2023-24,2024-25,20,21,RC Strasbourg Alsace,RC Strasbourg Alsace,2313,2357,3,4,1,5,4,9,0.117,0.153,0.039,0.191,0.156,0.344,0.036,0.152,0.188,Improvement,384,3128
119234,Karim Onisiwo,Attack,Centre-Forward,Austria,2020-21,2021-22,29,30,1.FSV Mainz 05,1.FSV Mainz 05,1842,2378,4,5,3,9,7,14,0.195,0.189,0.147,0.341,0.342,0.53,-0.006,0.194,0.188,Improvement,385,3127
503749,Jacob Ramsey,Midfield,Central Midfield,England,2021-22,2022-23,21,22,Aston Villa,Aston Villa,2479,2646,6,6,1,7,7,13,0.218,0.204,0.036,0.238,0.254,0.442,-0.014,0.202,0.188,Improvement,386,3126
258889,Dominic Solanke,Attack,Centre-Forward,England,2022-23,2023-24,25,26,AFC Bournemouth,AFC Bournemouth,2873,3333,6,19,7,3,13,22,0.188,0.513,0.219,0.081,0.407,0.594,0.325,-0.138,0.187,Improvement,387,3125
550108,Nicola Zalewski,Midfield,Left Midfield,Poland,2023-24,2024-25,22,23,Associazione Sportiva Roma,"Associazione Sportiva Roma, Inter Milan",965,963,0,1,1,2,1,3,0,0.093,0.093,0.187,0.093,0.28,0.093,0.094,0.187,Improvement,388,3124
203746,Ruben Aguilar,Defender,Right-Back,France,2022-23,2023-24,30,31,AS Monaco,RC Lens,1174,1925,0,1,0,3,0,4,0,0.047,0,0.14,0,0.187,0.047,0.14,0.187,Improvement,389,3123
272278,Chris Führich,Attack,Left Winger,Germany,2022-23,2023-24,25,26,VfB Stuttgart,VfB Stuttgart,1891,2595,5,8,2,7,7,15,0.238,0.277,0.095,0.243,0.333,0.52,0.039,0.148,0.187,Improvement,390,3122
145866,Munas Dabbur,Attack,Centre-Forward,Israel,2020-21,2021-22,29,30,TSG 1899 Hoffenheim,TSG 1899 Hoffenheim,998,1315,4,3,0,5,4,8,0.361,0.205,0,0.342,0.361,0.548,-0.156,0.342,0.187,Improvement,391,3121
73794,Duván Zapata,Attack,Centre-Forward,Colombia,2022-23,2023-24,32,33,Atalanta BC,"Atalanta BC, Torino FC",1393,3005,2,13,3,4,5,17,0.129,0.389,0.194,0.12,0.323,0.509,0.26,-0.074,0.186,Improvement,392,3120
362086,Isi Palazón,Attack,Second Striker,Spain,2021-22,2022-23,27,28,Rayo Vallecano,Rayo Vallecano,2297,2991,2,9,4,5,6,14,0.078,0.271,0.157,0.15,0.235,0.421,0.193,-0.007,0.186,Improvement,393,3119
178459,Davie Selke,Attack,Centre-Forward,Germany,2021-22,2022-23,27,28,Hertha BSC,"1.FC Köln, Hertha BSC",996,1151,4,6,0,1,4,7,0.361,0.469,0,0.078,0.361,0.547,0.108,0.078,0.186,Improvement,394,3118
386552,Lassana Coulibaly,Midfield,Central Midfield,Mali,2021-22,2022-23,26,27,US Salernitana 1919,US Salernitana 1919,2338,2901,0,3,0,3,0,6,0,0.093,0,0.093,0,0.186,0.093,0.093,0.186,Improvement,395,3117
106270,Florian Kainz,Midfield,Attacking Midfield,Austria,2021-22,2022-23,29,30,1.FC Köln,1.FC Köln,2348,2370,4,6,7,10,11,16,0.153,0.228,0.268,0.38,0.422,0.608,0.075,0.112,0.186,Improvement,396,3116
111078,Emil Forsberg,Attack,Left Winger,Sweden,2021-22,2022-23,30,31,RB Leipzig,RB Leipzig,1710,1482,6,6,2,4,8,10,0.316,0.364,0.105,0.243,0.421,0.607,0.048,0.138,0.186,Improvement,397,3115
496745,Emil Holm,Defender,Right-Back,Sweden,2022-23,2023-24,23,24,Spezia Calcio,Atalanta BC,1399,949,1,1,2,3,3,4,0.064,0.095,0.129,0.285,0.193,0.379,0.031,0.156,0.186,Improvement,398,3114
28396,Edin Dzeko,Attack,Centre-Forward,Bosnia-Herzegovina,2020-21,2021-22,35,36,Associazione Sportiva Roma,Inter Milan,1826,2476,7,13,4,7,11,20,0.345,0.473,0.197,0.254,0.542,0.727,0.128,0.057,0.185,Improvement,399,3113
175722,Eric Dier,Defender,Centre-Back,England,2023-24,2024-25,30,31,"Bayern Munich, Tottenham Hotspur",Bayern Munich,1358,1461,0,2,0,1,0,3,0,0.123,0,0.062,0,0.185,0.123,0.062,0.185,Improvement,400,3112
112515,Marcos Alonso,Defender,Centre-Back,Spain,2020-21,2021-22,30,31,Chelsea FC,Chelsea FC,959,2172,2,4,0,5,2,9,0.188,0.166,0,0.207,0.188,0.373,-0.022,0.207,0.185,Improvement,401,3111
318528,Marcus Thuram,Attack,Centre-Forward,France,2022-23,2023-24,25,26,Borussia Mönchengladbach,Inter Milan,2518,2707,13,13,6,13,19,26,0.465,0.432,0.214,0.432,0.679,0.864,-0.033,0.218,0.185,Improvement,402,3110
239743,Przemyslaw Frankowski,Defender,Right-Back,Poland,2023-24,2024-25,29,30,RC Lens,RC Lens,2193,1389,3,4,2,2,5,6,0.123,0.259,0.082,0.13,0.205,0.389,0.136,0.048,0.184,Improvement,403,3109
111455,Granit Xhaka,Midfield,Defensive Midfield,Switzerland,2023-24,2024-25,31,32,Bayer 04 Leverkusen,Bayer 04 Leverkusen,2827,2891,3,2,0,7,3,9,0.096,0.062,0,0.218,0.096,0.28,-0.034,0.218,0.184,Improvement,404,3108
368482,Riccardo Orsolini,Attack,Right Winger,Italy,2021-22,2022-23,25,26,Bologna Football Club 1909,Bologna Football Club 1909,1793,2126,6,11,3,4,9,15,0.301,0.466,0.151,0.169,0.452,0.635,0.165,0.018,0.183,Improvement,405,3107
413039,Bryan Mbeumo,Attack,Right Winger,Cameroon,2021-22,2022-23,22,23,Brentford FC,Brentford FC,2916,2928,4,9,7,8,11,17,0.123,0.277,0.216,0.246,0.34,0.523,0.154,0.03,0.183,Improvement,406,3106
232418,Ondrej Duda,Midfield,Central Midfield,Slovakia,2022-23,2023-24,28,29,"1.FC Köln, Hellas Verona",Hellas Verona,1759,2465,0,1,0,4,0,5,0,0.037,0,0.146,0,0.183,0.037,0.146,0.183,Improvement,407,3105
357498,Dušan Vlahović,Attack,Centre-Forward,Serbia,2020-21,2021-22,21,22,ACF Fiorentina,"ACF Fiorentina, Juventus FC",2932,2940,21,24,2,5,23,29,0.645,0.735,0.061,0.153,0.706,0.888,0.09,0.092,0.182,Improvement,408,3104
420064,Caio Henrique,Defender,Left-Back,Brazil,2020-21,2021-22,23,24,AS Monaco,AS Monaco,2375,2670,0,2,5,9,5,11,0,0.067,0.189,0.303,0.189,0.371,0.067,0.114,0.182,Improvement,409,3103
370789,Julian Ryerson,Defender,Right-Back,Norway,2022-23,2023-24,25,26,"1.FC Union Berlin, Borussia Dortmund",Borussia Dortmund,2457,1773,1,4,1,1,2,5,0.037,0.203,0.037,0.051,0.073,0.254,0.166,0.014,0.181,Improvement,410,3102
261504,Aleix García,Midfield,Central Midfield,Spain,2023-24,2024-25,27,28,Girona FC,Bayer 04 Leverkusen,3201,1452,3,3,6,4,9,7,0.084,0.186,0.169,0.248,0.253,0.434,0.102,0.079,0.181,Improvement,411,3101
242631,Alex Iwobi,Attack,Left Winger,Nigeria,2023-24,2024-25,28,29,"Everton FC, Fulham FC",Fulham FC,2346,2998,5,9,2,6,7,15,0.192,0.27,0.077,0.18,0.269,0.45,0.078,0.103,0.181,Improvement,412,3100
191422,Mahmoud Dahoud,Midfield,Central Midfield,Syria,2020-21,2021-22,25,26,Borussia Dortmund,Borussia Dortmund,1261,1665,1,2,1,4,2,6,0.071,0.108,0.071,0.216,0.143,0.324,0.037,0.145,0.181,Improvement,413,3099
158863,Iñigo Martínez,Defender,Centre-Back,Spain,2023-24,2024-25,33,34,FC Barcelona,FC Barcelona,1293,2493,0,0,0,5,0,5,0,0,0,0.181,0,0.181,0,0.181,0.181,Improvement,414,3098
309110,Brais Méndez,Midfield,Attacking Midfield,Spain,2021-22,2022-23,25,26,Celta de Vigo,Real Sociedad,3037,2416,4,8,5,4,9,12,0.119,0.298,0.148,0.149,0.267,0.447,0.179,0.001,0.18,Improvement,415,3097
207917,Alberto Moreno,Defender,Left-Back,Spain,2022-23,2023-24,30,31,Villarreal CF,Villarreal CF,1296,1446,0,2,1,2,1,4,0,0.124,0.069,0.124,0.069,0.249,0.124,0.055,0.18,Improvement,416,3096
156501,Felipe,Defender,Centre-Back,Brazil,2020-21,2021-22,32,33,Atlético de Madrid,Atlético de Madrid,2053,1498,0,2,0,1,0,3,0,0.12,0,0.06,0,0.18,0.12,0.06,0.18,Improvement,417,3095
208172,Mateusz Wieteska,Defender,Centre-Back,Poland,2022-23,2023-24,26,27,Clermont Foot 63,"Cagliari Calcio, Clermont Foot 63",3120,1134,0,1,2,2,2,3,0,0.079,0.058,0.159,0.058,0.238,0.079,0.101,0.18,Improvement,418,3094
424015,Nathan Patterson,Defender,Right-Back,Scotland,2022-23,2023-24,21,22,Everton FC,Everton FC,1277,1000,0,0,0,2,0,2,0,0,0,0.18,0,0.18,0,0.18,0.18,Improvement,419,3093
148367,Christian Nørgaard,Midfield,Defensive Midfield,Denmark,2023-24,2024-25,30,31,Brentford FC,Brentford FC,2514,2830,2,5,1,4,3,9,0.072,0.159,0.036,0.127,0.107,0.286,0.087,0.091,0.179,Improvement,420,3092
486049,Jérémy Doku,Attack,Left Winger,Belgium,2022-23,2023-24,21,22,Stade Rennais FC,"Manchester City, Stade Rennais FC",1285,1705,6,4,2,10,8,14,0.42,0.211,0.14,0.528,0.56,0.739,-0.209,0.388,0.179,Improvement,421,3091
357498,Dušan Vlahović,Attack,Centre-Forward,Serbia,2022-23,2023-24,23,24,Juventus FC,Juventus FC,1932,2319,10,16,2,3,12,19,0.466,0.621,0.093,0.116,0.559,0.737,0.155,0.023,0.178,Improvement,422,3090
216179,Stefano Sensi,Midfield,Central Midfield,Italy,2021-22,2022-23,26,27,"Inter Milan, UC Sampdoria",AC Monza,917,1628,1,3,0,2,1,5,0.098,0.166,0,0.111,0.098,0.276,0.068,0.111,0.178,Improvement,423,3089
349599,Pervis Estupiñán,Defender,Left-Back,Ecuador,2021-22,2022-23,24,25,Villarreal CF,Brighton & Hove Albion,1575,2684,0,1,1,6,1,7,0,0.034,0.057,0.201,0.057,0.235,0.034,0.144,0.178,Improvement,424,3088
87884,Mário Rui,Defender,Left-Back,Portugal,2021-22,2022-23,31,32,SSC Napoli,SSC Napoli,3002,1762,0,0,6,7,6,7,0,0,0.18,0.358,0.18,0.358,0,0.178,0.178,Improvement,425,3087
74683,Nemanja Matić,Midfield,Defensive Midfield,Serbia,2020-21,2021-22,32,33,Manchester United,Manchester United,1101,1383,0,0,1,4,1,4,0,0,0.082,0.26,0.082,0.26,0,0.178,0.178,Improvement,425,3087
338424,Mikel Merino,Midfield,Central Midfield,Spain,2021-22,2022-23,26,27,Real Sociedad,Real Sociedad,2896,2498,3,2,4,9,7,11,0.093,0.072,0.124,0.324,0.218,0.396,-0.021,0.2,0.178,Improvement,426,3086
479999,Eberechi Eze,Midfield,Attacking Midfield,England,2022-23,2023-24,25,26,Crystal Palace,Crystal Palace,2645,2066,10,11,4,4,14,15,0.34,0.479,0.136,0.174,0.476,0.653,0.139,0.038,0.177,Improvement,427,3085
88909,Riccardo Saponara,Midfield,Attacking Midfield,Italy,2021-22,2022-23,30,31,ACF Fiorentina,ACF Fiorentina,1285,1207,3,4,3,4,6,8,0.21,0.298,0.21,0.298,0.42,0.597,0.088,0.088,0.177,Improvement,428,3084
626913,Boulaye Dia,Attack,Centre-Forward,Senegal,2023-24,2024-25,27,28,US Salernitana 1919,Società Sportiva Lazio S.p.A.,1143,2193,4,9,0,3,4,12,0.315,0.369,0,0.123,0.315,0.492,0.054,0.123,0.177,Improvement,429,3083
413032,Ibrahima Diallo,Midfield,Defensive Midfield,France,2020-21,2021-22,22,23,"Southampton FC, Stade Brestois 29",Southampton FC,1454,1018,0,0,0,2,0,2,0,0,0,0.177,0,0.177,0,0.177,0.177,Improvement,430,3082
93707,Christian Günter,Defender,Left-Back,Germany,2020-21,2021-22,28,29,SC Freiburg,SC Freiburg,3060,3060,3,2,3,10,6,12,0.088,0.059,0.088,0.294,0.176,0.353,-0.029,0.206,0.177,Improvement,431,3081
296397,Arne Maier,Midfield,Central Midfield,Germany,2022-23,2023-24,24,25,FC Augsburg,FC Augsburg,1971,998,5,2,1,3,6,5,0.228,0.18,0.046,0.271,0.274,0.451,-0.048,0.225,0.177,Improvement,432,3080
91845,Heung-min Son,Attack,Left Winger,"Korea, South",2020-21,2021-22,28,29,Tottenham Hotspur,Tottenham Hotspur,3126,3022,17,23,10,9,27,32,0.489,0.685,0.288,0.268,0.777,0.953,0.196,-0.02,0.176,Improvement,433,3079
505674,Sergio Camello,Attack,Centre-Forward,Spain,2023-24,2024-25,23,24,Rayo Vallecano,Rayo Vallecano,1646,1139,3,3,1,2,4,5,0.164,0.237,0.055,0.158,0.219,0.395,0.073,0.103,0.176,Improvement,434,3078
914562,Désiré Doué,Attack,Right Winger,France,2022-23,2023-24,18,19,Stade Rennais FC,Stade Rennais FC,1113,1624,3,4,1,5,4,9,0.243,0.222,0.081,0.277,0.323,0.499,-0.021,0.196,0.176,Improvement,435,3077
84085,Timothée Kolodziejczak,Defender,Centre-Back,France,2020-21,2021-22,29,30,AS Saint-Étienne,AS Saint-Étienne,2038,2570,0,2,0,3,0,5,0,0.07,0,0.105,0,0.175,0.07,0.105,0.175,Improvement,436,3076
205938,Mario Pašalić,Midfield,Central Midfield,Croatia,2022-23,2023-24,28,29,Atalanta BC,Atalanta BC,1783,2046,5,6,2,6,7,12,0.252,0.264,0.101,0.264,0.353,0.528,0.012,0.163,0.175,Improvement,437,3075
295183,Răzvan Marin,Midfield,Central Midfield,Romania,2023-24,2024-25,28,29,FC Empoli,Cagliari Calcio,1818,1395,0,3,3,2,3,5,0,0.194,0.149,0.129,0.149,0.323,0.194,-0.02,0.174,Improvement,438,3074
93707,Christian Günter,Defender,Left-Back,Germany,2022-23,2023-24,30,31,SC Freiburg,SC Freiburg,2748,1066,1,1,4,3,5,4,0.033,0.084,0.131,0.253,0.164,0.338,0.051,0.122,0.174,Improvement,439,3073
314353,Trent Alexander-Arnold,Defender,Right-Back,England,2020-21,2021-22,22,23,Liverpool FC,Liverpool FC,3033,2854,2,2,7,12,9,14,0.059,0.063,0.208,0.378,0.267,0.441,0.004,0.17,0.174,Improvement,440,3072
354726,Florian Sotoca,Attack,Centre-Forward,France,2021-22,2022-23,31,32,RC Lens,RC Lens,2490,3065,6,7,3,10,9,17,0.217,0.206,0.108,0.294,0.325,0.499,-0.011,0.186,0.174,Improvement,441,3071
411295,Raphinha,Attack,Left Winger,Brazil,2021-22,2022-23,25,26,Leeds United,FC Barcelona,2923,2084,11,7,3,7,14,14,0.339,0.302,0.092,0.302,0.431,0.605,-0.037,0.21,0.174,Improvement,442,3070
170986,Raphaël Guerreiro,Defender,Left-Back,Portugal,2023-24,2024-25,30,31,Bayern Munich,Bayern Munich,1201,1583,3,4,0,3,3,7,0.225,0.227,0,0.171,0.225,0.398,0.002,0.171,0.173,Improvement,443,3069
249157,Fredrik Jensen,Midfield,Attacking Midfield,Finland,2022-23,2023-24,25,26,FC Augsburg,FC Augsburg,922,1352,2,2,1,5,3,7,0.195,0.133,0.098,0.333,0.293,0.466,-0.062,0.235,0.173,Improvement,444,3068
159088,Robert Andrich,Midfield,Defensive Midfield,Germany,2022-23,2023-24,28,29,Bayer 04 Leverkusen,Bayer 04 Leverkusen,2410,1682,2,4,2,2,4,6,0.075,0.214,0.075,0.107,0.149,0.321,0.139,0.032,0.172,Improvement,445,3067
362086,Isi Palazón,Attack,Second Striker,Spain,2023-24,2024-25,29,30,Rayo Vallecano,Rayo Vallecano,2820,2166,4,4,1,4,5,8,0.128,0.166,0.032,0.166,0.16,0.332,0.038,0.134,0.172,Improvement,446,3066
157507,Adrien Tamèze,Midfield,Defensive Midfield,France,2020-21,2021-22,27,28,Hellas Verona,Hellas Verona,2311,2573,1,4,0,2,1,6,0.039,0.14,0,0.07,0.039,0.21,0.101,0.07,0.171,Improvement,447,3065
88682,Mattia De Sciglio,Defender,Right-Back,Italy,2020-21,2021-22,28,29,"Juventus FC, Olympique Lyon",Juventus FC,1481,1166,0,1,1,2,1,3,0,0.077,0.061,0.154,0.061,0.232,0.077,0.093,0.171,Improvement,448,3064
32467,Ivan Rakitic,Midfield,Central Midfield,Croatia,2020-21,2021-22,33,34,Sevilla FC,Sevilla FC,2241,2187,4,4,2,6,6,10,0.161,0.165,0.08,0.247,0.241,0.412,0.004,0.167,0.171,Improvement,449,3063
88490,Aleix Vidal,Attack,Right Winger,Spain,2021-22,2022-23,32,33,RCD Espanyol Barcelona,RCD Espanyol Barcelona,1905,1020,2,0,0,3,2,3,0.094,0,0,0.265,0.094,0.265,-0.094,0.265,0.171,Improvement,450,3062
533295,Patrick Wimmer,Attack,Right Winger,Austria,2021-22,2022-23,21,22,Arminia Bielefeld,VfL Wolfsburg,2066,1665,3,4,8,8,11,12,0.131,0.216,0.348,0.432,0.479,0.649,0.085,0.084,0.17,Improvement,451,3061
18934,Thomas Mangani,Midfield,Central Midfield,France,2020-21,2021-22,34,35,Angers SCO,Angers SCO,2702,2195,3,7,3,2,6,9,0.1,0.287,0.1,0.082,0.2,0.369,0.187,-0.018,0.169,Improvement,452,3060
321528,Denzel Dumfries,Defender,Right-Back,Netherlands,2022-23,2023-24,27,28,Inter Milan,Inter Milan,2223,1643,1,4,7,5,8,9,0.04,0.219,0.283,0.274,0.324,0.493,0.179,-0.009,0.169,Improvement,453,3059
46105,Ivan Radovanovic,Midfield,Defensive Midfield,Serbia,2020-21,2021-22,32,33,Genoa CFC,US Salernitana 1919,2227,1067,0,1,0,1,0,2,0,0.084,0,0.084,0,0.169,0.084,0.084,0.169,Improvement,454,3058
399543,Rémi Oudin,Midfield,Attacking Midfield,France,2020-21,2021-22,24,25,FC Girondins Bordeaux,FC Girondins Bordeaux,2432,1741,4,4,4,5,8,9,0.148,0.207,0.148,0.258,0.296,0.465,0.059,0.11,0.169,Improvement,455,3057
730861,Milos Kerkez,Defender,Left-Back,Hungary,2023-24,2024-25,20,21,AFC Bournemouth,AFC Bournemouth,1976,3342,0,2,1,6,1,8,0,0.054,0.046,0.162,0.046,0.215,0.054,0.116,0.169,Improvement,456,3056
279009,Marco Richter,Midfield,Attacking Midfield,Germany,2021-22,2022-23,24,25,Hertha BSC,Hertha BSC,1711,1844,5,6,2,5,7,11,0.263,0.293,0.105,0.244,0.368,0.537,0.03,0.139,0.169,Improvement,457,3055
295313,Taiwo Awoniyi,Attack,Centre-Forward,Nigeria,2020-21,2021-22,23,24,1.FC Union Berlin,1.FC Union Berlin,1366,2202,5,15,3,2,8,17,0.329,0.613,0.198,0.082,0.527,0.695,0.284,-0.116,0.168,Improvement,458,3054
251878,Aarón Martín,Defender,Left-Back,Spain,2023-24,2024-25,27,28,Genoa CFC,Genoa CFC,1381,3088,0,0,1,8,1,8,0,0,0.065,0.233,0.065,0.233,0,0.168,0.168,Improvement,459,3053
59561,Dani Parejo,Midfield,Central Midfield,Spain,2020-21,2021-22,32,33,Villarreal CF,Villarreal CF,3120,2710,3,2,5,10,8,12,0.087,0.066,0.144,0.332,0.231,0.399,-0.021,0.188,0.168,Improvement,460,3052
540664,Dilane Bakwa,Attack,Right Winger,France,2023-24,2024-25,21,22,RC Strasbourg Alsace,RC Strasbourg Alsace,2187,2513,3,6,6,9,9,15,0.123,0.215,0.247,0.322,0.37,0.537,0.092,0.075,0.167,Improvement,461,3051
568333,Adam Obert,Defender,Left-Back,Slovakia,2023-24,2024-25,21,22,Cagliari Calcio,Cagliari Calcio,940,1076,0,1,0,1,0,2,0,0.084,0,0.084,0,0.167,0.084,0.084,0.167,Improvement,462,3050
87469,Cote,Defender,Left-Back,Spain,2020-21,2021-22,31,32,SD Eibar,CA Osasuna,904,1081,0,1,0,1,0,2,0,0.083,0,0.083,0,0.167,0.083,0.083,0.167,Improvement,463,3049
315969,Scott McTominay,Midfield,Central Midfield,Scotland,2023-24,2024-25,27,28,Manchester United,"Manchester United, SSC Napoli",1892,2958,7,12,1,6,8,18,0.333,0.365,0.048,0.183,0.381,0.548,0.032,0.135,0.167,Improvement,464,3048
343959,Erhan Masovic,Defender,Centre-Back,Serbia,2021-22,2022-23,23,24,VfL Bochum,VfL Bochum,1530,2174,0,4,0,0,0,4,0,0.166,0,0,0,0.166,0.166,0,0.166,Improvement,465,3047
162434,Niklas Stark,Defender,Centre-Back,Germany,2022-23,2023-24,28,29,SV Werder Bremen,SV Werder Bremen,2082,1087,0,2,0,0,0,2,0,0.166,0,0,0,0.166,0.166,0,0.166,Improvement,465,3047
193116,John McGinn,Midfield,Central Midfield,Scotland,2022-23,2023-24,28,29,Aston Villa,Aston Villa,2698,3010,1,6,3,4,4,10,0.033,0.179,0.1,0.12,0.133,0.299,0.146,0.02,0.166,Improvement,466,3046
415912,Konstantinos Mavropanos,Defender,Centre-Back,Greece,2020-21,2021-22,23,24,VfB Stuttgart,VfB Stuttgart,1472,2710,0,4,0,1,0,5,0,0.133,0,0.033,0,0.166,0.133,0.033,0.166,Improvement,467,3045
229804,Aritz Elustondo,Defender,Centre-Back,Spain,2020-21,2021-22,27,28,Real Sociedad,Real Sociedad,1886,2103,1,4,0,1,1,5,0.048,0.171,0,0.043,0.048,0.214,0.123,0.043,0.166,Improvement,468,3044
291417,Ferland Mendy,Defender,Left-Back,France,2020-21,2021-22,26,27,Real Madrid,Real Madrid,2207,1737,1,2,0,2,1,4,0.041,0.104,0,0.104,0.041,0.207,0.063,0.104,0.166,Improvement,469,3043
134425,Raheem Sterling,Attack,Right Winger,England,2020-21,2021-22,26,27,Manchester City,Manchester City,2536,2127,10,13,8,6,18,19,0.355,0.55,0.284,0.254,0.639,0.804,0.195,-0.03,0.165,Improvement,470,3042
546213,Tuta,Defender,Centre-Back,Brazil,2020-21,2021-22,21,22,Eintracht Frankfurt,Eintracht Frankfurt,1458,2187,0,4,0,0,0,4,0,0.165,0,0,0,0.165,0.165,0,0.165,Improvement,471,3041
413039,Bryan Mbeumo,Attack,Right Winger,Cameroon,2022-23,2023-24,23,24,Brentford FC,Brentford FC,2928,1961,9,9,8,6,17,15,0.277,0.413,0.246,0.275,0.523,0.688,0.136,0.029,0.165,Improvement,472,3040
274862,Moses Simon,Attack,Left Winger,Nigeria,2023-24,2024-25,28,29,FC Nantes,FC Nantes,1793,2625,3,8,6,10,9,18,0.151,0.274,0.301,0.343,0.452,0.617,0.123,0.042,0.165,Improvement,473,3039
221316,Lucas Vázquez,Defender,Right-Back,Spain,2022-23,2023-24,31,32,Real Madrid,Real Madrid,1141,1411,4,3,2,7,6,10,0.316,0.191,0.158,0.446,0.473,0.638,-0.125,0.288,0.165,Improvement,474,3038
719442,David Da Costa,Midfield,Attacking Midfield,Portugal,2022-23,2023-24,22,23,RC Lens,RC Lens,1408,1499,1,4,3,3,4,7,0.064,0.24,0.192,0.18,0.256,0.42,0.176,-0.012,0.164,Improvement,475,3037
193900,Marius Wolf,Defender,Right-Back,Germany,2020-21,2021-22,26,27,1.FC Köln,Borussia Dortmund,2562,1322,2,3,3,2,5,5,0.07,0.204,0.105,0.136,0.176,0.34,0.134,0.031,0.164,Improvement,476,3036
239802,Adam Marusic,Defender,Right-Back,Montenegro,2023-24,2024-25,31,32,Società Sportiva Lazio S.p.A.,Società Sportiva Lazio S.p.A.,3107,2333,1,4,0,1,1,5,0.029,0.154,0,0.039,0.029,0.193,0.125,0.039,0.164,Improvement,477,3035
85383,Rubén Sobrino,Attack,Centre-Forward,Spain,2020-21,2021-22,29,30,"Cádiz CF, Valencia CF","Cádiz CF, Valencia CF",1159,1871,1,4,0,1,1,5,0.078,0.192,0,0.048,0.078,0.241,0.114,0.048,0.163,Improvement,478,3034
433177,Bukayo Saka,Attack,Right Winger,England,2021-22,2022-23,20,21,Arsenal FC,Arsenal FC,2994,3194,11,14,7,11,18,25,0.331,0.394,0.21,0.31,0.541,0.704,0.063,0.1,0.163,Improvement,479,3033
272642,Allan Saint-Maximin,Attack,Left Winger,France,2021-22,2022-23,25,26,Newcastle United,Newcastle United,2812,1117,5,1,5,5,10,6,0.16,0.081,0.16,0.403,0.32,0.483,-0.079,0.243,0.163,Improvement,480,3032
357164,Rafael Leão,Attack,Left Winger,Portugal,2020-21,2021-22,22,23,AC Milan,AC Milan,1932,2621,6,11,6,10,12,21,0.28,0.378,0.28,0.343,0.559,0.721,0.098,0.063,0.162,Improvement,481,3031
290593,Sada Thioub,Attack,Right Winger,Senegal,2021-22,2022-23,27,28,"Angers SCO, AS Saint-Étienne",Angers SCO,956,1054,0,1,1,2,1,3,0,0.085,0.094,0.171,0.094,0.256,0.085,0.077,0.162,Improvement,482,3030
845654,Kenan Yıldız,Attack,Left Winger,Türkiye,2023-24,2024-25,19,20,Juventus FC,Juventus FC,945,2409,2,7,1,5,3,12,0.19,0.262,0.095,0.187,0.286,0.448,0.072,0.092,0.162,Improvement,483,3029
273132,Robin Gosens,Defender,Left-Back,Germany,2022-23,2023-24,28,29,Inter Milan,1.FC Union Berlin,1173,2297,3,6,0,4,3,10,0.23,0.235,0,0.157,0.23,0.392,0.005,0.157,0.162,Improvement,484,3028
357992,Raoul Bellanova,Midfield,Right Midfield,Italy,2023-24,2024-25,24,25,Torino FC,"Atalanta BC, Torino FC",3065,2495,1,0,7,11,8,11,0.029,0,0.206,0.397,0.235,0.397,-0.029,0.191,0.162,Improvement,485,3027
555076,Romain Faivre,Midfield,Attacking Midfield,France,2020-21,2021-22,22,23,Stade Brestois 29,"Olympique Lyon, Stade Brestois 29",2902,2689,6,10,5,5,11,15,0.186,0.335,0.155,0.167,0.341,0.502,0.149,0.012,0.161,Improvement,486,3026
102744,Sébastien Corchia,Defender,Right-Back,France,2020-21,2021-22,30,31,FC Nantes,FC Nantes,2067,1318,0,0,1,3,1,3,0,0,0.044,0.205,0.044,0.205,0,0.161,0.161,Improvement,487,3025
361093,Sven Botman,Defender,Centre-Back,Netherlands,2020-21,2021-22,21,22,LOSC Lille,LOSC Lille,3311,2250,0,3,0,1,0,4,0,0.12,0,0.04,0,0.16,0.12,0.04,0.16,Improvement,488,3024
295330,Kelechi Iheanacho,Attack,Centre-Forward,Nigeria,2021-22,2022-23,25,26,Leicester City,Leicester City,1260,1121,4,5,5,5,9,10,0.286,0.401,0.357,0.401,0.643,0.803,0.115,0.044,0.16,Improvement,489,3023
55735,Henrikh Mkhitaryan,Midfield,Central Midfield,Armenia,2022-23,2023-24,34,35,Inter Milan,Inter Milan,2000,2804,3,2,2,10,5,12,0.135,0.064,0.09,0.321,0.225,0.385,-0.071,0.231,0.16,Improvement,490,3022
173859,Davide Zappacosta,Midfield,Right Midfield,Italy,2023-24,2024-25,32,33,Atalanta BC,Atalanta BC,1875,2076,2,4,1,3,3,7,0.096,0.173,0.048,0.13,0.144,0.303,0.077,0.082,0.159,Improvement,491,3021
474800,Facundo Medina,Defender,Centre-Back,Argentina,2021-22,2022-23,23,24,RC Lens,RC Lens,2596,2785,1,2,0,4,1,6,0.035,0.065,0,0.129,0.035,0.194,0.03,0.129,0.159,Improvement,492,3020
157672,Vladimír Coufal,Defender,Right-Back,Czech Republic,2022-23,2023-24,30,31,West Ham United,West Ham United,2139,3139,0,0,1,7,1,7,0,0,0.042,0.201,0.042,0.201,0,0.159,0.159,Improvement,493,3019
370791,Pablo Rosario,Midfield,Defensive Midfield,Dominican Republic,2023-24,2024-25,27,28,OGC Nice,OGC Nice,2005,1775,0,3,1,1,1,4,0,0.152,0.045,0.051,0.045,0.203,0.152,0.006,0.158,Improvement,494,3018
412363,Rodrygo,Attack,Right Winger,Brazil,2021-22,2022-23,21,22,Real Madrid,Real Madrid,1552,2381,4,9,5,9,9,18,0.232,0.34,0.29,0.34,0.522,0.68,0.108,0.05,0.158,Improvement,495,3017
245014,Enis Bardhi,Midfield,Attacking Midfield,North Macedonia,2020-21,2021-22,25,26,Levante UD,Levante UD,1685,1699,1,3,2,3,3,6,0.053,0.159,0.107,0.159,0.16,0.318,0.106,0.052,0.158,Improvement,496,3016
67420,Luke Ayling,Defender,Right-Back,,2020-21,2021-22,29,30,Leeds United,Leeds United,3400,2275,0,2,0,2,0,4,0,0.079,0,0.079,0,0.158,0.079,0.079,0.158,Improvement,497,3015
624037,Joris Chotard,Midfield,Defensive Midfield,France,2021-22,2022-23,20,21,Montpellier HSC,Montpellier HSC,2944,2465,1,0,1,6,2,6,0.031,0,0.031,0.219,0.061,0.219,-0.031,0.188,0.158,Improvement,498,3014
284595,Tommaso Augello,Defender,Left-Back,Italy,2023-24,2024-25,29,30,Cagliari Calcio,Cagliari Calcio,2431,2715,1,0,1,7,2,7,0.037,0,0.037,0.232,0.074,0.232,-0.037,0.195,0.158,Improvement,499,3013
225122,Gonçalo Guedes,Attack,Left Winger,Portugal,2020-21,2021-22,24,25,Valencia CF,Valencia CF,2296,2601,5,11,6,6,11,17,0.196,0.381,0.235,0.208,0.431,0.588,0.185,-0.027,0.157,Improvement,500,3012
356197,Alfonso Pedraza,Defender,Left-Back,Spain,2022-23,2023-24,27,28,Villarreal CF,Villarreal CF,1636,1118,0,1,3,3,3,4,0,0.081,0.165,0.242,0.165,0.322,0.081,0.077,0.157,Improvement,501,3011
634131,Aimar Oroz,Midfield,Attacking Midfield,Spain,2023-24,2024-25,22,23,CA Osasuna,CA Osasuna,2350,2983,2,5,1,4,3,9,0.077,0.151,0.038,0.121,0.115,0.272,0.074,0.083,0.157,Improvement,502,3010
94201,Robin Knoche,Defender,Centre-Back,Germany,2021-22,2022-23,30,31,1.FC Union Berlin,1.FC Union Berlin,2970,2874,0,2,0,3,0,5,0,0.063,0,0.094,0,0.157,0.063,0.094,0.157,Improvement,503,3009
108354,Jordan Ayew,Attack,Centre-Forward,Ghana,2022-23,2023-24,31,32,Crystal Palace,Crystal Palace,2722,2551,4,4,3,7,7,11,0.132,0.141,0.099,0.247,0.231,0.388,0.009,0.148,0.157,Improvement,504,3008
49499,Georginio Wijnaldum,Midfield,Central Midfield,Netherlands,2020-21,2021-22,30,31,Liverpool FC,Paris Saint-Germain,2948,1651,2,1,0,3,2,4,0.061,0.055,0,0.164,0.061,0.218,-0.006,0.164,0.157,Improvement,505,3007
401578,Exequiel Palacios,Midfield,Central Midfield,Argentina,2023-24,2024-25,25,26,Bayer 04 Leverkusen,Bayer 04 Leverkusen,1840,1150,4,1,4,6,8,7,0.196,0.078,0.196,0.47,0.391,0.548,-0.118,0.274,0.157,Improvement,506,3006
571607,Fabio Miretti,Midfield,Central Midfield,Italy,2023-24,2024-25,20,21,Juventus FC,Genoa CFC,1105,1695,1,3,1,3,2,6,0.081,0.159,0.081,0.159,0.163,0.319,0.078,0.078,0.156,Improvement,507,3005
126751,Iñigo Ruiz de Galarreta,Midfield,Central Midfield,Spain,2023-24,2024-25,30,31,Athletic Bilbao,Athletic Bilbao,2105,1488,1,0,1,4,2,4,0.043,0,0.043,0.242,0.086,0.242,-0.043,0.199,0.156,Improvement,508,3004
126665,Idrissa Gueye,Midfield,Defensive Midfield,Senegal,2022-23,2023-24,33,34,Everton FC,Everton FC,2593,1893,0,4,1,0,1,4,0,0.19,0.035,0,0.035,0.19,0.19,-0.035,0.155,Improvement,509,3003
525578,Pathé Ciss,Midfield,Central Midfield,Senegal,2023-24,2024-25,30,31,Rayo Vallecano,Rayo Vallecano,1649,2147,1,4,0,1,1,5,0.055,0.168,0,0.042,0.055,0.21,0.113,0.042,0.155,Improvement,510,3002
315762,Luca de la Torre,Midfield,Central Midfield,United States,2022-23,2023-24,25,26,Celta de Vigo,Celta de Vigo,1488,1958,0,1,2,5,2,6,0,0.046,0.121,0.23,0.121,0.276,0.046,0.109,0.155,Improvement,511,3001
616344,Tiago Tomás,Attack,Right Winger,Portugal,2021-22,2022-23,20,21,VfB Stuttgart,VfB Stuttgart,1080,1292,4,3,0,4,4,7,0.333,0.209,0,0.279,0.333,0.488,-0.124,0.279,0.155,Improvement,512,3000
391065,Hamed Traoré,Attack,Left Winger,Cote d'Ivoire,2020-21,2021-22,21,22,US Sassuolo,US Sassuolo,1790,1781,5,7,3,4,8,11,0.251,0.354,0.151,0.202,0.402,0.556,0.103,0.051,0.154,Improvement,513,2999
373373,Lucas Martínez Quarta,Defender,Centre-Back,Argentina,2022-23,2023-24,27,28,ACF Fiorentina,ACF Fiorentina,2172,2292,1,5,1,1,2,6,0.041,0.196,0.041,0.039,0.083,0.236,0.155,-0.002,0.153,Improvement,514,2998
983989,Facundo Buonanotte,Midfield,Attacking Midfield,Argentina,2023-24,2024-25,19,20,Brighton & Hove Albion,Leicester City,1369,1514,3,5,1,2,4,7,0.197,0.297,0.066,0.119,0.263,0.416,0.1,0.053,0.153,Improvement,515,2997
379807,Lyanco,Defender,Centre-Back,Brazil,2021-22,2022-23,25,26,Southampton FC,Southampton FC,906,1175,0,1,0,1,0,2,0,0.077,0,0.077,0,0.153,0.077,0.077,0.153,Improvement,516,2996
569389,Sofiane Diop,Attack,Left Winger,Morocco,2020-21,2021-22,21,22,AS Monaco,AS Monaco,2034,1954,7,6,1,5,8,11,0.31,0.276,0.044,0.23,0.354,0.507,-0.034,0.186,0.153,Improvement,517,2995
261905,Suat Serdar,Midfield,Central Midfield,Germany,2023-24,2024-25,27,28,Hellas Verona,Hellas Verona,1658,1379,0,2,2,2,2,4,0,0.131,0.109,0.131,0.109,0.261,0.131,0.022,0.152,Improvement,518,2994
243714,Kingsley Coman,Attack,Left Winger,France,2023-24,2024-25,28,29,Bayern Munich,Bayern Munich,1123,1280,3,5,3,4,6,9,0.24,0.352,0.24,0.281,0.481,0.633,0.112,0.041,0.152,Improvement,519,2993
353948,Lucas Tousart,Midfield,Central Midfield,France,2021-22,2022-23,25,26,Hertha BSC,Hertha BSC,1958,2948,2,5,0,3,2,8,0.092,0.153,0,0.092,0.092,0.244,0.061,0.092,0.152,Improvement,520,2992
298635,Grigoris Kastanos,Midfield,Central Midfield,Cyprus,2022-23,2023-24,25,26,US Salernitana 1919,US Salernitana 1919,1281,1486,2,3,1,3,3,6,0.141,0.182,0.07,0.182,0.211,0.363,0.041,0.112,0.152,Improvement,521,2991
785353,Pablo Ibáñez,Midfield,Central Midfield,Spain,2022-23,2023-24,24,25,CA Osasuna,CA Osasuna,1059,1142,0,1,1,2,1,3,0,0.079,0.085,0.158,0.085,0.236,0.079,0.073,0.151,Improvement,522,2990
175639,Jonathan Clauss,Defender,Right-Back,France,2020-21,2021-22,28,29,RC Lens,RC Lens,2537,3061,3,5,6,11,9,16,0.106,0.147,0.213,0.323,0.319,0.47,0.041,0.11,0.151,Improvement,523,2989
311178,Georgios Kyriakopoulos,Defender,Left-Back,Greece,2020-21,2021-22,25,26,US Sassuolo,US Sassuolo,1458,1973,1,0,1,6,2,6,0.062,0,0.062,0.274,0.123,0.274,-0.062,0.212,0.151,Improvement,524,2988
122116,Nicolas de Préville,Attack,Centre-Forward,France,2020-21,2021-22,30,31,FC Girondins Bordeaux,FC Metz,1609,1982,1,5,2,2,3,7,0.056,0.227,0.112,0.091,0.168,0.318,0.171,-0.021,0.15,Improvement,525,2987
395237,Maxence Caqueret,Midfield,Central Midfield,France,2023-24,2024-25,24,25,Olympique Lyon,"Como 1907, Olympique Lyon",3026,1670,1,2,3,3,4,5,0.03,0.108,0.089,0.162,0.119,0.269,0.078,0.073,0.15,Improvement,526,2986
357565,Rodri,Midfield,Defensive Midfield,Spain,2020-21,2021-22,25,26,Manchester City,Manchester City,2748,2888,2,7,2,2,4,9,0.066,0.218,0.066,0.062,0.131,0.28,0.152,-0.004,0.149,Improvement,527,2985
569598,Youssouf Fofana,Midfield,Defensive Midfield,France,2022-23,2023-24,24,25,AS Monaco,AS Monaco,3089,2703,2,4,2,4,4,8,0.058,0.133,0.058,0.133,0.117,0.266,0.075,0.075,0.149,Improvement,528,2984
168157,Leander Dendoncker,Midfield,Defensive Midfield,Belgium,2020-21,2021-22,26,27,Wolverhampton Wanderers,Wolverhampton Wanderers,2500,1948,1,2,0,2,1,4,0.036,0.092,0,0.092,0.036,0.185,0.056,0.092,0.149,Improvement,529,2983
202886,Ruben Loftus-Cheek,Midfield,Central Midfield,England,2020-21,2021-22,25,26,"Chelsea FC, Fulham FC",Chelsea FC,1974,1387,1,0,0,3,1,3,0.046,0,0,0.195,0.046,0.195,-0.046,0.195,0.149,Improvement,530,2982
148455,Mohamed Salah,Attack,Right Winger,Egypt,2022-23,2023-24,31,32,Liverpool FC,Liverpool FC,3297,2536,19,18,12,10,31,28,0.519,0.639,0.328,0.355,0.846,0.994,0.12,0.027,0.148,Improvement,531,2981
678406,Sergi Cardona,Defender,Left-Back,Spain,2023-24,2024-25,24,25,UD Las Palmas,Villarreal CF,2816,2955,1,1,2,7,3,8,0.032,0.03,0.064,0.213,0.096,0.244,-0.002,0.149,0.148,Improvement,532,2980
132098,Harry Kane,Attack,Centre-Forward,England,2021-22,2022-23,28,29,Tottenham Hotspur,Tottenham Hotspur,3232,3408,17,30,9,3,26,33,0.473,0.792,0.251,0.079,0.724,0.871,0.319,-0.172,0.147,Improvement,533,2979
552549,Matheus Henrique,Midfield,Central Midfield,Brazil,2021-22,2022-23,24,25,US Sassuolo,US Sassuolo,1066,1952,0,4,1,1,1,5,0,0.184,0.084,0.046,0.084,0.231,0.184,-0.038,0.147,Improvement,534,2978
640428,Eduardo Camavinga,Midfield,Central Midfield,France,2023-24,2024-25,21,22,Real Madrid,Real Madrid,1823,1098,0,1,2,2,2,3,0,0.082,0.099,0.164,0.099,0.246,0.082,0.065,0.147,Improvement,535,2977
41384,Marko Arnautovic,Attack,Centre-Forward,Austria,2021-22,2022-23,33,34,Bologna Football Club 1909,Bologna Football Club 1909,2705,1536,14,10,1,1,15,11,0.466,0.586,0.033,0.059,0.499,0.645,0.12,0.026,0.146,Improvement,536,2976
408471,Javi Puado,Attack,Left Winger,Spain,2021-22,2022-23,24,25,RCD Espanyol Barcelona,RCD Espanyol Barcelona,2258,2349,4,7,1,2,5,9,0.159,0.268,0.04,0.077,0.199,0.345,0.109,0.037,0.146,Improvement,537,2975
167799,Pierre-Emile Højbjerg,Midfield,Defensive Midfield,Denmark,2021-22,2022-23,26,27,Tottenham Hotspur,Tottenham Hotspur,3199,3133,2,4,2,5,4,9,0.056,0.115,0.056,0.144,0.113,0.259,0.059,0.088,0.146,Improvement,538,2974
222859,Florent Mollet,Midfield,Attacking Midfield,France,2022-23,2023-24,31,32,"FC Nantes, FC Schalke 04",FC Nantes,1496,2091,2,4,2,5,4,9,0.12,0.172,0.12,0.215,0.241,0.387,0.052,0.095,0.146,Improvement,539,2973
105521,Ciro Immobile,Attack,Centre-Forward,Italy,2020-21,2021-22,31,32,Società Sportiva Lazio S.p.A.,Società Sportiva Lazio S.p.A.,2863,2716,20,27,7,3,27,30,0.629,0.895,0.22,0.099,0.849,0.994,0.266,-0.121,0.145,Improvement,540,2972
72047,Iago Aspas,Attack,Centre-Forward,Spain,2023-24,2024-25,36,37,Celta de Vigo,Celta de Vigo,2717,1744,9,10,10,5,19,15,0.298,0.516,0.331,0.258,0.629,0.774,0.218,-0.073,0.145,Improvement,541,2971
131075,Francesco Acerbi,Defender,Centre-Back,Italy,2020-21,2021-22,33,34,Società Sportiva Lazio S.p.A.,Società Sportiva Lazio S.p.A.,2815,2537,0,4,1,1,1,5,0,0.142,0.032,0.035,0.032,0.177,0.142,0.003,0.145,Improvement,542,2970
261905,Suat Serdar,Midfield,Central Midfield,Germany,2021-22,2022-23,25,26,Hertha BSC,Hertha BSC,2226,2032,3,4,0,2,3,6,0.121,0.177,0,0.089,0.121,0.266,0.056,0.089,0.145,Improvement,543,2969
668547,Máximo Perrone,Midfield,Defensive Midfield,Argentina,2023-24,2024-25,21,22,UD Las Palmas,Como 1907,1627,1860,0,0,0,3,0,3,0,0,0,0.145,0,0.145,0,0.145,0.145,Improvement,544,2968
229006,Franck Honorat,Attack,Right Winger,France,2022-23,2023-24,26,27,Stade Brestois 29,Borussia Mönchengladbach,2544,2358,6,3,5,11,11,14,0.212,0.115,0.177,0.42,0.389,0.534,-0.097,0.243,0.145,Improvement,545,2967
649016,El Bilal Touré,Attack,Left Winger,Mali,2021-22,2022-23,20,21,Stade Reims,"Stade Reims, UD Almería",1200,1364,2,7,4,2,6,9,0.15,0.462,0.3,0.132,0.45,0.594,0.312,-0.168,0.144,Improvement,546,2966
585959,Arnaud Kalimuendo,Attack,Centre-Forward,France,2023-24,2024-25,22,23,Stade Rennais FC,Stade Rennais FC,2155,2591,10,17,4,4,14,21,0.418,0.591,0.167,0.139,0.585,0.729,0.173,-0.028,0.144,Improvement,547,2965
353399,Romain Del Castillo,Attack,Right Winger,France,2023-24,2024-25,28,29,Stade Brestois 29,Stade Brestois 29,2521,1259,8,6,8,4,16,10,0.286,0.429,0.286,0.286,0.571,0.715,0.143,0,0.144,Improvement,548,2964
461617,Rodrigo Riquelme,Attack,Left Winger,Spain,2022-23,2023-24,23,24,Girona FC,Atlético de Madrid,2188,1521,4,3,4,5,8,8,0.165,0.178,0.165,0.296,0.329,0.473,0.013,0.131,0.144,Improvement,549,2963
290017,Hassane Kamara,Defender,Left-Back,Cote d'Ivoire,2023-24,2024-25,30,31,Udinese Calcio,Udinese Calcio,2238,2007,1,1,1,4,2,5,0.04,0.045,0.04,0.179,0.08,0.224,0.005,0.139,0.144,Improvement,550,2962
340950,Diogo Jota,Attack,Left Winger,Portugal,2022-23,2023-24,26,27,Liverpool FC,Liverpool FC,1133,1151,7,10,4,3,11,13,0.556,0.782,0.318,0.235,0.874,1.017,0.226,-0.083,0.143,Improvement,551,2961
127156,Téji Savanier,Midfield,Attacking Midfield,France,2020-21,2021-22,29,30,Montpellier HSC,Montpellier HSC,2175,2422,5,8,5,7,10,15,0.207,0.297,0.207,0.26,0.414,0.557,0.09,0.053,0.143,Improvement,552,2960
127189,Geoffrey Kondogbia,Midfield,Defensive Midfield,Central African Republic,2020-21,2021-22,28,29,"Atlético de Madrid, Valencia CF",Atlético de Madrid,1034,1884,0,1,0,2,0,3,0,0.048,0,0.096,0,0.143,0.048,0.096,0.143,Improvement,553,2959
353366,Benjamin Pavard,Defender,Centre-Back,France,2021-22,2022-23,26,27,Bayern Munich,Bayern Munich,2081,2431,0,4,1,1,1,5,0,0.148,0.043,0.037,0.043,0.185,0.148,-0.006,0.142,Improvement,554,2958
346853,Romano Schmid,Midfield,Attacking Midfield,Austria,2022-23,2023-24,23,24,SV Werder Bremen,SV Werder Bremen,1520,2615,1,4,3,7,4,11,0.059,0.138,0.178,0.241,0.237,0.379,0.079,0.063,0.142,Improvement,555,2957
27389,Kévin Gameiro,Attack,Centre-Forward,France,2020-21,2021-22,34,35,Valencia CF,RC Strasbourg Alsace,1068,2396,4,11,1,4,5,15,0.337,0.413,0.084,0.15,0.421,0.563,0.076,0.066,0.142,Improvement,556,2956
581678,Jude Bellingham,Midfield,Attacking Midfield,England,2020-21,2021-22,18,19,Borussia Dortmund,Borussia Dortmund,1702,2795,1,3,3,8,4,11,0.053,0.097,0.159,0.258,0.212,0.354,0.044,0.099,0.142,Improvement,557,2955
160241,Kevin Akpoguma,Defender,Centre-Back,Nigeria,2020-21,2021-22,26,27,TSG 1899 Hoffenheim,TSG 1899 Hoffenheim,1186,1531,1,2,1,3,2,5,0.076,0.118,0.076,0.176,0.152,0.294,0.042,0.1,0.142,Improvement,558,2954
93936,Kike García,Attack,Centre-Forward,Spain,2023-24,2024-25,34,35,Deportivo Alavés,Deportivo Alavés,1420,2555,3,13,2,0,5,13,0.19,0.458,0.127,0,0.317,0.458,0.268,-0.127,0.141,Improvement,559,2953
306024,Dominic Calvert-Lewin,Attack,Centre-Forward,England,2022-23,2023-24,26,27,Everton FC,Everton FC,1175,2186,2,7,1,2,3,9,0.153,0.288,0.077,0.082,0.23,0.371,0.135,0.005,0.141,Improvement,560,2952
318523,Romain Perraud,Defender,Left-Back,France,2021-22,2022-23,24,25,Southampton FC,Southampton FC,1625,1837,0,2,1,2,1,4,0,0.098,0.055,0.098,0.055,0.196,0.098,0.043,0.141,Improvement,561,2951
360518,Teun Koopmeiners,Midfield,Defensive Midfield,Netherlands,2022-23,2023-24,25,26,Atalanta BC,Atalanta BC,2861,2633,10,12,4,5,14,17,0.315,0.41,0.126,0.171,0.44,0.581,0.095,0.045,0.141,Improvement,562,2950
354361,Frank Anguissa,Midfield,Central Midfield,Cameroon,2021-22,2022-23,26,27,SSC Napoli,SSC Napoli,1925,3062,0,3,2,5,2,8,0,0.088,0.094,0.147,0.094,0.235,0.088,0.053,0.141,Improvement,563,2949
361065,Mitchel Bakker,Midfield,Left Midfield,Netherlands,2020-21,2021-22,21,22,Paris Saint-Germain,Bayer 04 Leverkusen,1691,1823,0,1,2,4,2,5,0,0.049,0.106,0.197,0.106,0.247,0.049,0.091,0.141,Improvement,564,2948
127108,Florian Lejeune,Defender,Centre-Back,France,2021-22,2022-23,31,32,Deportivo Alavés,Rayo Vallecano,2700,2569,0,4,0,0,0,4,0,0.14,0,0,0,0.14,0.14,0,0.14,Improvement,565,2947
674612,Youssouf Ndayishimiye,Defender,Centre-Back,Burundi,2023-24,2024-25,25,26,OGC Nice,OGC Nice,1713,1934,0,3,0,0,0,3,0,0.14,0,0,0,0.14,0.14,0,0.14,Improvement,565,2947
70411,Darko Lazović,Midfield,Left Midfield,Serbia,2021-22,2022-23,31,32,Hellas Verona,Hellas Verona,2779,2253,1,4,7,6,8,10,0.032,0.16,0.227,0.24,0.259,0.399,0.128,0.013,0.14,Improvement,566,2946
433049,Youssef En-Nesyri,Attack,Centre-Forward,Morocco,2022-23,2023-24,26,27,Sevilla FC,Sevilla FC,1658,2576,8,16,1,2,9,18,0.434,0.559,0.054,0.07,0.489,0.629,0.125,0.016,0.14,Improvement,567,2945
308279,Rolando Mandragora,Midfield,Defensive Midfield,Italy,2021-22,2022-23,25,26,Torino FC,ACF Fiorentina,1320,1954,0,2,2,4,2,6,0,0.092,0.136,0.184,0.136,0.276,0.092,0.048,0.14,Improvement,568,2944
165895,Matteo Politano,Attack,Right Winger,Italy,2022-23,2023-24,29,30,SSC Napoli,SSC Napoli,1165,2385,3,8,3,8,6,16,0.232,0.302,0.232,0.302,0.464,0.604,0.07,0.07,0.14,Improvement,569,2943
694928,Samuel Lino,Attack,Left Winger,Brazil,2022-23,2023-24,23,24,Valencia CF,Atlético de Madrid,2899,2087,6,4,2,5,8,9,0.186,0.172,0.062,0.216,0.248,0.388,-0.014,0.154,0.14,Improvement,570,2942
341227,Juan Miranda,Defender,Left-Back,Spain,2023-24,2024-25,24,25,Real Betis Balompié,Bologna Football Club 1909,1860,2277,1,0,1,6,2,6,0.048,0,0.048,0.237,0.097,0.237,-0.048,0.189,0.14,Improvement,571,2941
167721,Chimy Ávila,Attack,Centre-Forward,Argentina,2021-22,2022-23,28,29,CA Osasuna,CA Osasuna,1876,1722,6,8,2,2,8,10,0.288,0.418,0.096,0.105,0.384,0.523,0.13,0.009,0.139,Improvement,572,2940
337798,Abdu Conté,Defender,Left-Back,Portugal,2021-22,2022-23,24,25,ESTAC Troyes,ESTAC Troyes,1357,1317,0,1,1,2,1,3,0,0.068,0.066,0.137,0.066,0.205,0.068,0.071,0.139,Improvement,573,2939
181136,Piotr Zielinski,Midfield,Central Midfield,Poland,2023-24,2024-25,30,31,SSC Napoli,Inter Milan,1938,971,3,2,2,2,5,4,0.139,0.185,0.093,0.185,0.232,0.371,0.046,0.092,0.139,Improvement,574,2938
607854,Éderson,Midfield,Central Midfield,Brazil,2022-23,2023-24,23,24,Atalanta BC,Atalanta BC,2221,2874,1,6,1,1,2,7,0.041,0.188,0.041,0.031,0.081,0.219,0.147,-0.01,0.138,Improvement,575,2937
524000,Dani Vivian,Defender,Centre-Back,Spain,2023-24,2024-25,24,25,Athletic Bilbao,Athletic Bilbao,2879,2605,0,4,0,0,0,4,0,0.138,0,0,0,0.138,0.138,0,0.138,Improvement,576,2936
91473,Florent Ogier,Defender,Centre-Back,France,2022-23,2023-24,34,35,Clermont Foot 63,Clermont Foot 63,1696,941,0,1,1,1,1,2,0,0.096,0.053,0.096,0.053,0.191,0.096,0.043,0.138,Improvement,577,2935
334221,Amos Pieper,Defender,Centre-Back,Germany,2021-22,2022-23,24,25,Arminia Bielefeld,SV Werder Bremen,2382,1956,0,2,0,1,0,3,0,0.092,0,0.046,0,0.138,0.092,0.046,0.138,Improvement,578,2934
368887,Loïs Openda,Attack,Centre-Forward,Belgium,2022-23,2023-24,23,24,RC Lens,RB Leipzig,2532,2716,21,24,4,7,25,31,0.746,0.795,0.142,0.232,0.889,1.027,0.049,0.09,0.138,Improvement,579,2933
213260,Rubén García,Attack,Right Winger,Spain,2023-24,2024-25,30,31,CA Osasuna,CA Osasuna,1552,2433,3,5,1,5,4,10,0.174,0.185,0.058,0.185,0.232,0.37,0.011,0.127,0.138,Improvement,580,2932
234029,Grischa Prömel,Midfield,Central Midfield,Germany,2020-21,2021-22,26,27,1.FC Union Berlin,1.FC Union Berlin,1827,2428,3,8,1,1,4,9,0.148,0.297,0.049,0.037,0.197,0.334,0.149,-0.012,0.137,Improvement,581,2931
534033,Alexis Mac Allister,Midfield,Central Midfield,Argentina,2020-21,2021-22,22,23,Brighton & Hove Albion,Brighton & Hove Albion,1115,2115,1,5,1,2,2,7,0.081,0.213,0.081,0.085,0.161,0.298,0.132,0.004,0.137,Improvement,582,2930
61651,Jordan Henderson,Midfield,Defensive Midfield,England,2020-21,2021-22,31,32,Liverpool FC,Liverpool FC,1707,2603,1,2,1,5,2,7,0.053,0.069,0.053,0.173,0.105,0.242,0.016,0.12,0.137,Improvement,583,2929
374954,Kristijan Jakic,Midfield,Defensive Midfield,Croatia,2021-22,2022-23,25,26,Eintracht Frankfurt,Eintracht Frankfurt,1883,1457,1,1,0,2,1,3,0.048,0.062,0,0.124,0.048,0.185,0.014,0.124,0.137,Improvement,584,2928
548111,Álex Baena,Attack,Left Winger,Spain,2022-23,2023-24,21,22,Villarreal CF,Villarreal CF,1943,2601,6,2,3,14,9,16,0.278,0.069,0.139,0.484,0.417,0.554,-0.209,0.345,0.137,Improvement,585,2927
192565,Leroy Sané,Attack,Right Winger,Germany,2023-24,2024-25,28,29,Bayern Munich,Bayern Munich,2137,1634,8,11,11,6,19,17,0.337,0.606,0.463,0.33,0.8,0.936,0.269,-0.133,0.136,Improvement,586,2926
509022,Federico Gatti,Defender,Centre-Back,Italy,2022-23,2023-24,25,26,Juventus FC,Juventus FC,1446,2640,0,4,0,0,0,4,0,0.136,0,0,0,0.136,0.136,0,0.136,Improvement,587,2925
39983,Leonardo Bonucci,Defender,Centre-Back,Italy,2020-21,2021-22,34,35,Juventus FC,Juventus FC,2029,2004,2,5,0,0,2,5,0.089,0.225,0,0,0.089,0.225,0.136,0,0.136,Improvement,587,2925
543382,Mohamed Camara,Midfield,Defensive Midfield,Mali,2022-23,2023-24,23,24,AS Monaco,AS Monaco,2200,1041,0,1,3,2,3,3,0,0.086,0.123,0.173,0.123,0.259,0.086,0.05,0.136,Improvement,588,2924
386455,Riccardo Sottil,Attack,Left Winger,Italy,2020-21,2021-22,22,23,Cagliari Calcio,ACF Fiorentina,1191,1241,2,3,1,2,3,5,0.151,0.218,0.076,0.145,0.227,0.363,0.067,0.069,0.136,Improvement,589,2923
391005,Mads Roerslev,Defender,Right-Back,Denmark,2022-23,2023-24,24,25,Brentford FC,Brentford FC,1102,1988,0,1,0,2,0,3,0,0.045,0,0.091,0,0.136,0.045,0.091,0.136,Improvement,590,2922
34601,Raúl García,Attack,Centre-Forward,Spain,2020-21,2021-22,34,35,Athletic Bilbao,Athletic Bilbao,1743,1818,5,6,1,3,6,9,0.258,0.297,0.052,0.149,0.31,0.446,0.039,0.097,0.136,Improvement,591,2921
93936,Kike García,Attack,Centre-Forward,Spain,2022-23,2023-24,33,34,CA Osasuna,Deportivo Alavés,997,1420,2,3,0,2,2,5,0.181,0.19,0,0.127,0.181,0.317,0.009,0.127,0.136,Improvement,592,2920
349701,Antonee Robinson,Defender,Left-Back,United States,2022-23,2023-24,25,26,Fulham FC,Fulham FC,3089,3270,0,0,1,6,1,6,0,0,0.029,0.165,0.029,0.165,0,0.136,0.136,Improvement,593,2919
518644,Largie Ramazani,Attack,Left Winger,Belgium,2022-23,2023-24,22,23,UD Almería,UD Almería,1395,1568,3,3,2,5,5,8,0.194,0.172,0.129,0.287,0.323,0.459,-0.022,0.158,0.136,Improvement,594,2918
429874,Ansgar Knauff,Attack,Right Winger,Germany,2023-24,2024-25,22,23,Eintracht Frankfurt,Eintracht Frankfurt,2119,1605,7,4,3,6,10,10,0.297,0.224,0.127,0.336,0.425,0.561,-0.073,0.209,0.136,Improvement,595,2917
28003,Lionel Messi,Attack,Right Winger,Argentina,2021-22,2022-23,35,36,Paris Saint-Germain,Paris Saint-Germain,2152,2842,6,16,15,16,21,32,0.251,0.507,0.627,0.507,0.878,1.013,0.256,-0.12,0.135,Improvement,596,2916
251106,Enes Ünal,Attack,Centre-Forward,Türkiye,2020-21,2021-22,24,25,Getafe CF,Getafe CF,1320,2813,4,16,2,1,6,17,0.273,0.512,0.136,0.032,0.409,0.544,0.239,-0.104,0.135,Improvement,597,2915
237662,Breel Embolo,Attack,Centre-Forward,Switzerland,2021-22,2022-23,25,26,Borussia Mönchengladbach,AS Monaco,2145,1854,9,12,4,2,13,14,0.378,0.583,0.168,0.097,0.545,0.68,0.205,-0.071,0.135,Improvement,598,2914
357233,Leandro Barreiro,Midfield,Central Midfield,Luxembourg,2021-22,2022-23,22,23,1.FSV Mainz 05,1.FSV Mainz 05,1790,2144,1,4,3,4,4,8,0.05,0.168,0.151,0.168,0.201,0.336,0.118,0.017,0.135,Improvement,599,2913
973085,Carlos Baleba,Midfield,Defensive Midfield,Cameroon,2023-24,2024-25,20,21,"Brighton & Hove Albion, LOSC Lille",Brighton & Hove Albion,1382,2673,0,3,0,1,0,4,0,0.101,0,0.034,0,0.135,0.101,0.034,0.135,Improvement,600,2912
196357,Jonathan Tah,Defender,Centre-Back,Germany,2022-23,2023-24,27,28,Bayer 04 Leverkusen,Bayer 04 Leverkusen,2485,2632,1,4,0,1,1,5,0.036,0.137,0,0.034,0.036,0.171,0.101,0.034,0.135,Improvement,600,2912
434224,Maxence Lacroix,Defender,Centre-Back,France,2022-23,2023-24,23,24,VfL Wolfsburg,VfL Wolfsburg,1626,2365,1,4,0,1,1,5,0.055,0.152,0,0.038,0.055,0.19,0.097,0.038,0.135,Improvement,601,2911
184573,Victor Lindelöf,Defender,Centre-Back,Sweden,2022-23,2023-24,28,29,Manchester United,Manchester United,1360,1332,0,1,0,1,0,2,0,0.068,0,0.068,0,0.135,0.068,0.068,0.135,Improvement,602,2910
557613,Quentin Merlin,Defender,Left-Back,France,2023-24,2024-25,22,23,"FC Nantes, Olympique Marseille",Olympique Marseille,1995,1598,0,1,2,3,2,4,0,0.056,0.09,0.169,0.09,0.225,0.056,0.079,0.135,Improvement,603,2909
775605,Pablo Barrios,Midfield,Central Midfield,Spain,2023-24,2024-25,21,22,Atlético de Madrid,Atlético de Madrid,1555,2337,0,1,1,4,1,5,0,0.039,0.058,0.154,0.058,0.193,0.039,0.096,0.135,Improvement,604,2908
401922,Samuel Chukwueze,Attack,Right Winger,Nigeria,2023-24,2024-25,25,26,AC Milan,AC Milan,1011,918,1,3,3,2,4,5,0.089,0.294,0.267,0.196,0.356,0.49,0.205,-0.071,0.134,Improvement,605,2907
393323,Brenden Aaronson,Midfield,Attacking Midfield,United States,2022-23,2023-24,22,23,Leeds United,1.FC Union Berlin,2383,1263,1,2,3,2,4,4,0.038,0.143,0.113,0.143,0.151,0.285,0.105,0.03,0.134,Improvement,606,2906
63186,Roberto Soriano,Midfield,Attacking Midfield,Italy,2021-22,2022-23,31,32,Bologna Football Club 1909,Bologna Football Club 1909,2637,1326,0,1,4,3,4,4,0,0.068,0.137,0.204,0.137,0.271,0.068,0.067,0.134,Improvement,607,2905
351816,Ismaël Bennacer,Midfield,Defensive Midfield,Algeria,2022-23,2023-24,25,26,AC Milan,AC Milan,2012,1151,2,2,2,2,4,4,0.089,0.156,0.089,0.156,0.179,0.313,0.067,0.067,0.134,Improvement,608,2904
353826,Robert Gumny,Defender,Right-Back,Poland,2021-22,2022-23,24,25,FC Augsburg,FC Augsburg,2275,2015,0,1,0,2,0,3,0,0.045,0,0.089,0,0.134,0.045,0.089,0.134,Improvement,609,2903
332697,Weston McKennie,Midfield,Central Midfield,United States,2022-23,2023-24,24,25,"Juventus FC, Leeds United",Juventus FC,2498,2602,1,0,2,7,3,7,0.036,0,0.072,0.242,0.108,0.242,-0.036,0.17,0.134,Improvement,610,2902
424072,Mathias Pereira Lage,Attack,Left Winger,Portugal,2023-24,2024-25,27,28,Stade Brestois 29,Stade Brestois 29,1181,1572,3,2,2,7,5,9,0.229,0.115,0.152,0.401,0.381,0.515,-0.114,0.249,0.134,Improvement,611,2901
37647,Dimitri Payet,Midfield,Attacking Midfield,France,2020-21,2021-22,34,35,Olympique Marseille,Olympique Marseille,2428,2596,7,12,10,10,17,22,0.259,0.416,0.371,0.347,0.63,0.763,0.157,-0.024,0.133,Improvement,612,2900
235931,Alessandro Deiola,Midfield,Central Midfield,Italy,2023-24,2024-25,28,29,Cagliari Calcio,Cagliari Calcio,1608,1429,1,2,0,1,1,3,0.056,0.126,0,0.063,0.056,0.189,0.07,0.063,0.133,Improvement,613,2899
125103,Marvin Ducksch,Attack,Centre-Forward,Germany,2022-23,2023-24,29,30,SV Werder Bremen,SV Werder Bremen,2866,2713,12,12,7,10,19,22,0.377,0.398,0.22,0.332,0.597,0.73,0.021,0.112,0.133,Improvement,614,2898
303259,Dodi Lukébakio,Attack,Right Winger,Belgium,2021-22,2022-23,24,25,"Hertha BSC, VfL Wolfsburg",Hertha BSC,1049,2407,2,11,3,4,5,15,0.172,0.411,0.257,0.15,0.429,0.561,0.239,-0.107,0.132,Improvement,615,2897
513245,Jesper Lindstrøm,Attack,Right Winger,Denmark,2021-22,2022-23,22,23,Eintracht Frankfurt,Eintracht Frankfurt,1992,1694,5,7,5,4,10,11,0.226,0.372,0.226,0.213,0.452,0.584,0.146,-0.013,0.132,Improvement,616,2896
270051,Andrei Girotto,Defender,Centre-Back,Brazil,2020-21,2021-22,29,30,FC Nantes,FC Nantes,2664,3150,1,6,1,1,2,7,0.034,0.171,0.034,0.029,0.068,0.2,0.137,-0.005,0.132,Improvement,617,2895
287188,Dejan Ljubicic,Midfield,Defensive Midfield,Austria,2021-22,2022-23,24,25,1.FC Köln,1.FC Köln,1975,1722,3,5,1,1,4,6,0.137,0.261,0.046,0.052,0.182,0.314,0.124,0.006,0.132,Improvement,618,2894
81999,Joselu,Attack,Centre-Forward,Spain,2020-21,2021-22,31,32,Deportivo Alavés,Deportivo Alavés,3037,3126,11,14,3,5,14,19,0.326,0.403,0.089,0.144,0.415,0.547,0.077,0.055,0.132,Improvement,619,2893
203746,Ruben Aguilar,Defender,Right-Back,France,2023-24,2024-25,31,32,RC Lens,RC Lens,1925,1129,1,1,3,3,4,4,0.047,0.08,0.14,0.239,0.187,0.319,0.033,0.099,0.132,Improvement,620,2892
520624,Bruno Guimarães,Midfield,Central Midfield,Brazil,2020-21,2021-22,23,24,Olympique Lyon,"Newcastle United, Olympique Lyon",1759,2674,3,5,1,5,4,10,0.153,0.168,0.051,0.168,0.205,0.337,0.015,0.117,0.132,Improvement,621,2891
262939,Johan Mojica,Defender,Left-Back,Colombia,2022-23,2023-24,30,31,"Elche CF, Villarreal CF",CA Osasuna,904,2041,0,0,0,3,0,3,0,0,0,0.132,0,0.132,0,0.132,0.132,Improvement,622,2890
127076,Jérôme Roussillon,Defender,Left-Back,Guadeloupe,2021-22,2022-23,29,30,VfL Wolfsburg,"1.FC Union Berlin, VfL Wolfsburg",1778,982,1,0,0,2,1,2,0.051,0,0,0.183,0.051,0.183,-0.051,0.183,0.132,Improvement,623,2889
187492,Julian Brandt,Midfield,Attacking Midfield,Germany,2022-23,2023-24,27,28,Borussia Dortmund,Borussia Dortmund,2412,2232,9,7,8,12,17,19,0.336,0.282,0.299,0.484,0.634,0.766,-0.054,0.185,0.132,Improvement,624,2888
369684,Rasmus Nissen Kristensen,Defender,Right-Back,Denmark,2023-24,2024-25,26,27,Associazione Sportiva Roma,Eintracht Frankfurt,1743,2516,1,5,2,3,3,8,0.052,0.179,0.103,0.107,0.155,0.286,0.127,0.004,0.131,Improvement,625,2887
284595,Tommaso Augello,Defender,Left-Back,Italy,2021-22,2022-23,27,28,UC Sampdoria,UC Sampdoria,2396,3065,1,2,1,5,2,7,0.038,0.059,0.038,0.147,0.075,0.206,0.021,0.109,0.131,Improvement,626,2886
649033,Dion Lopy,Midfield,Defensive Midfield,Senegal,2021-22,2022-23,20,21,Stade Reims,Stade Reims,1646,1378,0,0,0,2,0,2,0,0,0,0.131,0,0.131,0,0.131,0.131,Improvement,627,2885
26267,Fernandinho,Midfield,Defensive Midfield,Brazil,2020-21,2021-22,36,37,Manchester City,Manchester City,1184,958,0,2,2,1,2,3,0,0.188,0.152,0.094,0.152,0.282,0.188,-0.058,0.13,Improvement,628,2884
315865,Andrea Pinamonti,Attack,Centre-Forward,Italy,2022-23,2023-24,24,25,US Sassuolo,US Sassuolo,2174,3097,5,11,1,2,6,13,0.207,0.32,0.041,0.058,0.248,0.378,0.113,0.017,0.13,Improvement,629,2883
74294,Nemanja Gudelj,Midfield,Defensive Midfield,Serbia,2021-22,2022-23,30,31,Sevilla FC,Sevilla FC,1040,2777,0,3,0,1,0,4,0,0.097,0,0.032,0,0.13,0.097,0.032,0.13,Improvement,630,2882
351478,Mikel Oyarzabal,Attack,Centre-Forward,Spain,2022-23,2023-24,26,27,Real Sociedad,Real Sociedad,1215,2160,4,9,1,3,5,12,0.296,0.375,0.074,0.125,0.37,0.5,0.079,0.051,0.13,Improvement,631,2881
485965,Nicolas Cozza,Defender,Centre-Back,France,2020-21,2021-22,22,23,Montpellier HSC,Montpellier HSC,1374,2777,0,2,0,2,0,4,0,0.065,0,0.065,0,0.13,0.065,0.065,0.13,Improvement,632,2880
434433,Nikola Krstović,Attack,Centre-Forward,Montenegro,2023-24,2024-25,24,25,US Lecce,US Lecce,2388,3070,7,11,2,5,9,16,0.264,0.322,0.075,0.147,0.339,0.469,0.058,0.072,0.13,Improvement,633,2879
199248,Bryan Cristante,Midfield,Defensive Midfield,Italy,2022-23,2023-24,28,29,Associazione Sportiva Roma,Associazione Sportiva Roma,2942,3292,1,3,1,4,2,7,0.031,0.082,0.031,0.109,0.061,0.191,0.051,0.078,0.13,Improvement,634,2878
95424,Kyle Walker,Defender,Right-Back,England,2022-23,2023-24,33,34,Manchester City,Manchester City,1956,2768,0,0,0,4,0,4,0,0,0,0.13,0,0.13,0,0.13,0.13,Improvement,635,2877
405687,Tom Krauß,Midfield,Defensive Midfield,Germany,2022-23,2023-24,22,23,FC Schalke 04,1.FSV Mainz 05,2528,1342,2,1,0,2,2,3,0.071,0.067,0,0.134,0.071,0.201,-0.004,0.134,0.13,Improvement,636,2876
31909,Toni Kroos,Midfield,Central Midfield,Germany,2022-23,2023-24,33,34,Real Madrid,Real Madrid,2164,2130,2,1,4,8,6,9,0.083,0.042,0.166,0.338,0.25,0.38,-0.041,0.172,0.13,Improvement,637,2875
58884,Nacho Fernández,Defender,Centre-Back,Spain,2020-21,2021-22,31,32,Real Madrid,Real Madrid,2000,1549,1,3,0,0,1,3,0.045,0.174,0,0,0.045,0.174,0.129,0,0.129,Improvement,638,2874
471055,Marvin Pieringer,Attack,Centre-Forward,Germany,2023-24,2024-25,24,25,1. Fußballclub Heidenheim 1846,1. Fußballclub Heidenheim 1846,1518,2225,3,7,3,5,6,12,0.178,0.283,0.178,0.202,0.356,0.485,0.105,0.024,0.129,Improvement,639,2873
381950,Alexis Saelemaekers,Midfield,Right Midfield,Belgium,2021-22,2022-23,23,24,AC Milan,AC Milan,1865,1399,1,2,3,3,4,5,0.048,0.129,0.145,0.193,0.193,0.322,0.081,0.048,0.129,Improvement,640,2872
386047,Axel Disasi,Defender,Centre-Back,France,2021-22,2022-23,24,25,AS Monaco,AS Monaco,2724,3330,1,3,0,3,1,6,0.033,0.081,0,0.081,0.033,0.162,0.048,0.081,0.129,Improvement,641,2871
41416,James McArthur,Midfield,Central Midfield,Scotland,2020-21,2021-22,33,34,Crystal Palace,Crystal Palace,1471,1437,0,0,2,4,2,4,0,0,0.122,0.251,0.122,0.251,0,0.129,0.129,Improvement,642,2870
88755,Kevin De Bruyne,Midfield,Attacking Midfield,Belgium,2020-21,2021-22,30,31,Manchester City,Manchester City,2001,2206,6,15,12,8,18,23,0.27,0.612,0.54,0.326,0.81,0.938,0.342,-0.214,0.128,Improvement,643,2869
188854,Manu Trigueros,Midfield,Central Midfield,Spain,2020-21,2021-22,29,30,Villarreal CF,Villarreal CF,2542,2190,1,6,7,4,8,10,0.035,0.247,0.248,0.164,0.283,0.411,0.212,-0.084,0.128,Improvement,644,2868
410425,Yves Bissouma,Midfield,Defensive Midfield,Mali,2023-24,2024-25,27,28,Tottenham Hotspur,Tottenham Hotspur,2083,1406,0,2,0,0,0,2,0,0.128,0,0,0,0.128,0.128,0,0.128,Improvement,645,2867
275303,Hans Hateboer,Defender,Right-Back,Netherlands,2021-22,2022-23,28,29,Atalanta BC,Atalanta BC,1389,1401,0,1,0,1,0,2,0,0.064,0,0.064,0,0.128,0.064,0.064,0.128,Improvement,646,2866
81789,Maya Yoshida,Defender,Centre-Back,Japan,2020-21,2021-22,32,33,UC Sampdoria,UC Sampdoria,2272,1823,1,2,2,3,3,5,0.04,0.099,0.079,0.148,0.119,0.247,0.059,0.069,0.128,Improvement,647,2865
424204,Alphonso Davies,Defender,Left-Back,Canada,2022-23,2023-24,22,23,Bayern Munich,Bayern Munich,2047,2067,1,2,4,6,5,8,0.044,0.087,0.176,0.261,0.22,0.348,0.043,0.085,0.128,Improvement,648,2864
177476,Nathan Aké,Defender,Centre-Back,Netherlands,2022-23,2023-24,28,29,Manchester City,Manchester City,1877,2044,1,2,0,2,1,4,0.048,0.088,0,0.088,0.048,0.176,0.04,0.088,0.128,Improvement,649,2863
376514,Mathías Olivera,Defender,Left-Back,Uruguay,2020-21,2021-22,23,24,Getafe CF,Getafe CF,2619,2807,0,1,0,3,0,4,0,0.032,0,0.096,0,0.128,0.032,0.096,0.128,Improvement,650,2862
666234,Mohamed Simakan,Defender,Centre-Back,France,2022-23,2023-24,23,24,RB Leipzig,RB Leipzig,1457,2140,1,2,1,4,2,6,0.062,0.084,0.062,0.168,0.124,0.252,0.022,0.106,0.128,Improvement,651,2861
724520,Abde Ezzalzouli,Attack,Left Winger,Morocco,2023-24,2024-25,22,23,"FC Barcelona, Real Betis Balompié",Real Betis Balompié,921,1995,1,2,0,3,1,5,0.098,0.09,0,0.135,0.098,0.226,-0.008,0.135,0.128,Improvement,652,2860
241076,Emmanuel Gyasi,Midfield,Right Midfield,Ghana,2022-23,2023-24,29,30,Spezia Calcio,FC Empoli,2833,1874,2,1,0,3,2,4,0.064,0.048,0,0.144,0.064,0.192,-0.016,0.144,0.128,Improvement,653,2859
192565,Leroy Sané,Attack,Right Winger,Germany,2022-23,2023-24,27,28,Bayern Munich,Bayern Munich,2010,2137,8,8,7,11,15,19,0.358,0.337,0.313,0.463,0.672,0.8,-0.021,0.15,0.128,Improvement,654,2858
176553,Aymeric Laporte,Defender,Centre-Back,Spain,2020-21,2021-22,27,28,Manchester City,Manchester City,1343,2834,0,4,0,0,0,4,0,0.127,0,0,0,0.127,0.127,0,0.127,Improvement,655,2857
284884,Óscar Rodríguez,Midfield,Attacking Midfield,Spain,2022-23,2023-24,25,26,Celta de Vigo,Getafe CF,1768,964,2,2,1,1,3,3,0.102,0.187,0.051,0.093,0.153,0.28,0.085,0.042,0.127,Improvement,656,2856
126557,Jonathan Gradit,Defender,Centre-Back,France,2021-22,2022-23,29,30,RC Lens,RC Lens,3073,2830,0,1,0,3,0,4,0,0.032,0,0.095,0,0.127,0.032,0.095,0.127,Improvement,657,2855
57500,César Azpilicueta,Defender,Centre-Back,Spain,2022-23,2023-24,33,34,Chelsea FC,Atlético de Madrid,1522,1422,0,0,0,2,0,2,0,0,0,0.127,0,0.127,0,0.127,0.127,Improvement,658,2854
336125,Mërgim Vojvoda,Defender,Right-Back,Kosovo,2021-22,2022-23,27,28,Torino FC,Torino FC,1980,1714,0,0,3,5,3,5,0,0,0.136,0.263,0.136,0.263,0,0.127,0.127,Improvement,658,2854
72047,Iago Aspas,Attack,Centre-Forward,Spain,2022-23,2023-24,35,36,Celta de Vigo,Celta de Vigo,2866,2717,12,9,4,10,16,19,0.377,0.298,0.126,0.331,0.502,0.629,-0.079,0.205,0.127,Improvement,659,2853
39728,Mats Hummels,Defender,Centre-Back,Germany,2022-23,2023-24,34,35,Borussia Dortmund,Borussia Dortmund,2019,1582,1,3,0,0,1,3,0.045,0.171,0,0,0.045,0.171,0.126,0,0.126,Improvement,660,2852
263918,Aleksandr Golovin,Midfield,Attacking Midfield,Russia,2021-22,2022-23,26,27,AS Monaco,AS Monaco,1507,2483,3,8,4,7,7,15,0.179,0.29,0.239,0.254,0.418,0.544,0.111,0.015,0.126,Improvement,661,2851
349599,Pervis Estupiñán,Defender,Left-Back,Ecuador,2022-23,2023-24,25,26,Brighton & Hove Albion,Brighton & Hove Albion,2684,1245,1,2,6,3,7,5,0.034,0.145,0.201,0.217,0.235,0.361,0.111,0.016,0.126,Improvement,661,2851
249730,Guillermo Maripán,Defender,Centre-Back,Chile,2021-22,2022-23,28,29,AS Monaco,AS Monaco,1829,2160,0,3,0,0,0,3,0,0.125,0,0,0,0.125,0.125,0,0.125,Improvement,662,2850
303219,Jeff Chabot,Defender,Centre-Back,Germany,2023-24,2024-25,26,27,1.FC Köln,VfB Stuttgart,2707,2274,0,3,1,1,1,4,0,0.119,0.033,0.04,0.033,0.158,0.119,0.007,0.125,Improvement,663,2849
357147,Diogo Dalot,Defender,Right-Back,Portugal,2021-22,2022-23,23,24,Manchester United,Manchester United,1797,2155,0,1,0,2,0,3,0,0.042,0,0.084,0,0.125,0.042,0.084,0.125,Improvement,664,2848
358504,Ritsu Doan,Attack,Right Winger,Japan,2023-24,2024-25,26,27,SC Freiburg,SC Freiburg,2256,2874,7,10,4,8,11,18,0.279,0.313,0.16,0.251,0.439,0.564,0.034,0.091,0.125,Improvement,665,2847
157506,Jeffrey Schlupp,Midfield,Left Midfield,Ghana,2022-23,2023-24,30,31,Crystal Palace,Crystal Palace,2547,1354,3,2,1,2,4,4,0.106,0.133,0.035,0.133,0.141,0.266,0.027,0.098,0.125,Improvement,666,2846
336960,Giuseppe Pezzella,Defender,Left-Back,Italy,2023-24,2024-25,26,27,FC Empoli,FC Empoli,1085,2888,0,0,0,4,0,4,0,0,0,0.125,0,0.125,0,0.125,0.125,Improvement,667,2845
618809,Manu Sánchez,Defender,Left-Back,Spain,2022-23,2023-24,22,23,CA Osasuna,Celta de Vigo,2117,1776,0,0,3,5,3,5,0,0,0.128,0.253,0.128,0.253,0,0.125,0.125,Improvement,667,2845
170929,Massadio Haïdara,Defender,Left-Back,Mali,2020-21,2021-22,28,29,RC Lens,RC Lens,2136,1078,2,1,1,2,3,3,0.084,0.083,0.042,0.167,0.126,0.25,-0.001,0.125,0.124,Improvement,668,2844
234523,Antonio Sanabria,Attack,Centre-Forward,Paraguay,2020-21,2021-22,25,26,"Real Betis Balompié, Torino FC",Torino FC,1918,1812,8,6,1,5,9,11,0.375,0.298,0.047,0.248,0.422,0.546,-0.077,0.201,0.124,Improvement,669,2843
290532,Saïd Benrahma,Attack,Left Winger,Algeria,2020-21,2021-22,25,26,West Ham United,West Ham United,1388,2184,1,8,6,6,7,14,0.065,0.33,0.389,0.247,0.454,0.577,0.265,-0.142,0.123,Improvement,670,2842
355915,Cristian Romero,Defender,Centre-Back,Argentina,2022-23,2023-24,25,26,Tottenham Hotspur,Tottenham Hotspur,2365,2792,0,5,1,0,1,5,0,0.161,0.038,0,0.038,0.161,0.161,-0.038,0.123,Improvement,671,2841
429983,Jørgen Strand Larsen,Attack,Centre-Forward,Norway,2023-24,2024-25,24,25,Celta de Vigo,Wolverhampton Wanderers,2888,2603,13,14,3,4,16,18,0.405,0.484,0.093,0.138,0.499,0.622,0.079,0.045,0.123,Improvement,672,2840
480763,Juan Foyth,Defender,Centre-Back,Argentina,2022-23,2023-24,25,26,Villarreal CF,Villarreal CF,1961,1062,1,1,0,1,1,2,0.046,0.085,0,0.085,0.046,0.169,0.039,0.085,0.123,Improvement,673,2839
399434,Marcus Tavernier,Midfield,Attacking Midfield,England,2023-24,2024-25,25,26,AFC Bournemouth,AFC Bournemouth,2133,1940,3,3,4,6,7,9,0.127,0.139,0.169,0.278,0.295,0.418,0.012,0.109,0.123,Improvement,674,2838
207014,Will Hughes,Midfield,Central Midfield,England,2023-24,2024-25,29,30,Crystal Palace,Crystal Palace,1900,2120,0,0,1,4,1,4,0,0,0.047,0.17,0.047,0.17,0,0.123,0.123,Improvement,675,2837
307052,Masaya Okugawa,Attack,Left Winger,Japan,2020-21,2021-22,25,26,Arminia Bielefeld,Arminia Bielefeld,920,2544,1,8,1,1,2,9,0.098,0.283,0.098,0.035,0.196,0.318,0.185,-0.063,0.122,Improvement,676,2836
283628,Tomáš Souček,Midfield,Defensive Midfield,Czech Republic,2022-23,2023-24,28,29,West Ham United,West Ham United,2819,2874,2,7,3,2,5,9,0.064,0.219,0.096,0.063,0.16,0.282,0.155,-0.033,0.122,Improvement,677,2835
247250,Rubén Alcaraz,Midfield,Central Midfield,Spain,2020-21,2021-22,30,31,Real Valladolid CF,Cádiz CF,2170,1105,1,2,0,0,1,2,0.041,0.163,0,0,0.041,0.163,0.122,0,0.122,Improvement,678,2834
146310,Wataru Endo,Midfield,Defensive Midfield,Japan,2021-22,2022-23,29,30,VfB Stuttgart,VfB Stuttgart,2902,2925,4,5,2,5,6,10,0.124,0.154,0.062,0.154,0.186,0.308,0.03,0.092,0.122,Improvement,679,2833
466794,Eric García,Defender,Centre-Back,Spain,2023-24,2024-25,23,24,"FC Barcelona, Girona FC",FC Barcelona,2697,1557,5,2,0,3,5,5,0.167,0.116,0,0.173,0.167,0.289,-0.051,0.173,0.122,Improvement,680,2832
617081,Diego López,Attack,Right Winger,Spain,2023-24,2024-25,22,23,Valencia CF,Valencia CF,2672,2760,3,8,6,5,9,13,0.101,0.261,0.202,0.163,0.303,0.424,0.16,-0.039,0.121,Improvement,681,2831
61812,Yuri Berchiche,Defender,Left-Back,Spain,2022-23,2023-24,33,34,Athletic Bilbao,Athletic Bilbao,2406,1931,1,3,2,2,3,5,0.037,0.14,0.075,0.093,0.112,0.233,0.103,0.018,0.121,Improvement,682,2830
369674,Joakim Maehle,Defender,Left-Back,Denmark,2021-22,2022-23,25,26,Atalanta BC,Atalanta BC,1466,2212,1,3,1,3,2,6,0.061,0.122,0.061,0.122,0.123,0.244,0.061,0.061,0.121,Improvement,683,2829
178425,Dani García,Midfield,Defensive Midfield,Spain,2021-22,2022-23,32,33,Athletic Bilbao,Athletic Bilbao,2186,1493,0,0,0,2,0,2,0,0,0,0.121,0,0.121,0,0.121,0.121,Improvement,684,2828
488362,Conor Gallagher,Midfield,Central Midfield,England,2022-23,2023-24,23,24,Chelsea FC,Chelsea FC,1616,3136,3,5,1,7,4,12,0.167,0.143,0.056,0.201,0.223,0.344,-0.024,0.145,0.121,Improvement,685,2827
217115,Neal Maupay,Attack,Centre-Forward,France,2023-24,2024-25,27,28,"Brentford FC, Everton FC",Olympique Marseille,1424,1043,6,4,3,4,9,8,0.379,0.345,0.19,0.345,0.569,0.69,-0.034,0.155,0.121,Improvement,686,2826
16306,Casemiro,Midfield,Defensive Midfield,Brazil,2021-22,2022-23,30,31,Real Madrid,"Manchester United, Real Madrid",2576,2134,1,4,4,3,5,7,0.035,0.169,0.14,0.127,0.175,0.295,0.134,-0.013,0.12,Improvement,687,2825
228948,Thilo Kehrer,Defender,Centre-Back,Germany,2020-21,2021-22,24,25,Paris Saint-Germain,Paris Saint-Germain,1610,1506,0,2,0,0,0,2,0,0.12,0,0,0,0.12,0.12,0,0.12,Improvement,688,2824
350219,Fabián Ruiz,Midfield,Central Midfield,Spain,2023-24,2024-25,28,29,Paris Saint-Germain,Paris Saint-Germain,1196,1922,1,4,3,5,4,9,0.075,0.187,0.226,0.234,0.301,0.421,0.112,0.008,0.12,Improvement,689,2823
332179,Matteo Pessina,Midfield,Central Midfield,Italy,2021-22,2022-23,25,26,Atalanta BC,AC Monza,1445,2939,1,5,1,3,2,8,0.062,0.153,0.062,0.092,0.125,0.245,0.091,0.03,0.12,Improvement,690,2822
293569,Josh Brownhill,Midfield,Central Midfield,England,2020-21,2021-22,25,26,Burnley FC,Burnley FC,2813,2953,0,2,1,3,1,5,0,0.061,0.032,0.091,0.032,0.152,0.061,0.059,0.12,Improvement,691,2821
331505,Óscar Mingueza,Defender,Right-Back,Spain,2022-23,2023-24,24,25,Celta de Vigo,Celta de Vigo,1284,3002,0,2,0,2,0,4,0,0.06,0,0.06,0,0.12,0.06,0.06,0.12,Improvement,692,2820
271455,Mihailo Ristic,Defender,Left-Back,Serbia,2020-21,2021-22,25,26,Montpellier HSC,Montpellier HSC,2239,1799,0,1,2,3,2,4,0,0.05,0.08,0.15,0.08,0.2,0.05,0.07,0.12,Improvement,693,2819
188888,Sheraldo Becker,Attack,Left Winger,Suriname,2021-22,2022-23,27,28,1.FC Union Berlin,1.FC Union Berlin,1770,2582,4,11,6,7,10,18,0.203,0.383,0.305,0.244,0.508,0.627,0.18,-0.061,0.119,Improvement,694,2818
425334,Matty Cash,Defender,Right-Back,Poland,2022-23,2023-24,25,26,Aston Villa,Aston Villa,1821,2143,0,2,1,2,1,4,0,0.084,0.049,0.084,0.049,0.168,0.084,0.035,0.119,Improvement,695,2817
134425,Raheem Sterling,Attack,Right Winger,England,2022-23,2023-24,28,29,Chelsea FC,Chelsea FC,1902,1983,6,8,3,4,9,12,0.284,0.363,0.142,0.182,0.426,0.545,0.079,0.04,0.119,Improvement,696,2816
289255,Andoni Gorosabel,Defender,Right-Back,Spain,2020-21,2021-22,24,25,Real Sociedad,Real Sociedad,2390,2297,0,0,1,4,1,4,0,0,0.038,0.157,0.038,0.157,0,0.119,0.119,Improvement,697,2815
349701,Antonee Robinson,Defender,Left-Back,United States,2023-24,2024-25,26,27,Fulham FC,Fulham FC,3270,3167,0,0,6,10,6,10,0,0,0.165,0.284,0.165,0.284,0,0.119,0.119,Improvement,697,2815
255942,Nicolò Barella,Midfield,Central Midfield,Italy,2020-21,2021-22,24,25,Inter Milan,Inter Milan,2901,2933,3,3,9,13,12,16,0.093,0.092,0.279,0.399,0.372,0.491,-0.001,0.12,0.119,Improvement,698,2814
123275,Tom Cairney,Midfield,Central Midfield,Scotland,2022-23,2023-24,32,33,Fulham FC,Fulham FC,972,1478,2,1,0,4,2,5,0.185,0.061,0,0.244,0.185,0.304,-0.124,0.244,0.119,Improvement,699,2813
572265,Lorenzo Lucca,Attack,Centre-Forward,Italy,2023-24,2024-25,23,24,Udinese Calcio,Udinese Calcio,2601,2363,8,12,4,2,12,14,0.277,0.457,0.138,0.076,0.415,0.533,0.18,-0.062,0.118,Improvement,700,2812
210178,Pablo Marí,Defender,Centre-Back,Spain,2020-21,2021-22,27,28,Arsenal FC,"Arsenal FC, Udinese Calcio",900,1522,0,2,0,0,0,2,0,0.118,0,0,0,0.118,0.118,0,0.118,Improvement,701,2811
82442,Olivier Giroud,Attack,Centre-Forward,France,2022-23,2023-24,36,37,AC Milan,AC Milan,2145,2372,13,15,5,8,18,23,0.545,0.569,0.21,0.304,0.755,0.873,0.024,0.094,0.118,Improvement,702,2810
392771,Ethan Ampadu,Midfield,Defensive Midfield,Wales,2020-21,2021-22,20,21,Sheffield United,Venezia FC,2091,2289,0,0,0,3,0,3,0,0,0,0.118,0,0.118,0,0.118,0.118,Improvement,703,2809
200512,Sadio Mané,Attack,Left Winger,Senegal,2021-22,2022-23,30,31,Liverpool FC,Bayern Munich,2825,1431,16,7,4,5,20,12,0.51,0.44,0.127,0.314,0.637,0.755,-0.07,0.187,0.118,Improvement,704,2808
202278,Flavien Tait,Midfield,Central Midfield,France,2020-21,2021-22,28,29,Stade Rennais FC,Stade Rennais FC,1370,2131,1,5,3,4,4,9,0.066,0.211,0.197,0.169,0.263,0.38,0.145,-0.028,0.117,Improvement,705,2807
124732,John Brooks,Defender,Centre-Back,United States,2022-23,2023-24,30,31,TSG 1899 Hoffenheim,TSG 1899 Hoffenheim,1350,1539,0,2,0,0,0,2,0,0.117,0,0,0,0.117,0.117,0,0.117,Improvement,706,2806
199248,Bryan Cristante,Midfield,Defensive Midfield,Italy,2023-24,2024-25,29,30,Associazione Sportiva Roma,Associazione Sportiva Roma,3292,2047,3,4,4,3,7,7,0.082,0.176,0.109,0.132,0.191,0.308,0.094,0.023,0.117,Improvement,707,2805
189441,Lucas Ocampos,Attack,Left Winger,Argentina,2020-21,2021-22,26,27,Sevilla FC,Sevilla FC,2648,2127,5,6,4,4,9,10,0.17,0.254,0.136,0.169,0.306,0.423,0.084,0.033,0.117,Improvement,708,2804
520624,Bruno Guimarães,Midfield,Central Midfield,Brazil,2022-23,2023-24,25,26,Newcastle United,Newcastle United,2734,3269,4,7,5,8,9,15,0.132,0.193,0.165,0.22,0.296,0.413,0.061,0.055,0.117,Improvement,709,2803
225873,Karol Linetty,Midfield,Central Midfield,Poland,2023-24,2024-25,29,30,Torino FC,Torino FC,1860,1544,0,1,0,1,0,2,0,0.058,0,0.058,0,0.117,0.058,0.058,0.117,Improvement,710,2802
405885,Giacomo Raspadori,Attack,Second Striker,Italy,2023-24,2024-25,24,25,SSC Napoli,SSC Napoli,1571,1097,5,6,3,1,8,7,0.286,0.492,0.172,0.082,0.458,0.574,0.206,-0.09,0.116,Improvement,711,2801
591916,Aitor Paredes,Defender,Centre-Back,Spain,2023-24,2024-25,24,25,Athletic Bilbao,Athletic Bilbao,2706,1814,1,3,0,0,1,3,0.033,0.149,0,0,0.033,0.149,0.116,0,0.116,Improvement,712,2800
405397,Keito Nakamura,Attack,Left Winger,Japan,2023-24,2024-25,23,24,Stade Reims,Stade Reims,1388,2662,4,11,1,2,5,13,0.259,0.372,0.065,0.068,0.324,0.44,0.113,0.003,0.116,Improvement,713,2799
520468,Iago,Defender,Left-Back,Brazil,2020-21,2021-22,24,25,FC Augsburg,FC Augsburg,1564,2177,1,2,2,5,3,7,0.058,0.083,0.115,0.207,0.173,0.289,0.025,0.092,0.116,Improvement,714,2798
469050,Nathan Collins,Defender,Centre-Back,Ireland,2023-24,2024-25,23,24,Brentford FC,Brentford FC,2650,3420,1,2,1,5,2,7,0.034,0.053,0.034,0.132,0.068,0.184,0.019,0.098,0.116,Improvement,715,2797
429014,Morgan Gibbs-White,Midfield,Attacking Midfield,England,2023-24,2024-25,24,25,Nottingham Forest,Nottingham Forest,3162,2824,5,7,10,10,15,17,0.142,0.223,0.285,0.319,0.427,0.542,0.081,0.034,0.115,Improvement,716,2796
538964,Thijs Dallinga,Attack,Centre-Forward,Netherlands,2022-23,2023-24,22,23,FC Toulouse,FC Toulouse,2368,2514,12,14,1,3,13,17,0.456,0.501,0.038,0.107,0.494,0.609,0.045,0.069,0.115,Improvement,717,2795
196357,Jonathan Tah,Defender,Centre-Back,Germany,2020-21,2021-22,25,26,Bayer 04 Leverkusen,Bayer 04 Leverkusen,2219,2882,1,2,0,3,1,5,0.041,0.062,0,0.094,0.041,0.156,0.021,0.094,0.115,Improvement,718,2794
433177,Bukayo Saka,Attack,Right Winger,England,2023-24,2024-25,22,23,Arsenal FC,Arsenal FC,2936,1736,16,6,9,11,25,17,0.49,0.311,0.276,0.57,0.766,0.881,-0.179,0.294,0.115,Improvement,719,2793
232454,Nadiem Amiri,Midfield,Central Midfield,Germany,2023-24,2024-25,27,28,"1.FSV Mainz 05, Bayer 04 Leverkusen",1.FSV Mainz 05,1401,2484,1,7,4,5,5,12,0.064,0.254,0.257,0.181,0.321,0.435,0.19,-0.076,0.114,Improvement,720,2792
136514,Charalampos Lykogiannis,Defender,Left-Back,Greece,2021-22,2022-23,28,29,Cagliari Calcio,Bologna Football Club 1909,1821,1106,1,2,0,0,1,2,0.049,0.163,0,0,0.049,0.163,0.114,0,0.114,Improvement,721,2791
131075,Francesco Acerbi,Defender,Centre-Back,Italy,2022-23,2023-24,35,36,Inter Milan,Inter Milan,2420,2386,0,3,1,1,1,4,0,0.113,0.037,0.038,0.037,0.151,0.113,0.001,0.114,Improvement,722,2790
283735,Mattia Zaccagni,Attack,Left Winger,Italy,2020-21,2021-22,26,27,Hellas Verona,"Hellas Verona, Società Sportiva Lazio S.p.A.",2630,2058,5,6,7,6,12,12,0.171,0.262,0.24,0.262,0.411,0.525,0.091,0.022,0.114,Improvement,723,2789
67080,Víctor Laguardia,Defender,Centre-Back,Spain,2020-21,2021-22,31,32,Deportivo Alavés,Deportivo Alavés,2636,3044,0,3,1,2,1,5,0,0.089,0.034,0.059,0.034,0.148,0.089,0.025,0.114,Improvement,724,2788
401923,Victor Osimhen,Attack,Centre-Forward,Nigeria,2020-21,2021-22,22,23,SSC Napoli,SSC Napoli,1573,1993,10,14,3,5,13,19,0.572,0.632,0.172,0.226,0.744,0.858,0.06,0.054,0.114,Improvement,725,2787
241641,Bernardo Silva,Midfield,Attacking Midfield,Portugal,2022-23,2023-24,28,29,Manchester City,Manchester City,2202,2582,4,6,6,9,10,15,0.163,0.209,0.245,0.314,0.409,0.523,0.046,0.069,0.114,Improvement,726,2786
315853,Alessandro Bastoni,Defender,Centre-Back,Italy,2022-23,2023-24,24,25,Inter Milan,Inter Milan,2165,2282,0,1,2,4,2,5,0,0.039,0.083,0.158,0.083,0.197,0.039,0.075,0.114,Improvement,727,2785
281989,Luis Milla,Midfield,Central Midfield,Spain,2023-24,2024-25,29,30,Getafe CF,Getafe CF,2123,2878,0,1,1,4,1,5,0,0.031,0.042,0.125,0.042,0.156,0.031,0.083,0.114,Improvement,728,2784
186590,John Stones,Defender,Centre-Back,England,2021-22,2022-23,28,29,Manchester City,Manchester City,1118,1848,1,2,0,2,1,4,0.081,0.097,0,0.097,0.081,0.195,0.016,0.097,0.114,Improvement,729,2783
118534,Michael Keane,Defender,Centre-Back,England,2021-22,2022-23,29,30,Everton FC,Everton FC,2792,983,3,1,2,2,5,3,0.097,0.092,0.064,0.183,0.161,0.275,-0.005,0.119,0.114,Improvement,730,2782
184894,Alfred Duncan,Midfield,Central Midfield,Ghana,2020-21,2021-22,28,29,"ACF Fiorentina, Cagliari Calcio",ACF Fiorentina,1229,1934,0,2,1,2,1,4,0,0.093,0.073,0.093,0.073,0.186,0.093,0.02,0.113,Improvement,731,2781
274862,Moses Simon,Attack,Left Winger,Nigeria,2020-21,2021-22,25,26,FC Nantes,FC Nantes,2341,2351,6,6,5,8,11,14,0.231,0.23,0.192,0.306,0.423,0.536,-0.001,0.114,0.113,Improvement,732,2780
170934,Mario Lemina,Midfield,Defensive Midfield,Gabon,2023-24,2024-25,30,31,Wolverhampton Wanderers,Wolverhampton Wanderers,2975,1363,4,1,1,3,5,4,0.121,0.066,0.03,0.198,0.151,0.264,-0.055,0.168,0.113,Improvement,733,2779
342229,Kylian Mbappé,Attack,Centre-Forward,France,2020-21,2021-22,22,23,Paris Saint-Germain,Paris Saint-Germain,2387,3032,27,28,7,19,34,47,1.018,0.831,0.264,0.564,1.282,1.395,-0.187,0.3,0.113,Improvement,734,2778
126729,Patric,Defender,Centre-Back,Spain,2022-23,2023-24,30,31,Società Sportiva Lazio S.p.A.,Società Sportiva Lazio S.p.A.,1414,1610,0,2,0,0,0,2,0,0.112,0,0,0,0.112,0.112,0,0.112,Improvement,735,2777
223967,Konrad Laimer,Defender,Right-Back,Austria,2023-24,2024-25,27,28,Bayern Munich,Bayern Munich,1769,1697,0,2,3,3,3,5,0,0.106,0.153,0.159,0.153,0.265,0.106,0.006,0.112,Improvement,736,2776
495666,William Saliba,Defender,Centre-Back,France,2021-22,2022-23,21,22,Olympique Marseille,Arsenal FC,3240,2416,0,2,0,1,0,3,0,0.075,0,0.037,0,0.112,0.075,0.037,0.112,Improvement,737,2775
55099,Nicolas Höfler,Midfield,Defensive Midfield,Germany,2020-21,2021-22,31,32,SC Freiburg,SC Freiburg,2730,2602,1,2,4,6,5,8,0.033,0.069,0.132,0.208,0.165,0.277,0.036,0.076,0.112,Improvement,738,2774
33571,Lorenzo De Silvestri,Defender,Right-Back,Italy,2020-21,2021-22,33,34,Bologna Football Club 1909,Bologna Football Club 1909,2146,2297,2,3,0,2,2,5,0.084,0.118,0,0.078,0.084,0.196,0.034,0.078,0.112,Improvement,739,2773
113707,Rémy Cabella,Midfield,Attacking Midfield,France,2023-24,2024-25,34,35,LOSC Lille,LOSC Lille,1470,1008,2,1,2,3,4,4,0.122,0.089,0.122,0.268,0.245,0.357,-0.033,0.146,0.112,Improvement,740,2772
462250,João Félix,Attack,Second Striker,Portugal,2020-21,2021-22,21,22,Atlético de Madrid,Atlético de Madrid,1571,1262,7,8,6,4,13,12,0.401,0.571,0.344,0.285,0.745,0.856,0.17,-0.059,0.111,Improvement,741,2771
264372,Viktor Tsygankov,Attack,Right Winger,Ukraine,2022-23,2023-24,25,26,Girona FC,Girona FC,1494,2067,3,8,6,7,9,15,0.181,0.348,0.361,0.305,0.542,0.653,0.167,-0.056,0.111,Improvement,742,2770
341429,Davinson Sánchez,Defender,Centre-Back,Colombia,2020-21,2021-22,25,26,Tottenham Hotspur,Tottenham Hotspur,1486,1626,0,2,0,0,0,2,0,0.111,0,0,0,0.111,0.111,0,0.111,Improvement,743,2769
423444,Fran Beltrán,Midfield,Central Midfield,Spain,2023-24,2024-25,25,26,Celta de Vigo,Celta de Vigo,2437,2428,0,2,0,1,0,3,0,0.074,0,0.037,0,0.111,0.074,0.037,0.111,Improvement,744,2768
646733,Jim Allevinah,Attack,Right Winger,Gabon,2023-24,2024-25,29,30,Clermont Foot 63,Angers SCO,1871,1766,2,1,1,4,3,5,0.096,0.051,0.048,0.204,0.144,0.255,-0.045,0.156,0.111,Improvement,745,2767
177843,Domenico Berardi,Attack,Right Winger,Italy,2020-21,2021-22,26,27,US Sassuolo,US Sassuolo,2485,2836,17,15,8,17,25,32,0.616,0.476,0.29,0.539,0.905,1.016,-0.14,0.249,0.111,Improvement,746,2766
406040,Ademola Lookman,Attack,Left Winger,Nigeria,2020-21,2021-22,23,24,Fulham FC,Leicester City,2756,1457,4,6,4,0,8,6,0.131,0.371,0.131,0,0.261,0.371,0.24,-0.131,0.11,Improvement,747,2765
284857,Marc Cucurella,Defender,Left-Back,Spain,2023-24,2024-25,25,26,Chelsea FC,Chelsea FC,1785,2992,0,5,2,2,2,7,0,0.15,0.101,0.06,0.101,0.211,0.15,-0.041,0.11,Improvement,748,2764
500689,Evann Guessand,Attack,Right Winger,Cote d'Ivoire,2022-23,2023-24,21,22,FC Nantes,OGC Nice,1257,1540,3,6,2,2,5,8,0.215,0.351,0.143,0.117,0.358,0.468,0.136,-0.026,0.11,Improvement,749,2763
660860,Diego Coppola,Defender,Centre-Back,Italy,2022-23,2023-24,19,20,Hellas Verona,Hellas Verona,1172,1636,0,2,0,0,0,2,0,0.11,0,0,0,0.11,0.11,0,0.11,Improvement,750,2762
273152,Nemanja Maksimovic,Midfield,Central Midfield,Serbia,2022-23,2023-24,28,29,Getafe CF,Getafe CF,2068,3273,0,4,0,0,0,4,0,0.11,0,0,0,0.11,0.11,0,0.11,Improvement,750,2762
425334,Matty Cash,Defender,Right-Back,Poland,2020-21,2021-22,23,24,Aston Villa,Aston Villa,2378,3380,0,4,2,3,2,7,0,0.107,0.076,0.08,0.076,0.186,0.107,0.004,0.11,Improvement,751,2761
248732,Paweł Dawidowicz,Defender,Centre-Back,Poland,2021-22,2022-23,27,28,Hellas Verona,Hellas Verona,1195,1634,0,1,0,1,0,2,0,0.055,0,0.055,0,0.11,0.055,0.055,0.11,Improvement,752,2760
435338,Gabriel,Defender,Centre-Back,Brazil,2023-24,2024-25,26,27,Arsenal FC,Arsenal FC,3044,2365,4,3,0,3,4,6,0.118,0.114,0,0.114,0.118,0.228,-0.004,0.114,0.11,Improvement,753,2759
182893,Seko Fofana,Midfield,Central Midfield,Cote d'Ivoire,2021-22,2022-23,27,28,RC Lens,RC Lens,3364,3079,8,7,1,5,9,12,0.214,0.205,0.027,0.146,0.241,0.351,-0.009,0.119,0.11,Improvement,754,2758
119296,Emre Can,Defender,Centre-Back,Germany,2020-21,2021-22,27,28,Borussia Dortmund,Borussia Dortmund,2133,1689,1,5,4,1,5,6,0.042,0.266,0.169,0.053,0.211,0.32,0.224,-0.116,0.109,Improvement,755,2757
170934,Mario Lemina,Midfield,Defensive Midfield,Gabon,2022-23,2023-24,29,30,"OGC Nice, Wolverhampton Wanderers",Wolverhampton Wanderers,2147,2975,0,4,1,1,1,5,0,0.121,0.042,0.03,0.042,0.151,0.121,-0.012,0.109,Improvement,756,2756
560593,Hicham Boudaoui,Midfield,Central Midfield,Algeria,2023-24,2024-25,24,25,OGC Nice,OGC Nice,1609,2440,2,2,0,4,2,6,0.112,0.074,0,0.148,0.112,0.221,-0.038,0.148,0.109,Improvement,757,2755
118278,Xavier Chavalerin,Midfield,Central Midfield,France,2020-21,2021-22,30,31,Stade Reims,"ESTAC Troyes, Stade Reims",2549,2943,0,5,3,2,3,7,0,0.153,0.106,0.061,0.106,0.214,0.153,-0.045,0.108,Improvement,758,2754
316264,Martin Ødegaard,Midfield,Attacking Midfield,Norway,2020-21,2021-22,22,23,"Arsenal FC, Real Madrid",Arsenal FC,1098,2793,1,7,2,4,3,11,0.082,0.226,0.164,0.129,0.246,0.354,0.144,-0.035,0.108,Improvement,759,2753
124502,Matthias Ginter,Defender,Centre-Back,Germany,2021-22,2022-23,28,29,Borussia Mönchengladbach,SC Freiburg,2337,3060,1,4,0,1,1,5,0.039,0.118,0,0.029,0.039,0.147,0.079,0.029,0.108,Improvement,760,2752
126729,Patric,Defender,Centre-Back,Spain,2020-21,2021-22,28,29,Società Sportiva Lazio S.p.A.,Società Sportiva Lazio S.p.A.,1598,1651,0,1,1,2,1,3,0,0.055,0.056,0.109,0.056,0.164,0.055,0.053,0.108,Improvement,761,2751
166601,Niklas Süle,Defender,Centre-Back,Germany,2021-22,2022-23,26,27,Bayern Munich,Borussia Dortmund,1834,2117,1,2,2,4,3,6,0.049,0.085,0.098,0.17,0.147,0.255,0.036,0.072,0.108,Improvement,762,2750
274862,Moses Simon,Attack,Left Winger,Nigeria,2022-23,2023-24,27,28,FC Nantes,FC Nantes,2358,1793,5,3,4,6,9,9,0.191,0.151,0.153,0.301,0.344,0.452,-0.04,0.148,0.108,Improvement,763,2749
324278,Christoph Baumgartner,Midfield,Attacking Midfield,Austria,2021-22,2022-23,22,23,TSG 1899 Hoffenheim,TSG 1899 Hoffenheim,1896,2582,7,7,1,7,8,14,0.332,0.244,0.047,0.244,0.38,0.488,-0.088,0.197,0.108,Improvement,764,2748
93844,Leonardo Bittencourt,Midfield,Central Midfield,Germany,2023-24,2024-25,30,31,SV Werder Bremen,SV Werder Bremen,1584,974,1,2,2,1,3,3,0.057,0.185,0.114,0.092,0.17,0.277,0.128,-0.022,0.107,Improvement,765,2747
283196,Kasper Dolberg,Attack,Centre-Forward,Denmark,2020-21,2021-22,23,24,OGC Nice,OGC Nice,1931,1500,6,6,2,2,8,8,0.28,0.36,0.093,0.12,0.373,0.48,0.08,0.027,0.107,Improvement,766,2746
126281,Alexander Hack,Defender,Centre-Back,Germany,2020-21,2021-22,27,28,1.FSV Mainz 05,1.FSV Mainz 05,1368,2076,1,3,0,1,1,4,0.066,0.13,0,0.043,0.066,0.173,0.064,0.043,0.107,Improvement,767,2745
175449,Moi Gómez,Midfield,Attacking Midfield,Spain,2020-21,2021-22,27,28,Villarreal CF,Villarreal CF,2573,1277,4,2,1,2,5,4,0.14,0.141,0.035,0.141,0.175,0.282,0.001,0.106,0.107,Improvement,768,2744
278359,Borja Iglesias,Attack,Centre-Forward,Spain,2021-22,2022-23,29,30,Real Betis Balompié,Real Betis Balompié,1571,2381,10,15,0,3,10,18,0.573,0.567,0,0.113,0.573,0.68,-0.006,0.113,0.107,Improvement,769,2743
262523,Davide Calabria,Defender,Right-Back,Italy,2021-22,2022-23,25,26,AC Milan,AC Milan,2124,1695,2,1,3,5,5,6,0.085,0.053,0.127,0.265,0.212,0.319,-0.032,0.138,0.107,Improvement,770,2742
453870,Benedict Hollerbach,Attack,Centre-Forward,Germany,2023-24,2024-25,23,24,1.FC Union Berlin,1.FC Union Berlin,1283,2555,5,9,0,4,5,13,0.351,0.317,0,0.141,0.351,0.458,-0.034,0.141,0.107,Improvement,771,2741
463603,Benoît Badiashile,Defender,Centre-Back,France,2021-22,2022-23,21,22,AS Monaco,"AS Monaco, Chelsea FC",1838,1743,1,3,0,0,1,3,0.049,0.155,0,0,0.049,0.155,0.106,0,0.106,Improvement,772,2740
357156,Diogo Leite,Defender,Centre-Back,Portugal,2023-24,2024-25,25,26,1.FC Union Berlin,1.FC Union Berlin,2707,2548,0,1,0,2,0,3,0,0.035,0,0.071,0,0.106,0.035,0.071,0.106,Improvement,773,2739
450050,Jean-Ricner Bellegarde,Midfield,Central Midfield,Haiti,2022-23,2023-24,25,26,RC Strasbourg Alsace,"RC Strasbourg Alsace, Wolverhampton Wanderers",2429,1227,2,4,9,3,11,7,0.074,0.293,0.333,0.22,0.408,0.513,0.219,-0.113,0.105,Improvement,774,2738
234802,Renaud Ripart,Attack,Right Winger,,2021-22,2022-23,29,30,ESTAC Troyes,ESTAC Troyes,1904,1320,2,4,3,1,5,5,0.095,0.273,0.142,0.068,0.236,0.341,0.178,-0.074,0.105,Improvement,775,2737
106987,Marcel Sabitzer,Midfield,Central Midfield,Austria,2022-23,2023-24,29,30,"Bayern Munich, Manchester United",Borussia Dortmund,1252,1963,1,4,2,3,3,7,0.072,0.183,0.144,0.138,0.216,0.321,0.111,-0.006,0.105,Improvement,776,2736
355627,Sergio Akieme,Defender,Left-Back,Spain,2022-23,2023-24,25,26,UD Almería,"Stade Reims, UD Almería",2298,2495,1,4,0,0,1,4,0.039,0.144,0,0,0.039,0.144,0.105,0,0.105,Improvement,777,2735
159471,Serge Gnabry,Attack,Second Striker,Germany,2021-22,2022-23,26,27,Bayern Munich,Bayern Munich,2189,1941,14,14,6,6,20,20,0.576,0.649,0.247,0.278,0.822,0.927,0.073,0.031,0.105,Improvement,778,2734
357119,Ibrahima Konaté,Defender,Centre-Back,France,2023-24,2024-25,25,26,Liverpool FC,Liverpool FC,1573,2565,0,1,0,2,0,3,0,0.035,0,0.07,0,0.105,0.035,0.07,0.105,Improvement,779,2733
624548,Salva Ferrer,Defender,Right-Back,Spain,2020-21,2021-22,23,24,Spezia Calcio,Spezia Calcio,1188,1489,0,0,1,3,1,3,0,0,0.076,0.181,0.076,0.181,0,0.105,0.105,Improvement,780,2732
124555,Cristiano Biraghi,Defender,Left-Back,Italy,2021-22,2022-23,29,30,ACF Fiorentina,ACF Fiorentina,3165,2555,4,2,1,5,5,7,0.114,0.07,0.028,0.176,0.142,0.247,-0.044,0.148,0.105,Improvement,781,2731
691482,Jacopo Fazzini,Midfield,Central Midfield,Italy,2023-24,2024-25,21,22,FC Empoli,FC Empoli,1226,1390,1,4,2,1,3,5,0.073,0.259,0.147,0.065,0.22,0.324,0.186,-0.082,0.104,Improvement,782,2730
303254,Fikayo Tomori,Defender,Centre-Back,England,2022-23,2023-24,25,26,AC Milan,AC Milan,2764,2125,1,4,1,0,2,4,0.033,0.169,0.033,0,0.065,0.169,0.136,-0.033,0.104,Improvement,783,2729
54906,Matteo Darmian,Defender,Right-Back,Italy,2023-24,2024-25,34,35,Inter Milan,Inter Milan,2411,1782,2,3,2,2,4,5,0.075,0.152,0.075,0.101,0.149,0.253,0.077,0.026,0.104,Improvement,784,2728
423440,Martín Zubimendi,Midfield,Defensive Midfield,Spain,2020-21,2021-22,22,23,Real Sociedad,Real Sociedad,1876,2584,0,2,0,1,0,3,0,0.07,0,0.035,0,0.104,0.07,0.035,0.104,Improvement,785,2727
450050,Jean-Ricner Bellegarde,Midfield,Central Midfield,Haiti,2020-21,2021-22,23,24,RC Strasbourg Alsace,RC Strasbourg Alsace,2051,2349,1,2,1,3,2,5,0.044,0.077,0.044,0.115,0.088,0.192,0.033,0.071,0.104,Improvement,786,2726
633530,Jordan Zemura,Defender,Left-Back,Zimbabwe,2023-24,2024-25,24,25,Udinese Calcio,Udinese Calcio,1035,1411,1,1,0,2,1,3,0.087,0.064,0,0.128,0.087,0.191,-0.023,0.128,0.104,Improvement,787,2725
466794,Eric García,Defender,Centre-Back,Spain,2022-23,2023-24,22,23,FC Barcelona,"FC Barcelona, Girona FC",1415,2697,1,5,0,0,1,5,0.064,0.167,0,0,0.064,0.167,0.103,0,0.103,Improvement,788,2724
283628,Tomáš Souček,Midfield,Defensive Midfield,Czech Republic,2023-24,2024-25,29,30,West Ham United,West Ham United,2874,2571,7,9,2,2,9,11,0.219,0.315,0.063,0.07,0.282,0.385,0.096,0.007,0.103,Improvement,789,2723
392757,Marc Guéhi,Defender,Centre-Back,England,2023-24,2024-25,23,24,Crystal Palace,Crystal Palace,2023,3060,0,3,1,2,1,5,0,0.088,0.044,0.059,0.044,0.147,0.088,0.015,0.103,Improvement,790,2722
212723,Djibril Sow,Midfield,Central Midfield,Switzerland,2020-21,2021-22,24,25,Eintracht Frankfurt,Eintracht Frankfurt,2180,2422,0,2,2,3,2,5,0,0.074,0.083,0.111,0.083,0.186,0.074,0.028,0.103,Improvement,791,2721
81999,Joselu,Attack,Centre-Forward,Spain,2022-23,2023-24,33,34,RCD Espanyol Barcelona,Real Madrid,2989,1675,16,10,2,2,18,12,0.482,0.537,0.06,0.107,0.542,0.645,0.055,0.047,0.103,Improvement,792,2720
134270,Dan Burn,Defender,Centre-Back,England,2022-23,2023-24,31,32,Newcastle United,Newcastle United,3116,2732,1,2,0,2,1,4,0.029,0.066,0,0.066,0.029,0.132,0.037,0.066,0.103,Improvement,793,2719
418560,Erling Haaland,Attack,Centre-Forward,Norway,2020-21,2021-22,20,21,Borussia Dortmund,Borussia Dortmund,2410,1915,27,22,8,8,35,30,1.008,1.034,0.299,0.376,1.307,1.41,0.026,0.077,0.103,Improvement,794,2718
624690,Manu Koné,Midfield,Central Midfield,France,2022-23,2023-24,22,23,Borussia Mönchengladbach,Borussia Mönchengladbach,2620,1567,1,1,1,2,2,3,0.034,0.057,0.034,0.115,0.069,0.172,0.023,0.081,0.103,Improvement,795,2717
111266,Anthony Losilla,Midfield,Defensive Midfield,France,2021-22,2022-23,36,37,VfL Bochum,VfL Bochum,2916,2725,2,2,0,3,2,5,0.062,0.066,0,0.099,0.062,0.165,0.004,0.099,0.103,Improvement,796,2716
382478,Cédric Zesiger,Defender,Centre-Back,Switzerland,2023-24,2024-25,26,27,VfL Wolfsburg,"FC Augsburg, VfL Wolfsburg",1635,1748,0,0,0,2,0,2,0,0,0,0.103,0,0.103,0,0.103,0.103,Improvement,797,2715
962110,Pau Cubarsí,Defender,Centre-Back,Spain,2023-24,2024-25,17,18,FC Barcelona,FC Barcelona,1562,2621,0,0,0,3,0,3,0,0,0,0.103,0,0.103,0,0.103,0.103,Improvement,797,2715
146854,Wissam Ben Yedder,Attack,Centre-Forward,France,2020-21,2021-22,30,31,AS Monaco,AS Monaco,2626,2543,20,25,8,5,28,30,0.685,0.885,0.274,0.177,0.96,1.062,0.2,-0.097,0.102,Improvement,798,2714
196948,Andreas Christensen,Defender,Centre-Back,Denmark,2021-22,2022-23,26,27,Chelsea FC,FC Barcelona,1494,1764,0,1,0,1,0,2,0,0.051,0,0.051,0,0.102,0.051,0.051,0.102,Improvement,799,2713
380598,Santi Comesaña,Midfield,Central Midfield,Spain,2023-24,2024-25,27,28,Villarreal CF,Villarreal CF,1655,2565,2,4,0,2,2,6,0.109,0.14,0,0.07,0.109,0.211,0.031,0.07,0.102,Improvement,800,2712
341264,Fran García,Defender,Left-Back,Spain,2021-22,2022-23,22,23,Rayo Vallecano,Rayo Vallecano,3026,3399,1,2,0,3,1,5,0.03,0.053,0,0.079,0.03,0.132,0.023,0.079,0.102,Improvement,801,2711
57825,Jorge Molina,Attack,Centre-Forward,Spain,2020-21,2021-22,39,40,Granada CF,Granada CF,1533,1959,8,10,2,5,10,15,0.47,0.459,0.117,0.23,0.587,0.689,-0.011,0.113,0.102,Improvement,802,2710
398073,Achraf Hakimi,Defender,Right-Back,Morocco,2023-24,2024-25,25,26,Paris Saint-Germain,Paris Saint-Germain,1930,2068,4,4,5,8,9,12,0.187,0.174,0.233,0.348,0.42,0.522,-0.013,0.115,0.102,Improvement,803,2709
485960,Lilian Brassier,Defender,Centre-Back,France,2022-23,2023-24,23,24,Stade Brestois 29,Stade Brestois 29,3093,2679,0,3,0,0,0,3,0,0.101,0,0,0,0.101,0.101,0,0.101,Improvement,804,2708
646402,Abner,Defender,Left-Back,Brazil,2023-24,2024-25,24,25,Real Betis Balompié,Olympique Lyon,1397,1091,0,1,1,1,1,2,0,0.082,0.064,0.082,0.064,0.165,0.082,0.018,0.101,Improvement,805,2707
447661,Douglas Luiz,Midfield,Central Midfield,Brazil,2020-21,2021-22,23,24,Aston Villa,Aston Villa,2791,2722,0,2,2,3,2,5,0,0.066,0.064,0.099,0.064,0.165,0.066,0.035,0.101,Improvement,806,2706
115763,Koray Günter,Defender,Centre-Back,Germany,2021-22,2022-23,27,28,Hellas Verona,"Hellas Verona, UC Sampdoria",2413,1777,0,1,0,1,0,2,0,0.051,0,0.051,0,0.101,0.051,0.051,0.101,Improvement,807,2705
288429,Mads Pedersen,Defender,Left-Back,Denmark,2022-23,2023-24,26,27,FC Augsburg,FC Augsburg,1837,1784,0,1,0,1,0,2,0,0.05,0,0.05,0,0.101,0.05,0.05,0.101,Improvement,808,2704
246204,Salvi Sánchez,Attack,Right Winger,Spain,2020-21,2021-22,30,31,Cádiz CF,Cádiz CF,1947,1400,2,2,0,1,2,3,0.092,0.129,0,0.064,0.092,0.193,0.037,0.064,0.101,Improvement,809,2703
532775,Melvin Bard,Defender,Left-Back,France,2022-23,2023-24,22,23,OGC Nice,OGC Nice,2458,2661,0,1,0,2,0,3,0,0.034,0,0.068,0,0.101,0.034,0.068,0.101,Improvement,810,2702
443710,Angelo Stiller,Midfield,Defensive Midfield,Germany,2023-24,2024-25,23,24,"TSG 1899 Hoffenheim, VfB Stuttgart",VfB Stuttgart,2781,2743,1,1,5,8,6,9,0.032,0.033,0.162,0.262,0.194,0.295,0.001,0.1,0.101,Improvement,811,2701
477758,Aaron Wan-Bissaka,Defender,Right-Back,DR Congo,2022-23,2023-24,25,26,Manchester United,Manchester United,1436,1782,0,0,0,2,0,2,0,0,0,0.101,0,0.101,0,0.101,0.101,Improvement,812,2700
100131,William Carvalho,Midfield,Defensive Midfield,Portugal,2020-21,2021-22,29,30,Real Betis Balompié,Real Betis Balompié,1216,1805,2,2,0,3,2,5,0.148,0.1,0,0.15,0.148,0.249,-0.048,0.15,0.101,Improvement,813,2699
668951,Matías Soulé,Attack,Right Winger,Argentina,2023-24,2024-25,21,22,Frosinone Calcio,Associazione Sportiva Roma,3141,1792,11,5,3,5,14,10,0.315,0.251,0.086,0.251,0.401,0.502,-0.064,0.165,0.101,Improvement,814,2698
654539,Adrien Truffert,Defender,Left-Back,France,2020-21,2021-22,19,20,Stade Rennais FC,Stade Rennais FC,1959,1636,1,3,4,3,5,6,0.046,0.165,0.184,0.165,0.23,0.33,0.119,-0.019,0.1,Improvement,815,2697
111196,Stefan de Vrij,Defender,Centre-Back,Netherlands,2023-24,2024-25,32,33,Inter Milan,Inter Milan,1579,1719,1,3,0,0,1,3,0.057,0.157,0,0,0.057,0.157,0.1,0,0.1,Improvement,816,2696
314295,Reece Oxford,Defender,Centre-Back,England,2020-21,2021-22,22,23,FC Augsburg,FC Augsburg,1352,2694,0,2,0,1,0,3,0,0.067,0,0.033,0,0.1,0.067,0.033,0.1,Improvement,817,2695
245056,Saša Lukić,Midfield,Central Midfield,Serbia,2020-21,2021-22,24,25,Torino FC,Torino FC,2110,2985,3,5,1,4,4,9,0.128,0.151,0.043,0.121,0.171,0.271,0.023,0.078,0.1,Improvement,818,2694
260827,Joachim Andersen,Defender,Centre-Back,Denmark,2022-23,2023-24,27,28,Crystal Palace,Crystal Palace,2783,3417,1,2,0,3,1,5,0.032,0.053,0,0.079,0.032,0.132,0.021,0.079,0.1,Improvement,819,2693
283735,Mattia Zaccagni,Attack,Left Winger,Italy,2023-24,2024-25,29,30,Società Sportiva Lazio S.p.A.,Società Sportiva Lazio S.p.A.,1973,2707,6,8,2,6,8,14,0.274,0.266,0.091,0.199,0.365,0.465,-0.008,0.108,0.1,Improvement,820,2692
177046,Rubén Duarte,Defender,Centre-Back,Spain,2020-21,2021-22,25,26,Deportivo Alavés,Deportivo Alavés,2550,2629,1,0,1,5,2,5,0.035,0,0.035,0.171,0.071,0.171,-0.035,0.136,0.1,Improvement,821,2691
547985,Fabiano Parisi,Defender,Left-Back,Italy,2023-24,2024-25,23,24,ACF Fiorentina,ACF Fiorentina,1451,1116,0,2,1,0,1,2,0,0.161,0.062,0,0.062,0.161,0.161,-0.062,0.099,Improvement,822,2690
955070,Ernest Nuamah,Attack,Right Winger,Ghana,2023-24,2024-25,20,21,Olympique Lyon,Olympique Lyon,1853,1054,3,3,2,1,5,4,0.146,0.256,0.097,0.085,0.243,0.342,0.11,-0.012,0.099,Improvement,823,2689
286297,Lorenzo Pellegrini,Midfield,Attacking Midfield,Italy,2020-21,2021-22,25,26,Associazione Sportiva Roma,Associazione Sportiva Roma,2607,2300,7,9,6,5,13,14,0.242,0.352,0.207,0.196,0.449,0.548,0.11,-0.011,0.099,Improvement,823,2689
334526,Denis Zakaria,Midfield,Defensive Midfield,Switzerland,2020-21,2021-22,24,25,Borussia Mönchengladbach,"Borussia Mönchengladbach, Juventus FC",1420,1991,1,3,1,2,2,5,0.063,0.136,0.063,0.09,0.127,0.226,0.073,0.027,0.099,Improvement,824,2688
477758,Aaron Wan-Bissaka,Defender,Right-Back,DR Congo,2023-24,2024-25,26,27,Manchester United,West Ham United,1782,3155,0,2,2,5,2,7,0,0.057,0.101,0.143,0.101,0.2,0.057,0.042,0.099,Improvement,825,2687
410425,Yves Bissouma,Midfield,Defensive Midfield,Mali,2020-21,2021-22,24,25,Brighton & Hove Albion,Brighton & Hove Albion,3114,2116,1,1,0,2,1,3,0.029,0.043,0,0.085,0.029,0.128,0.014,0.085,0.099,Improvement,826,2686
173859,Davide Zappacosta,Midfield,Right Midfield,Italy,2021-22,2022-23,30,31,Atalanta BC,Atalanta BC,2355,1476,1,4,6,2,7,6,0.038,0.244,0.229,0.122,0.268,0.366,0.206,-0.107,0.098,Improvement,827,2685
119211,Mitchell Weiser,Defender,Right-Back,Germany,2023-24,2024-25,30,31,SV Werder Bremen,SV Werder Bremen,2640,2870,3,5,7,9,10,14,0.102,0.157,0.239,0.282,0.341,0.439,0.055,0.043,0.098,Improvement,828,2684
474662,Hugo Magnetti,Midfield,Central Midfield,France,2021-22,2022-23,24,25,Stade Brestois 29,Stade Brestois 29,1459,1688,0,1,1,2,1,3,0,0.053,0.062,0.107,0.062,0.16,0.053,0.045,0.098,Improvement,829,2683
88755,Kevin De Bruyne,Midfield,Attacking Midfield,Belgium,2022-23,2023-24,32,33,Manchester City,Manchester City,2425,1228,7,4,18,10,25,14,0.26,0.293,0.668,0.733,0.928,1.026,0.033,0.065,0.098,Improvement,830,2682
385105,Gabriel Suazo,Defender,Left-Back,Chile,2023-24,2024-25,26,27,FC Toulouse,FC Toulouse,2362,2161,0,0,4,6,4,6,0,0,0.152,0.25,0.152,0.25,0,0.098,0.098,Improvement,831,2681
240219,Lorenzo Venuti,Defender,Right-Back,Italy,2021-22,2022-23,27,28,ACF Fiorentina,ACF Fiorentina,1576,922,0,0,0,1,0,1,0,0,0,0.098,0,0.098,0,0.098,0.098,Improvement,831,2681
690799,Anthony Rouault,Defender,Centre-Back,France,2022-23,2023-24,22,23,FC Toulouse,VfB Stuttgart,3316,1008,2,0,1,2,3,2,0.054,0,0.027,0.179,0.081,0.179,-0.054,0.152,0.098,Improvement,832,2680
273669,Adrian Beck,Midfield,Attacking Midfield,Germany,2023-24,2024-25,27,28,1. Fußballclub Heidenheim 1846,1. Fußballclub Heidenheim 1846,971,1597,1,4,1,1,2,5,0.093,0.225,0.093,0.056,0.185,0.282,0.132,-0.037,0.097,Improvement,833,2679
217111,Hakim Ziyech,Attack,Right Winger,Morocco,2020-21,2021-22,28,29,Chelsea FC,Chelsea FC,1177,1316,2,4,3,3,5,7,0.153,0.274,0.229,0.205,0.382,0.479,0.121,-0.024,0.097,Improvement,834,2678
178313,Jean-Eudes Aholou,Midfield,Defensive Midfield,Cote d'Ivoire,2021-22,2022-23,28,29,RC Strasbourg Alsace,RC Strasbourg Alsace,1000,1301,1,3,1,1,2,4,0.09,0.208,0.09,0.069,0.18,0.277,0.118,-0.021,0.097,Improvement,835,2677
287579,Sofyan Amrabat,Midfield,Defensive Midfield,Morocco,2020-21,2021-22,24,25,ACF Fiorentina,ACF Fiorentina,2444,931,0,1,0,0,0,1,0,0.097,0,0,0,0.097,0.097,0,0.097,Improvement,836,2676
424072,Mathias Pereira Lage,Attack,Left Winger,Portugal,2022-23,2023-24,26,27,Stade Brestois 29,Stade Brestois 29,1269,1181,2,3,2,2,4,5,0.142,0.229,0.142,0.152,0.284,0.381,0.087,0.01,0.097,Improvement,837,2675
148153,Lewis Dunk,Defender,Centre-Back,England,2022-23,2023-24,31,32,Brighton & Hove Albion,Brighton & Hove Albion,3240,2872,1,3,0,1,1,4,0.028,0.094,0,0.031,0.028,0.125,0.066,0.031,0.097,Improvement,838,2674
445126,Emanuele Valeri,Defender,Left-Back,Italy,2023-24,2024-25,25,26,Frosinone Calcio,Parma Calcio 1913,1178,2879,0,2,2,6,2,8,0,0.063,0.153,0.188,0.153,0.25,0.063,0.035,0.097,Improvement,839,2673
258027,Renato Sanches,Midfield,Central Midfield,Portugal,2020-21,2021-22,23,24,LOSC Lille,LOSC Lille,1271,1656,1,2,3,5,4,7,0.071,0.109,0.212,0.272,0.283,0.38,0.038,0.06,0.097,Improvement,840,2672
86784,Ricardo Rodríguez,Defender,Left-Back,Switzerland,2022-23,2023-24,30,31,Torino FC,Torino FC,2675,2784,0,1,0,2,0,3,0,0.032,0,0.065,0,0.097,0.032,0.065,0.097,Improvement,841,2671
159088,Robert Andrich,Midfield,Defensive Midfield,Germany,2020-21,2021-22,26,27,1.FC Union Berlin,Bayer 04 Leverkusen,2529,1820,5,4,2,3,7,7,0.178,0.198,0.071,0.148,0.249,0.346,0.02,0.077,0.097,Improvement,842,2670
434675,Cody Gakpo,Attack,Left Winger,Netherlands,2022-23,2023-24,24,25,Liverpool FC,Liverpool FC,1465,1646,7,8,3,5,10,13,0.43,0.437,0.184,0.273,0.614,0.711,0.007,0.089,0.097,Improvement,843,2669
149231,Fidel,Attack,Left Winger,Spain,2020-21,2021-22,31,32,Elche CF,Elche CF,2402,2279,6,5,3,6,9,11,0.225,0.197,0.112,0.237,0.337,0.434,-0.028,0.125,0.097,Improvement,844,2668
395236,Yacine Adli,Midfield,Defensive Midfield,Algeria,2020-21,2021-22,20,21,FC Girondins Bordeaux,FC Girondins Bordeaux,2417,2263,2,1,5,8,7,9,0.074,0.04,0.186,0.318,0.261,0.358,-0.034,0.132,0.097,Improvement,845,2667
65230,Sergio Busquets,Midfield,Defensive Midfield,Spain,2021-22,2022-23,33,34,FC Barcelona,FC Barcelona,3202,2348,2,0,0,4,2,4,0.056,0,0,0.153,0.056,0.153,-0.056,0.153,0.097,Improvement,846,2666
206050,Paulo Dybala,Attack,Second Striker,Argentina,2020-21,2021-22,27,28,Juventus FC,Juventus FC,1134,2072,4,10,3,5,7,15,0.317,0.434,0.238,0.217,0.556,0.652,0.117,-0.021,0.096,Improvement,847,2665
175722,Eric Dier,Defender,Centre-Back,England,2021-22,2022-23,28,29,Tottenham Hotspur,Tottenham Hotspur,3072,2816,0,2,0,1,0,3,0,0.064,0,0.032,0,0.096,0.064,0.032,0.096,Improvement,848,2664
262226,Timothy Castagne,Defender,Right-Back,Belgium,2021-22,2022-23,26,27,Leicester City,Leicester City,2126,3257,1,2,0,3,1,5,0.042,0.055,0,0.083,0.042,0.138,0.013,0.083,0.096,Improvement,849,2663
277533,Josan,Attack,Right Winger,Spain,2020-21,2021-22,31,32,Elche CF,Elche CF,1932,1197,4,2,2,3,6,5,0.186,0.15,0.093,0.226,0.28,0.376,-0.036,0.133,0.096,Improvement,850,2662
346314,Trevoh Chalobah,Defender,Centre-Back,England,2022-23,2023-24,23,24,Chelsea FC,Chelsea FC,1603,950,0,1,0,0,0,1,0,0.095,0,0,0,0.095,0.095,0,0.095,Improvement,851,2661
108354,Jordan Ayew,Attack,Centre-Forward,Ghana,2020-21,2021-22,29,30,Crystal Palace,Crystal Palace,2097,2025,1,3,3,3,4,6,0.043,0.133,0.129,0.133,0.172,0.267,0.09,0.004,0.095,Improvement,852,2660
413507,Nikola Milenković,Defender,Centre-Back,Serbia,2021-22,2022-23,24,25,ACF Fiorentina,ACF Fiorentina,2929,2136,1,2,0,1,1,3,0.031,0.084,0,0.042,0.031,0.126,0.053,0.042,0.095,Improvement,853,2659
86202,Antonio Rüdiger,Defender,Centre-Back,Germany,2020-21,2021-22,28,29,Chelsea FC,Chelsea FC,1710,3036,1,3,0,2,1,5,0.053,0.089,0,0.059,0.053,0.148,0.036,0.059,0.095,Improvement,854,2658
166237,Leandro Paredes,Midfield,Defensive Midfield,Argentina,2022-23,2023-24,29,30,"Juventus FC, Paris Saint-Germain",Associazione Sportiva Roma,1015,2644,1,3,1,5,2,8,0.089,0.102,0.089,0.17,0.177,0.272,0.013,0.081,0.095,Improvement,855,2657
135343,Fabian Schär,Defender,Centre-Back,Switzerland,2020-21,2021-22,29,30,Newcastle United,Newcastle United,1245,2161,1,2,0,2,1,4,0.072,0.083,0,0.083,0.072,0.167,0.011,0.083,0.095,Improvement,856,2656
467563,Armel Bella-Kotchap,Defender,Centre-Back,Germany,2021-22,2022-23,20,21,VfL Bochum,Southampton FC,1748,1885,0,0,0,2,0,2,0,0,0,0.095,0,0.095,0,0.095,0.095,Improvement,857,2655
231572,Nélson Semedo,Defender,Right-Back,Portugal,2023-24,2024-25,30,31,Wolverhampton Wanderers,Wolverhampton Wanderers,3093,2896,0,0,1,4,1,4,0,0,0.029,0.124,0.029,0.124,0,0.095,0.095,Improvement,857,2655
461019,Samuele Birindelli,Defender,Right-Back,Italy,2023-24,2024-25,24,25,AC Monza,AC Monza,2016,1476,0,3,2,0,2,3,0,0.183,0.089,0,0.089,0.183,0.183,-0.089,0.094,Improvement,858,2654
337715,Umar Sadiq,Attack,Centre-Forward,Nigeria,2023-24,2024-25,27,28,Real Sociedad,"Real Sociedad, Valencia CF",1074,1049,3,5,1,0,4,5,0.251,0.429,0.084,0,0.335,0.429,0.178,-0.084,0.094,Improvement,859,2653
333241,Joelinton,Midfield,Central Midfield,Brazil,2021-22,2022-23,25,26,Newcastle United,Newcastle United,2559,2663,4,6,1,2,5,8,0.141,0.203,0.035,0.068,0.176,0.27,0.062,0.033,0.094,Improvement,860,2652
355369,Jordan,Attack,Centre-Forward,United States,2022-23,2023-24,27,28,1.FC Union Berlin,"1.FC Union Berlin, Borussia Mönchengladbach",1356,1450,4,5,3,4,7,9,0.265,0.31,0.199,0.248,0.465,0.559,0.045,0.049,0.094,Improvement,861,2651
256448,Gianluca Mancini,Defender,Centre-Back,Italy,2021-22,2022-23,26,27,Associazione Sportiva Roma,Associazione Sportiva Roma,2883,2864,0,1,0,2,0,3,0,0.031,0,0.063,0,0.094,0.031,0.063,0.094,Improvement,862,2650
520840,José Copete,Defender,Centre-Back,Spain,2022-23,2023-24,23,24,RCD Mallorca,RCD Mallorca,2215,1336,1,1,0,1,1,2,0.041,0.067,0,0.067,0.041,0.135,0.026,0.067,0.094,Improvement,863,2649
465830,Mattéo Guendouzi,Midfield,Central Midfield,France,2020-21,2021-22,22,23,Hertha BSC,Olympique Marseille,1818,3154,2,4,3,8,5,12,0.099,0.114,0.149,0.228,0.248,0.342,0.015,0.079,0.094,Improvement,864,2648
146752,Gianluca Caprari,Attack,Second Striker,Italy,2020-21,2021-22,27,28,Benevento Calcio,Hellas Verona,1874,2754,5,12,6,7,11,19,0.24,0.392,0.288,0.229,0.528,0.621,0.152,-0.059,0.093,Improvement,865,2647
495625,Víctor Chust,Defender,Centre-Back,Spain,2021-22,2022-23,22,23,Cádiz CF,Cádiz CF,1829,964,0,1,0,0,0,1,0,0.093,0,0,0,0.093,0.093,0,0.093,Improvement,866,2646
480763,Juan Foyth,Defender,Centre-Back,Argentina,2020-21,2021-22,23,24,Villarreal CF,Villarreal CF,1168,1932,0,1,0,1,0,2,0,0.047,0,0.047,0,0.093,0.047,0.047,0.093,Improvement,867,2645
102258,Matthew Lowton,Defender,Right-Back,England,2020-21,2021-22,32,33,Burnley FC,Burnley FC,3060,1773,1,1,1,2,2,3,0.029,0.051,0.029,0.102,0.059,0.152,0.022,0.073,0.093,Improvement,868,2644
1011200,Junior Mwanga,Midfield,Defensive Midfield,France,2023-24,2024-25,21,22,RC Strasbourg Alsace,"Le Havre AC, RC Strasbourg Alsace",1456,1245,1,1,1,2,2,3,0.062,0.072,0.062,0.145,0.124,0.217,0.01,0.083,0.093,Improvement,869,2643
211637,Kiki Kouyaté,Defender,Centre-Back,Mali,2022-23,2023-24,26,27,Montpellier HSC,Montpellier HSC,1259,1930,0,0,0,2,0,2,0,0,0,0.093,0,0.093,0,0.093,0.093,Improvement,870,2642
377393,Pierre Lees-Melou,Midfield,Defensive Midfield,France,2023-24,2024-25,31,32,Stade Brestois 29,Stade Brestois 29,2521,1528,4,2,0,2,4,4,0.143,0.118,0,0.118,0.143,0.236,-0.025,0.118,0.093,Improvement,871,2641
38253,Robert Lewandowski,Attack,Centre-Forward,Poland,2023-24,2024-25,35,36,FC Barcelona,FC Barcelona,2759,2682,19,27,8,2,27,29,0.62,0.906,0.261,0.067,0.881,0.973,0.286,-0.194,0.092,Improvement,872,2640
406640,Felix Nmecha,Midfield,Central Midfield,Germany,2023-24,2024-25,23,24,Borussia Dortmund,Borussia Dortmund,1017,1512,1,4,2,2,3,6,0.088,0.238,0.177,0.119,0.265,0.357,0.15,-0.058,0.092,Improvement,873,2639
315604,Diadié Samassékou,Midfield,Defensive Midfield,Mali,2020-21,2021-22,25,26,TSG 1899 Hoffenheim,TSG 1899 Hoffenheim,2575,1667,0,2,2,1,2,3,0,0.108,0.07,0.054,0.07,0.162,0.108,-0.016,0.092,Improvement,874,2638
131225,Nicolás Tagliafico,Defender,Left-Back,Argentina,2022-23,2023-24,30,31,Olympique Lyon,Olympique Lyon,2994,2127,1,3,3,2,4,5,0.03,0.127,0.09,0.085,0.12,0.212,0.097,-0.005,0.092,Improvement,875,2637
35047,Axel Witsel,Midfield,Defensive Midfield,Belgium,2020-21,2021-22,32,33,Borussia Dortmund,Borussia Dortmund,1130,1947,0,2,0,0,0,2,0,0.092,0,0,0,0.092,0.092,0,0.092,Improvement,876,2636
193004,Waldemar Anton,Defender,Centre-Back,Germany,2023-24,2024-25,27,28,VfB Stuttgart,Borussia Dortmund,2888,1948,0,2,3,2,3,4,0,0.092,0.093,0.092,0.093,0.185,0.092,-0.001,0.092,Improvement,876,2636
376514,Mathías Olivera,Defender,Left-Back,Uruguay,2021-22,2022-23,24,25,Getafe CF,SSC Napoli,2807,1635,1,2,3,2,4,4,0.032,0.11,0.096,0.11,0.128,0.22,0.078,0.014,0.092,Improvement,877,2635
583189,Anthony Elanga,Attack,Right Winger,Sweden,2023-24,2024-25,22,23,Nottingham Forest,Nottingham Forest,2434,2510,5,6,9,11,14,17,0.185,0.215,0.333,0.394,0.518,0.61,0.03,0.061,0.092,Improvement,878,2634
636688,Alejandro Balde,Defender,Left-Back,Spain,2023-24,2024-25,20,21,FC Barcelona,FC Barcelona,1378,2293,0,0,1,4,1,4,0,0,0.065,0.157,0.065,0.157,0,0.092,0.092,Improvement,879,2633
196231,Marvin Friedrich,Defender,Centre-Back,Germany,2023-24,2024-25,28,29,Borussia Mönchengladbach,Borussia Mönchengladbach,1561,980,0,0,0,1,0,1,0,0,0,0.092,0,0.092,0,0.092,0.092,Improvement,879,2633
278531,Sebastiano Luperto,Defender,Centre-Back,Italy,2020-21,2021-22,24,25,FC Crotone,FC Empoli,1884,1958,0,0,0,2,0,2,0,0,0,0.092,0,0.092,0,0.092,0.092,Improvement,879,2633
460651,Antoine Makoumbou,Midfield,Defensive Midfield,Congo,2023-24,2024-25,25,26,Cagliari Calcio,Cagliari Calcio,2708,2164,1,0,0,3,1,3,0.033,0,0,0.125,0.033,0.125,-0.033,0.125,0.092,Improvement,880,2632
587458,Kevin Agudelo,Midfield,Attacking Midfield,Colombia,2020-21,2021-22,22,23,Spezia Calcio,Spezia Calcio,1350,1236,1,3,2,1,3,4,0.067,0.218,0.133,0.073,0.2,0.291,0.151,-0.06,0.091,Improvement,881,2631
212847,Adam Webster,Defender,Centre-Back,England,2020-21,2021-22,26,27,Brighton & Hove Albion,Brighton & Hove Albion,2595,1432,1,2,0,0,1,2,0.035,0.126,0,0,0.035,0.126,0.091,0,0.091,Improvement,882,2630
182712,João Cancelo,Defender,Right-Back,Portugal,2021-22,2022-23,28,29,Manchester City,"Bayern Munich, Manchester City",3228,2291,1,3,7,5,8,8,0.028,0.118,0.195,0.196,0.223,0.314,0.09,0.001,0.091,Improvement,883,2629
160938,Marc Oliver Kempf,Defender,Centre-Back,Germany,2020-21,2021-22,26,27,VfB Stuttgart,"Hertha BSC, VfB Stuttgart",2734,1893,2,3,1,1,3,4,0.066,0.143,0.033,0.048,0.099,0.19,0.077,0.015,0.091,Improvement,884,2628
633992,Enzo Le Fée,Midfield,Central Midfield,France,2021-22,2022-23,22,23,FC Lorient,FC Lorient,2200,3043,2,5,3,5,5,10,0.082,0.148,0.123,0.148,0.205,0.296,0.066,0.025,0.091,Improvement,885,2627
388198,Nico Schlotterbeck,Defender,Centre-Back,Germany,2020-21,2021-22,21,22,1.FC Union Berlin,SC Freiburg,1288,2788,1,4,0,1,1,5,0.07,0.129,0,0.032,0.07,0.161,0.059,0.032,0.091,Improvement,886,2626
371851,Jaka Bijol,Defender,Centre-Back,Slovenia,2023-24,2024-25,25,26,Udinese Calcio,Udinese Calcio,2083,2964,0,1,0,2,0,3,0,0.03,0,0.061,0,0.091,0.03,0.061,0.091,Improvement,887,2625
315145,Azor Matusiwa,Midfield,Defensive Midfield,Netherlands,2023-24,2024-25,26,27,"Stade Reims, Stade Rennais FC",Stade Rennais FC,2183,2078,1,1,1,3,2,4,0.041,0.043,0.041,0.13,0.082,0.173,0.002,0.089,0.091,Improvement,888,2624
232320,Atakan Karazor,Midfield,Defensive Midfield,Türkiye,2022-23,2023-24,26,27,VfB Stuttgart,VfB Stuttgart,1962,2630,0,0,1,4,1,4,0,0,0.046,0.137,0.046,0.137,0,0.091,0.091,Improvement,889,2623
805908,Bradley Locko,Defender,Left-Back,France,2022-23,2023-24,21,22,"Stade Brestois 29, Stade Reims",Stade Brestois 29,1327,2961,0,0,0,3,0,3,0,0,0,0.091,0,0.091,0,0.091,0.091,Improvement,889,2623
730581,Loïc Badé,Defender,Centre-Back,France,2020-21,2021-22,21,22,RC Lens,Stade Rennais FC,2610,984,0,0,0,1,0,1,0,0,0,0.091,0,0.091,0,0.091,0.091,Improvement,889,2623
186368,Valentino Lazaro,Midfield,Right Midfield,Austria,2023-24,2024-25,28,29,Torino FC,Torino FC,1988,2319,0,0,4,7,4,7,0,0,0.181,0.272,0.181,0.272,0,0.091,0.091,Improvement,889,2623
371149,Evan Ndicka,Defender,Centre-Back,Cote d'Ivoire,2022-23,2023-24,23,24,Eintracht Frankfurt,Associazione Sportiva Roma,2693,2169,1,0,0,3,1,3,0.033,0,0,0.124,0.033,0.124,-0.033,0.124,0.091,Improvement,890,2622
280575,Elvis Rexhbecaj,Midfield,Central Midfield,Kosovo,2022-23,2023-24,25,26,FC Augsburg,FC Augsburg,2536,1995,0,2,0,0,0,2,0,0.09,0,0,0,0.09,0.09,0,0.09,Improvement,891,2621
206225,Isaac Hayden,Midfield,Defensive Midfield,Jamaica,2020-21,2021-22,26,27,Newcastle United,Newcastle United,1944,1001,0,1,0,0,0,1,0,0.09,0,0,0,0.09,0.09,0,0.09,Improvement,891,2621
349856,Son,Defender,Right-Back,Spain,2020-21,2021-22,27,28,Levante UD,Levante UD,1092,1989,0,1,0,1,0,2,0,0.045,0,0.045,0,0.09,0.045,0.045,0.09,Improvement,892,2620
671915,Enzo Barrenechea,Midfield,Defensive Midfield,Argentina,2023-24,2024-25,23,24,Frosinone Calcio,Valencia CF,2817,2206,0,1,1,2,1,3,0,0.041,0.032,0.082,0.032,0.122,0.041,0.05,0.09,Improvement,893,2619
289255,Andoni Gorosabel,Defender,Right-Back,Spain,2023-24,2024-25,27,28,Deportivo Alavés,Athletic Bilbao,2869,1490,1,0,0,2,1,2,0.031,0,0,0.121,0.031,0.121,-0.031,0.121,0.09,Improvement,894,2618
417346,Jack Harrison,Attack,Left Winger,England,2021-22,2022-23,25,26,Leeds United,Leeds United,2647,2727,8,5,1,7,9,12,0.272,0.165,0.034,0.231,0.306,0.396,-0.107,0.197,0.09,Improvement,895,2617
578392,Maximilian Beier,Attack,Centre-Forward,Germany,2023-24,2024-25,21,22,TSG 1899 Hoffenheim,Borussia Dortmund,2435,1590,16,8,3,6,19,14,0.591,0.453,0.111,0.34,0.702,0.792,-0.138,0.229,0.09,Improvement,896,2616
197838,Jamie Vardy,Attack,Centre-Forward,England,2020-21,2021-22,34,35,Leicester City,Leicester City,2844,1805,15,15,9,2,24,17,0.475,0.748,0.285,0.1,0.759,0.848,0.273,-0.185,0.089,Improvement,897,2615
324811,Arnaud Nordin,Attack,Right Winger,France,2021-22,2022-23,24,25,AS Saint-Étienne,Montpellier HSC,1876,2420,4,9,5,5,9,14,0.192,0.335,0.24,0.186,0.432,0.521,0.143,-0.054,0.089,Improvement,898,2614
490384,Koni De Winter,Defender,Centre-Back,Belgium,2023-24,2024-25,22,23,Genoa CFC,Genoa CFC,2380,2133,0,3,1,0,1,3,0,0.127,0.038,0,0.038,0.127,0.127,-0.038,0.089,Improvement,899,2613
294057,James Maddison,Midfield,Attacking Midfield,England,2020-21,2021-22,24,25,Leicester City,Leicester City,2105,2467,8,12,7,8,15,20,0.342,0.438,0.299,0.292,0.641,0.73,0.096,-0.007,0.089,Improvement,900,2612
199733,Danilo Cataldi,Midfield,Defensive Midfield,Italy,2023-24,2024-25,29,30,Società Sportiva Lazio S.p.A.,ACF Fiorentina,1360,1740,1,3,0,0,1,3,0.066,0.155,0,0,0.066,0.155,0.089,0,0.089,Improvement,901,2611
353403,Samuel Moutoussamy,Midfield,Central Midfield,DR Congo,2022-23,2023-24,26,27,FC Nantes,FC Nantes,2400,1100,0,1,2,1,2,2,0,0.082,0.075,0.082,0.075,0.164,0.082,0.007,0.089,Improvement,902,2610
293194,Borna Sosa,Defender,Left-Back,Croatia,2021-22,2022-23,24,25,VfB Stuttgart,VfB Stuttgart,2500,1959,1,2,8,7,9,9,0.036,0.092,0.288,0.322,0.324,0.413,0.056,0.034,0.089,Improvement,903,2609
470794,Ivan Ilić,Midfield,Central Midfield,Serbia,2021-22,2022-23,21,22,Hellas Verona,"Hellas Verona, Torino FC",2537,2033,1,2,4,4,5,6,0.035,0.089,0.142,0.177,0.177,0.266,0.054,0.035,0.089,Improvement,904,2608
291417,Ferland Mendy,Defender,Left-Back,France,2023-24,2024-25,29,30,Real Madrid,Real Madrid,1726,1007,0,0,0,1,0,1,0,0,0,0.089,0,0.089,0,0.089,0.089,Improvement,905,2607
15956,Jesús Navas,Midfield,Right Midfield,Spain,2022-23,2023-24,37,38,Sevilla FC,Sevilla FC,1980,2013,0,0,0,2,0,2,0,0,0,0.089,0,0.089,0,0.089,0.089,Improvement,905,2607
206040,Raúl Jiménez,Attack,Centre-Forward,Mexico,2023-24,2024-25,33,34,Fulham FC,Fulham FC,1402,2507,7,12,0,3,7,15,0.449,0.431,0,0.108,0.449,0.538,-0.018,0.108,0.089,Improvement,906,2606
126664,Lucas Digne,Defender,Left-Back,France,2022-23,2023-24,29,30,Aston Villa,Aston Villa,1500,2413,1,1,0,3,1,4,0.06,0.037,0,0.112,0.06,0.149,-0.023,0.112,0.089,Improvement,907,2605
242631,Alex Iwobi,Attack,Left Winger,Nigeria,2021-22,2022-23,26,27,Everton FC,Everton FC,2035,3382,2,2,2,8,4,10,0.088,0.053,0.088,0.213,0.177,0.266,-0.035,0.125,0.089,Improvement,908,2604
450936,Tanguy Ndombélé,Midfield,Central Midfield,France,2020-21,2021-22,24,25,Tottenham Hotspur,"Olympique Lyon, Tottenham Hotspur",2106,1190,3,1,2,3,5,4,0.128,0.076,0.085,0.227,0.214,0.303,-0.052,0.142,0.089,Improvement,909,2603
346314,Trevoh Chalobah,Defender,Centre-Back,England,2020-21,2021-22,21,22,FC Lorient,Chelsea FC,2239,1448,2,3,2,1,4,4,0.08,0.186,0.08,0.062,0.161,0.249,0.106,-0.018,0.088,Improvement,910,2602
163639,Federico Ceccherini,Defender,Centre-Back,Italy,2021-22,2022-23,30,31,Hellas Verona,Hellas Verona,2367,1425,1,2,0,0,1,2,0.038,0.126,0,0,0.038,0.126,0.088,0,0.088,Improvement,911,2601
348623,Mason Holgate,Defender,Centre-Back,Jamaica,2020-21,2021-22,24,25,Everton FC,Everton FC,2289,2134,1,2,0,1,1,3,0.039,0.084,0,0.042,0.039,0.127,0.045,0.042,0.088,Improvement,912,2600
250845,José María Giménez,Defender,Centre-Back,Uruguay,2020-21,2021-22,26,27,Atlético de Madrid,Atlético de Madrid,1766,2046,0,1,0,1,0,2,0,0.044,0,0.044,0,0.088,0.044,0.044,0.088,Improvement,913,2599
485965,Nicolas Cozza,Defender,Centre-Back,France,2023-24,2024-25,25,26,"FC Nantes, VfL Wolfsburg",FC Nantes,1173,2051,0,1,0,1,0,2,0,0.044,0,0.044,0,0.088,0.044,0.044,0.088,Improvement,913,2599
375137,Ismail Jakobs,Defender,Left-Back,Senegal,2021-22,2022-23,22,23,AS Monaco,AS Monaco,1190,1100,0,0,1,2,1,2,0,0,0.076,0.164,0.076,0.164,0,0.088,0.088,Improvement,914,2598
745181,Soungoutou Magassa,Midfield,Defensive Midfield,France,2023-24,2024-25,20,21,AS Monaco,AS Monaco,1343,1022,0,0,0,1,0,1,0,0,0,0.088,0,0.088,0,0.088,0.088,Improvement,914,2598
314353,Trent Alexander-Arnold,Defender,Right-Back,England,2023-24,2024-25,25,26,Liverpool FC,Liverpool FC,2163,2377,3,3,4,7,7,10,0.125,0.114,0.166,0.265,0.291,0.379,-0.011,0.099,0.088,Improvement,915,2597
607034,Akor Adams,Attack,Centre-Forward,Nigeria,2023-24,2024-25,24,25,Montpellier HSC,"Montpellier HSC, Sevilla FC",2264,1210,8,3,1,3,9,6,0.318,0.223,0.04,0.223,0.358,0.446,-0.095,0.183,0.088,Improvement,916,2596
648195,Enzo Fernández,Midfield,Central Midfield,Argentina,2022-23,2023-24,22,23,Chelsea FC,Chelsea FC,1551,2215,0,3,2,2,2,5,0,0.122,0.116,0.081,0.116,0.203,0.122,-0.035,0.087,Improvement,917,2595
284884,Óscar Rodríguez,Midfield,Attacking Midfield,Spain,2021-22,2022-23,24,25,"Getafe CF, Sevilla FC",Celta de Vigo,1359,1768,0,2,1,1,1,3,0,0.102,0.066,0.051,0.066,0.153,0.102,-0.015,0.087,Improvement,918,2594
298589,David García,Defender,Centre-Back,Spain,2020-21,2021-22,27,28,CA Osasuna,CA Osasuna,3150,3105,1,4,0,0,1,4,0.029,0.116,0,0,0.029,0.116,0.087,0,0.087,Improvement,919,2593
358250,Joseph Aidoo,Defender,Centre-Back,Ghana,2021-22,2022-23,26,27,Celta de Vigo,Celta de Vigo,2640,3121,0,3,0,0,0,3,0,0.087,0,0,0,0.087,0.087,0,0.087,Improvement,919,2593
346314,Trevoh Chalobah,Defender,Centre-Back,England,2023-24,2024-25,24,25,Chelsea FC,"Chelsea FC, Crystal Palace",950,1974,1,3,0,1,1,4,0.095,0.137,0,0.046,0.095,0.182,0.042,0.046,0.087,Improvement,920,2592
93604,Lukas Kübler,Defender,Right-Back,Germany,2021-22,2022-23,29,30,SC Freiburg,SC Freiburg,2338,1645,2,2,0,1,2,3,0.077,0.109,0,0.055,0.077,0.164,0.032,0.055,0.087,Improvement,921,2591
162056,Gonzalo Melero,Midfield,Central Midfield,Spain,2020-21,2021-22,27,28,Levante UD,Levante UD,1858,1707,7,7,1,2,8,9,0.339,0.369,0.048,0.105,0.388,0.475,0.03,0.057,0.087,Improvement,922,2590
389837,Nicolò Casale,Defender,Centre-Back,Italy,2023-24,2024-25,26,27,Società Sportiva Lazio S.p.A.,"Bologna Football Club 1909, Società Sportiva Lazio S.p.A.",1557,1033,0,0,0,1,0,1,0,0,0,0.087,0,0.087,0,0.087,0.087,Improvement,923,2589
65467,Vicente Iborra,Midfield,Defensive Midfield,Spain,2020-21,2021-22,33,34,Villarreal CF,Villarreal CF,928,1031,0,0,0,1,0,1,0,0,0,0.087,0,0.087,0,0.087,0.087,Improvement,923,2589
166601,Niklas Süle,Defender,Centre-Back,Germany,2020-21,2021-22,25,26,Bayern Munich,Bayern Munich,1503,1834,1,1,0,2,1,3,0.06,0.049,0,0.098,0.06,0.147,-0.011,0.098,0.087,Improvement,924,2588
95810,Kieran Trippier,Defender,Right-Back,England,2021-22,2022-23,31,32,"Atlético de Madrid, Newcastle United",Newcastle United,1409,3348,2,1,0,7,2,8,0.128,0.027,0,0.188,0.128,0.215,-0.101,0.188,0.087,Improvement,925,2587
246968,Ayoze Pérez,Attack,Centre-Forward,Spain,2022-23,2023-24,29,30,"Leicester City, Real Betis Balompié",Real Betis Balompié,1775,2307,3,9,3,1,6,10,0.152,0.351,0.152,0.039,0.304,0.39,0.199,-0.113,0.086,Improvement,926,2586
567576,Elliot Anderson,Midfield,Central Midfield,England,2023-24,2024-25,21,22,Newcastle United,Nottingham Forest,1024,2743,0,2,2,6,2,8,0,0.066,0.176,0.197,0.176,0.262,0.066,0.021,0.086,Improvement,927,2585
192765,Ben Davies,Defender,Centre-Back,Wales,2021-22,2022-23,29,30,Tottenham Hotspur,Tottenham Hotspur,2539,2290,1,2,1,2,2,4,0.035,0.079,0.035,0.079,0.071,0.157,0.044,0.044,0.086,Improvement,928,2584
453016,Anthony Caci,Defender,Right-Back,France,2020-21,2021-22,23,24,RC Strasbourg Alsace,RC Strasbourg Alsace,2806,2394,0,1,2,3,2,4,0,0.038,0.064,0.113,0.064,0.15,0.038,0.049,0.086,Improvement,929,2583
59561,Dani Parejo,Midfield,Central Midfield,Spain,2022-23,2023-24,34,35,Villarreal CF,Villarreal CF,3289,2586,3,3,4,5,7,8,0.082,0.104,0.109,0.174,0.192,0.278,0.022,0.065,0.086,Improvement,930,2582
103565,Wahbi Khazri,Attack,Left Winger,Tunisia,2023-24,2024-25,33,34,Montpellier HSC,Montpellier HSC,1131,1082,1,1,0,1,1,2,0.08,0.083,0,0.083,0.08,0.166,0.003,0.083,0.086,Improvement,931,2581
552425,Jon Moncayola,Midfield,Central Midfield,Spain,2020-21,2021-22,23,24,CA Osasuna,CA Osasuna,2664,2924,2,2,0,3,2,5,0.068,0.062,0,0.092,0.068,0.154,-0.006,0.092,0.086,Improvement,932,2580
649016,El Bilal Touré,Attack,Left Winger,Mali,2020-21,2021-22,19,20,Stade Reims,Stade Reims,1236,1200,4,2,1,4,5,6,0.291,0.15,0.073,0.3,0.364,0.45,-0.141,0.227,0.086,Improvement,933,2579
128223,Álvaro Morata,Attack,Centre-Forward,Spain,2021-22,2022-23,29,30,Juventus FC,Atlético de Madrid,2312,1906,9,13,7,2,16,15,0.35,0.614,0.272,0.094,0.623,0.708,0.264,-0.178,0.085,Improvement,934,2578
640428,Eduardo Camavinga,Midfield,Central Midfield,France,2020-21,2021-22,18,19,Stade Rennais FC,"Real Madrid, Stade Rennais FC",2412,1371,1,2,2,1,3,3,0.037,0.131,0.075,0.066,0.112,0.197,0.094,-0.009,0.085,Improvement,935,2577
310458,Giangiacomo Magnani,Defender,Centre-Back,Italy,2023-24,2024-25,28,29,Hellas Verona,Hellas Verona,2441,1060,0,1,0,0,0,1,0,0.085,0,0,0,0.085,0.085,0,0.085,Improvement,936,2576
252677,José Luis Morales,Attack,Centre-Forward,Spain,2022-23,2023-24,35,36,Villarreal CF,Villarreal CF,1204,1036,7,7,0,0,7,7,0.523,0.608,0,0,0.523,0.608,0.085,0,0.085,Improvement,936,2576
314398,Jae-sung Lee,Midfield,Attacking Midfield,"Korea, South",2021-22,2022-23,29,30,1.FSV Mainz 05,1.FSV Mainz 05,1449,1904,4,7,3,4,7,11,0.248,0.331,0.186,0.189,0.435,0.52,0.083,0.003,0.085,Improvement,937,2575
575998,Leonardo Balerdi,Defender,Centre-Back,Argentina,2022-23,2023-24,24,25,Olympique Marseille,Olympique Marseille,2642,2275,0,2,1,1,1,3,0,0.079,0.034,0.04,0.034,0.119,0.079,0.006,0.085,Improvement,938,2574
240306,Bruno Fernandes,Midfield,Attacking Midfield,Portugal,2022-23,2023-24,28,29,Manchester United,Manchester United,3320,3120,8,10,8,8,16,18,0.217,0.288,0.217,0.231,0.434,0.519,0.071,0.014,0.085,Improvement,939,2573
282411,Marcos Llorente,Defender,Right-Back,Spain,2021-22,2022-23,27,28,Atlético de Madrid,Atlético de Madrid,2456,1712,0,1,2,2,2,3,0,0.053,0.073,0.105,0.073,0.158,0.053,0.032,0.085,Improvement,940,2572
78147,Fabian Klos,Attack,Centre-Forward,Germany,2020-21,2021-22,33,34,Arminia Bielefeld,Arminia Bielefeld,2724,1423,5,3,2,2,7,5,0.165,0.19,0.066,0.126,0.231,0.316,0.025,0.06,0.085,Improvement,941,2571
85791,Stefan Lainer,Defender,Right-Back,Austria,2020-21,2021-22,28,29,Borussia Mönchengladbach,Borussia Mönchengladbach,2773,1459,2,1,3,3,5,4,0.065,0.062,0.097,0.185,0.162,0.247,-0.003,0.088,0.085,Improvement,942,2570
453016,Anthony Caci,Defender,Right-Back,France,2023-24,2024-25,26,27,1.FSV Mainz 05,1.FSV Mainz 05,2493,2705,2,1,3,7,5,8,0.072,0.033,0.108,0.233,0.181,0.266,-0.039,0.125,0.085,Improvement,943,2569
390688,Juan Iglesias,Defender,Right-Back,Spain,2022-23,2023-24,24,25,Getafe CF,Getafe CF,2143,1416,1,0,0,2,1,2,0.042,0,0,0.127,0.042,0.127,-0.042,0.127,0.085,Improvement,944,2568
340324,Eddie Nketiah,Attack,Centre-Forward,England,2022-23,2023-24,24,25,Arsenal FC,Arsenal FC,1071,1072,4,5,2,2,6,7,0.336,0.42,0.168,0.168,0.504,0.588,0.084,0,0.084,Improvement,945,2567
46001,Moussa Sissoko,Midfield,Central Midfield,France,2020-21,2021-22,31,32,Tottenham Hotspur,Watford FC,1577,3221,0,2,0,1,0,3,0,0.056,0,0.028,0,0.084,0.056,0.028,0.084,Improvement,946,2566
503680,Neco Williams,Defender,Left-Back,Wales,2023-24,2024-25,23,24,Nottingham Forest,Nottingham Forest,1634,2592,0,1,1,3,1,4,0,0.035,0.055,0.104,0.055,0.139,0.035,0.049,0.084,Improvement,947,2565
449796,Alejandro Catena,Defender,Centre-Back,Spain,2022-23,2023-24,28,29,Rayo Vallecano,CA Osasuna,3106,2536,1,1,1,3,2,4,0.029,0.035,0.029,0.106,0.058,0.142,0.006,0.077,0.084,Improvement,948,2564
157507,Adrien Tamèze,Midfield,Defensive Midfield,France,2022-23,2023-24,29,30,Hellas Verona,Torino FC,3039,2152,0,0,0,2,0,2,0,0,0,0.084,0,0.084,0,0.084,0.084,Improvement,949,2563
106405,Jeffrey Gouweleeuw,Defender,Centre-Back,Netherlands,2023-24,2024-25,32,33,FC Augsburg,FC Augsburg,2594,2945,1,1,1,4,2,5,0.035,0.031,0.035,0.122,0.069,0.153,-0.004,0.087,0.084,Improvement,950,2562
398065,Harvey Barnes,Attack,Left Winger,England,2020-21,2021-22,23,24,Leicester City,Leicester City,1950,2105,9,6,4,10,13,16,0.415,0.257,0.185,0.428,0.6,0.684,-0.158,0.243,0.084,Improvement,951,2561
346707,Sean Longstaff,Midfield,Central Midfield,England,2022-23,2023-24,25,26,Newcastle United,Newcastle United,2516,2747,1,6,4,2,5,8,0.036,0.197,0.143,0.066,0.179,0.262,0.161,-0.077,0.083,Improvement,952,2560
204047,Matus Bero,Midfield,Central Midfield,Slovakia,2023-24,2024-25,28,29,VfL Bochum,VfL Bochum,1669,2570,1,5,2,2,3,7,0.054,0.175,0.108,0.07,0.162,0.245,0.121,-0.038,0.083,Improvement,953,2559
52059,Zanka,Defender,Centre-Back,Denmark,2022-23,2023-24,33,34,Brentford FC,Brentford FC,1099,1087,0,1,0,0,0,1,0,0.083,0,0,0,0.083,0.083,0,0.083,Improvement,954,2558
165895,Matteo Politano,Attack,Right Winger,Italy,2021-22,2022-23,28,29,SSC Napoli,SSC Napoli,1655,1165,3,3,4,3,7,6,0.163,0.232,0.218,0.232,0.381,0.464,0.069,0.014,0.083,Improvement,955,2557
198116,Federico Dimarco,Defender,Left-Back,Italy,2022-23,2023-24,25,26,Inter Milan,Inter Milan,2085,2104,4,5,5,6,9,11,0.173,0.214,0.216,0.257,0.388,0.471,0.041,0.041,0.083,Improvement,956,2556
735568,Natan,Defender,Centre-Back,Brazil,2023-24,2024-25,23,24,SSC Napoli,Real Betis Balompié,955,2171,0,1,0,1,0,2,0,0.041,0,0.041,0,0.083,0.041,0.041,0.083,Improvement,956,2556
367466,Thierry Correia,Defender,Right-Back,Portugal,2022-23,2023-24,24,25,Valencia CF,Valencia CF,2016,2160,0,0,0,2,0,2,0,0,0,0.083,0,0.083,0,0.083,0.083,Improvement,957,2555
185077,Vincenzo Grifo,Attack,Left Winger,Italy,2023-24,2024-25,31,32,SC Freiburg,SC Freiburg,2345,2455,8,8,8,11,16,19,0.307,0.293,0.307,0.403,0.614,0.697,-0.014,0.096,0.083,Improvement,958,2554
314398,Jae-sung Lee,Midfield,Attacking Midfield,"Korea, South",2023-24,2024-25,31,32,1.FSV Mainz 05,1.FSV Mainz 05,2128,2666,6,7,4,8,10,15,0.254,0.236,0.169,0.27,0.423,0.506,-0.018,0.101,0.083,Improvement,959,2553
585959,Arnaud Kalimuendo,Attack,Centre-Forward,France,2021-22,2022-23,20,21,"Paris Saint-Germain, RC Lens",Stade Rennais FC,2174,1863,12,7,0,5,12,12,0.497,0.338,0,0.242,0.497,0.58,-0.159,0.242,0.083,Improvement,960,2552
470607,Brennan Johnson,Attack,Right Winger,Wales,2023-24,2024-25,23,24,"Nottingham Forest, Tottenham Hotspur",Tottenham Hotspur,2333,2179,5,11,10,5,15,16,0.193,0.454,0.386,0.207,0.579,0.661,0.261,-0.179,0.082,Improvement,961,2551
184892,Florian Thauvin,Attack,Right Winger,France,2023-24,2024-25,31,32,Udinese Calcio,Udinese Calcio,1715,1972,5,8,3,3,8,11,0.262,0.365,0.157,0.137,0.42,0.502,0.103,-0.02,0.082,Improvement,962,2550
223974,Stefan Posch,Defender,Centre-Back,Austria,2020-21,2021-22,24,25,TSG 1899 Hoffenheim,TSG 1899 Hoffenheim,2123,2202,0,2,0,0,0,2,0,0.082,0,0,0,0.082,0.082,0,0.082,Improvement,963,2549
380598,Santi Comesaña,Midfield,Central Midfield,Spain,2021-22,2022-23,25,26,Rayo Vallecano,Rayo Vallecano,2696,2471,1,3,2,2,3,5,0.033,0.109,0.067,0.073,0.1,0.182,0.076,0.006,0.082,Improvement,964,2548
315145,Azor Matusiwa,Midfield,Defensive Midfield,Netherlands,2022-23,2023-24,25,26,Stade Reims,"Stade Reims, Stade Rennais FC",2493,2183,0,1,0,1,0,2,0,0.041,0,0.041,0,0.082,0.041,0.041,0.082,Improvement,965,2547
156990,Marco Friedl,Defender,Centre-Back,Austria,2022-23,2023-24,25,26,SV Werder Bremen,SV Werder Bremen,2597,2198,0,1,0,1,0,2,0,0.041,0,0.041,0,0.082,0.041,0.041,0.082,Improvement,965,2547
191891,Arkadiusz Milik,Attack,Centre-Forward,Poland,2022-23,2023-24,29,30,"Juventus FC, Olympique Marseille",Juventus FC,1721,900,7,4,1,1,8,5,0.366,0.4,0.052,0.1,0.418,0.5,0.034,0.048,0.082,Improvement,966,2546
424784,Luis Suárez,Attack,Centre-Forward,Colombia,2020-21,2021-22,23,24,Granada CF,Granada CF,1519,2855,4,8,1,4,5,12,0.237,0.252,0.059,0.126,0.296,0.378,0.015,0.067,0.082,Improvement,967,2545
197473,Alberto Grassi,Midfield,Defensive Midfield,Italy,2020-21,2021-22,26,27,Parma Calcio 1913,Cagliari Calcio,1178,2183,0,0,0,2,0,2,0,0,0,0.082,0,0.082,0,0.082,0.082,Improvement,968,2544
126422,Allan,Midfield,Defensive Midfield,Brazil,2020-21,2021-22,30,31,Everton FC,Everton FC,2052,2187,0,0,0,2,0,2,0,0,0,0.082,0,0.082,0,0.082,0.082,Improvement,968,2544
55769,Danilo D'Ambrosio,Defender,Centre-Back,Italy,2023-24,2024-25,35,36,AC Monza,AC Monza,1536,1095,0,0,0,1,0,1,0,0,0,0.082,0,0.082,0,0.082,0.082,Improvement,968,2544
569384,Lucien Agoumé,Midfield,Defensive Midfield,France,2021-22,2022-23,20,21,Stade Brestois 29,ESTAC Troyes,1872,1098,0,0,0,1,0,1,0,0,0,0.082,0,0.082,0,0.082,0.082,Improvement,968,2544
354814,M'Bala Nzola,Attack,Centre-Forward,Angola,2023-24,2024-25,27,28,ACF Fiorentina,RC Lens,1546,1465,3,6,3,1,6,7,0.175,0.369,0.175,0.061,0.349,0.43,0.194,-0.114,0.081,Improvement,969,2543
581678,Jude Bellingham,Midfield,Attacking Midfield,England,2021-22,2022-23,19,20,Borussia Dortmund,Borussia Dortmund,2795,2692,3,8,8,5,11,13,0.097,0.267,0.258,0.167,0.354,0.435,0.17,-0.091,0.081,Improvement,970,2542
401530,Éder Militão,Defender,Centre-Back,Brazil,2021-22,2022-23,24,25,Real Madrid,Real Madrid,3033,2704,1,5,3,1,4,6,0.03,0.166,0.089,0.033,0.119,0.2,0.136,-0.056,0.081,Improvement,971,2541
300168,Mikel Vesga,Midfield,Defensive Midfield,Spain,2020-21,2021-22,28,29,Athletic Bilbao,Athletic Bilbao,1720,1357,0,2,1,0,1,2,0,0.133,0.052,0,0.052,0.133,0.133,-0.052,0.081,Improvement,972,2540
80293,Aïssa Mandi,Defender,Centre-Back,Algeria,2022-23,2023-24,31,32,Villarreal CF,Villarreal CF,1459,1114,0,1,0,0,0,1,0,0.081,0,0,0,0.081,0.081,0,0.081,Improvement,973,2539
451801,Abdul Mumin,Defender,Centre-Back,Ghana,2023-24,2024-25,26,27,Rayo Vallecano,Rayo Vallecano,1695,2020,1,2,0,1,1,3,0.053,0.089,0,0.045,0.053,0.134,0.036,0.045,0.081,Improvement,974,2538
351843,Yoann Salmier,Defender,Centre-Back,French Guiana,2022-23,2023-24,30,31,ESTAC Troyes,Le Havre AC,2650,1569,1,1,0,1,1,2,0.034,0.057,0,0.057,0.034,0.115,0.023,0.057,0.081,Improvement,975,2537
25488,Antonio Candreva,Midfield,Right Midfield,Italy,2020-21,2021-22,34,35,UC Sampdoria,UC Sampdoria,2514,3132,5,7,8,12,13,19,0.179,0.201,0.286,0.345,0.465,0.546,0.022,0.059,0.081,Improvement,976,2536
285323,Baptiste Santamaria,Midfield,Defensive Midfield,France,2023-24,2024-25,29,30,Stade Rennais FC,"OGC Nice, Stade Rennais FC",1931,1411,0,0,1,2,1,2,0,0,0.047,0.128,0.047,0.128,0,0.081,0.081,Improvement,977,2535
238639,Steve Mounié,Attack,Centre-Forward,Benin,2022-23,2023-24,28,29,Stade Brestois 29,Stade Brestois 29,1662,1772,6,6,0,2,6,8,0.325,0.305,0,0.102,0.325,0.406,-0.02,0.102,0.081,Improvement,978,2534
192009,Unai López,Midfield,Central Midfield,Spain,2023-24,2024-25,28,29,Rayo Vallecano,Rayo Vallecano,2088,1719,1,3,2,1,3,4,0.043,0.157,0.086,0.052,0.129,0.209,0.114,-0.034,0.08,Improvement,979,2533
485706,Amadou Onana,Midfield,Defensive Midfield,Belgium,2023-24,2024-25,22,23,Everton FC,Aston Villa,2090,1624,2,3,0,0,2,3,0.086,0.166,0,0,0.086,0.166,0.08,0,0.08,Improvement,980,2532
74810,Ben Mee,Defender,Centre-Back,England,2020-21,2021-22,31,32,Burnley FC,Burnley FC,2694,1840,2,3,0,0,2,3,0.067,0.147,0,0,0.067,0.147,0.08,0,0.08,Improvement,980,2532
128901,Conor Coady,Defender,Centre-Back,England,2020-21,2021-22,28,29,Wolverhampton Wanderers,Wolverhampton Wanderers,3304,3363,1,4,0,0,1,4,0.027,0.107,0,0,0.027,0.107,0.08,0,0.08,Improvement,980,2532
476344,Emerson Royal,Defender,Right-Back,Brazil,2021-22,2022-23,23,24,"FC Barcelona, Tottenham Hotspur",Tottenham Hotspur,2379,1736,1,2,1,1,2,3,0.038,0.104,0.038,0.052,0.076,0.156,0.066,0.014,0.08,Improvement,981,2531
246291,Diego Llorente,Defender,Centre-Back,Spain,2022-23,2023-24,29,30,"Associazione Sportiva Roma, Leeds United",Associazione Sportiva Roma,1222,2246,0,1,0,1,0,2,0,0.04,0,0.04,0,0.08,0.04,0.04,0.08,Improvement,982,2530
358166,Eldor Shomurodov,Attack,Centre-Forward,Uzbekistan,2023-24,2024-25,29,30,Cagliari Calcio,Associazione Sportiva Roma,933,1093,3,4,3,4,6,8,0.289,0.329,0.289,0.329,0.579,0.659,0.04,0.04,0.08,Improvement,982,2530
411975,Jules Koundé,Defender,Right-Back,France,2023-24,2024-25,25,26,FC Barcelona,FC Barcelona,2899,2606,1,2,2,3,3,5,0.031,0.069,0.062,0.104,0.093,0.173,0.038,0.042,0.08,Improvement,983,2529
385105,Gabriel Suazo,Defender,Left-Back,Chile,2022-23,2023-24,25,26,FC Toulouse,FC Toulouse,1258,2362,0,0,1,4,1,4,0,0,0.072,0.152,0.072,0.152,0,0.08,0.08,Improvement,984,2528
243028,Jan Bednarek,Defender,Centre-Back,Poland,2020-21,2021-22,25,26,Southampton FC,Southampton FC,3101,2631,1,4,1,0,2,4,0.029,0.137,0.029,0,0.058,0.137,0.108,-0.029,0.079,Improvement,985,2527
158863,Iñigo Martínez,Defender,Centre-Back,Spain,2020-21,2021-22,30,31,Athletic Bilbao,Athletic Bilbao,2520,2344,1,3,0,0,1,3,0.036,0.115,0,0,0.036,0.115,0.079,0,0.079,Improvement,986,2526
257455,João Palhinha,Midfield,Defensive Midfield,Portugal,2022-23,2023-24,27,28,Fulham FC,Fulham FC,3113,2709,3,4,0,1,3,5,0.087,0.133,0,0.033,0.087,0.166,0.046,0.033,0.079,Improvement,987,2525
31909,Toni Kroos,Midfield,Central Midfield,Germany,2021-22,2022-23,32,33,Real Madrid,Real Madrid,2107,2164,1,2,3,4,4,6,0.043,0.083,0.128,0.166,0.171,0.25,0.04,0.038,0.079,Improvement,988,2524
196948,Andreas Christensen,Defender,Centre-Back,Denmark,2022-23,2023-24,27,28,FC Barcelona,FC Barcelona,1764,1991,1,2,1,2,2,4,0.051,0.09,0.051,0.09,0.102,0.181,0.039,0.039,0.079,Improvement,989,2523
410708,Pascal Struijk,Defender,Centre-Back,Netherlands,2021-22,2022-23,22,23,Leeds United,Leeds United,2051,2203,1,2,0,1,1,3,0.044,0.082,0,0.041,0.044,0.123,0.038,0.041,0.079,Improvement,990,2522
666234,Mohamed Simakan,Defender,Centre-Back,France,2021-22,2022-23,22,23,RB Leipzig,RB Leipzig,2009,1457,1,1,0,1,1,2,0.045,0.062,0,0.062,0.045,0.124,0.017,0.062,0.079,Improvement,991,2521
322655,Flavius Daniliuc,Defender,Centre-Back,Austria,2021-22,2022-23,21,22,OGC Nice,"OGC Nice, US Salernitana 1919",1288,2287,0,0,0,2,0,2,0,0,0,0.079,0,0.079,0,0.079,0.079,Improvement,992,2520
470794,Ivan Ilić,Midfield,Central Midfield,Serbia,2020-21,2021-22,20,21,Hellas Verona,Hellas Verona,1833,2537,2,1,0,4,2,5,0.098,0.035,0,0.142,0.098,0.177,-0.063,0.142,0.079,Improvement,993,2519
290249,Mauro Arambarri,Midfield,Central Midfield,Uruguay,2020-21,2021-22,25,26,Getafe CF,Getafe CF,2990,2667,3,0,0,5,3,5,0.09,0,0,0.169,0.09,0.169,-0.09,0.169,0.079,Improvement,994,2518
429983,Jørgen Strand Larsen,Attack,Centre-Forward,Norway,2022-23,2023-24,23,24,Celta de Vigo,Celta de Vigo,1709,2888,4,13,4,3,8,16,0.211,0.405,0.211,0.093,0.421,0.499,0.194,-0.118,0.078,Improvement,995,2517
355816,Ko Itakura,Defender,Centre-Back,Japan,2022-23,2023-24,26,27,Borussia Mönchengladbach,Borussia Mönchengladbach,1982,1599,0,3,2,0,2,3,0,0.169,0.091,0,0.091,0.169,0.169,-0.091,0.078,Improvement,996,2516
237164,Ihlas Bebou,Attack,Centre-Forward,Togo,2021-22,2022-23,28,29,TSG 1899 Hoffenheim,TSG 1899 Hoffenheim,2108,1425,7,7,3,1,10,8,0.299,0.442,0.128,0.063,0.427,0.505,0.143,-0.065,0.078,Improvement,997,2515
405885,Giacomo Raspadori,Attack,Second Striker,Italy,2022-23,2023-24,23,24,"SSC Napoli, US Sassuolo",SSC Napoli,947,1571,2,5,2,3,4,8,0.19,0.286,0.19,0.172,0.38,0.458,0.096,-0.018,0.078,Improvement,998,2514
623521,Juanmi Latasa,Attack,Centre-Forward,Spain,2023-24,2024-25,23,24,Getafe CF,Real Valladolid CF,1553,1391,2,3,0,0,2,3,0.116,0.194,0,0,0.116,0.194,0.078,0,0.078,Improvement,999,2513
730893,Tyrick Mitchell,Defender,Left-Back,England,2022-23,2023-24,23,24,Crystal Palace,Crystal Palace,2896,3210,0,2,2,3,2,5,0,0.056,0.062,0.084,0.062,0.14,0.056,0.022,0.078,Improvement,1000,2512
842341,Maxime Estève,Defender,Centre-Back,France,2022-23,2023-24,21,22,Montpellier HSC,"Burnley FC, Montpellier HSC",1644,2310,0,1,0,1,0,2,0,0.039,0,0.039,0,0.078,0.039,0.039,0.078,Improvement,1001,2511
340950,Diogo Jota,Attack,Left Winger,Portugal,2021-22,2022-23,25,26,Liverpool FC,Liverpool FC,2374,1133,15,7,6,4,21,11,0.569,0.556,0.227,0.318,0.796,0.874,-0.013,0.091,0.078,Improvement,1002,2510
442891,Martin Terrier,Attack,Left Winger,France,2021-22,2022-23,25,26,Stade Rennais FC,Stade Rennais FC,2807,1329,21,9,4,4,25,13,0.673,0.609,0.128,0.271,0.802,0.88,-0.064,0.143,0.078,Improvement,1003,2509
60410,Marcos Acuña,Defender,Left-Back,Argentina,2021-22,2022-23,30,31,Sevilla FC,Sevilla FC,2264,1910,1,3,3,2,4,5,0.04,0.141,0.119,0.094,0.159,0.236,0.101,-0.025,0.077,Improvement,1004,2508
292808,Wout Faes,Defender,Centre-Back,Belgium,2020-21,2021-22,23,24,Stade Reims,Stade Reims,2901,3330,1,4,0,0,1,4,0.031,0.108,0,0,0.031,0.108,0.077,0,0.077,Improvement,1005,2507
211251,Darwin Machís,Attack,Left Winger,Venezuela,2020-21,2021-22,28,29,Granada CF,Granada CF,1899,1382,4,4,4,3,8,7,0.19,0.26,0.19,0.195,0.379,0.456,0.07,0.005,0.077,Improvement,1006,2506
255488,Yeray Álvarez,Defender,Centre-Back,Spain,2021-22,2022-23,27,28,Athletic Bilbao,Athletic Bilbao,1859,2337,0,1,0,1,0,2,0,0.039,0,0.039,0,0.077,0.039,0.039,0.077,Improvement,1007,2505
48859,Simon Kjær,Defender,Centre-Back,Denmark,2022-23,2023-24,34,35,AC Milan,AC Milan,1007,1171,0,0,0,1,0,1,0,0,0,0.077,0,0.077,0,0.077,0.077,Improvement,1008,2504
70411,Darko Lazović,Midfield,Left Midfield,Serbia,2023-24,2024-25,33,34,Hellas Verona,Hellas Verona,1945,1463,3,2,2,3,5,5,0.139,0.123,0.093,0.185,0.231,0.308,-0.016,0.092,0.077,Improvement,1009,2503
300168,Mikel Vesga,Midfield,Defensive Midfield,Spain,2021-22,2022-23,29,30,Athletic Bilbao,Athletic Bilbao,1357,2574,2,3,0,3,2,6,0.133,0.105,0,0.105,0.133,0.21,-0.028,0.105,0.077,Improvement,1010,2502
206912,Jimmy Cabot,Midfield,Right Midfield,France,2020-21,2021-22,27,28,Angers SCO,Angers SCO,940,2012,1,0,1,6,2,6,0.096,0,0.096,0.268,0.191,0.268,-0.096,0.172,0.077,Improvement,1011,2501
535955,Nuno Tavares,Defender,Left-Back,Portugal,2021-22,2022-23,22,23,Arsenal FC,Olympique Marseille,1171,2350,1,6,1,0,2,6,0.077,0.23,0.077,0,0.154,0.23,0.153,-0.077,0.076,Improvement,1012,2500
534033,Alexis Mac Allister,Midfield,Central Midfield,Argentina,2021-22,2022-23,23,24,Brighton & Hove Albion,Brighton & Hove Albion,2115,2886,5,10,2,2,7,12,0.213,0.312,0.085,0.062,0.298,0.374,0.099,-0.023,0.076,Improvement,1013,2499
593482,Azzedine Ounahi,Midfield,Central Midfield,Morocco,2022-23,2023-24,23,24,"Angers SCO, Olympique Marseille",Olympique Marseille,1249,1214,1,2,0,0,1,2,0.072,0.148,0,0,0.072,0.148,0.076,0,0.076,Improvement,1014,2498
449151,Junior Messias,Attack,Right Winger,Brazil,2020-21,2021-22,30,31,FC Crotone,AC Milan,3218,1431,9,5,4,2,13,7,0.252,0.314,0.112,0.126,0.364,0.44,0.062,0.014,0.076,Improvement,1015,2497
265088,Manuel Locatelli,Midfield,Defensive Midfield,Italy,2022-23,2023-24,25,26,Juventus FC,Juventus FC,2458,3011,0,1,2,4,2,5,0,0.03,0.073,0.12,0.073,0.149,0.03,0.047,0.076,Improvement,1016,2496
262523,Davide Calabria,Defender,Right-Back,Italy,2020-21,2021-22,24,25,AC Milan,AC Milan,2653,2124,2,2,2,3,4,5,0.068,0.085,0.068,0.127,0.136,0.212,0.017,0.059,0.076,Improvement,1017,2495
342385,Guido Rodríguez,Midfield,Defensive Midfield,Argentina,2020-21,2021-22,27,28,Real Betis Balompié,Real Betis Balompié,2870,2533,1,1,0,2,1,3,0.031,0.036,0,0.071,0.031,0.107,0.005,0.071,0.076,Improvement,1018,2494
121686,Cristian Gamboa,Defender,Right-Back,Costa Rica,2022-23,2023-24,33,34,VfL Bochum,VfL Bochum,1482,1187,0,0,0,1,0,1,0,0,0,0.076,0,0.076,0,0.076,0.076,Improvement,1019,2493
371149,Evan Ndicka,Defender,Centre-Back,Cote d'Ivoire,2020-21,2021-22,21,22,Eintracht Frankfurt,Eintracht Frankfurt,2045,2858,3,4,1,4,4,8,0.132,0.126,0.044,0.126,0.176,0.252,-0.006,0.082,0.076,Improvement,1020,2492
578391,Rayan Aït-Nouri,Defender,Left-Back,Algeria,2020-21,2021-22,20,21,"Angers SCO, Wolverhampton Wanderers",Wolverhampton Wanderers,1592,1828,1,1,2,4,3,5,0.057,0.049,0.113,0.197,0.17,0.246,-0.008,0.084,0.076,Improvement,1021,2491
344864,Jean-Kévin Duverne,Defender,Centre-Back,Haiti,2020-21,2021-22,23,24,Stade Brestois 29,Stade Brestois 29,2024,3006,1,1,0,3,1,4,0.044,0.03,0,0.09,0.044,0.12,-0.014,0.09,0.076,Improvement,1022,2490
133179,Marten de Roon,Midfield,Defensive Midfield,Netherlands,2021-22,2022-23,31,32,Atalanta BC,Atalanta BC,2548,2964,3,3,0,3,3,6,0.106,0.091,0,0.091,0.106,0.182,-0.015,0.091,0.076,Improvement,1023,2489
168989,Silvan Widmer,Defender,Right-Back,Switzerland,2022-23,2023-24,30,31,1.FSV Mainz 05,1.FSV Mainz 05,1689,1245,2,1,2,3,4,4,0.107,0.072,0.107,0.217,0.213,0.289,-0.035,0.11,0.076,Improvement,1024,2488
353032,Omar Alderete,Defender,Centre-Back,Paraguay,2020-21,2021-22,24,25,Hertha BSC,Valencia CF,1299,2410,0,2,0,0,0,2,0,0.075,0,0,0,0.075,0.075,0,0.075,Improvement,1025,2487
284248,Paul Jaeckel,Defender,Centre-Back,Germany,2021-22,2022-23,23,24,1.FC Union Berlin,1.FC Union Berlin,2045,1198,0,1,0,0,0,1,0,0.075,0,0,0,0.075,0.075,0,0.075,Improvement,1025,2487
281769,Mario Hermoso,Defender,Centre-Back,Spain,2020-21,2021-22,26,27,Atlético de Madrid,Atlético de Madrid,2583,1868,1,2,1,1,2,3,0.035,0.096,0.035,0.048,0.07,0.145,0.061,0.013,0.075,Improvement,1026,2486
74842,Mario Götze,Midfield,Attacking Midfield,Germany,2023-24,2024-25,32,33,Eintracht Frankfurt,Eintracht Frankfurt,2079,1549,3,3,2,2,5,5,0.13,0.174,0.087,0.116,0.216,0.291,0.044,0.029,0.075,Improvement,1027,2485
118397,Alessandro Schöpf,Midfield,Central Midfield,Austria,2020-21,2021-22,27,28,FC Schalke 04,Arminia Bielefeld,941,2405,0,1,0,1,0,2,0,0.037,0,0.037,0,0.075,0.037,0.037,0.075,Improvement,1028,2484
215977,Adrien Thomasson,Midfield,Central Midfield,France,2021-22,2022-23,28,29,RC Strasbourg Alsace,"RC Lens, RC Strasbourg Alsace",2395,2225,8,5,4,8,12,13,0.301,0.202,0.15,0.324,0.451,0.526,-0.099,0.174,0.075,Improvement,1029,2483
626913,Boulaye Dia,Attack,Centre-Forward,Senegal,2021-22,2022-23,25,26,Villarreal CF,US Salernitana 1919,1268,2526,5,16,5,6,10,22,0.355,0.57,0.355,0.214,0.71,0.784,0.215,-0.141,0.074,Improvement,1030,2482
282429,Sergio Reguilón,Defender,Left-Back,Spain,2020-21,2021-22,24,25,Tottenham Hotspur,Tottenham Hotspur,2249,1922,0,2,4,3,4,5,0,0.094,0.16,0.14,0.16,0.234,0.094,-0.02,0.074,Improvement,1031,2481
249565,Youri Tielemans,Midfield,Central Midfield,Belgium,2020-21,2021-22,24,25,Leicester City,Leicester City,3358,2634,6,6,4,4,10,10,0.161,0.205,0.107,0.137,0.268,0.342,0.044,0.03,0.074,Improvement,1032,2480
32113,Armando Izzo,Defender,Centre-Back,Italy,2023-24,2024-25,32,33,AC Monza,AC Monza,1652,2439,0,1,0,1,0,2,0,0.037,0,0.037,0,0.074,0.037,0.037,0.074,Improvement,1033,2479
448628,Javi Galán,Defender,Left-Back,Spain,2023-24,2024-25,29,30,"Atlético de Madrid, Real Sociedad",Atlético de Madrid,1159,1781,0,0,1,3,1,3,0,0,0.078,0.152,0.078,0.152,0,0.074,0.074,Improvement,1034,2478
315779,Christian Pulisic,Attack,Right Winger,United States,2023-24,2024-25,25,26,AC Milan,AC Milan,2621,2492,12,11,9,11,21,22,0.412,0.397,0.309,0.397,0.721,0.795,-0.015,0.088,0.074,Improvement,1035,2477
225122,Gonçalo Guedes,Attack,Left Winger,Portugal,2023-24,2024-25,27,28,Villarreal CF,Wolverhampton Wanderers,951,987,3,2,2,4,5,6,0.284,0.182,0.189,0.365,0.473,0.547,-0.102,0.176,0.074,Improvement,1036,2476
576024,Julián Alvarez,Attack,Centre-Forward,Argentina,2023-24,2024-25,24,25,Manchester City,Atlético de Madrid,2659,2519,11,17,9,4,20,21,0.372,0.607,0.305,0.143,0.677,0.75,0.235,-0.162,0.073,Improvement,1037,2475
143798,Pavel Kaderabek,Midfield,Right Midfield,Czech Republic,2020-21,2021-22,29,30,TSG 1899 Hoffenheim,TSG 1899 Hoffenheim,1587,1200,0,1,4,3,4,4,0,0.075,0.227,0.225,0.227,0.3,0.075,-0.002,0.073,Improvement,1038,2474
182875,Jean-Charles Castelletto,Defender,Centre-Back,Cameroon,2022-23,2023-24,28,29,FC Nantes,FC Nantes,2569,2466,0,2,0,0,0,2,0,0.073,0,0,0,0.073,0.073,0,0.073,Improvement,1039,2473
351809,Robin Le Normand,Defender,Centre-Back,Spain,2022-23,2023-24,26,27,Real Sociedad,Real Sociedad,2795,2472,0,2,0,0,0,2,0,0.073,0,0,0,0.073,0.073,0,0.073,Improvement,1039,2473
404842,Vitaliy Mykolenko,Defender,Left-Back,Ukraine,2022-23,2023-24,24,25,Everton FC,Everton FC,2655,2471,0,2,0,0,0,2,0,0.073,0,0,0,0.073,0.073,0,0.073,Improvement,1039,2473
313094,Jordan Lotomba,Defender,Right-Back,Switzerland,2021-22,2022-23,23,24,OGC Nice,OGC Nice,1780,2456,0,0,0,2,0,2,0,0,0,0.073,0,0.073,0,0.073,0.073,Improvement,1040,2472
265088,Manuel Locatelli,Midfield,Defensive Midfield,Italy,2020-21,2021-22,23,24,US Sassuolo,Juventus FC,2885,2163,4,3,3,4,7,7,0.125,0.125,0.094,0.166,0.218,0.291,0,0.072,0.073,Improvement,1040,2472
353365,Marcus Coco,Defender,Right-Back,Guadeloupe,2020-21,2021-22,25,26,FC Nantes,FC Nantes,1472,927,0,1,2,1,2,2,0,0.097,0.122,0.097,0.122,0.194,0.097,-0.025,0.072,Improvement,1041,2471
272278,Chris Führich,Attack,Left Winger,Germany,2021-22,2022-23,24,25,VfB Stuttgart,VfB Stuttgart,1727,1891,3,5,2,2,5,7,0.156,0.238,0.104,0.095,0.261,0.333,0.082,-0.009,0.072,Improvement,1042,2470
196231,Marvin Friedrich,Defender,Centre-Back,Germany,2021-22,2022-23,26,27,"1.FC Union Berlin, Borussia Mönchengladbach",Borussia Mönchengladbach,1769,1244,0,1,0,0,0,1,0,0.072,0,0,0,0.072,0.072,0,0.072,Improvement,1043,2469
255942,Nicolò Barella,Midfield,Central Midfield,Italy,2023-24,2024-25,27,28,Inter Milan,Inter Milan,2859,2498,2,3,6,6,8,9,0.063,0.108,0.189,0.216,0.252,0.324,0.045,0.027,0.072,Improvement,1044,2468
203496,Nabil Fekir,Midfield,Attacking Midfield,France,2020-21,2021-22,27,28,Real Betis Balompié,Real Betis Balompié,2636,2810,5,6,6,8,11,14,0.171,0.192,0.205,0.256,0.376,0.448,0.021,0.051,0.072,Improvement,1045,2467
131225,Nicolás Tagliafico,Defender,Left-Back,Argentina,2023-24,2024-25,31,32,Olympique Lyon,Olympique Lyon,2127,1904,3,3,2,3,5,6,0.127,0.142,0.085,0.142,0.212,0.284,0.015,0.057,0.072,Improvement,1046,2466
413220,James Justin,Defender,Right-Back,England,2021-22,2022-23,24,25,Leicester City,Leicester City,997,1254,0,0,0,1,0,1,0,0,0,0.072,0,0.072,0,0.072,0.072,Improvement,1047,2465
87884,Mário Rui,Defender,Left-Back,Portugal,2020-21,2021-22,30,31,SSC Napoli,SSC Napoli,1667,3002,0,0,2,6,2,6,0,0,0.108,0.18,0.108,0.18,0,0.072,0.072,Improvement,1047,2465
181579,James Ward-Prowse,Midfield,Central Midfield,England,2022-23,2023-24,28,29,Southampton FC,West Ham United,3372,3004,9,7,4,7,13,14,0.24,0.21,0.107,0.21,0.347,0.419,-0.03,0.103,0.072,Improvement,1048,2464
236041,Alexis Blin,Midfield,Defensive Midfield,France,2022-23,2023-24,26,27,US Lecce,US Lecce,2381,1632,1,0,0,2,1,2,0.038,0,0,0.11,0.038,0.11,-0.038,0.11,0.072,Improvement,1049,2463
295313,Taiwo Awoniyi,Attack,Centre-Forward,Nigeria,2022-23,2023-24,25,26,Nottingham Forest,Nottingham Forest,1411,1046,10,6,1,3,11,9,0.638,0.516,0.064,0.258,0.702,0.774,-0.122,0.194,0.072,Improvement,1050,2462
401624,Edgar González,Defender,Centre-Back,Spain,2022-23,2023-24,26,27,Real Betis Balompié,UD Almería,1770,2528,0,2,0,0,0,2,0,0.071,0,0,0,0.071,0.071,0,0.071,Improvement,1051,2461
193004,Waldemar Anton,Defender,Centre-Back,Germany,2020-21,2021-22,24,25,VfB Stuttgart,VfB Stuttgart,2711,2597,0,2,1,1,1,3,0,0.069,0.033,0.035,0.033,0.104,0.069,0.002,0.071,Improvement,1052,2460
289592,Orel Mangala,Midfield,Defensive Midfield,Belgium,2020-21,2021-22,23,24,VfB Stuttgart,VfB Stuttgart,2110,1863,1,1,3,4,4,5,0.043,0.048,0.128,0.193,0.171,0.242,0.005,0.065,0.071,Improvement,1053,2459
569598,Youssouf Fofana,Midfield,Defensive Midfield,France,2020-21,2021-22,22,23,AS Monaco,AS Monaco,2883,2185,0,0,3,4,3,4,0,0,0.094,0.165,0.094,0.165,0,0.071,0.071,Improvement,1054,2458
127573,Phillipp Mwene,Defender,Left-Back,Austria,2023-24,2024-25,30,31,1.FSV Mainz 05,1.FSV Mainz 05,2003,2618,1,1,2,5,3,6,0.045,0.034,0.09,0.172,0.135,0.206,-0.011,0.082,0.071,Improvement,1055,2457
444523,Lucas Paquetá,Midfield,Attacking Midfield,Brazil,2022-23,2023-24,25,26,"Olympique Lyon, West Ham United",West Ham United,2333,2639,4,4,3,6,7,10,0.154,0.136,0.116,0.205,0.27,0.341,-0.018,0.089,0.071,Improvement,1056,2456
284732,Ramy Bensebaini,Defender,Centre-Back,Algeria,2020-21,2021-22,26,27,Borussia Mönchengladbach,Borussia Mönchengladbach,1811,1999,4,4,0,2,4,6,0.199,0.18,0,0.09,0.199,0.27,-0.019,0.09,0.071,Improvement,1057,2455
61842,Andros Townsend,Attack,Right Winger,England,2020-21,2021-22,29,30,Crystal Palace,Everton FC,2259,1458,1,3,5,2,6,5,0.04,0.185,0.199,0.123,0.239,0.309,0.145,-0.076,0.07,Improvement,1058,2454
165513,Berat Djimsiti,Defender,Centre-Back,Albania,2023-24,2024-25,31,32,Atalanta BC,Atalanta BC,2831,2648,0,1,1,2,1,3,0,0.034,0.032,0.068,0.032,0.102,0.034,0.036,0.07,Improvement,1059,2453
75942,Tomás Rincón,Midfield,Defensive Midfield,Venezuela,2021-22,2022-23,34,35,"Torino FC, UC Sampdoria",UC Sampdoria,1331,2566,0,0,0,2,0,2,0,0,0,0.07,0,0.07,0,0.07,0.07,Improvement,1060,2452
282660,Maximilian Mittelstädt,Defender,Left-Back,Germany,2023-24,2024-25,27,28,VfB Stuttgart,VfB Stuttgart,2102,2476,2,1,4,8,6,9,0.086,0.036,0.171,0.291,0.257,0.327,-0.05,0.12,0.07,Improvement,1061,2451
232320,Atakan Karazor,Midfield,Defensive Midfield,Türkiye,2023-24,2024-25,27,28,VfB Stuttgart,VfB Stuttgart,2630,2626,0,2,4,4,4,6,0,0.069,0.137,0.137,0.137,0.206,0.069,0,0.069,Improvement,1062,2450
573775,Hugo Duro,Attack,Centre-Forward,Spain,2023-24,2024-25,24,25,Valencia CF,Valencia CF,2996,2172,13,11,4,3,17,14,0.391,0.456,0.12,0.124,0.511,0.58,0.065,0.004,0.069,Improvement,1063,2449
242273,Pedro Chirivella,Midfield,Defensive Midfield,Spain,2022-23,2023-24,26,27,FC Nantes,FC Nantes,2041,2601,0,1,0,1,0,2,0,0.035,0,0.035,0,0.069,0.035,0.035,0.069,Improvement,1064,2448
442703,Ylber Ramadani,Midfield,Defensive Midfield,Albania,2023-24,2024-25,28,29,US Lecce,US Lecce,2977,1814,1,1,0,1,1,2,0.03,0.05,0,0.05,0.03,0.099,0.02,0.05,0.069,Improvement,1065,2447
125783,Sanjin Prcic,Midfield,Central Midfield,Bosnia-Herzegovina,2021-22,2022-23,28,29,RC Strasbourg Alsace,RC Strasbourg Alsace,2206,1633,1,1,0,1,1,2,0.041,0.055,0,0.055,0.041,0.11,0.014,0.055,0.069,Improvement,1066,2446
277179,Angeliño,Defender,Left-Back,Spain,2021-22,2022-23,25,26,RB Leipzig,TSG 1899 Hoffenheim,2299,2621,2,0,5,10,7,10,0.078,0,0.196,0.343,0.274,0.343,-0.078,0.147,0.069,Improvement,1067,2445
102017,Jorginho,Midfield,Defensive Midfield,Italy,2022-23,2023-24,31,32,"Arsenal FC, Chelsea FC",Arsenal FC,2134,920,2,0,1,2,3,2,0.084,0,0.042,0.196,0.127,0.196,-0.084,0.154,0.069,Improvement,1068,2444
399776,Pau Torres,Defender,Centre-Back,Spain,2020-21,2021-22,24,25,Villarreal CF,Villarreal CF,2970,2856,2,5,2,1,4,6,0.061,0.158,0.061,0.032,0.121,0.189,0.097,-0.029,0.068,Improvement,1069,2443
138055,Haris Belkebla,Midfield,Central Midfield,Algeria,2021-22,2022-23,28,29,Stade Brestois 29,Stade Brestois 29,2312,2658,0,2,0,0,0,2,0,0.068,0,0,0,0.068,0.068,0,0.068,Improvement,1070,2442
258878,Tosin Adarabioyo,Defender,Centre-Back,England,2022-23,2023-24,25,26,Fulham FC,Fulham FC,2084,1617,1,2,0,0,1,2,0.043,0.111,0,0,0.043,0.111,0.068,0,0.068,Improvement,1070,2442
202228,Milos Veljkovic,Defender,Centre-Back,Serbia,2022-23,2023-24,27,28,SV Werder Bremen,SV Werder Bremen,2263,1921,1,2,2,2,3,4,0.04,0.094,0.08,0.094,0.119,0.187,0.054,0.014,0.068,Improvement,1071,2441
369674,Joakim Maehle,Defender,Left-Back,Denmark,2023-24,2024-25,27,28,VfL Wolfsburg,VfL Wolfsburg,2455,2190,2,3,4,4,6,7,0.073,0.123,0.147,0.164,0.22,0.288,0.05,0.017,0.068,Improvement,1072,2440
786436,Ismaël Doukouré,Defender,Centre-Back,France,2023-24,2024-25,20,21,RC Strasbourg Alsace,RC Strasbourg Alsace,1660,2647,0,1,0,1,0,2,0,0.034,0,0.034,0,0.068,0.034,0.034,0.068,Improvement,1073,2439
469050,Nathan Collins,Defender,Centre-Back,Ireland,2022-23,2023-24,22,23,Wolverhampton Wanderers,Brentford FC,1812,2650,0,1,0,1,0,2,0,0.034,0,0.034,0,0.068,0.034,0.034,0.068,Improvement,1073,2439
390177,Nedim Bajrami,Midfield,Attacking Midfield,Albania,2022-23,2023-24,24,25,"FC Empoli, US Sassuolo",US Sassuolo,1748,1313,2,2,2,2,4,4,0.103,0.137,0.103,0.137,0.206,0.274,0.034,0.034,0.068,Improvement,1073,2439
148252,Remo Freuler,Midfield,Central Midfield,Switzerland,2022-23,2023-24,31,32,Nottingham Forest,Bologna Football Club 1909,2165,2632,0,1,0,1,0,2,0,0.034,0,0.034,0,0.068,0.034,0.034,0.068,Improvement,1073,2439
281769,Mario Hermoso,Defender,Centre-Back,Spain,2021-22,2022-23,27,28,Atlético de Madrid,Atlético de Madrid,1868,2112,2,3,1,2,3,5,0.096,0.128,0.048,0.085,0.145,0.213,0.032,0.037,0.068,Improvement,1074,2438
196792,Julian Weigl,Midfield,Defensive Midfield,Germany,2022-23,2023-24,27,28,Borussia Mönchengladbach,Borussia Mönchengladbach,1896,2766,1,2,1,3,2,5,0.047,0.065,0.047,0.098,0.095,0.163,0.018,0.051,0.068,Improvement,1075,2437
687626,Moisés Caicedo,Midfield,Defensive Midfield,Ecuador,2022-23,2023-24,21,22,Brighton & Hove Albion,Chelsea FC,3141,2874,1,1,1,3,2,4,0.029,0.031,0.029,0.094,0.057,0.125,0.002,0.065,0.068,Improvement,1076,2436
250844,Alexander Djiku,Defender,Centre-Back,Ghana,2021-22,2022-23,27,28,RC Strasbourg Alsace,RC Strasbourg Alsace,2697,2681,1,1,0,2,1,3,0.033,0.034,0,0.067,0.033,0.101,0.001,0.067,0.068,Improvement,1077,2435
605184,Jean-Clair Todibo,Defender,Centre-Back,France,2022-23,2023-24,23,24,OGC Nice,OGC Nice,2872,2654,0,0,0,2,0,2,0,0,0,0.068,0,0.068,0,0.068,0.068,Improvement,1078,2434
148355,Jens Jønsson,Midfield,Defensive Midfield,Denmark,2020-21,2021-22,28,29,Cádiz CF,Cádiz CF,2628,1325,0,0,0,1,0,1,0,0,0,0.068,0,0.068,0,0.068,0.068,Improvement,1078,2434
54235,Iker Muniain,Attack,Left Winger,Spain,2020-21,2021-22,28,29,Athletic Bilbao,Athletic Bilbao,1957,2803,5,4,4,11,9,15,0.23,0.128,0.184,0.353,0.414,0.482,-0.102,0.169,0.068,Improvement,1079,2433
340950,Diogo Jota,Attack,Left Winger,Portugal,2020-21,2021-22,24,25,Liverpool FC,Liverpool FC,1113,2374,9,15,0,6,9,21,0.728,0.569,0,0.227,0.728,0.796,-0.159,0.227,0.068,Improvement,1080,2432
65278,Pedro,Attack,Right Winger,Spain,2020-21,2021-22,33,34,Associazione Sportiva Roma,Società Sportiva Lazio S.p.A.,1600,2041,5,9,4,4,9,13,0.281,0.397,0.225,0.176,0.506,0.573,0.116,-0.049,0.067,Improvement,1081,2431
375382,André Almeida,Midfield,Attacking Midfield,Portugal,2022-23,2023-24,23,24,Valencia CF,Valencia CF,2550,969,2,2,4,1,6,3,0.071,0.186,0.141,0.093,0.212,0.279,0.115,-0.048,0.067,Improvement,1082,2430
197747,Alessio Romagnoli,Defender,Centre-Back,Italy,2023-24,2024-25,29,30,Società Sportiva Lazio S.p.A.,Società Sportiva Lazio S.p.A.,2409,2673,0,2,0,0,0,2,0,0.067,0,0,0,0.067,0.067,0,0.067,Improvement,1083,2429
485965,Nicolas Cozza,Defender,Centre-Back,France,2021-22,2022-23,23,24,Montpellier HSC,"Montpellier HSC, VfL Wolfsburg",2777,1372,2,2,2,1,4,3,0.065,0.131,0.065,0.066,0.13,0.197,0.066,0.001,0.067,Improvement,1084,2428
84301,Benjamin André,Midfield,Defensive Midfield,France,2020-21,2021-22,30,31,LOSC Lille,LOSC Lille,2902,2764,0,2,1,1,1,3,0,0.065,0.031,0.033,0.031,0.098,0.065,0.002,0.067,Improvement,1085,2427
648020,Alexsandro,Defender,Centre-Back,Brazil,2023-24,2024-25,24,25,LOSC Lille,LOSC Lille,2218,2700,0,1,0,1,0,2,0,0.033,0,0.033,0,0.067,0.033,0.033,0.067,Improvement,1086,2426
255501,Iñigo Lekue,Defender,Right-Back,Spain,2022-23,2023-24,30,31,Athletic Bilbao,Athletic Bilbao,1323,2001,0,0,1,3,1,3,0,0,0.068,0.135,0.068,0.135,0,0.067,0.067,Improvement,1087,2425
20506,Andrés Guardado,Midfield,Central Midfield,Mexico,2021-22,2022-23,35,36,Real Betis Balompié,Real Betis Balompié,1395,1373,0,1,1,1,1,2,0,0.066,0.065,0.066,0.065,0.131,0.066,0.001,0.066,Improvement,1088,2424
342385,Guido Rodríguez,Midfield,Defensive Midfield,Argentina,2022-23,2023-24,29,30,Real Betis Balompié,Real Betis Balompié,2877,1850,1,2,0,0,1,2,0.031,0.097,0,0,0.031,0.097,0.066,0,0.066,Improvement,1088,2424
216804,Joakim Nilsson,Defender,Centre-Back,Sweden,2020-21,2021-22,27,28,Arminia Bielefeld,Arminia Bielefeld,2162,2739,0,2,0,0,0,2,0,0.066,0,0,0,0.066,0.066,0,0.066,Improvement,1088,2424
84435,Kevin Vogt,Defender,Centre-Back,Germany,2023-24,2024-25,32,33,"1.FC Union Berlin, TSG 1899 Hoffenheim",1.FC Union Berlin,2643,1371,0,1,0,0,0,1,0,0.066,0,0,0,0.066,0.066,0,0.066,Improvement,1088,2424
164770,Raphaël Varane,Defender,Centre-Back,France,2022-23,2023-24,30,31,Manchester United,Manchester United,1917,1371,0,1,0,0,0,1,0,0.066,0,0,0,0.066,0.066,0,0.066,Improvement,1088,2424
328784,Robin Koch,Defender,Centre-Back,Germany,2022-23,2023-24,26,27,Leeds United,Eintracht Frankfurt,3177,2740,0,2,0,0,0,2,0,0.066,0,0,0,0.066,0.066,0,0.066,Improvement,1088,2424
547985,Fabiano Parisi,Defender,Left-Back,Italy,2021-22,2022-23,21,22,FC Empoli,FC Empoli,1475,2834,0,2,1,2,1,4,0,0.064,0.061,0.064,0.061,0.127,0.064,0.003,0.066,Improvement,1089,2423
124410,Rani Khedira,Midfield,Defensive Midfield,Tunisia,2023-24,2024-25,30,31,1.FC Union Berlin,1.FC Union Berlin,1350,2727,0,1,0,1,0,2,0,0.033,0,0.033,0,0.066,0.033,0.033,0.066,Improvement,1090,2422
252667,Fali,Defender,Centre-Back,Spain,2020-21,2021-22,27,28,Cádiz CF,Cádiz CF,2639,1809,0,0,1,2,1,2,0,0,0.034,0.1,0.034,0.1,0,0.066,0.066,Improvement,1091,2421
378293,Yangel Herrera,Midfield,Central Midfield,Venezuela,2023-24,2024-25,26,27,Girona FC,Girona FC,2122,2265,5,4,0,3,5,7,0.212,0.159,0,0.119,0.212,0.278,-0.053,0.119,0.066,Improvement,1092,2420
27992,Luka Modrić,Midfield,Central Midfield,Croatia,2022-23,2023-24,37,38,Real Madrid,Real Madrid,1744,1687,4,2,3,6,7,8,0.206,0.107,0.155,0.32,0.361,0.427,-0.099,0.165,0.066,Improvement,1093,2419
293385,Dani Olmo,Midfield,Attacking Midfield,Spain,2022-23,2023-24,25,26,RB Leipzig,RB Leipzig,1284,1456,2,4,5,5,7,9,0.14,0.247,0.35,0.309,0.491,0.556,0.107,-0.041,0.065,Improvement,1094,2418
29241,Thiago Silva,Defender,Centre-Back,Brazil,2022-23,2023-24,38,39,Chelsea FC,Chelsea FC,2352,2528,0,3,2,1,2,4,0,0.107,0.077,0.036,0.077,0.142,0.107,-0.041,0.065,Improvement,1094,2418
308279,Rolando Mandragora,Midfield,Defensive Midfield,Italy,2022-23,2023-24,26,27,ACF Fiorentina,ACF Fiorentina,1954,1583,2,3,4,3,6,6,0.092,0.171,0.184,0.171,0.276,0.341,0.079,-0.013,0.065,Improvement,1095,2417
476352,Renan Lodi,Defender,Left-Back,Brazil,2020-21,2021-22,23,24,Atlético de Madrid,Atlético de Madrid,1122,1175,1,2,2,2,3,4,0.08,0.153,0.16,0.153,0.241,0.306,0.073,-0.007,0.065,Improvement,1096,2416
35047,Axel Witsel,Midfield,Defensive Midfield,Belgium,2022-23,2023-24,34,35,Atlético de Madrid,Atlético de Madrid,2254,2783,0,2,0,0,0,2,0,0.065,0,0,0,0.065,0.065,0,0.065,Improvement,1097,2415
174733,Omar Colley,Defender,Centre-Back,The Gambia,2021-22,2022-23,29,30,UC Sampdoria,UC Sampdoria,2749,1385,0,1,0,0,0,1,0,0.065,0,0,0,0.065,0.065,0,0.065,Improvement,1097,2415
336869,Marc Roca,Midfield,Defensive Midfield,Spain,2022-23,2023-24,26,27,Leeds United,Real Betis Balompié,2330,1987,1,2,2,2,3,4,0.039,0.091,0.077,0.091,0.116,0.181,0.052,0.014,0.065,Improvement,1098,2414
303254,Fikayo Tomori,Defender,Centre-Back,England,2021-22,2022-23,24,25,AC Milan,AC Milan,2719,2764,0,1,0,1,0,2,0,0.033,0,0.033,0,0.065,0.033,0.033,0.065,Improvement,1099,2413
401578,Exequiel Palacios,Midfield,Central Midfield,Argentina,2022-23,2023-24,24,25,Bayer 04 Leverkusen,Bayer 04 Leverkusen,1657,1840,4,4,2,4,6,8,0.217,0.196,0.109,0.196,0.326,0.391,-0.021,0.087,0.065,Improvement,1100,2412
392770,Angel Gomes,Midfield,Attacking Midfield,England,2021-22,2022-23,21,22,LOSC Lille,LOSC Lille,953,2837,1,2,1,6,2,8,0.094,0.063,0.094,0.19,0.189,0.254,-0.031,0.096,0.065,Improvement,1101,2411
148928,Saúl Ñíguez,Midfield,Central Midfield,Spain,2022-23,2023-24,28,29,Atlético de Madrid,Atlético de Madrid,1087,1363,3,1,1,5,4,6,0.248,0.066,0.083,0.33,0.331,0.396,-0.182,0.247,0.065,Improvement,1102,2410
655488,Gabriel Martinelli,Attack,Left Winger,Brazil,2021-22,2022-23,21,22,Arsenal FC,Arsenal FC,1867,2805,6,15,6,5,12,20,0.289,0.481,0.289,0.16,0.578,0.642,0.192,-0.129,0.064,Improvement,1103,2409
737781,Jérémy Le Douaron,Attack,Centre-Forward,France,2021-22,2022-23,24,25,Stade Brestois 29,Stade Brestois 29,1444,2078,5,10,3,3,8,13,0.312,0.433,0.187,0.13,0.499,0.563,0.121,-0.057,0.064,Improvement,1104,2408
346289,Mouctar Diakhaby,Defender,Centre-Back,Guinea,2021-22,2022-23,25,26,Valencia CF,Valencia CF,1945,2449,0,3,1,0,1,3,0,0.11,0.046,0,0.046,0.11,0.11,-0.046,0.064,Improvement,1105,2407
102558,Marco Verratti,Midfield,Central Midfield,Italy,2020-21,2021-22,28,29,Paris Saint-Germain,Paris Saint-Germain,1490,1947,0,2,2,2,2,4,0,0.092,0.121,0.092,0.121,0.185,0.092,-0.029,0.064,Improvement,1106,2406
459658,Andrea Cambiaso,Defender,Left-Back,Italy,2022-23,2023-24,23,24,Bologna Football Club 1909,Juventus FC,2170,2389,0,2,3,3,3,5,0,0.075,0.124,0.113,0.124,0.188,0.075,-0.011,0.064,Improvement,1107,2405
466794,Eric García,Defender,Centre-Back,Spain,2021-22,2022-23,21,22,FC Barcelona,FC Barcelona,2042,1415,0,1,0,0,0,1,0,0.064,0,0,0,0.064,0.064,0,0.064,Improvement,1108,2404
406635,Phil Foden,Midfield,Attacking Midfield,England,2022-23,2023-24,23,24,Manchester City,Manchester City,1842,2871,11,19,5,8,16,27,0.537,0.596,0.244,0.251,0.782,0.846,0.059,0.007,0.064,Improvement,1109,2403
646733,Jim Allevinah,Attack,Right Winger,Gabon,2022-23,2023-24,28,29,Clermont Foot 63,Clermont Foot 63,2247,1871,1,2,1,1,2,3,0.04,0.096,0.04,0.048,0.08,0.144,0.056,0.008,0.064,Improvement,1110,2402
42412,Jonny Evans,Defender,Centre-Back,Northern Ireland,2022-23,2023-24,35,36,Leicester City,Manchester United,1053,1396,0,0,0,1,0,1,0,0,0,0.064,0,0.064,0,0.064,0.064,Improvement,1111,2401
350219,Fabián Ruiz,Midfield,Central Midfield,Spain,2022-23,2023-24,27,28,Paris Saint-Germain,Paris Saint-Germain,1898,1196,3,1,2,3,5,4,0.142,0.075,0.095,0.226,0.237,0.301,-0.067,0.131,0.064,Improvement,1112,2400
257062,Álvaro García,Attack,Left Winger,Spain,2023-24,2024-25,31,32,Rayo Vallecano,Rayo Vallecano,2498,2565,6,4,1,5,7,9,0.216,0.14,0.036,0.175,0.252,0.316,-0.076,0.139,0.064,Improvement,1113,2399
279455,Harry Wilson,Attack,Right Winger,Wales,2023-24,2024-25,27,28,Fulham FC,Fulham FC,1614,1159,4,6,6,2,10,8,0.223,0.466,0.335,0.155,0.558,0.621,0.243,-0.18,0.063,Improvement,1114,2398
309400,Kai Havertz,Attack,Centre-Forward,Germany,2020-21,2021-22,22,23,Chelsea FC,Chelsea FC,1520,1811,4,8,5,4,9,12,0.237,0.398,0.296,0.199,0.533,0.596,0.161,-0.097,0.063,Improvement,1115,2397
388165,Yoane Wissa,Attack,Centre-Forward,DR Congo,2020-21,2021-22,24,25,FC Lorient,Brentford FC,2685,1273,10,7,5,1,15,8,0.335,0.495,0.168,0.071,0.503,0.566,0.16,-0.097,0.063,Improvement,1116,2396
256448,Gianluca Mancini,Defender,Centre-Back,Italy,2022-23,2023-24,27,28,Associazione Sportiva Roma,Associazione Sportiva Roma,2864,2874,1,4,2,1,3,5,0.031,0.125,0.063,0.031,0.094,0.157,0.094,-0.032,0.063,Improvement,1117,2395
215599,Lukas Klostermann,Defender,Centre-Back,Germany,2022-23,2023-24,27,28,RB Leipzig,RB Leipzig,904,1432,0,1,0,0,0,1,0,0.063,0,0,0,0.063,0.063,0,0.063,Improvement,1118,2394
255508,Iñaki Williams,Attack,Right Winger,Ghana,2022-23,2023-24,29,30,Athletic Bilbao,Athletic Bilbao,2852,2856,10,12,3,3,13,15,0.316,0.378,0.095,0.095,0.41,0.473,0.062,0,0.063,Improvement,1119,2393
315853,Alessandro Bastoni,Defender,Centre-Back,Italy,2020-21,2021-22,22,23,Inter Milan,Inter Milan,2926,2321,0,1,3,3,3,4,0,0.039,0.092,0.116,0.092,0.155,0.039,0.024,0.063,Improvement,1120,2392
339808,Theo Hernández,Defender,Left-Back,France,2022-23,2023-24,25,26,AC Milan,AC Milan,2775,2795,4,5,3,4,7,9,0.13,0.161,0.097,0.129,0.227,0.29,0.031,0.032,0.063,Improvement,1121,2391
424042,Nahuel Molina,Defender,Right-Back,Argentina,2020-21,2021-22,23,24,Udinese Calcio,Udinese Calcio,1823,2650,2,7,5,5,7,12,0.099,0.238,0.247,0.17,0.346,0.408,0.139,-0.077,0.062,Improvement,1122,2390
212804,Florian Tardieu,Midfield,Central Midfield,France,2021-22,2022-23,30,31,ESTAC Troyes,ESTAC Troyes,2631,1010,4,3,2,0,6,3,0.137,0.267,0.068,0,0.205,0.267,0.13,-0.068,0.062,Improvement,1123,2389
133179,Marten de Roon,Midfield,Defensive Midfield,Netherlands,2023-24,2024-25,33,34,Atalanta BC,Atalanta BC,2599,3058,0,4,5,4,5,8,0,0.118,0.173,0.118,0.173,0.235,0.118,-0.055,0.062,Improvement,1124,2388
497291,Nicolás Domínguez,Midfield,Central Midfield,Argentina,2021-22,2022-23,24,25,Bologna Football Club 1909,Bologna Football Club 1909,2025,2308,0,3,3,2,3,5,0,0.117,0.133,0.078,0.133,0.195,0.117,-0.055,0.062,Improvement,1125,2387
433177,Bukayo Saka,Attack,Right Winger,England,2022-23,2023-24,21,22,Arsenal FC,Arsenal FC,3194,2936,14,16,11,9,25,25,0.394,0.49,0.31,0.276,0.704,0.766,0.096,-0.034,0.062,Improvement,1126,2386
361254,Rafa Mir,Attack,Centre-Forward,Spain,2020-21,2021-22,24,25,SD Huesca,Sevilla FC,2879,1801,13,10,1,0,14,10,0.406,0.5,0.031,0,0.438,0.5,0.094,-0.031,0.062,Improvement,1127,2385
344598,Dan-Axel Zagadou,Defender,Centre-Back,France,2022-23,2023-24,24,25,VfB Stuttgart,VfB Stuttgart,1272,1452,0,1,0,0,0,1,0,0.062,0,0,0,0.062,0.062,0,0.062,Improvement,1128,2384
386057,Julien Laporte,Defender,Centre-Back,France,2020-21,2021-22,27,28,FC Lorient,FC Lorient,2660,2892,0,2,0,0,0,2,0,0.062,0,0,0,0.062,0.062,0,0.062,Improvement,1128,2384
102745,Luca Ceppitelli,Defender,Centre-Back,Italy,2020-21,2021-22,31,32,Cagliari Calcio,Cagliari Calcio,1467,1446,0,1,0,0,0,1,0,0.062,0,0,0,0.062,0.062,0,0.062,Improvement,1128,2384
291200,Moussa Niakhaté,Defender,Centre-Back,Senegal,2022-23,2023-24,27,28,Nottingham Forest,Nottingham Forest,1166,1457,0,1,0,0,0,1,0,0.062,0,0,0,0.062,0.062,0,0.062,Improvement,1128,2384
95641,Darko Brasanac,Midfield,Central Midfield,Serbia,2021-22,2022-23,30,31,CA Osasuna,CA Osasuna,2411,1035,1,1,2,1,3,2,0.037,0.087,0.075,0.087,0.112,0.174,0.05,0.012,0.062,Improvement,1129,2383
195633,Charlie Taylor,Defender,Left-Back,England,2020-21,2021-22,27,28,Burnley FC,Burnley FC,2428,2730,0,0,1,3,1,3,0,0,0.037,0.099,0.037,0.099,0,0.062,0.062,Improvement,1130,2382
76746,Damián Suárez,Defender,Right-Back,Uruguay,2020-21,2021-22,33,34,Getafe CF,Getafe CF,2439,2720,1,0,0,3,1,3,0.037,0,0,0.099,0.037,0.099,-0.037,0.099,0.062,Improvement,1131,2381
198116,Federico Dimarco,Defender,Left-Back,Italy,2023-24,2024-25,26,27,Inter Milan,Inter Milan,2104,2197,5,4,6,9,11,13,0.214,0.164,0.257,0.369,0.471,0.533,-0.05,0.112,0.062,Improvement,1132,2380
557459,Micky van de Ven,Defender,Centre-Back,Netherlands,2023-24,2024-25,23,24,Tottenham Hotspur,Tottenham Hotspur,2343,1018,3,0,0,2,3,2,0.115,0,0,0.177,0.115,0.177,-0.115,0.177,0.062,Improvement,1133,2379
227081,Joaquín Correa,Attack,Second Striker,Argentina,2020-21,2021-22,26,27,Società Sportiva Lazio S.p.A.,Inter Milan,1945,1023,8,6,4,1,12,7,0.37,0.528,0.185,0.088,0.555,0.616,0.158,-0.097,0.061,Improvement,1134,2378
410225,Ismaïla Sarr,Attack,Right Winger,Senegal,2023-24,2024-25,26,27,Olympique Marseille,Crystal Palace,1447,2721,3,8,4,7,7,15,0.187,0.265,0.249,0.232,0.435,0.496,0.078,-0.017,0.061,Improvement,1135,2377
624037,Joris Chotard,Midfield,Defensive Midfield,France,2020-21,2021-22,19,20,Montpellier HSC,Montpellier HSC,1155,2944,0,1,0,1,0,2,0,0.031,0,0.031,0,0.061,0.031,0.031,0.061,Improvement,1136,2376
250779,Brendan Chardonnet,Defender,Centre-Back,France,2022-23,2023-24,28,29,Stade Brestois 29,Stade Brestois 29,2489,2970,0,1,0,1,0,2,0,0.03,0,0.03,0,0.061,0.03,0.03,0.061,Improvement,1137,2375
576314,Jan Paul van Hecke,Defender,Centre-Back,Netherlands,2023-24,2024-25,24,25,Brighton & Hove Albion,Brighton & Hove Albion,2368,2961,0,1,0,1,0,2,0,0.03,0,0.03,0,0.061,0.03,0.03,0.061,Improvement,1137,2375
448258,Josha Vagnoman,Defender,Right-Back,Germany,2022-23,2023-24,22,23,VfB Stuttgart,VfB Stuttgart,1477,1182,2,2,2,2,4,4,0.122,0.152,0.122,0.152,0.244,0.305,0.03,0.03,0.061,Improvement,1137,2375
223979,Xaver Schlager,Midfield,Central Midfield,Austria,2022-23,2023-24,25,26,RB Leipzig,RB Leipzig,1503,2484,1,0,1,5,2,5,0.06,0,0.06,0.181,0.12,0.181,-0.06,0.121,0.061,Improvement,1138,2374
290532,Saïd Benrahma,Attack,Left Winger,Algeria,2022-23,2023-24,27,28,West Ham United,"Olympique Lyon, West Ham United",2071,1393,6,3,3,4,9,7,0.261,0.194,0.13,0.258,0.391,0.452,-0.067,0.128,0.061,Improvement,1139,2373
497291,Nicolás Domínguez,Midfield,Central Midfield,Argentina,2020-21,2021-22,23,24,Bologna Football Club 1909,Bologna Football Club 1909,1256,2025,1,0,0,3,1,3,0.072,0,0,0.133,0.072,0.133,-0.072,0.133,0.061,Improvement,1140,2372
504849,Kaoru Mitoma,Attack,Left Winger,Japan,2023-24,2024-25,27,28,Brighton & Hove Albion,Brighton & Hove Albion,1488,2609,3,10,4,4,7,14,0.181,0.345,0.242,0.138,0.423,0.483,0.164,-0.104,0.06,Improvement,1141,2371
324278,Christoph Baumgartner,Midfield,Attacking Midfield,Austria,2022-23,2023-24,23,24,TSG 1899 Hoffenheim,RB Leipzig,2582,1149,7,5,7,2,14,7,0.244,0.392,0.244,0.157,0.488,0.548,0.148,-0.087,0.06,Improvement,1142,2370
63494,Étienne Capoue,Midfield,Defensive Midfield,France,2021-22,2022-23,33,34,Villarreal CF,Villarreal CF,2297,1957,1,3,1,0,2,3,0.039,0.138,0.039,0,0.078,0.138,0.099,-0.039,0.06,Improvement,1143,2369
277384,Martin Valjent,Defender,Centre-Back,Slovakia,2023-24,2024-25,28,29,RCD Mallorca,RCD Mallorca,2354,2765,0,3,1,0,1,3,0,0.098,0.038,0,0.038,0.098,0.098,-0.038,0.06,Improvement,1144,2368
406638,Oliver Skipp,Midfield,Defensive Midfield,England,2021-22,2022-23,21,22,Tottenham Hotspur,Tottenham Hotspur,1349,1496,0,1,0,0,0,1,0,0.06,0,0,0,0.06,0.06,0,0.06,Improvement,1145,2367
46413,Ante Budimir,Attack,Centre-Forward,Croatia,2023-24,2024-25,32,33,CA Osasuna,CA Osasuna,2449,2967,17,21,2,4,19,25,0.625,0.637,0.073,0.121,0.698,0.758,0.012,0.048,0.06,Improvement,1146,2366
951579,Saël Kumbedi,Defender,Right-Back,France,2022-23,2023-24,18,19,Olympique Lyon,Olympique Lyon,1317,916,0,0,2,2,2,2,0,0,0.137,0.197,0.137,0.197,0,0.06,0.06,Improvement,1147,2365
428563,Lewis Ferguson,Midfield,Central Midfield,Scotland,2022-23,2023-24,23,24,Bologna Football Club 1909,Bologna Football Club 1909,2321,2718,7,6,0,4,7,10,0.271,0.199,0,0.132,0.271,0.331,-0.072,0.132,0.06,Improvement,1148,2364
284884,Óscar Rodríguez,Midfield,Attacking Midfield,Spain,2023-24,2024-25,26,27,Getafe CF,CD Leganés,964,1323,2,1,1,4,3,5,0.187,0.068,0.093,0.272,0.28,0.34,-0.119,0.179,0.06,Improvement,1149,2363
182904,Clément Lenglet,Defender,Centre-Back,France,2023-24,2024-25,29,30,Aston Villa,Atlético de Madrid,1155,1976,0,2,1,1,1,3,0,0.091,0.078,0.046,0.078,0.137,0.091,-0.032,0.059,Improvement,1150,2362
670847,Mohamed-Ali Cho,Attack,Right Winger,France,2023-24,2024-25,20,21,"OGC Nice, Real Sociedad",OGC Nice,1104,1636,1,3,3,4,4,7,0.082,0.165,0.245,0.22,0.326,0.385,0.083,-0.025,0.059,Improvement,1151,2361
346707,Sean Longstaff,Midfield,Central Midfield,England,2020-21,2021-22,23,24,Newcastle United,Newcastle United,1408,1460,0,1,1,1,1,2,0,0.062,0.064,0.062,0.064,0.123,0.062,-0.002,0.059,Improvement,1152,2360
329145,Diego Carlos,Defender,Centre-Back,Brazil,2020-21,2021-22,28,29,Sevilla FC,Sevilla FC,2790,2959,1,3,0,0,1,3,0.032,0.091,0,0,0.032,0.091,0.059,0,0.059,Improvement,1153,2359
192635,Nico Elvedi,Defender,Centre-Back,Switzerland,2021-22,2022-23,25,26,Borussia Mönchengladbach,Borussia Mönchengladbach,2432,2827,1,3,0,0,1,3,0.037,0.096,0,0,0.037,0.096,0.059,0,0.059,Improvement,1153,2359
118850,Ivan Ordets,Defender,Centre-Back,Ukraine,2022-23,2023-24,30,31,VfL Bochum,VfL Bochum,2450,1878,0,1,1,1,1,2,0,0.048,0.037,0.048,0.037,0.096,0.048,0.011,0.059,Improvement,1154,2358
120651,Vincent Le Goff,Defender,Left-Back,France,2020-21,2021-22,31,32,FC Lorient,FC Lorient,2307,3060,0,1,0,1,0,2,0,0.029,0,0.029,0,0.059,0.029,0.029,0.059,Improvement,1155,2357
173504,James Tarkowski,Defender,Centre-Back,England,2020-21,2021-22,28,29,Burnley FC,Burnley FC,3240,3107,1,1,0,2,1,3,0.028,0.029,0,0.058,0.028,0.087,0.001,0.058,0.059,Improvement,1156,2356
331401,Manuel Lazzari,Defender,Right-Back,Italy,2022-23,2023-24,29,30,Società Sportiva Lazio S.p.A.,Società Sportiva Lazio S.p.A.,1885,1676,0,0,1,2,1,2,0,0,0.048,0.107,0.048,0.107,0,0.059,0.059,Improvement,1157,2355
354362,Rodrigo Bentancur,Midfield,Defensive Midfield,Uruguay,2020-21,2021-22,24,25,Juventus FC,"Juventus FC, Tottenham Hotspur",2326,2521,0,0,4,6,4,6,0,0,0.155,0.214,0.155,0.214,0,0.059,0.059,Improvement,1157,2355
555015,Ruan,Defender,Centre-Back,Brazil,2022-23,2023-24,24,25,US Sassuolo,US Sassuolo,1717,1514,0,0,0,1,0,1,0,0,0,0.059,0,0.059,0,0.059,0.059,Improvement,1157,2355
273152,Nemanja Maksimovic,Midfield,Central Midfield,Serbia,2020-21,2021-22,26,27,Getafe CF,Getafe CF,2744,2943,1,1,0,2,1,3,0.033,0.031,0,0.061,0.033,0.092,-0.002,0.061,0.059,Improvement,1158,2354
119037,Philipp Hofmann,Attack,Centre-Forward,Germany,2022-23,2023-24,30,31,VfL Bochum,VfL Bochum,2643,1576,8,4,2,3,10,7,0.272,0.228,0.068,0.171,0.341,0.4,-0.044,0.103,0.059,Improvement,1159,2353
266359,Benjamin Bourigeaud,Midfield,Central Midfield,France,2022-23,2023-24,29,30,Stade Rennais FC,Stade Rennais FC,3086,2437,7,9,10,6,17,15,0.204,0.332,0.292,0.222,0.496,0.554,0.128,-0.07,0.058,Improvement,1160,2352
203043,Pedro Bigas,Defender,Centre-Back,Spain,2020-21,2021-22,31,32,SD Eibar,Elche CF,1529,1556,0,1,0,0,0,1,0,0.058,0,0,0,0.058,0.058,0,0.058,Improvement,1161,2351
347900,Jerdy Schouten,Midfield,Defensive Midfield,Netherlands,2020-21,2021-22,24,25,Bologna Football Club 1909,Bologna Football Club 1909,2522,1393,1,1,1,1,2,2,0.036,0.065,0.036,0.065,0.071,0.129,0.029,0.029,0.058,Improvement,1162,2350
278531,Sebastiano Luperto,Defender,Centre-Back,Italy,2023-24,2024-25,27,28,FC Empoli,Cagliari Calcio,3407,3240,1,1,1,3,2,4,0.026,0.028,0.026,0.083,0.053,0.111,0.002,0.057,0.058,Improvement,1163,2349
459655,Matteo Lovato,Defender,Centre-Back,Italy,2020-21,2021-22,21,22,Hellas Verona,"Atalanta BC, Cagliari Calcio",1382,1544,0,0,0,1,0,1,0,0,0,0.058,0,0.058,0,0.058,0.058,Improvement,1164,2348
576024,Julián Alvarez,Attack,Centre-Forward,Argentina,2022-23,2023-24,23,24,Manchester City,Manchester City,1454,2659,9,11,1,9,10,20,0.557,0.372,0.062,0.305,0.619,0.677,-0.185,0.243,0.058,Improvement,1165,2347
256267,Vedat Muriqi,Attack,Centre-Forward,Kosovo,2021-22,2022-23,28,29,"RCD Mallorca, Società Sportiva Lazio S.p.A.",RCD Mallorca,1646,2953,5,15,4,3,9,18,0.273,0.457,0.219,0.091,0.492,0.549,0.184,-0.128,0.057,Improvement,1166,2346
242273,Pedro Chirivella,Midfield,Defensive Midfield,Spain,2020-21,2021-22,24,25,FC Nantes,FC Nantes,2282,2646,0,3,2,1,2,4,0,0.102,0.079,0.034,0.079,0.136,0.102,-0.045,0.057,Improvement,1167,2345
188077,Ryan Christie,Midfield,Central Midfield,Scotland,2023-24,2024-25,29,30,AFC Bournemouth,AFC Bournemouth,2920,2131,0,2,5,3,5,5,0,0.084,0.154,0.127,0.154,0.211,0.084,-0.027,0.057,Improvement,1168,2344
57280,Giacomo Bonaventura,Midfield,Attacking Midfield,Italy,2022-23,2023-24,33,34,ACF Fiorentina,ACF Fiorentina,1916,2287,5,8,3,3,8,11,0.235,0.315,0.141,0.118,0.376,0.433,0.08,-0.023,0.057,Improvement,1169,2343
197300,Federico Bernardeschi,Attack,Right Winger,Italy,2020-21,2021-22,27,28,Juventus FC,Juventus FC,961,1478,0,1,2,3,2,4,0,0.061,0.187,0.183,0.187,0.244,0.061,-0.004,0.057,Improvement,1170,2342
238266,Duje Caleta-Car,Defender,Centre-Back,Croatia,2023-24,2024-25,27,28,Olympique Lyon,Olympique Lyon,1992,1585,0,1,0,0,0,1,0,0.057,0,0,0,0.057,0.057,0,0.057,Improvement,1171,2341
435338,Gabriel,Defender,Centre-Back,Brazil,2020-21,2021-22,23,24,Arsenal FC,Arsenal FC,1997,3067,2,5,0,0,2,5,0.09,0.147,0,0,0.09,0.147,0.057,0,0.057,Improvement,1171,2341
175323,Óscar Duarte,Defender,Centre-Back,Costa Rica,2020-21,2021-22,32,33,Levante UD,Levante UD,2063,1774,1,2,0,0,1,2,0.044,0.101,0,0,0.044,0.101,0.057,0,0.057,Improvement,1171,2341
420465,Tiago Djaló,Defender,Centre-Back,Portugal,2021-22,2022-23,22,23,LOSC Lille,LOSC Lille,2328,2021,1,2,1,1,2,3,0.039,0.089,0.039,0.045,0.077,0.134,0.05,0.006,0.057,Improvement,1172,2340
135617,Thiago Mendes,Midfield,Defensive Midfield,Brazil,2020-21,2021-22,29,30,Olympique Lyon,Olympique Lyon,2240,1862,0,1,1,1,1,2,0,0.048,0.04,0.048,0.04,0.097,0.048,0.008,0.057,Improvement,1173,2339
429014,Morgan Gibbs-White,Midfield,Attacking Midfield,England,2022-23,2023-24,23,24,"Nottingham Forest, Wolverhampton Wanderers",Nottingham Forest,3159,3162,5,5,8,10,13,15,0.142,0.142,0.228,0.285,0.37,0.427,0,0.057,0.057,Improvement,1174,2338
467992,Samuele Ricci,Midfield,Defensive Midfield,Italy,2022-23,2023-24,21,22,Torino FC,Torino FC,2073,2401,2,1,1,4,3,5,0.087,0.037,0.043,0.15,0.13,0.187,-0.05,0.107,0.057,Improvement,1175,2337
334835,Toma Bašić,Midfield,Central Midfield,Croatia,2020-21,2021-22,24,25,FC Girondins Bordeaux,"FC Girondins Bordeaux, Società Sportiva Lazio S.p.A.",2611,1181,4,0,1,3,5,3,0.138,0,0.034,0.229,0.172,0.229,-0.138,0.195,0.057,Improvement,1176,2336
125858,Kerem Demirbay,Midfield,Central Midfield,Germany,2021-22,2022-23,28,29,Bayer 04 Leverkusen,Bayer 04 Leverkusen,2053,1547,1,4,7,3,8,7,0.044,0.233,0.307,0.175,0.351,0.407,0.189,-0.132,0.056,Improvement,1177,2335
344152,Odsonne Édouard,Attack,Centre-Forward,France,2022-23,2023-24,25,26,Crystal Palace,Crystal Palace,1806,1555,5,7,2,0,7,7,0.249,0.405,0.1,0,0.349,0.405,0.156,-0.1,0.056,Improvement,1178,2334
238626,Laurent Abergel,Midfield,Defensive Midfield,France,2022-23,2023-24,30,31,FC Lorient,FC Lorient,2350,2862,0,2,1,1,1,3,0,0.063,0.038,0.031,0.038,0.094,0.063,-0.007,0.056,Improvement,1179,2333
204103,Adama Traoré,Attack,Right Winger,Spain,2021-22,2022-23,26,27,"FC Barcelona, Wolverhampton Wanderers",Wolverhampton Wanderers,1441,1484,1,2,2,2,3,4,0.062,0.121,0.125,0.121,0.187,0.243,0.059,-0.004,0.056,Improvement,1180,2332
431755,Dejan Kulusevski,Midfield,Attacking Midfield,Sweden,2023-24,2024-25,24,25,Tottenham Hotspur,Tottenham Hotspur,2766,2391,8,7,3,4,11,11,0.26,0.263,0.098,0.151,0.358,0.414,0.003,0.053,0.056,Improvement,1181,2331
357884,Fernando Calero,Defender,Centre-Back,Spain,2021-22,2022-23,26,27,RCD Espanyol Barcelona,RCD Espanyol Barcelona,1090,1617,0,0,0,1,0,1,0,0,0,0.056,0,0.056,0,0.056,0.056,Improvement,1182,2330
442552,Houboulang Mendes,Defender,Right-Back,Guinea-Bissau,2020-21,2021-22,23,24,FC Lorient,FC Lorient,1302,3223,0,0,0,2,0,2,0,0,0,0.056,0,0.056,0,0.056,0.056,Improvement,1182,2330
521964,Malick Thiaw,Defender,Centre-Back,Germany,2022-23,2023-24,21,22,"AC Milan, FC Schalke 04",AC Milan,1633,1620,0,0,0,1,0,1,0,0,0,0.056,0,0.056,0,0.056,0.056,Improvement,1182,2330
346707,Sean Longstaff,Midfield,Central Midfield,England,2021-22,2022-23,24,25,Newcastle United,Newcastle United,1460,2516,1,1,1,4,2,5,0.062,0.036,0.062,0.143,0.123,0.179,-0.026,0.081,0.056,Improvement,1183,2329
144143,Bartosz Bereszyński,Defender,Right-Back,Poland,2020-21,2021-22,28,29,UC Sampdoria,UC Sampdoria,2607,2956,1,0,0,3,1,3,0.035,0,0,0.091,0.035,0.091,-0.035,0.091,0.056,Improvement,1184,2328
188077,Ryan Christie,Midfield,Central Midfield,Scotland,2022-23,2023-24,28,29,AFC Bournemouth,AFC Bournemouth,1841,2920,1,0,1,5,2,5,0.049,0,0.049,0.154,0.098,0.154,-0.049,0.105,0.056,Improvement,1185,2327
245744,Takuma Asano,Attack,Right Winger,Japan,2022-23,2023-24,28,29,VfL Bochum,VfL Bochum,1728,2003,3,6,2,1,5,7,0.156,0.27,0.104,0.045,0.26,0.315,0.114,-0.059,0.055,Improvement,1186,2326
476836,Aron Dønnum,Midfield,Right Midfield,Norway,2023-24,2024-25,26,27,FC Toulouse,FC Toulouse,1601,2699,0,2,2,3,2,5,0,0.067,0.112,0.1,0.112,0.167,0.067,-0.012,0.055,Improvement,1187,2325
434224,Maxence Lacroix,Defender,Centre-Back,France,2021-22,2022-23,22,23,VfL Wolfsburg,VfL Wolfsburg,2498,1626,0,1,0,0,0,1,0,0.055,0,0,0,0.055,0.055,0,0.055,Improvement,1188,2324
459658,Andrea Cambiaso,Defender,Left-Back,Italy,2023-24,2024-25,24,25,Juventus FC,Juventus FC,2389,2223,2,2,3,4,5,6,0.075,0.081,0.113,0.162,0.188,0.243,0.006,0.049,0.055,Improvement,1189,2323
58358,Thomas Müller,Attack,Second Striker,Germany,2022-23,2023-24,33,34,Bayern Munich,Bayern Munich,1668,1666,7,5,8,11,15,16,0.378,0.27,0.432,0.594,0.809,0.864,-0.108,0.162,0.055,Improvement,1190,2322
326031,Matthijs de Ligt,Defender,Centre-Back,Netherlands,2020-21,2021-22,21,22,Juventus FC,Juventus FC,2221,2674,1,3,1,1,2,4,0.041,0.101,0.041,0.034,0.081,0.135,0.06,-0.007,0.054,Improvement,1191,2321
378953,Gerzino Nyamsi,Defender,Centre-Back,Cameroon,2021-22,2022-23,25,26,RC Strasbourg Alsace,RC Strasbourg Alsace,2983,1579,0,1,2,1,2,2,0,0.057,0.06,0.057,0.06,0.114,0.057,-0.003,0.054,Improvement,1192,2320
40613,Jack Cork,Midfield,Defensive Midfield,England,2020-21,2021-22,32,33,Burnley FC,Burnley FC,1353,1676,0,1,0,0,0,1,0,0.054,0,0,0,0.054,0.054,0,0.054,Improvement,1193,2319
236981,Timo Hübers,Defender,Centre-Back,Germany,2021-22,2022-23,25,26,1.FC Köln,1.FC Köln,1742,2558,1,3,0,0,1,3,0.052,0.106,0,0,0.052,0.106,0.054,0,0.054,Improvement,1193,2319
594997,Yohann Magnin,Midfield,Defensive Midfield,France,2022-23,2023-24,26,27,Clermont Foot 63,Clermont Foot 63,2391,1679,0,1,0,0,0,1,0,0.054,0,0,0,0.054,0.054,0,0.054,Improvement,1193,2319
284854,Carles Aleñá,Midfield,Central Midfield,Spain,2021-22,2022-23,24,25,Getafe CF,Getafe CF,2339,2126,1,2,2,2,3,4,0.038,0.085,0.077,0.085,0.115,0.169,0.047,0.008,0.054,Improvement,1194,2318
410158,Rodrigo Becão,Defender,Centre-Back,Brazil,2020-21,2021-22,25,26,Udinese Calcio,Udinese Calcio,2785,3132,1,2,0,1,1,3,0.032,0.057,0,0.029,0.032,0.086,0.025,0.029,0.054,Improvement,1195,2317
640428,Eduardo Camavinga,Midfield,Central Midfield,France,2022-23,2023-24,20,21,Real Madrid,Real Madrid,2002,1823,0,0,1,2,1,2,0,0,0.045,0.099,0.045,0.099,0,0.054,0.054,Improvement,1196,2316
169497,Juan Cruz,Defender,Left-Back,Spain,2022-23,2023-24,30,31,CA Osasuna,CA Osasuna,2058,1663,0,0,0,1,0,1,0,0,0,0.054,0,0.054,0,0.054,0.054,Improvement,1196,2316
72441,Rafael Tolói,Defender,Centre-Back,Italy,2020-21,2021-22,30,31,Atalanta BC,Atalanta BC,2542,1441,2,1,0,1,2,2,0.071,0.062,0,0.062,0.071,0.125,-0.009,0.062,0.054,Improvement,1197,2315
424042,Nahuel Molina,Defender,Right-Back,Argentina,2022-23,2023-24,25,26,Atlético de Madrid,Atlético de Madrid,2872,1858,4,2,2,3,6,5,0.125,0.097,0.063,0.145,0.188,0.242,-0.028,0.082,0.054,Improvement,1198,2314
424204,Alphonso Davies,Defender,Left-Back,Canada,2020-21,2021-22,20,21,Bayern Munich,Bayern Munich,1769,1743,1,0,2,4,3,4,0.051,0,0.102,0.207,0.153,0.207,-0.051,0.105,0.054,Improvement,1199,2313
423440,Martín Zubimendi,Midfield,Defensive Midfield,Spain,2022-23,2023-24,24,25,Real Sociedad,Real Sociedad,3102,2655,1,4,3,1,4,5,0.029,0.136,0.087,0.034,0.116,0.169,0.107,-0.053,0.053,Improvement,1200,2312
228948,Thilo Kehrer,Defender,Centre-Back,Germany,2022-23,2023-24,26,27,West Ham United,"AS Monaco, West Ham United",2230,1343,0,1,2,1,2,2,0,0.067,0.081,0.067,0.081,0.134,0.067,-0.014,0.053,Improvement,1201,2311
451801,Abdul Mumin,Defender,Centre-Back,Ghana,2022-23,2023-24,25,26,Rayo Vallecano,Rayo Vallecano,917,1695,0,1,0,0,0,1,0,0.053,0,0,0,0.053,0.053,0,0.053,Improvement,1202,2310
525247,Maximilian Kilman,Defender,Centre-Back,England,2022-23,2023-24,26,27,Wolverhampton Wanderers,Wolverhampton Wanderers,3308,3420,0,2,0,0,0,2,0,0.053,0,0,0,0.053,0.053,0,0.053,Improvement,1202,2310
552425,Jon Moncayola,Midfield,Central Midfield,Spain,2022-23,2023-24,25,26,CA Osasuna,CA Osasuna,2443,1803,1,1,3,3,4,4,0.037,0.05,0.111,0.15,0.147,0.2,0.013,0.039,0.053,Improvement,1203,2309
41414,Lucas Leiva,Midfield,Defensive Midfield,Brazil,2020-21,2021-22,34,35,Società Sportiva Lazio S.p.A.,Società Sportiva Lazio S.p.A.,2159,1696,0,0,0,1,0,1,0,0,0,0.053,0,0.053,0,0.053,0.053,Improvement,1204,2308
570421,Nico Melamed,Attack,Left Winger,Spain,2021-22,2022-23,21,22,RCD Espanyol Barcelona,RCD Espanyol Barcelona,1099,1246,1,1,1,2,2,3,0.082,0.072,0.082,0.144,0.164,0.217,-0.01,0.062,0.053,Improvement,1205,2307
450417,Dylan Bronn,Defender,Centre-Back,Tunisia,2020-21,2021-22,26,27,FC Metz,FC Metz,3413,2545,2,1,0,2,2,3,0.053,0.035,0,0.071,0.053,0.106,-0.018,0.071,0.053,Improvement,1206,2306
711976,Andy Diouf,Midfield,Central Midfield,France,2023-24,2024-25,21,22,RC Lens,RC Lens,1320,2234,1,1,0,2,1,3,0.068,0.04,0,0.081,0.068,0.121,-0.028,0.081,0.053,Improvement,1207,2305
94005,Sead Kolasinac,Defender,Centre-Back,Bosnia-Herzegovina,2023-24,2024-25,31,32,Atalanta BC,Atalanta BC,2182,1910,1,0,0,2,1,2,0.041,0,0,0.094,0.041,0.094,-0.041,0.094,0.053,Improvement,1208,2304
447661,Douglas Luiz,Midfield,Central Midfield,Brazil,2022-23,2023-24,25,26,Aston Villa,Aston Villa,2932,3002,6,9,6,5,12,14,0.184,0.27,0.184,0.15,0.368,0.42,0.086,-0.034,0.052,Improvement,1209,2303
625047,Beñat Prados,Midfield,Central Midfield,Spain,2023-24,2024-25,23,24,Athletic Bilbao,Athletic Bilbao,1450,1721,0,1,0,0,0,1,0,0.052,0,0,0,0.052,0.052,0,0.052,Improvement,1210,2302
229006,Franck Honorat,Attack,Right Winger,France,2020-21,2021-22,24,25,Stade Brestois 29,Stade Brestois 29,2469,2911,8,11,5,6,13,17,0.292,0.34,0.182,0.186,0.474,0.526,0.048,0.004,0.052,Improvement,1211,2301
74842,Mario Götze,Midfield,Attacking Midfield,Germany,2022-23,2023-24,31,32,Eintracht Frankfurt,Eintracht Frankfurt,2750,2079,3,3,2,2,5,5,0.098,0.13,0.065,0.087,0.164,0.216,0.032,0.022,0.052,Improvement,1212,2300
61841,Adam Smith,Defender,Right-Back,England,2022-23,2023-24,32,33,AFC Bournemouth,AFC Bournemouth,2948,2157,0,0,1,2,1,2,0,0,0.031,0.083,0.031,0.083,0,0.052,0.052,Improvement,1213,2299
798404,Alidu Seidu,Defender,Centre-Back,Ghana,2022-23,2023-24,23,24,Clermont Foot 63,"Clermont Foot 63, Stade Rennais FC",2463,1726,0,0,0,1,0,1,0,0,0,0.052,0,0.052,0,0.052,0.052,Improvement,1213,2299
460245,Moritz Jenz,Defender,Centre-Back,Germany,2022-23,2023-24,24,25,FC Schalke 04,VfL Wolfsburg,945,1745,0,0,0,1,0,1,0,0,0,0.052,0,0.052,0,0.052,0.052,Improvement,1213,2299
197122,Unai García,Defender,Centre-Back,Spain,2021-22,2022-23,30,31,CA Osasuna,CA Osasuna,1407,1718,0,0,0,1,0,1,0,0,0,0.052,0,0.052,0,0.052,0.052,Improvement,1213,2299
183841,Petar Stojanović,Midfield,Right Midfield,Slovenia,2021-22,2022-23,26,27,FC Empoli,FC Empoli,2741,1524,1,0,1,2,2,2,0.033,0,0.033,0.118,0.066,0.118,-0.033,0.085,0.052,Improvement,1214,2298
400489,Eljif Elmas,Midfield,Attacking Midfield,North Macedonia,2021-22,2022-23,22,23,SSC Napoli,SSC Napoli,1601,1617,3,6,5,3,8,9,0.169,0.334,0.281,0.167,0.45,0.501,0.165,-0.114,0.051,Improvement,1215,2297
331401,Manuel Lazzari,Defender,Right-Back,Italy,2020-21,2021-22,27,28,Società Sportiva Lazio S.p.A.,Società Sportiva Lazio S.p.A.,2620,1658,2,3,6,3,8,6,0.069,0.163,0.206,0.163,0.275,0.326,0.094,-0.043,0.051,Improvement,1216,2296
255838,Patrick Ciurria,Midfield,Right Midfield,Italy,2023-24,2024-25,29,30,AC Monza,AC Monza,1602,1107,0,1,2,1,2,2,0,0.081,0.112,0.081,0.112,0.163,0.081,-0.031,0.051,Improvement,1217,2295
244940,Salih Özcan,Midfield,Defensive Midfield,Türkiye,2020-21,2021-22,23,24,1.FC Köln,1.FC Köln,1368,2309,0,2,1,1,1,3,0,0.078,0.066,0.039,0.066,0.117,0.078,-0.027,0.051,Improvement,1218,2294
344695,Dayot Upamecano,Defender,Centre-Back,France,2023-24,2024-25,25,26,Bayern Munich,Bayern Munich,1770,1763,1,2,0,0,1,2,0.051,0.102,0,0,0.051,0.102,0.051,0,0.051,Improvement,1219,2293
255488,Yeray Álvarez,Defender,Centre-Back,Spain,2023-24,2024-25,29,30,Athletic Bilbao,Athletic Bilbao,1155,1781,0,1,0,0,0,1,0,0.051,0,0,0,0.051,0.051,0,0.051,Improvement,1219,2293
425902,Ryan Yates,Midfield,Central Midfield,England,2023-24,2024-25,26,27,Nottingham Forest,Nottingham Forest,1986,1904,1,2,1,1,2,3,0.045,0.095,0.045,0.047,0.091,0.142,0.05,0.002,0.051,Improvement,1220,2292
268429,Sandi Lovrić,Midfield,Central Midfield,Slovenia,2023-24,2024-25,26,27,Udinese Calcio,Udinese Calcio,1990,2328,1,2,3,4,4,6,0.045,0.077,0.136,0.155,0.181,0.232,0.032,0.019,0.051,Improvement,1221,2291
220878,Issiaga Sylla,Defender,Left-Back,Guinea,2022-23,2023-24,29,30,"FC Toulouse, Montpellier HSC",Montpellier HSC,2681,1457,1,1,3,2,4,3,0.034,0.062,0.101,0.124,0.134,0.185,0.028,0.023,0.051,Improvement,1222,2290
16136,Dante,Defender,Centre-Back,Brazil,2021-22,2022-23,38,39,OGC Nice,OGC Nice,2873,3300,0,1,1,2,1,3,0,0.027,0.031,0.055,0.031,0.082,0.027,0.024,0.051,Improvement,1223,2289
333241,Joelinton,Midfield,Central Midfield,Brazil,2023-24,2024-25,27,28,Newcastle United,Newcastle United,1282,2404,2,4,1,3,3,7,0.14,0.15,0.07,0.112,0.211,0.262,0.01,0.042,0.051,Improvement,1224,2288
517842,Aihen Muñoz,Defender,Left-Back,Spain,2021-22,2022-23,24,25,Real Sociedad,Real Sociedad,1343,1756,0,0,0,1,0,1,0,0,0,0.051,0,0.051,0,0.051,0.051,Improvement,1225,2287
256178,Joe Gomez,Defender,Centre-Back,England,2022-23,2023-24,26,27,Liverpool FC,Liverpool FC,1461,1776,0,0,0,1,0,1,0,0,0,0.051,0,0.051,0,0.051,0.051,Improvement,1225,2287
60542,Maxime Gonalons,Midfield,Defensive Midfield,France,2020-21,2021-22,32,33,Granada CF,Granada CF,1394,1556,0,0,1,2,1,2,0,0,0.065,0.116,0.065,0.116,0,0.051,0.051,Improvement,1225,2287
205054,Norbert Gyömbér,Defender,Centre-Back,Slovakia,2021-22,2022-23,29,30,US Salernitana 1919,US Salernitana 1919,2568,1751,0,0,0,1,0,1,0,0,0,0.051,0,0.051,0,0.051,0.051,Improvement,1225,2287
583255,Antoine Semenyo,Attack,Right Winger,Ghana,2023-24,2024-25,24,25,AFC Bournemouth,AFC Bournemouth,2113,3210,8,11,2,6,10,17,0.341,0.308,0.085,0.168,0.426,0.477,-0.033,0.083,0.051,Improvement,1226,2286
532937,Johan Vásquez,Defender,Centre-Back,Mexico,2021-22,2022-23,23,24,Genoa CFC,US Cremonese,1302,1809,0,1,0,0,0,1,0,0.05,0,0,0,0.05,0.05,0,0.05,Improvement,1227,2285
620313,Lucas Gourna-Douath,Midfield,Defensive Midfield,France,2020-21,2021-22,17,18,AS Saint-Étienne,AS Saint-Étienne,1316,1806,0,1,0,0,0,1,0,0.05,0,0,0,0.05,0.05,0,0.05,Improvement,1227,2285
467992,Samuele Ricci,Midfield,Defensive Midfield,Italy,2021-22,2022-23,20,21,"FC Empoli, Torino FC",Torino FC,2257,2073,1,2,1,1,2,3,0.04,0.087,0.04,0.043,0.08,0.13,0.047,0.003,0.05,Improvement,1228,2284
197473,Alberto Grassi,Midfield,Defensive Midfield,Italy,2022-23,2023-24,28,29,FC Empoli,FC Empoli,1194,1815,0,0,0,1,0,1,0,0,0,0.05,0,0.05,0,0.05,0.05,Improvement,1229,2283
82503,Aridane Hernández,Defender,Centre-Back,Spain,2021-22,2022-23,33,34,CA Osasuna,CA Osasuna,1159,1790,0,0,0,1,0,1,0,0,0,0.05,0,0.05,0,0.05,0.05,Improvement,1229,2283
503075,Isak Hien,Defender,Centre-Back,Sweden,2022-23,2023-24,24,25,Hellas Verona,"Atalanta BC, Hellas Verona",2607,1794,0,0,0,1,0,1,0,0,0,0.05,0,0.05,0,0.05,0.05,Improvement,1229,2283
167491,Stefano Sabelli,Defender,Right-Back,Italy,2023-24,2024-25,31,32,Genoa CFC,Genoa CFC,2450,2059,0,0,1,2,1,2,0,0,0.037,0.087,0.037,0.087,0,0.05,0.05,Improvement,1229,2283
361914,Nayef Aguerd,Defender,Centre-Back,Morocco,2020-21,2021-22,25,26,Stade Rennais FC,Stade Rennais FC,3148,2738,3,2,1,3,4,5,0.086,0.066,0.029,0.099,0.114,0.164,-0.02,0.07,0.05,Improvement,1230,2282
370683,Andreas Hanche-Olsen,Defender,Centre-Back,Norway,2023-24,2024-25,27,28,1.FSV Mainz 05,1.FSV Mainz 05,994,1279,1,1,0,1,1,2,0.091,0.07,0,0.07,0.091,0.141,-0.021,0.07,0.05,Improvement,1231,2281
432092,Roberto Piccoli,Attack,Centre-Forward,Italy,2023-24,2024-25,23,24,"FC Empoli, US Lecce",Cagliari Calcio,1399,3145,5,10,0,3,5,13,0.322,0.286,0,0.086,0.322,0.372,-0.036,0.086,0.05,Improvement,1232,2280
543387,Cheick Doucouré,Midfield,Defensive Midfield,Mali,2020-21,2021-22,21,22,RC Lens,RC Lens,2633,2948,2,1,1,4,3,5,0.068,0.031,0.034,0.122,0.103,0.153,-0.037,0.088,0.05,Improvement,1233,2279
170961,Thomas Delaine,Defender,Left-Back,France,2021-22,2022-23,30,31,FC Metz,RC Strasbourg Alsace,2316,1077,1,0,2,2,3,2,0.039,0,0.078,0.167,0.117,0.167,-0.039,0.089,0.05,Improvement,1234,2278
283994,Ludovic Ajorque,Attack,Centre-Forward,France,2020-21,2021-22,27,28,RC Strasbourg Alsace,RC Strasbourg Alsace,2972,2744,16,12,4,8,20,20,0.485,0.394,0.121,0.262,0.606,0.656,-0.091,0.141,0.05,Improvement,1235,2277
213260,Rubén García,Attack,Right Winger,Spain,2021-22,2022-23,28,29,CA Osasuna,CA Osasuna,2397,1154,1,2,6,2,7,4,0.038,0.156,0.225,0.156,0.263,0.312,0.118,-0.069,0.049,Improvement,1236,2276
413039,Bryan Mbeumo,Attack,Right Winger,Cameroon,2023-24,2024-25,24,25,Brentford FC,Brentford FC,1961,3417,9,20,6,8,15,28,0.413,0.527,0.275,0.211,0.688,0.737,0.114,-0.064,0.049,Improvement,1237,2275
461833,Caleb Okoli,Defender,Centre-Back,Italy,2023-24,2024-25,22,23,Frosinone Calcio,Leicester City,2915,1124,0,1,1,0,1,1,0,0.08,0.031,0,0.031,0.08,0.08,-0.031,0.049,Improvement,1238,2274
266302,Sergej Milinković-Savić,Midfield,Central Midfield,Serbia,2020-21,2021-22,26,27,Società Sportiva Lazio S.p.A.,Società Sportiva Lazio S.p.A.,2755,3110,8,11,10,11,18,22,0.261,0.318,0.327,0.318,0.588,0.637,0.057,-0.009,0.049,Improvement,1239,2273
126665,Idrissa Gueye,Midfield,Defensive Midfield,Senegal,2020-21,2021-22,31,32,Paris Saint-Germain,Paris Saint-Germain,1585,1643,2,3,1,1,3,4,0.114,0.164,0.057,0.055,0.17,0.219,0.05,-0.002,0.049,Improvement,1240,2272
126751,Iñigo Ruiz de Galarreta,Midfield,Central Midfield,Spain,2022-23,2023-24,29,30,RCD Mallorca,Athletic Bilbao,2457,2105,0,1,1,1,1,2,0,0.043,0.037,0.043,0.037,0.086,0.043,0.006,0.049,Improvement,1241,2271
117674,Maximilian Arnold,Midfield,Central Midfield,Germany,2021-22,2022-23,28,29,VfL Wolfsburg,VfL Wolfsburg,2996,2776,4,5,3,3,7,8,0.12,0.162,0.09,0.097,0.21,0.259,0.042,0.007,0.049,Improvement,1242,2270
171679,Matt Doherty,Defender,Right-Back,Ireland,2023-24,2024-25,32,33,Wolverhampton Wanderers,Wolverhampton Wanderers,1141,2112,1,2,0,1,1,3,0.079,0.085,0,0.043,0.079,0.128,0.006,0.043,0.049,Improvement,1243,2269
192169,Jonas Föhrenbach,Defender,Left-Back,Germany,2023-24,2024-25,28,29,1. Fußballclub Heidenheim 1846,1. Fußballclub Heidenheim 1846,2790,1832,0,0,0,1,0,1,0,0,0,0.049,0,0.049,0,0.049,0.049,Improvement,1244,2268
388363,Maximilian Bauer,Defender,Centre-Back,Germany,2021-22,2022-23,22,23,SpVgg Greuther Fürth,FC Augsburg,1686,1845,0,0,0,1,0,1,0,0,0,0.049,0,0.049,0,0.049,0.049,Improvement,1244,2268
411975,Jules Koundé,Defender,Right-Back,France,2021-22,2022-23,23,24,Sevilla FC,FC Barcelona,2737,2428,2,1,1,3,3,4,0.066,0.037,0.033,0.111,0.099,0.148,-0.029,0.078,0.049,Improvement,1245,2267
284857,Marc Cucurella,Defender,Left-Back,Spain,2021-22,2022-23,23,24,"Brighton & Hove Albion, Getafe CF",Chelsea FC,3114,1678,1,0,1,2,2,2,0.029,0,0.029,0.107,0.058,0.107,-0.029,0.078,0.049,Improvement,1245,2267
49275,Albin Ekdal,Midfield,Defensive Midfield,Sweden,2021-22,2022-23,32,33,UC Sampdoria,Spezia Calcio,1640,1731,1,0,0,2,1,2,0.055,0,0,0.104,0.055,0.104,-0.055,0.104,0.049,Improvement,1246,2266
103427,Chris Smalling,Defender,Centre-Back,England,2020-21,2021-22,31,32,Associazione Sportiva Roma,Associazione Sportiva Roma,1110,2089,0,3,1,0,1,3,0,0.129,0.081,0,0.081,0.129,0.129,-0.081,0.048,Improvement,1247,2265
84301,Benjamin André,Midfield,Defensive Midfield,France,2022-23,2023-24,32,33,LOSC Lille,LOSC Lille,2920,2575,1,4,2,0,3,4,0.031,0.14,0.062,0,0.092,0.14,0.109,-0.062,0.048,Improvement,1248,2264
199704,Yunis Abdelhamid,Defender,Centre-Back,Morocco,2022-23,2023-24,35,36,Stade Reims,Stade Reims,3330,2782,1,4,2,0,3,4,0.027,0.129,0.054,0,0.081,0.129,0.102,-0.054,0.048,Improvement,1249,2263
372712,Ibrahima Sissoko,Midfield,Defensive Midfield,Mali,2023-24,2024-25,26,27,RC Strasbourg Alsace,VfL Bochum,1641,2624,0,2,1,1,1,3,0,0.069,0.055,0.034,0.055,0.103,0.069,-0.021,0.048,Improvement,1250,2262
53360,Jay Rodríguez,Attack,Centre-Forward,England,2020-21,2021-22,31,32,Burnley FC,Burnley FC,1256,1371,1,2,2,2,3,4,0.072,0.131,0.143,0.131,0.215,0.263,0.059,-0.012,0.048,Improvement,1251,2261
257376,Domingos Duarte,Defender,Centre-Back,Portugal,2023-24,2024-25,29,30,Getafe CF,Getafe CF,908,1861,0,1,0,0,0,1,0,0.048,0,0,0,0.048,0.048,0,0.048,Improvement,1252,2260
425918,Jakub Kiwior,Defender,Centre-Back,Poland,2021-22,2022-23,22,23,Spezia Calcio,"Arsenal FC, Spezia Calcio",1963,1874,0,1,0,0,0,1,0,0.048,0,0,0,0.048,0.048,0,0.048,Improvement,1252,2260
332889,Valentin Rongier,Midfield,Central Midfield,France,2021-22,2022-23,27,28,Olympique Marseille,Olympique Marseille,2196,3036,0,1,1,2,1,3,0,0.03,0.041,0.059,0.041,0.089,0.03,0.018,0.048,Improvement,1253,2259
659813,Piero Hincapié,Defender,Centre-Back,Ecuador,2022-23,2023-24,21,22,Bayer 04 Leverkusen,Bayer 04 Leverkusen,2468,1483,1,1,1,1,2,2,0.036,0.061,0.036,0.061,0.073,0.121,0.025,0.025,0.048,Improvement,1254,2258
96718,Óscar de Marcos,Defender,Right-Back,Spain,2022-23,2023-24,34,35,Athletic Bilbao,Athletic Bilbao,2825,2261,1,1,5,5,6,6,0.032,0.04,0.159,0.199,0.191,0.239,0.008,0.04,0.048,Improvement,1255,2257
357662,Declan Rice,Midfield,Central Midfield,England,2020-21,2021-22,22,23,West Ham United,West Ham United,2880,3178,2,1,1,4,3,5,0.063,0.028,0.031,0.113,0.094,0.142,-0.035,0.082,0.048,Improvement,1256,2256
148367,Christian Nørgaard,Midfield,Defensive Midfield,Denmark,2021-22,2022-23,28,29,Brentford FC,Brentford FC,3059,1770,3,1,4,4,7,5,0.088,0.051,0.118,0.203,0.206,0.254,-0.037,0.085,0.048,Improvement,1257,2255
76746,Damián Suárez,Defender,Right-Back,Uruguay,2022-23,2023-24,35,36,Getafe CF,Getafe CF,1958,1285,1,0,1,2,2,2,0.046,0,0.046,0.14,0.092,0.14,-0.046,0.094,0.048,Improvement,1258,2254
157509,Kurt Zouma,Defender,Centre-Back,France,2021-22,2022-23,27,28,West Ham United,West Ham United,2080,1990,1,2,0,0,1,2,0.043,0.09,0,0,0.043,0.09,0.047,0,0.047,Improvement,1259,2253
648779,Wilfried Singo,Defender,Right-Back,Cote d'Ivoire,2023-24,2024-25,23,24,AS Monaco,AS Monaco,2187,2093,1,1,1,2,2,3,0.041,0.043,0.041,0.086,0.082,0.129,0.002,0.045,0.047,Improvement,1260,2252
232320,Atakan Karazor,Midfield,Defensive Midfield,Türkiye,2020-21,2021-22,24,25,VfB Stuttgart,VfB Stuttgart,1031,1905,0,0,0,1,0,1,0,0,0,0.047,0,0.047,0,0.047,0.047,Improvement,1261,2251
61891,Fábio,Defender,Right-Back,Brazil,2020-21,2021-22,30,31,FC Nantes,FC Nantes,1512,1678,0,0,1,2,1,2,0,0,0.06,0.107,0.06,0.107,0,0.047,0.047,Improvement,1261,2251
240306,Bruno Fernandes,Midfield,Attacking Midfield,Portugal,2023-24,2024-25,29,30,Manchester United,Manchester United,3120,3023,10,8,8,11,18,19,0.288,0.238,0.231,0.327,0.519,0.566,-0.05,0.096,0.047,Improvement,1262,2250
658536,Simon Adingra,Attack,Left Winger,Cote d'Ivoire,2023-24,2024-25,22,23,Brighton & Hove Albion,Brighton & Hove Albion,2232,1093,6,2,1,2,7,4,0.242,0.165,0.04,0.165,0.282,0.329,-0.077,0.125,0.047,Improvement,1263,2249
181767,Marquinhos,Defender,Centre-Back,Brazil,2023-24,2024-25,30,31,Paris Saint-Germain,Paris Saint-Germain,1540,1725,0,2,1,0,1,2,0,0.104,0.058,0,0.058,0.104,0.104,-0.058,0.046,Improvement,1264,2248
133179,Marten de Roon,Midfield,Defensive Midfield,Netherlands,2020-21,2021-22,30,31,Atalanta BC,Atalanta BC,3022,2548,1,3,1,0,2,3,0.03,0.106,0.03,0,0.06,0.106,0.076,-0.03,0.046,Improvement,1265,2247
648779,Wilfried Singo,Defender,Right-Back,Cote d'Ivoire,2020-21,2021-22,20,21,Torino FC,Torino FC,1851,2621,1,3,3,4,4,7,0.049,0.103,0.146,0.137,0.194,0.24,0.054,-0.009,0.046,Improvement,1266,2246
246291,Diego Llorente,Defender,Centre-Back,Spain,2020-21,2021-22,27,28,"Leeds United, Real Sociedad",Leeds United,1295,2343,1,3,0,0,1,3,0.069,0.115,0,0,0.069,0.115,0.046,0,0.046,Improvement,1267,2245
111196,Stefan de Vrij,Defender,Centre-Back,Netherlands,2021-22,2022-23,30,31,Inter Milan,Inter Milan,2412,1943,0,1,0,0,0,1,0,0.046,0,0,0,0.046,0.046,0,0.046,Improvement,1267,2245
516716,Bremer,Defender,Centre-Back,Brazil,2021-22,2022-23,25,26,Torino FC,Juventus FC,2893,2640,3,4,1,1,4,5,0.093,0.136,0.031,0.034,0.124,0.17,0.043,0.003,0.046,Improvement,1268,2244
200056,Elseid Hysaj,Defender,Right-Back,Albania,2021-22,2022-23,28,29,Società Sportiva Lazio S.p.A.,Società Sportiva Lazio S.p.A.,2031,1994,1,1,0,1,1,2,0.044,0.045,0,0.045,0.044,0.09,0.001,0.045,0.046,Improvement,1269,2243
75921,Christopher Trimmel,Defender,Right-Back,Austria,2023-24,2024-25,37,38,1.FC Union Berlin,1.FC Union Berlin,1651,1744,0,0,2,3,2,3,0,0,0.109,0.155,0.109,0.155,0,0.046,0.046,Improvement,1270,2242
563963,Mohammed Salisu,Defender,Centre-Back,Ghana,2021-22,2022-23,23,24,Southampton FC,Southampton FC,2972,1973,0,0,0,1,0,1,0,0,0,0.046,0,0.046,0,0.046,0.046,Improvement,1270,2242
357885,Pablo Fornals,Midfield,Central Midfield,Spain,2022-23,2023-24,27,28,West Ham United,"Real Betis Balompié, West Ham United",1503,1573,3,3,1,2,4,5,0.18,0.172,0.06,0.114,0.24,0.286,-0.008,0.054,0.046,Improvement,1271,2241
683840,Pedri,Midfield,Central Midfield,Spain,2022-23,2023-24,20,21,FC Barcelona,FC Barcelona,1982,1482,6,4,1,2,7,6,0.272,0.243,0.045,0.121,0.318,0.364,-0.029,0.076,0.046,Improvement,1272,2240
422850,Ghislain Konan,Defender,Left-Back,Cote d'Ivoire,2020-21,2021-22,25,26,Stade Reims,Stade Reims,2613,2422,2,1,1,3,3,4,0.069,0.037,0.034,0.111,0.103,0.149,-0.032,0.077,0.046,Improvement,1273,2239
335457,Ermedin Demirovic,Attack,Centre-Forward,Bosnia-Herzegovina,2023-24,2024-25,26,27,FC Augsburg,VfB Stuttgart,2884,1855,15,15,10,2,25,17,0.468,0.728,0.312,0.097,0.78,0.825,0.26,-0.215,0.045,Improvement,1274,2238
694509,Moussa Diarra,Defender,Centre-Back,Mali,2022-23,2023-24,22,23,FC Toulouse,FC Toulouse,1218,1400,0,1,2,2,2,3,0,0.064,0.148,0.129,0.148,0.193,0.064,-0.019,0.045,Improvement,1275,2237
340879,Merih Demiral,Defender,Centre-Back,Türkiye,2020-21,2021-22,23,24,Juventus FC,Atalanta BC,935,1915,0,1,1,2,1,3,0,0.047,0.096,0.094,0.096,0.141,0.047,-0.002,0.045,Improvement,1276,2236
142031,Omar Mascarell,Midfield,Defensive Midfield,Equatorial Guinea,2023-24,2024-25,31,32,RCD Mallorca,RCD Mallorca,1573,1990,0,1,0,0,0,1,0,0.045,0,0,0,0.045,0.045,0,0.045,Improvement,1277,2235
55099,Nicolas Höfler,Midfield,Defensive Midfield,Germany,2022-23,2023-24,33,34,SC Freiburg,SC Freiburg,2822,2333,0,1,1,1,1,2,0,0.039,0.032,0.039,0.032,0.077,0.039,0.007,0.045,Improvement,1278,2234
82442,Olivier Giroud,Attack,Centre-Forward,France,2021-22,2022-23,35,36,AC Milan,AC Milan,1901,2145,11,13,4,5,15,18,0.521,0.545,0.189,0.21,0.71,0.755,0.024,0.021,0.045,Improvement,1279,2233
250845,José María Giménez,Defender,Centre-Back,Uruguay,2023-24,2024-25,29,30,Atlético de Madrid,Atlético de Madrid,1323,1994,0,0,0,1,0,1,0,0,0,0.045,0,0.045,0,0.045,0.045,Improvement,1280,2232
357233,Leandro Barreiro,Midfield,Central Midfield,Luxembourg,2020-21,2021-22,21,22,1.FSV Mainz 05,1.FSV Mainz 05,2314,1790,2,1,2,3,4,4,0.078,0.05,0.078,0.151,0.156,0.201,-0.028,0.073,0.045,Improvement,1281,2231
162434,Niklas Stark,Defender,Centre-Back,Germany,2020-21,2021-22,26,27,Hertha BSC,Hertha BSC,2793,2028,0,1,0,0,0,1,0,0.044,0,0,0,0.044,0.044,0,0.044,Improvement,1282,2230
399776,Pau Torres,Defender,Centre-Back,Spain,2022-23,2023-24,26,27,Villarreal CF,Aston Villa,3055,2463,1,2,0,0,1,2,0.029,0.073,0,0,0.029,0.073,0.044,0,0.044,Improvement,1282,2230
256267,Vedat Muriqi,Attack,Centre-Forward,Kosovo,2023-24,2024-25,30,31,RCD Mallorca,RCD Mallorca,2330,2067,7,7,2,2,9,9,0.27,0.305,0.077,0.087,0.348,0.392,0.035,0.01,0.044,Improvement,1283,2229
248999,Lucas Höler,Attack,Centre-Forward,Germany,2023-24,2024-25,29,30,SC Freiburg,SC Freiburg,2313,1869,7,6,3,3,10,9,0.272,0.289,0.117,0.144,0.389,0.433,0.017,0.027,0.044,Improvement,1284,2228
74683,Nemanja Matić,Midfield,Defensive Midfield,Serbia,2023-24,2024-25,35,36,"Olympique Lyon, Stade Rennais FC",Olympique Lyon,2288,2025,0,0,0,1,0,1,0,0,0,0.044,0,0.044,0,0.044,0.044,Improvement,1285,2227
15452,Raúl Albiol,Defender,Centre-Back,Spain,2022-23,2023-24,37,38,Villarreal CF,Villarreal CF,2119,2035,0,0,0,1,0,1,0,0,0,0.044,0,0.044,0,0.044,0.044,Improvement,1285,2227
234523,Antonio Sanabria,Attack,Centre-Forward,Paraguay,2021-22,2022-23,26,27,Torino FC,Torino FC,1812,2443,6,12,5,4,11,16,0.298,0.442,0.248,0.147,0.546,0.589,0.144,-0.101,0.043,Improvement,1286,2226
386446,Alessandro Buongiorno,Defender,Centre-Back,Italy,2022-23,2023-24,24,25,Torino FC,Torino FC,2725,2530,1,3,2,1,3,4,0.033,0.107,0.066,0.036,0.099,0.142,0.074,-0.03,0.043,Improvement,1287,2225
18944,Gerard Piqué,Defender,Centre-Back,Spain,2020-21,2021-22,34,35,FC Barcelona,FC Barcelona,1485,2096,0,1,0,0,0,1,0,0.043,0,0,0,0.043,0.043,0,0.043,Improvement,1288,2224
711996,Warmed Omari,Defender,Centre-Back,Comoros,2022-23,2023-24,23,24,Stade Rennais FC,Stade Rennais FC,1363,2071,0,1,0,0,0,1,0,0.043,0,0,0,0.043,0.043,0,0.043,Improvement,1288,2224
29241,Thiago Silva,Defender,Centre-Back,Brazil,2020-21,2021-22,36,37,Chelsea FC,Chelsea FC,1938,2651,2,3,0,1,2,4,0.093,0.102,0,0.034,0.093,0.136,0.009,0.034,0.043,Improvement,1289,2223
60410,Marcos Acuña,Defender,Left-Back,Argentina,2020-21,2021-22,29,30,Sevilla FC,Sevilla FC,2331,2264,1,1,2,3,3,4,0.039,0.04,0.077,0.119,0.116,0.159,0.001,0.042,0.043,Improvement,1290,2222
353366,Benjamin Pavard,Defender,Centre-Back,France,2020-21,2021-22,25,26,Bayern Munich,Bayern Munich,1943,2081,0,0,0,1,0,1,0,0,0,0.043,0,0.043,0,0.043,0.043,Improvement,1291,2221
127182,Thomas Monconduit,Midfield,Defensive Midfield,France,2020-21,2021-22,30,31,FC Lorient,FC Lorient,1148,2254,2,3,0,2,2,5,0.157,0.12,0,0.08,0.157,0.2,-0.037,0.08,0.043,Improvement,1292,2220
580560,Jon Pacheco,Defender,Centre-Back,Spain,2022-23,2023-24,22,23,Real Sociedad,Real Sociedad,1189,1521,0,1,1,1,1,2,0,0.059,0.076,0.059,0.076,0.118,0.059,-0.017,0.042,Improvement,1293,2219
270171,Vitaly Janelt,Midfield,Defensive Midfield,Germany,2023-24,2024-25,26,27,Brentford FC,Brentford FC,3073,2267,1,1,3,3,4,4,0.029,0.04,0.088,0.119,0.117,0.159,0.011,0.031,0.042,Improvement,1294,2218
148967,Konstantinos Stafylidis,Defender,Left-Back,Greece,2021-22,2022-23,28,29,VfL Bochum,VfL Bochum,1371,1043,0,0,2,2,2,2,0,0,0.131,0.173,0.131,0.173,0,0.042,0.042,Improvement,1295,2217
119296,Emre Can,Defender,Centre-Back,Germany,2022-23,2023-24,29,30,Borussia Dortmund,Borussia Dortmund,1896,1956,2,2,1,2,3,4,0.095,0.092,0.047,0.092,0.142,0.184,-0.003,0.045,0.042,Improvement,1296,2216
525299,Miguel Gutiérrez,Defender,Left-Back,Spain,2022-23,2023-24,21,22,Girona FC,Girona FC,2397,3037,2,2,4,7,6,9,0.075,0.059,0.15,0.207,0.225,0.267,-0.016,0.057,0.042,Improvement,1297,2215
126664,Lucas Digne,Defender,Left-Back,France,2023-24,2024-25,30,31,Aston Villa,Aston Villa,2413,2360,1,0,3,5,4,5,0.037,0,0.112,0.191,0.149,0.191,-0.037,0.079,0.042,Improvement,1298,2214
121985,Juan Jesus,Defender,Centre-Back,Brazil,2023-24,2024-25,33,34,SSC Napoli,SSC Napoli,2119,1074,1,0,0,1,1,1,0.042,0,0,0.084,0.042,0.084,-0.042,0.084,0.042,Improvement,1299,2213
145988,Wilfried Zaha,Attack,Left Winger,Cote d'Ivoire,2020-21,2021-22,28,29,Crystal Palace,Crystal Palace,2614,2762,11,14,2,1,13,15,0.379,0.456,0.069,0.033,0.448,0.489,0.077,-0.036,0.041,Improvement,1300,2212
181778,Emerson,Defender,Left-Back,Italy,2023-24,2024-25,29,30,West Ham United,West Ham United,3143,2125,1,2,2,1,3,3,0.029,0.085,0.057,0.042,0.086,0.127,0.056,-0.015,0.041,Improvement,1301,2211
384553,Luca Kilian,Defender,Centre-Back,Germany,2021-22,2022-23,22,23,"1.FC Köln, 1.FSV Mainz 05",1.FC Köln,2284,1123,1,1,0,0,1,1,0.039,0.08,0,0,0.039,0.08,0.041,0,0.041,Improvement,1302,2210
213670,Lucas Torró,Midfield,Defensive Midfield,Spain,2023-24,2024-25,29,30,CA Osasuna,CA Osasuna,1791,2963,1,3,0,0,1,3,0.05,0.091,0,0,0.05,0.091,0.041,0,0.041,Improvement,1302,2210
215977,Adrien Thomasson,Midfield,Central Midfield,France,2023-24,2024-25,30,31,RC Lens,RC Lens,1191,2625,1,3,3,7,4,10,0.076,0.103,0.227,0.24,0.302,0.343,0.027,0.013,0.041,Improvement,1303,2209
118534,Michael Keane,Defender,Centre-Back,England,2020-21,2021-22,28,29,Everton FC,Everton FC,2990,2792,3,3,1,2,4,5,0.09,0.097,0.03,0.064,0.12,0.161,0.007,0.034,0.041,Improvement,1304,2208
179635,Philipp Förster,Midfield,Attacking Midfield,Germany,2020-21,2021-22,26,27,VfB Stuttgart,VfB Stuttgart,1518,971,3,2,1,1,4,3,0.178,0.185,0.059,0.093,0.237,0.278,0.007,0.034,0.041,Improvement,1304,2208
563963,Mohammed Salisu,Defender,Centre-Back,Ghana,2022-23,2023-24,24,25,Southampton FC,AS Monaco,1973,1035,0,0,1,1,1,1,0,0,0.046,0.087,0.046,0.087,0,0.041,0.041,Improvement,1305,2207
485706,Amadou Onana,Midfield,Defensive Midfield,Belgium,2021-22,2022-23,20,21,LOSC Lille,Everton FC,1347,2496,1,1,0,2,1,3,0.067,0.036,0,0.072,0.067,0.108,-0.031,0.072,0.041,Improvement,1306,2206
160968,Benno Schmitz,Defender,Right-Back,Germany,2022-23,2023-24,28,29,1.FC Köln,1.FC Köln,2430,1151,1,0,0,1,1,1,0.037,0,0,0.078,0.037,0.078,-0.037,0.078,0.041,Improvement,1307,2205
98240,Ciaran Clark,Defender,Centre-Back,Ireland,2020-21,2021-22,31,32,Newcastle United,Newcastle United,1893,1014,1,0,0,1,1,1,0.048,0,0,0.089,0.048,0.089,-0.048,0.089,0.041,Improvement,1308,2204
399543,Rémi Oudin,Midfield,Attacking Midfield,France,2022-23,2023-24,26,27,US Lecce,US Lecce,1316,1828,3,3,0,2,3,5,0.205,0.148,0,0.098,0.205,0.246,-0.057,0.098,0.041,Improvement,1309,2203
92572,Joel Ward,Defender,Right-Back,England,2021-22,2022-23,32,33,Crystal Palace,Crystal Palace,2486,2255,0,1,0,0,0,1,0,0.04,0,0,0,0.04,0.04,0,0.04,Improvement,1310,2202
174094,Morgan Sanson,Midfield,Central Midfield,France,2022-23,2023-24,28,29,"Aston Villa, RC Strasbourg Alsace",OGC Nice,1441,1980,1,2,2,3,3,5,0.062,0.091,0.125,0.136,0.187,0.227,0.029,0.011,0.04,Improvement,1311,2201
281989,Luis Milla,Midfield,Central Midfield,Spain,2020-21,2021-22,26,27,Granada CF,Granada CF,1169,2785,1,3,1,3,2,6,0.077,0.097,0.077,0.097,0.154,0.194,0.02,0.02,0.04,Improvement,1312,2200
76467,Kiko Femenía,Defender,Right-Back,Spain,2023-24,2024-25,33,34,Villarreal CF,Villarreal CF,1581,2229,0,0,0,1,0,1,0,0,0,0.04,0,0.04,0,0.04,0.04,Improvement,1313,2199
401530,Éder Militão,Defender,Centre-Back,Brazil,2020-21,2021-22,23,24,Real Madrid,Real Madrid,1134,3033,1,1,0,3,1,4,0.079,0.03,0,0.089,0.079,0.119,-0.049,0.089,0.04,Improvement,1314,2198
314875,Jarrod Bowen,Attack,Right Winger,England,2023-24,2024-25,27,28,West Ham United,West Ham United,3022,2980,16,13,6,10,22,23,0.477,0.393,0.179,0.302,0.655,0.695,-0.084,0.123,0.04,Improvement,1315,2197
435338,Gabriel,Defender,Centre-Back,Brazil,2022-23,2023-24,25,26,Arsenal FC,Arsenal FC,3411,3044,3,4,0,0,3,4,0.079,0.118,0,0,0.079,0.118,0.039,0,0.039,Improvement,1316,2196
126699,Vincent Pajot,Midfield,Defensive Midfield,France,2020-21,2021-22,30,31,FC Metz,FC Metz,918,2317,0,1,0,0,0,1,0,0.039,0,0,0,0.039,0.039,0,0.039,Improvement,1316,2196
268670,Gerard Gumbau,Midfield,Defensive Midfield,Spain,2021-22,2022-23,27,28,Elche CF,Elche CF,1888,2744,0,1,4,6,4,7,0,0.033,0.191,0.197,0.191,0.23,0.033,0.006,0.039,Improvement,1317,2195
217115,Neal Maupay,Attack,Centre-Forward,France,2020-21,2021-22,24,25,Brighton & Hove Albion,Brighton & Hove Albion,2520,2274,8,8,2,2,10,10,0.286,0.317,0.071,0.079,0.357,0.396,0.031,0.008,0.039,Improvement,1318,2194
344605,Boubakary Soumaré,Midfield,Defensive Midfield,France,2022-23,2023-24,24,25,Leicester City,Sevilla FC,1634,2287,0,0,0,1,0,1,0,0,0,0.039,0,0.039,0,0.039,0.039,Improvement,1319,2193
170472,Dimitri Foulquier,Defender,Right-Back,Guadeloupe,2023-24,2024-25,31,32,Valencia CF,Valencia CF,1833,2297,0,0,0,1,0,1,0,0,0,0.039,0,0.039,0,0.039,0.039,Improvement,1319,2193
74229,Koke,Midfield,Central Midfield,Spain,2022-23,2023-24,31,32,Atlético de Madrid,Atlético de Madrid,2560,2502,0,0,3,4,3,4,0,0,0.105,0.144,0.105,0.144,0,0.039,0.039,Improvement,1319,2193
121477,Craig Dawson,Defender,Centre-Back,England,2022-23,2023-24,33,34,"West Ham United, Wolverhampton Wanderers",Wolverhampton Wanderers,2135,2211,1,1,0,1,1,2,0.042,0.041,0,0.041,0.042,0.081,-0.001,0.041,0.039,Improvement,1320,2192
406625,Lautaro Martínez,Attack,Centre-Forward,Argentina,2021-22,2022-23,24,25,Inter Milan,Inter Milan,2298,2574,21,21,3,7,24,28,0.822,0.734,0.117,0.245,0.94,0.979,-0.088,0.128,0.039,Improvement,1321,2191
393512,Felix Agu,Defender,Left-Back,Nigeria,2023-24,2024-25,24,25,SV Werder Bremen,SV Werder Bremen,1624,1761,0,3,3,1,3,4,0,0.153,0.166,0.051,0.166,0.204,0.153,-0.115,0.038,Improvement,1322,2190
207877,Ruslan Malinovskyi,Midfield,Central Midfield,Ukraine,2022-23,2023-24,30,31,"Atalanta BC, Olympique Marseille",Genoa CFC,1782,1548,2,4,3,1,5,5,0.101,0.233,0.152,0.058,0.253,0.291,0.132,-0.094,0.038,Improvement,1323,2189
532775,Melvin Bard,Defender,Left-Back,France,2023-24,2024-25,23,24,OGC Nice,OGC Nice,2661,1941,1,2,2,1,3,3,0.034,0.093,0.068,0.046,0.101,0.139,0.059,-0.022,0.038,Improvement,1324,2188
848509,Jackson Tchatchoua,Defender,Right-Back,Cameroon,2023-24,2024-25,22,23,Hellas Verona,Hellas Verona,1725,3170,0,2,2,3,2,5,0,0.057,0.104,0.085,0.104,0.142,0.057,-0.019,0.038,Improvement,1325,2187
248999,Lucas Höler,Attack,Centre-Forward,Germany,2021-22,2022-23,27,28,SC Freiburg,SC Freiburg,2598,1505,7,5,4,2,11,7,0.242,0.299,0.139,0.12,0.381,0.419,0.057,-0.019,0.038,Improvement,1325,2187
106405,Jeffrey Gouweleeuw,Defender,Centre-Back,Netherlands,2020-21,2021-22,29,30,FC Augsburg,FC Augsburg,2835,2578,1,2,0,0,1,2,0.032,0.07,0,0,0.032,0.07,0.038,0,0.038,Improvement,1326,2186
328784,Robin Koch,Defender,Centre-Back,Germany,2023-24,2024-25,27,28,Eintracht Frankfurt,Eintracht Frankfurt,2740,2589,2,3,0,0,2,3,0.066,0.104,0,0,0.066,0.104,0.038,0,0.038,Improvement,1326,2186
73926,Davide Faraoni,Defender,Right-Back,Italy,2020-21,2021-22,29,30,Hellas Verona,Hellas Verona,2894,2578,4,4,6,6,10,10,0.124,0.14,0.187,0.209,0.311,0.349,0.016,0.022,0.038,Improvement,1327,2185
281755,Iván Alejo,Attack,Right Winger,Spain,2022-23,2023-24,28,29,Cádiz CF,Cádiz CF,1305,1690,0,0,1,2,1,2,0,0,0.069,0.107,0.069,0.107,0,0.038,0.038,Improvement,1328,2184
490384,Koni De Winter,Defender,Centre-Back,Belgium,2022-23,2023-24,21,22,FC Empoli,Genoa CFC,1024,2380,0,0,0,1,0,1,0,0,0,0.038,0,0.038,0,0.038,0.038,Improvement,1328,2184
277384,Martin Valjent,Defender,Centre-Back,Slovakia,2022-23,2023-24,27,28,RCD Mallorca,RCD Mallorca,2659,2354,0,0,0,1,0,1,0,0,0,0.038,0,0.038,0,0.038,0.038,Improvement,1328,2184
401527,Rogério,Defender,Left-Back,Brazil,2021-22,2022-23,24,25,US Sassuolo,US Sassuolo,1733,2998,0,0,1,3,1,3,0,0,0.052,0.09,0.052,0.09,0,0.038,0.038,Improvement,1328,2184
610083,Unai Vencedor,Midfield,Central Midfield,Spain,2020-21,2021-22,20,21,Athletic Bilbao,Athletic Bilbao,1704,2396,0,0,0,1,0,1,0,0,0,0.038,0,0.038,0,0.038,0.038,Improvement,1328,2184
66100,Oriol Romeu,Midfield,Defensive Midfield,Spain,2022-23,2023-24,31,32,"Girona FC, Southampton FC",FC Barcelona,3027,930,2,0,0,1,2,1,0.059,0,0,0.097,0.059,0.097,-0.059,0.097,0.038,Improvement,1329,2183
606718,Toti,Defender,Centre-Back,Portugal,2022-23,2023-24,24,25,Wolverhampton Wanderers,Wolverhampton Wanderers,981,2776,1,1,0,3,1,4,0.092,0.032,0,0.097,0.092,0.13,-0.06,0.097,0.038,Improvement,1330,2182
120205,Michael Gregoritsch,Attack,Centre-Forward,Austria,2021-22,2022-23,28,29,FC Augsburg,SC Freiburg,1390,2175,9,10,0,5,9,15,0.583,0.414,0,0.207,0.583,0.621,-0.169,0.207,0.038,Improvement,1331,2181
118847,Dominik Kohr,Defender,Centre-Back,Germany,2023-24,2024-25,30,31,1.FSV Mainz 05,1.FSV Mainz 05,2190,2305,1,2,0,0,1,2,0.041,0.078,0,0,0.041,0.078,0.037,0,0.037,Improvement,1332,2180
183031,Koffi Djidji,Defender,Centre-Back,Cote d'Ivoire,2021-22,2022-23,29,30,Torino FC,Torino FC,1737,2423,0,1,0,0,0,1,0,0.037,0,0,0,0.037,0.037,0,0.037,Improvement,1332,2180
225657,Philipp Lienhart,Defender,Centre-Back,Austria,2020-21,2021-22,24,25,SC Freiburg,SC Freiburg,2993,2871,4,5,0,0,4,5,0.12,0.157,0,0,0.12,0.157,0.037,0,0.037,Improvement,1332,2180
277137,Renato Tapia,Midfield,Defensive Midfield,Peru,2023-24,2024-25,28,29,Celta de Vigo,CD Leganés,1337,2428,0,1,0,0,0,1,0,0.037,0,0,0,0.037,0.037,0,0.037,Improvement,1332,2180
106405,Jeffrey Gouweleeuw,Defender,Centre-Back,Netherlands,2022-23,2023-24,31,32,FC Augsburg,FC Augsburg,2797,2594,0,1,1,1,1,2,0,0.035,0.032,0.035,0.032,0.069,0.035,0.003,0.037,Improvement,1333,2179
126751,Iñigo Ruiz de Galarreta,Midfield,Central Midfield,Spain,2021-22,2022-23,28,29,RCD Mallorca,RCD Mallorca,1388,2457,0,0,0,1,0,1,0,0,0,0.037,0,0.037,0,0.037,0.037,Improvement,1334,2178
142031,Omar Mascarell,Midfield,Defensive Midfield,Equatorial Guinea,2021-22,2022-23,29,30,Elche CF,Elche CF,2506,2450,0,0,0,1,0,1,0,0,0,0.037,0,0.037,0,0.037,0.037,Improvement,1334,2178
214532,Pierrick Capelle,Midfield,Central Midfield,France,2021-22,2022-23,35,36,Angers SCO,Angers SCO,1187,1425,0,0,2,3,2,3,0,0,0.152,0.189,0.152,0.189,0,0.037,0.037,Improvement,1334,2178
503991,Yunus Musah,Midfield,Central Midfield,United States,2022-23,2023-24,20,21,Valencia CF,AC Milan,2121,1470,0,0,2,2,2,2,0,0,0.085,0.122,0.085,0.122,0,0.037,0.037,Improvement,1334,2178
127189,Geoffrey Kondogbia,Midfield,Defensive Midfield,Central African Republic,2021-22,2022-23,29,30,Atlético de Madrid,Atlético de Madrid,1884,1000,1,0,2,2,3,2,0.048,0,0.096,0.18,0.143,0.18,-0.048,0.084,0.037,Improvement,1335,2177
252677,José Luis Morales,Attack,Centre-Forward,Spain,2020-21,2021-22,33,34,Levante UD,Levante UD,2454,2726,13,13,4,7,17,20,0.477,0.429,0.147,0.231,0.623,0.66,-0.048,0.084,0.037,Improvement,1335,2177
88262,Dedryck Boyata,Defender,Centre-Back,Belgium,2020-21,2021-22,30,31,Hertha BSC,Hertha BSC,1546,1900,1,0,0,2,1,2,0.058,0,0,0.095,0.058,0.095,-0.058,0.095,0.037,Improvement,1336,2176
361104,Sergiño Dest,Defender,Right-Back,United States,2020-21,2021-22,20,21,FC Barcelona,FC Barcelona,1913,1515,2,0,1,3,3,3,0.094,0,0.047,0.178,0.141,0.178,-0.094,0.131,0.037,Improvement,1337,2175
192565,Leroy Sané,Attack,Right Winger,Germany,2021-22,2022-23,26,27,Bayern Munich,Bayern Munich,1980,2010,7,8,7,7,14,15,0.318,0.358,0.318,0.313,0.636,0.672,0.04,-0.005,0.036,Improvement,1338,2174
242940,Edoardo Goldaniga,Defender,Centre-Back,Italy,2023-24,2024-25,30,31,Cagliari Calcio,Como 1907,1013,2529,0,1,0,0,0,1,0,0.036,0,0,0,0.036,0.036,0,0.036,Improvement,1339,2173
298583,Eray Cömert,Defender,Centre-Back,Switzerland,2022-23,2023-24,25,26,Valencia CF,FC Nantes,1675,1998,1,2,0,0,1,2,0.054,0.09,0,0,0.054,0.09,0.036,0,0.036,Improvement,1339,2173
118284,Jordan Ferri,Midfield,Central Midfield,France,2021-22,2022-23,30,31,Montpellier HSC,Montpellier HSC,2920,2748,0,1,2,2,2,3,0,0.033,0.062,0.066,0.062,0.098,0.033,0.004,0.036,Improvement,1340,2172
559979,Abdel Abqar,Defender,Centre-Back,Morocco,2023-24,2024-25,25,26,Deportivo Alavés,Deportivo Alavés,2315,2467,0,0,0,1,0,1,0,0,0,0.036,0,0.036,0,0.036,0.036,Improvement,1341,2171
392516,Antonino Gallo,Defender,Left-Back,Italy,2022-23,2023-24,23,24,US Lecce,US Lecce,2486,2502,0,0,2,3,2,3,0,0,0.072,0.108,0.072,0.108,0,0.036,0.036,Improvement,1341,2171
457931,Luiz Felipe,Defender,Centre-Back,Italy,2020-21,2021-22,24,25,Società Sportiva Lazio S.p.A.,Società Sportiva Lazio S.p.A.,911,2493,0,0,0,1,0,1,0,0,0,0.036,0,0.036,0,0.036,0.036,Improvement,1341,2171
86784,Ricardo Rodríguez,Defender,Left-Back,Switzerland,2020-21,2021-22,28,29,Torino FC,Torino FC,1246,2472,0,0,0,1,0,1,0,0,0,0.036,0,0.036,0,0.036,0.036,Improvement,1341,2171
198116,Federico Dimarco,Defender,Left-Back,Italy,2020-21,2021-22,23,24,Hellas Verona,Inter Milan,2615,1422,5,2,5,4,10,6,0.172,0.127,0.172,0.253,0.344,0.38,-0.045,0.081,0.036,Improvement,1342,2170
358504,Ritsu Doan,Attack,Right Winger,Japan,2022-23,2023-24,25,26,SC Freiburg,SC Freiburg,2449,2256,5,7,6,4,11,11,0.184,0.279,0.22,0.16,0.404,0.439,0.095,-0.06,0.035,Improvement,1343,2169
135343,Fabian Schär,Defender,Centre-Back,Switzerland,2022-23,2023-24,31,32,Newcastle United,Newcastle United,3210,3056,1,4,3,1,4,5,0.028,0.118,0.084,0.029,0.112,0.147,0.09,-0.055,0.035,Improvement,1344,2168
335721,Ben White,Defender,Right-Back,England,2022-23,2023-24,25,26,Arsenal FC,Arsenal FC,3067,2995,2,4,5,4,7,8,0.059,0.12,0.147,0.12,0.205,0.24,0.061,-0.027,0.035,Improvement,1345,2167
277179,Angeliño,Defender,Left-Back,Spain,2023-24,2024-25,27,28,Associazione Sportiva Roma,Associazione Sportiva Roma,1148,3179,0,2,1,2,1,4,0,0.057,0.078,0.057,0.078,0.113,0.057,-0.021,0.035,Improvement,1346,2166
480267,Ronald Araujo,Defender,Centre-Back,Uruguay,2022-23,2023-24,24,25,FC Barcelona,FC Barcelona,1804,1994,0,1,2,2,2,3,0,0.045,0.1,0.09,0.1,0.135,0.045,-0.01,0.035,Improvement,1347,2165
225657,Philipp Lienhart,Defender,Centre-Back,Austria,2022-23,2023-24,26,27,SC Freiburg,SC Freiburg,2498,1265,1,1,0,0,1,1,0.036,0.071,0,0,0.036,0.071,0.035,0,0.035,Improvement,1348,2164
282041,Presnel Kimpembe,Defender,Centre-Back,France,2020-21,2021-22,25,26,Paris Saint-Germain,Paris Saint-Germain,2307,2579,0,1,0,0,0,1,0,0.035,0,0,0,0.035,0.035,0,0.035,Improvement,1348,2164
238266,Duje Caleta-Car,Defender,Centre-Back,Croatia,2020-21,2021-22,24,25,Olympique Marseille,Olympique Marseille,2816,2061,2,2,1,1,3,3,0.064,0.087,0.032,0.044,0.096,0.131,0.023,0.012,0.035,Improvement,1349,2163
251876,Pablo Maffeo,Defender,Right-Back,Argentina,2022-23,2023-24,25,26,RCD Mallorca,RCD Mallorca,2976,1455,2,1,3,2,5,3,0.06,0.062,0.091,0.124,0.151,0.186,0.002,0.033,0.035,Improvement,1350,2162
344605,Boubakary Soumaré,Midfield,Defensive Midfield,France,2020-21,2021-22,22,23,LOSC Lille,Leicester City,1915,1100,0,0,1,1,1,1,0,0,0.047,0.082,0.047,0.082,0,0.035,0.035,Improvement,1351,2161
256977,Daniel Podence,Attack,Left Winger,Portugal,2020-21,2021-22,25,26,Wolverhampton Wanderers,Wolverhampton Wanderers,1677,1484,3,2,2,3,5,5,0.161,0.121,0.107,0.182,0.268,0.303,-0.04,0.075,0.035,Improvement,1352,2160
129078,Nathan Redmond,Attack,Right Winger,England,2020-21,2021-22,27,28,Southampton FC,Southampton FC,1730,1832,2,1,3,5,5,6,0.104,0.049,0.156,0.246,0.26,0.295,-0.055,0.09,0.035,Improvement,1353,2159
165007,Denis Suárez,Midfield,Attacking Midfield,Spain,2020-21,2021-22,27,28,Celta de Vigo,Celta de Vigo,2862,2837,0,4,9,6,9,10,0,0.127,0.283,0.19,0.283,0.317,0.127,-0.093,0.034,Improvement,1354,2158
223979,Xaver Schlager,Midfield,Central Midfield,Austria,2021-22,2022-23,24,25,VfL Wolfsburg,RB Leipzig,1048,1503,0,1,1,1,1,2,0,0.06,0.086,0.06,0.086,0.12,0.06,-0.026,0.034,Improvement,1355,2157
357003,Martin Erlić,Defender,Centre-Back,Croatia,2022-23,2023-24,25,26,US Sassuolo,US Sassuolo,2332,2625,0,1,0,0,0,1,0,0.034,0,0,0,0.034,0.034,0,0.034,Improvement,1356,2156
193784,Carlos Clerc,Defender,Left-Back,Spain,2021-22,2022-23,30,31,Levante UD,Elche CF,1517,2647,0,0,0,1,0,1,0,0,0,0.034,0,0.034,0,0.034,0.034,Improvement,1357,2155
129674,Jeremy Toljan,Defender,Right-Back,Germany,2021-22,2022-23,27,28,US Sassuolo,US Sassuolo,1399,2672,0,0,0,1,0,1,0,0,0,0.034,0,0.034,0,0.034,0.034,Improvement,1357,2155
413565,Jhon Lucumí,Defender,Centre-Back,Colombia,2023-24,2024-25,26,27,Bologna Football Club 1909,Bologna Football Club 1909,2213,2613,0,0,0,1,0,1,0,0,0,0.034,0,0.034,0,0.034,0.034,Improvement,1357,2155
575998,Leonardo Balerdi,Defender,Centre-Back,Argentina,2021-22,2022-23,23,24,Olympique Marseille,Olympique Marseille,949,2642,0,0,0,1,0,1,0,0,0,0.034,0,0.034,0,0.034,0.034,Improvement,1357,2155
708678,Isaak Touré,Defender,Centre-Back,France,2022-23,2023-24,20,21,"AJ Auxerre, Olympique Marseille",FC Lorient,1655,2052,1,1,0,1,1,2,0.054,0.044,0,0.044,0.054,0.088,-0.01,0.044,0.034,Improvement,1358,2154
56794,Fabien Lemoine,Midfield,Defensive Midfield,France,2020-21,2021-22,34,35,FC Lorient,FC Lorient,1948,1119,1,0,0,1,1,1,0.046,0,0,0.08,0.046,0.08,-0.046,0.08,0.034,Improvement,1359,2153
353365,Marcus Coco,Defender,Right-Back,Guadeloupe,2023-24,2024-25,28,29,FC Nantes,FC Nantes,1489,955,1,0,0,1,1,1,0.06,0,0,0.094,0.06,0.094,-0.06,0.094,0.034,Improvement,1360,2152
355627,Sergio Akieme,Defender,Left-Back,Spain,2023-24,2024-25,26,27,"Stade Reims, UD Almería",Stade Reims,2495,2527,4,2,0,3,4,5,0.144,0.071,0,0.107,0.144,0.178,-0.073,0.107,0.034,Improvement,1361,2151
478573,Ryan Gravenberch,Midfield,Defensive Midfield,Netherlands,2023-24,2024-25,22,23,"Bayern Munich, Liverpool FC",Liverpool FC,1130,3169,1,0,0,4,1,4,0.08,0,0,0.114,0.08,0.114,-0.08,0.114,0.034,Improvement,1362,2150
46580,Andrej Kramaric,Attack,Second Striker,Croatia,2021-22,2022-23,31,32,TSG 1899 Hoffenheim,TSG 1899 Hoffenheim,2710,2393,6,12,10,3,16,15,0.199,0.451,0.332,0.113,0.531,0.564,0.252,-0.219,0.033,Improvement,1363,2149
548111,Álex Baena,Attack,Left Winger,Spain,2023-24,2024-25,22,23,Villarreal CF,Villarreal CF,2601,2608,2,7,14,10,16,17,0.069,0.242,0.484,0.345,0.554,0.587,0.173,-0.139,0.033,Improvement,1364,2148
342405,Mattias Svanberg,Midfield,Central Midfield,Sweden,2023-24,2024-25,25,26,VfL Wolfsburg,VfL Wolfsburg,1726,1223,1,3,4,1,5,4,0.052,0.221,0.209,0.074,0.261,0.294,0.169,-0.135,0.033,Improvement,1365,2147
418659,Amine Gouiri,Attack,Centre-Forward,Algeria,2021-22,2022-23,22,23,OGC Nice,"OGC Nice, Stade Rennais FC",2764,2759,10,15,9,5,19,20,0.326,0.489,0.293,0.163,0.619,0.652,0.163,-0.13,0.033,Improvement,1366,2146
332560,Deiver Machado,Defender,Left-Back,Colombia,2022-23,2023-24,29,30,RC Lens,RC Lens,2205,1127,4,4,3,0,7,4,0.163,0.319,0.122,0,0.286,0.319,0.156,-0.122,0.033,Improvement,1367,2145
406625,Lautaro Martínez,Attack,Centre-Forward,Argentina,2022-23,2023-24,25,26,Inter Milan,Inter Milan,2574,2667,21,24,7,6,28,30,0.734,0.81,0.245,0.202,0.979,1.012,0.076,-0.043,0.033,Improvement,1368,2144
398073,Achraf Hakimi,Defender,Right-Back,Morocco,2021-22,2022-23,23,24,Paris Saint-Germain,Paris Saint-Germain,2484,2052,4,5,6,4,10,9,0.145,0.219,0.217,0.175,0.362,0.395,0.074,-0.042,0.033,Improvement,1369,2143
284730,Manuel Akanji,Defender,Centre-Back,Switzerland,2022-23,2023-24,27,28,Manchester City,Manchester City,2286,2514,0,2,1,0,1,2,0,0.072,0.039,0,0.039,0.072,0.072,-0.039,0.033,Improvement,1370,2142
442248,Ethan Pinnock,Defender,Centre-Back,Jamaica,2021-22,2022-23,29,30,Brentford FC,Brentford FC,2697,2700,1,3,1,0,2,3,0.033,0.1,0.033,0,0.067,0.1,0.067,-0.033,0.033,Improvement,1371,2141
91849,Thomas Delaney,Midfield,Central Midfield,Denmark,2020-21,2021-22,29,30,Borussia Dortmund,"Borussia Dortmund, Sevilla FC",1289,1561,1,2,1,1,2,3,0.07,0.115,0.07,0.058,0.14,0.173,0.045,-0.012,0.033,Improvement,1372,2140
250844,Alexander Djiku,Defender,Centre-Back,Ghana,2020-21,2021-22,26,27,RC Strasbourg Alsace,RC Strasbourg Alsace,2556,2697,0,1,0,0,0,1,0,0.033,0,0,0,0.033,0.033,0,0.033,Improvement,1373,2139
484988,Logan Costa,Defender,Centre-Back,Cape Verde,2023-24,2024-25,23,24,FC Toulouse,"FC Toulouse, Villarreal CF",2645,2676,1,2,1,1,2,3,0.034,0.067,0.034,0.034,0.068,0.101,0.033,0,0.033,Improvement,1373,2139
618341,Mario Gila,Defender,Centre-Back,Spain,2023-24,2024-25,23,24,Società Sportiva Lazio S.p.A.,Società Sportiva Lazio S.p.A.,1813,2743,0,1,0,0,0,1,0,0.033,0,0,0,0.033,0.033,0,0.033,Improvement,1373,2139
517753,Óscar Valentín,Midfield,Central Midfield,Spain,2022-23,2023-24,28,29,Rayo Vallecano,Rayo Vallecano,2567,2719,0,1,0,0,0,1,0,0.033,0,0,0,0.033,0.033,0,0.033,Improvement,1373,2139
337333,Alex Král,Midfield,Central Midfield,Czech Republic,2023-24,2024-25,26,27,1.FC Union Berlin,RCD Espanyol Barcelona,1365,2711,0,0,0,1,0,1,0,0,0,0.033,0,0.033,0,0.033,0.033,Improvement,1374,2138
170472,Dimitri Foulquier,Defender,Right-Back,Guadeloupe,2021-22,2022-23,29,30,"Granada CF, Valencia CF",Valencia CF,2520,1727,0,0,2,2,2,2,0,0,0.071,0.104,0.071,0.104,0,0.033,0.033,Improvement,1374,2138
104597,Bram Nuytinck,Defender,Centre-Back,Netherlands,2020-21,2021-22,31,32,Udinese Calcio,Udinese Calcio,1643,2034,1,1,0,1,1,2,0.055,0.044,0,0.044,0.055,0.088,-0.011,0.044,0.033,Improvement,1375,2137
766583,Kike Salas,Defender,Centre-Back,Spain,2023-24,2024-25,22,23,Sevilla FC,Sevilla FC,1606,2237,3,3,0,2,3,5,0.168,0.121,0,0.08,0.168,0.201,-0.047,0.08,0.033,Improvement,1376,2136
810092,Warren Zaïre-Emery,Midfield,Central Midfield,France,2022-23,2023-24,17,18,Paris Saint-Germain,Paris Saint-Germain,917,1962,2,2,0,3,2,5,0.196,0.092,0,0.138,0.196,0.229,-0.104,0.138,0.033,Improvement,1377,2135
241527,Federico Bonazzoli,Attack,Centre-Forward,Italy,2022-23,2023-24,26,27,US Salernitana 1919,Hellas Verona,1116,1014,2,3,2,1,4,4,0.161,0.266,0.161,0.089,0.323,0.355,0.105,-0.072,0.032,Improvement,1378,2134
141050,Danilo Pereira,Defender,Centre-Back,Portugal,2020-21,2021-22,29,30,Paris Saint-Germain,Paris Saint-Germain,1428,2037,2,5,1,0,3,5,0.126,0.221,0.063,0,0.189,0.221,0.095,-0.063,0.032,Improvement,1379,2133
288340,Phillip Tietz,Attack,Centre-Forward,Germany,2023-24,2024-25,26,27,FC Augsburg,FC Augsburg,2406,1685,8,7,4,2,12,9,0.299,0.374,0.15,0.107,0.449,0.481,0.075,-0.043,0.032,Improvement,1380,2132
311178,Georgios Kyriakopoulos,Defender,Left-Back,Greece,2023-24,2024-25,28,29,AC Monza,AC Monza,1715,2851,0,2,3,4,3,6,0,0.063,0.157,0.126,0.157,0.189,0.063,-0.031,0.032,Improvement,1381,2131
413403,Ezri Konsa,Defender,Centre-Back,England,2023-24,2024-25,26,27,Aston Villa,Aston Villa,3074,2937,1,2,0,0,1,2,0.029,0.061,0,0,0.029,0.061,0.032,0,0.032,Improvement,1382,2130
113133,Germán Pezzella,Defender,Centre-Back,Argentina,2022-23,2023-24,32,33,Real Betis Balompié,Real Betis Balompié,2516,2770,0,1,0,0,0,1,0,0.032,0,0,0,0.032,0.032,0,0.032,Improvement,1382,2130
240692,Reinildo Mandava,Defender,Left-Back,Mozambique,2020-21,2021-22,27,28,LOSC Lille,"Atlético de Madrid, LOSC Lille",2182,2828,0,1,0,0,0,1,0,0.032,0,0,0,0.032,0.032,0,0.032,Improvement,1382,2130
111195,Joël Veltman,Defender,Right-Back,Netherlands,2022-23,2023-24,31,32,Brighton & Hove Albion,Brighton & Hove Albion,2193,1582,1,1,1,1,2,2,0.041,0.057,0.041,0.057,0.082,0.114,0.016,0.016,0.032,Improvement,1383,2129
249636,Gautier Lloris,Defender,Centre-Back,France,2023-24,2024-25,28,29,Le Havre AC,Le Havre AC,2780,2770,2,2,0,1,2,3,0.065,0.065,0,0.032,0.065,0.097,0,0.032,0.032,Improvement,1384,2128
139279,Nicolas Pallois,Defender,Centre-Back,France,2023-24,2024-25,36,37,FC Nantes,FC Nantes,1587,2020,0,0,1,2,1,2,0,0,0.057,0.089,0.057,0.089,0,0.032,0.032,Improvement,1384,2128
525704,Nicolò Rovella,Midfield,Defensive Midfield,Italy,2020-21,2021-22,19,20,Genoa CFC,Genoa CFC,1187,1467,0,0,2,3,2,3,0,0,0.152,0.184,0.152,0.184,0,0.032,0.032,Improvement,1384,2128
414908,Marshall Munetsi,Midfield,Central Midfield,Zimbabwe,2021-22,2022-23,26,27,Stade Reims,Stade Reims,1885,2707,5,7,2,4,7,11,0.239,0.233,0.095,0.133,0.334,0.366,-0.006,0.038,0.032,Improvement,1385,2127
164770,Raphaël Varane,Defender,Centre-Back,France,2020-21,2021-22,28,29,Real Madrid,Manchester United,2716,1829,2,1,0,1,2,2,0.066,0.049,0,0.049,0.066,0.098,-0.017,0.049,0.032,Improvement,1386,2126
290862,Maxime Lopez,Midfield,Defensive Midfield,France,2020-21,2021-22,23,24,"Olympique Marseille, US Sassuolo",US Sassuolo,2002,2939,2,2,0,2,2,4,0.09,0.061,0,0.061,0.09,0.122,-0.029,0.061,0.032,Improvement,1387,2125
239802,Adam Marusic,Defender,Right-Back,Montenegro,2021-22,2022-23,29,30,Società Sportiva Lazio S.p.A.,Società Sportiva Lazio S.p.A.,2722,2766,1,0,0,2,1,2,0.033,0,0,0.065,0.033,0.065,-0.033,0.065,0.032,Improvement,1388,2124
569387,Valentin Gendrey,Defender,Right-Back,France,2022-23,2023-24,23,24,US Lecce,US Lecce,3104,3051,0,2,4,3,4,5,0,0.059,0.116,0.088,0.116,0.147,0.059,-0.028,0.031,Improvement,1389,2123
197473,Alberto Grassi,Midfield,Defensive Midfield,Italy,2023-24,2024-25,29,30,FC Empoli,FC Empoli,1815,2216,0,1,1,1,1,2,0,0.041,0.05,0.041,0.05,0.081,0.041,-0.009,0.031,Improvement,1390,2122
289255,Andoni Gorosabel,Defender,Right-Back,Spain,2022-23,2023-24,26,27,Real Sociedad,Deportivo Alavés,1710,2869,0,1,0,0,0,1,0,0.031,0,0,0,0.031,0.031,0,0.031,Improvement,1391,2121
203853,Oleksandr Zinchenko,Defender,Left-Back,Ukraine,2022-23,2023-24,26,27,Arsenal FC,Arsenal FC,2136,1725,1,1,2,2,3,3,0.042,0.052,0.084,0.104,0.126,0.157,0.01,0.02,0.031,Improvement,1392,2120
461833,Caleb Okoli,Defender,Centre-Back,Italy,2022-23,2023-24,21,22,Atalanta BC,Frosinone Calcio,953,2915,0,0,0,1,0,1,0,0,0,0.031,0,0.031,0,0.031,0.031,Improvement,1393,2119
85295,Iván Balliu,Defender,Right-Back,Albania,2022-23,2023-24,31,32,Rayo Vallecano,Rayo Vallecano,3238,2876,0,0,0,1,0,1,0,0,0,0.031,0,0.031,0,0.031,0.031,Improvement,1393,2119
216870,Nacho Vidal,Defender,Right-Back,Spain,2020-21,2021-22,26,27,CA Osasuna,CA Osasuna,2343,2906,0,0,0,1,0,1,0,0,0,0.031,0,0.031,0,0.031,0.031,Improvement,1393,2119
578391,Rayan Aït-Nouri,Defender,Left-Back,Algeria,2022-23,2023-24,22,23,Wolverhampton Wanderers,Wolverhampton Wanderers,1070,2343,1,2,0,1,1,3,0.084,0.077,0,0.038,0.084,0.115,-0.007,0.038,0.031,Improvement,1394,2118
96718,Óscar de Marcos,Defender,Right-Back,Spain,2021-22,2022-23,33,34,Athletic Bilbao,Athletic Bilbao,1685,2825,1,1,2,5,3,6,0.053,0.032,0.107,0.159,0.16,0.191,-0.021,0.052,0.031,Improvement,1395,2117
260827,Joachim Andersen,Defender,Centre-Back,Denmark,2020-21,2021-22,25,26,"Fulham FC, Olympique Lyon",Crystal Palace,2921,2915,1,0,1,3,2,3,0.031,0,0.031,0.093,0.062,0.093,-0.031,0.062,0.031,Improvement,1396,2116
340328,Stephy Mavididi,Attack,Left Winger,England,2020-21,2021-22,23,24,Montpellier HSC,Montpellier HSC,2038,2315,9,8,0,3,9,11,0.397,0.311,0,0.117,0.397,0.428,-0.086,0.117,0.031,Improvement,1397,2115
241641,Bernardo Silva,Midfield,Attacking Midfield,Portugal,2021-22,2022-23,27,28,Manchester City,Manchester City,2860,2202,8,4,4,6,12,10,0.252,0.163,0.126,0.245,0.378,0.409,-0.089,0.119,0.031,Improvement,1398,2114
241641,Bernardo Silva,Midfield,Attacking Midfield,Portugal,2020-21,2021-22,26,27,Manchester City,Manchester City,2070,2860,2,8,6,4,8,12,0.087,0.252,0.261,0.126,0.348,0.378,0.165,-0.135,0.03,Improvement,1399,2113
374954,Kristijan Jakic,Midfield,Defensive Midfield,Croatia,2022-23,2023-24,26,27,Eintracht Frankfurt,"Eintracht Frankfurt, FC Augsburg",1457,1253,1,2,2,1,3,3,0.062,0.144,0.124,0.072,0.185,0.215,0.082,-0.052,0.03,Improvement,1400,2112
292772,Dimitrios Nikolaou,Defender,Centre-Back,Greece,2021-22,2022-23,23,24,Spezia Calcio,Spezia Calcio,3240,2963,0,1,0,0,0,1,0,0.03,0,0,0,0.03,0.03,0,0.03,Improvement,1401,2111
362108,Gabriel Gudmundsson,Defender,Left-Back,Sweden,2023-24,2024-25,25,26,LOSC Lille,LOSC Lille,1263,1787,1,2,0,0,1,2,0.071,0.101,0,0,0.071,0.101,0.03,0,0.03,Improvement,1401,2111
323954,Walace,Midfield,Defensive Midfield,Brazil,2020-21,2021-22,26,27,Udinese Calcio,Udinese Calcio,2059,2972,0,1,0,0,0,1,0,0.03,0,0,0,0.03,0.03,0,0.03,Improvement,1401,2111
517842,Aihen Muñoz,Defender,Left-Back,Spain,2022-23,2023-24,25,26,Real Sociedad,Real Sociedad,1756,1110,0,0,1,1,1,1,0,0,0.051,0.081,0.051,0.081,0,0.03,0.03,Improvement,1402,2110
187718,Clinton Mata,Defender,Centre-Back,Angola,2023-24,2024-25,31,32,Olympique Lyon,Olympique Lyon,2222,2370,0,0,3,4,3,4,0,0,0.122,0.152,0.122,0.152,0,0.03,0.03,Improvement,1402,2110
292246,Hee-chan Hwang,Attack,Centre-Forward,"Korea, South",2021-22,2022-23,26,27,"RB Leipzig, Wolverhampton Wanderers",Wolverhampton Wanderers,1869,1127,5,3,1,1,6,4,0.241,0.24,0.048,0.08,0.289,0.319,-0.001,0.032,0.03,Improvement,1403,2109
34601,Raúl García,Attack,Centre-Forward,Spain,2021-22,2022-23,35,36,Athletic Bilbao,Athletic Bilbao,1818,945,6,2,3,3,9,5,0.297,0.19,0.149,0.286,0.446,0.476,-0.107,0.137,0.03,Improvement,1404,2108
200512,Sadio Mané,Attack,Left Winger,Senegal,2020-21,2021-22,29,30,Liverpool FC,Liverpool FC,2812,2825,11,16,8,4,19,20,0.352,0.51,0.256,0.127,0.608,0.637,0.158,-0.129,0.029,Improvement,1405,2107
185164,Jacob Barrett Laursen,Defender,Left-Back,Denmark,2020-21,2021-22,26,27,Arminia Bielefeld,Arminia Bielefeld,1109,1640,0,2,1,0,1,2,0,0.11,0.081,0,0.081,0.11,0.11,-0.081,0.029,Improvement,1406,2106
230784,Thomas Partey,Midfield,Defensive Midfield,Ghana,2020-21,2021-22,28,29,"Arsenal FC, Atlético de Madrid",Arsenal FC,1734,2033,0,2,2,1,2,3,0,0.089,0.104,0.044,0.104,0.133,0.089,-0.06,0.029,Improvement,1407,2105
517894,Matheus Cunha,Attack,Centre-Forward,Brazil,2023-24,2024-25,25,26,Wolverhampton Wanderers,Wolverhampton Wanderers,2454,2603,12,15,7,6,19,21,0.44,0.519,0.257,0.207,0.697,0.726,0.079,-0.05,0.029,Improvement,1408,2104
104124,Michail Antonio,Attack,Centre-Forward,Jamaica,2022-23,2023-24,33,34,West Ham United,West Ham United,1838,1711,5,6,3,2,8,8,0.245,0.316,0.147,0.105,0.392,0.421,0.071,-0.042,0.029,Improvement,1409,2103
124410,Rani Khedira,Midfield,Defensive Midfield,Tunisia,2021-22,2022-23,28,29,1.FC Union Berlin,1.FC Union Berlin,2765,2888,0,2,1,0,1,2,0,0.062,0.033,0,0.033,0.062,0.062,-0.033,0.029,Improvement,1410,2102
413403,Ezri Konsa,Defender,Centre-Back,England,2022-23,2023-24,25,26,Aston Villa,Aston Villa,3323,3074,0,1,0,0,0,1,0,0.029,0,0,0,0.029,0.029,0,0.029,Improvement,1411,2101
145466,Tim Ream,Defender,Centre-Back,United States,2022-23,2023-24,35,36,Fulham FC,Fulham FC,2900,1505,1,1,0,0,1,1,0.031,0.06,0,0,0.031,0.06,0.029,0,0.029,Improvement,1411,2101
423744,Billy Gilmour,Midfield,Defensive Midfield,Scotland,2023-24,2024-25,23,24,Brighton & Hove Albion,"Brighton & Hove Albion, SSC Napoli",2126,1272,0,0,1,1,1,1,0,0,0.042,0.071,0.042,0.071,0,0.029,0.029,Improvement,1412,2100
247555,Edimilson Fernandes,Midfield,Defensive Midfield,Switzerland,2022-23,2023-24,27,28,1.FSV Mainz 05,1.FSV Mainz 05,2442,1284,0,0,3,2,3,2,0,0,0.111,0.14,0.111,0.14,0,0.029,0.029,Improvement,1412,2100
60889,Gary Medel,Midfield,Defensive Midfield,Chile,2021-22,2022-23,34,35,Bologna Football Club 1909,Bologna Football Club 1909,2830,1477,0,0,1,1,1,1,0,0,0.032,0.061,0.032,0.061,0,0.029,0.029,Improvement,1412,2100
127187,Abdoulaye Doucouré,Midfield,Attacking Midfield,Mali,2020-21,2021-22,28,29,Everton FC,Everton FC,2452,2538,2,2,3,4,5,6,0.073,0.071,0.11,0.142,0.184,0.213,-0.002,0.032,0.029,Improvement,1413,2099
86202,Antonio Rüdiger,Defender,Centre-Back,Germany,2022-23,2023-24,30,31,Real Madrid,Real Madrid,2411,2707,1,1,0,1,1,2,0.037,0.033,0,0.033,0.037,0.066,-0.004,0.033,0.029,Improvement,1414,2098
497291,Nicolás Domínguez,Midfield,Central Midfield,Argentina,2022-23,2023-24,25,26,Bologna Football Club 1909,"Bologna Football Club 1909, Nottingham Forest",2308,1605,3,2,2,2,5,4,0.117,0.112,0.078,0.112,0.195,0.224,-0.005,0.034,0.029,Improvement,1415,2097
134270,Dan Burn,Defender,Centre-Back,England,2020-21,2021-22,29,30,Brighton & Hove Albion,"Brighton & Hove Albion, Newcastle United",2059,2462,1,1,0,1,1,2,0.044,0.037,0,0.037,0.044,0.073,-0.007,0.037,0.029,Improvement,1416,2096
205587,Opa Nguette,Attack,Left Winger,Senegal,2020-21,2021-22,26,27,FC Metz,FC Metz,1139,1043,3,2,1,2,4,4,0.237,0.173,0.079,0.173,0.316,0.345,-0.064,0.094,0.029,Improvement,1417,2095
493003,Daniel Muñoz,Defender,Right-Back,Colombia,2023-24,2024-25,28,29,Crystal Palace,Crystal Palace,1440,3232,0,4,4,6,4,10,0,0.111,0.25,0.167,0.25,0.278,0.111,-0.083,0.028,Improvement,1418,2094
323954,Walace,Midfield,Defensive Midfield,Brazil,2022-23,2023-24,28,29,Udinese Calcio,Udinese Calcio,3199,3243,0,2,1,0,1,2,0,0.056,0.028,0,0.028,0.056,0.056,-0.028,0.028,Improvement,1419,2093
145707,Danilo,Defender,Centre-Back,Brazil,2021-22,2022-23,30,31,Juventus FC,Juventus FC,1895,3182,1,3,2,3,3,6,0.047,0.085,0.095,0.085,0.142,0.17,0.038,-0.01,0.028,Improvement,1420,2092
730581,Loïc Badé,Defender,Centre-Back,France,2023-24,2024-25,24,25,Sevilla FC,Sevilla FC,2283,2687,0,1,1,1,1,2,0,0.033,0.039,0.033,0.039,0.067,0.033,-0.006,0.028,Improvement,1421,2091
324811,Arnaud Nordin,Attack,Right Winger,France,2020-21,2021-22,23,24,AS Saint-Étienne,AS Saint-Étienne,1783,1876,4,4,4,5,8,9,0.202,0.192,0.202,0.24,0.404,0.432,-0.01,0.038,0.028,Improvement,1422,2090
423444,Fran Beltrán,Midfield,Central Midfield,Spain,2021-22,2022-23,23,24,Celta de Vigo,Celta de Vigo,2607,2863,1,0,0,2,1,2,0.035,0,0,0.063,0.035,0.063,-0.035,0.063,0.028,Improvement,1423,2089
834764,Javi Guerra,Midfield,Central Midfield,Spain,2023-24,2024-25,21,22,Valencia CF,Valencia CF,2502,2593,4,3,1,3,5,6,0.144,0.104,0.036,0.104,0.18,0.208,-0.04,0.068,0.028,Improvement,1424,2088
374139,Junior Firpo,Defender,Left-Back,Dominican Republic,2021-22,2022-23,25,26,Leeds United,Leeds United,1716,1367,0,1,2,1,2,2,0,0.066,0.105,0.066,0.105,0.132,0.066,-0.039,0.027,Improvement,1425,2087
453016,Anthony Caci,Defender,Right-Back,France,2021-22,2022-23,24,25,RC Strasbourg Alsace,1.FSV Mainz 05,2394,2035,1,2,3,2,4,4,0.038,0.088,0.113,0.088,0.15,0.177,0.05,-0.025,0.027,Improvement,1426,2086
475188,Kiernan Dewsbury-Hall,Midfield,Central Midfield,England,2021-22,2022-23,23,24,Leicester City,Leicester City,2105,2316,1,2,2,2,3,4,0.043,0.078,0.086,0.078,0.128,0.155,0.035,-0.008,0.027,Improvement,1427,2085
711969,Lorenz Assignon,Defender,Right-Back,France,2023-24,2024-25,24,25,"Burnley FC, Stade Rennais FC",Stade Rennais FC,2251,2363,2,3,4,4,6,7,0.08,0.114,0.16,0.152,0.24,0.267,0.034,-0.008,0.027,Improvement,1428,2084
646750,Cristhian Mosquera,Defender,Centre-Back,Spain,2023-24,2024-25,20,21,Valencia CF,Valencia CF,3075,3320,0,1,0,0,0,1,0,0.027,0,0,0,0.027,0.027,0,0.027,Improvement,1429,2083
305947,Albert Gudmundsson,Attack,Second Striker,Iceland,2023-24,2024-25,27,28,Genoa CFC,ACF Fiorentina,3023,1279,14,6,4,2,18,8,0.417,0.422,0.119,0.141,0.536,0.563,0.005,0.022,0.027,Improvement,1430,2082
127108,Florian Lejeune,Defender,Centre-Back,France,2023-24,2024-25,33,34,Rayo Vallecano,Rayo Vallecano,3328,3326,3,2,1,3,4,5,0.081,0.054,0.027,0.081,0.108,0.135,-0.027,0.054,0.027,Improvement,1431,2081
349066,Alexander Isak,Attack,Centre-Forward,Sweden,2023-24,2024-25,24,25,Newcastle United,Newcastle United,2266,2774,21,23,2,6,23,29,0.834,0.746,0.079,0.195,0.914,0.941,-0.088,0.116,0.027,Improvement,1432,2080
730581,Loïc Badé,Defender,Centre-Back,France,2021-22,2022-23,22,23,Stade Rennais FC,"Sevilla FC, Stade Rennais FC",984,1538,0,1,1,1,1,2,0,0.059,0.091,0.059,0.091,0.117,0.059,-0.032,0.026,Improvement,1433,2079
532937,Johan Vásquez,Defender,Centre-Back,Mexico,2023-24,2024-25,25,26,Genoa CFC,Genoa CFC,2853,3041,1,3,1,0,2,3,0.032,0.089,0.032,0,0.063,0.089,0.057,-0.032,0.026,Improvement,1434,2078
42460,Ivan Perišić,Attack,Left Winger,Croatia,2020-21,2021-22,32,33,Inter Milan,Inter Milan,1802,2839,4,8,5,7,9,15,0.2,0.254,0.25,0.222,0.45,0.476,0.054,-0.028,0.026,Improvement,1435,2077
351955,Federico Baschirotto,Defender,Centre-Back,Italy,2023-24,2024-25,27,28,US Lecce,US Lecce,3295,3420,0,2,1,0,1,2,0,0.053,0.027,0,0.027,0.053,0.053,-0.027,0.026,Improvement,1436,2076
655488,Gabriel Martinelli,Attack,Left Winger,Brazil,2023-24,2024-25,23,24,Arsenal FC,Arsenal FC,2029,2299,6,8,4,4,10,12,0.266,0.313,0.177,0.157,0.444,0.47,0.047,-0.02,0.026,Improvement,1437,2075
121985,Juan Jesus,Defender,Centre-Back,Brazil,2021-22,2022-23,31,32,SSC Napoli,SSC Napoli,1274,929,1,1,0,0,1,1,0.071,0.097,0,0,0.071,0.097,0.026,0,0.026,Improvement,1438,2074
67063,Danny Welbeck,Attack,Centre-Forward,England,2020-21,2021-22,30,31,Brighton & Hove Albion,Brighton & Hove Albion,1549,1476,6,6,3,3,9,9,0.349,0.366,0.174,0.183,0.523,0.549,0.017,0.009,0.026,Improvement,1439,2073
315853,Alessandro Bastoni,Defender,Centre-Back,Italy,2023-24,2024-25,25,26,Inter Milan,Inter Milan,2282,2421,1,1,4,5,5,6,0.039,0.037,0.158,0.186,0.197,0.223,-0.002,0.028,0.026,Improvement,1440,2072
688707,Salis Abdul Samed,Midfield,Defensive Midfield,Ghana,2021-22,2022-23,22,23,Clermont Foot 63,RC Lens,2469,2897,1,1,0,1,1,2,0.036,0.031,0,0.031,0.036,0.062,-0.005,0.031,0.026,Improvement,1441,2071
249730,Guillermo Maripán,Defender,Centre-Back,Chile,2023-24,2024-25,30,31,AS Monaco,Torino FC,1768,2341,1,1,0,1,1,2,0.051,0.038,0,0.038,0.051,0.077,-0.013,0.038,0.026,Improvement,1442,2070
59016,David Alaba,Defender,Centre-Back,Austria,2021-22,2022-23,30,31,Real Madrid,Real Madrid,2644,1839,2,1,3,3,5,4,0.068,0.049,0.102,0.147,0.17,0.196,-0.019,0.045,0.026,Improvement,1443,2069
106987,Marcel Sabitzer,Midfield,Central Midfield,Austria,2021-22,2022-23,28,29,"Bayern Munich, RB Leipzig","Bayern Munich, Manchester United",945,1252,1,1,1,2,2,3,0.095,0.072,0.095,0.144,0.19,0.216,-0.023,0.049,0.026,Improvement,1444,2068
536482,Junior Dina Ebimbe,Midfield,Right Midfield,Cameroon,2022-23,2023-24,22,23,Eintracht Frankfurt,Eintracht Frankfurt,1060,1969,3,5,1,3,4,8,0.255,0.229,0.085,0.137,0.34,0.366,-0.026,0.052,0.026,Improvement,1445,2067
124028,Ismaily,Defender,Left-Back,Brazil,2023-24,2024-25,34,35,LOSC Lille,LOSC Lille,2467,907,1,0,1,1,2,1,0.036,0,0.036,0.099,0.073,0.099,-0.036,0.063,0.026,Improvement,1446,2066
571604,Giorgio Scalvini,Defender,Centre-Back,Italy,2022-23,2023-24,19,20,Atalanta BC,Atalanta BC,2343,2553,2,1,1,3,3,4,0.077,0.035,0.038,0.106,0.115,0.141,-0.042,0.068,0.026,Improvement,1447,2065
361065,Mitchel Bakker,Midfield,Left Midfield,Netherlands,2021-22,2022-23,22,23,Bayer 04 Leverkusen,Bayer 04 Leverkusen,1823,1657,1,3,4,2,5,5,0.049,0.163,0.197,0.109,0.247,0.272,0.114,-0.088,0.025,Improvement,1448,2064
633530,Jordan Zemura,Defender,Left-Back,Zimbabwe,2022-23,2023-24,23,24,AFC Bournemouth,Udinese Calcio,1456,1035,0,1,1,0,1,1,0,0.087,0.062,0,0.062,0.087,0.087,-0.062,0.025,Improvement,1449,2063
300168,Mikel Vesga,Midfield,Defensive Midfield,Spain,2022-23,2023-24,30,31,Athletic Bilbao,Athletic Bilbao,2574,1535,3,3,3,1,6,4,0.105,0.176,0.105,0.059,0.21,0.235,0.071,-0.046,0.025,Improvement,1450,2062
181579,James Ward-Prowse,Midfield,Central Midfield,England,2020-21,2021-22,26,27,Southampton FC,Southampton FC,3420,3217,8,10,7,5,15,15,0.211,0.28,0.184,0.14,0.395,0.42,0.069,-0.044,0.025,Improvement,1451,2061
174196,Kenny Lala,Defender,Right-Back,France,2022-23,2023-24,31,32,Stade Brestois 29,Stade Brestois 29,1419,2970,0,2,2,3,2,5,0,0.061,0.127,0.091,0.127,0.152,0.061,-0.036,0.025,Improvement,1452,2060
283735,Mattia Zaccagni,Attack,Left Winger,Italy,2021-22,2022-23,27,28,"Hellas Verona, Società Sportiva Lazio S.p.A.",Società Sportiva Lazio S.p.A.,2058,2783,6,10,6,7,12,17,0.262,0.323,0.262,0.226,0.525,0.55,0.061,-0.036,0.025,Improvement,1452,2060
324377,Youssef Maleh,Midfield,Central Midfield,Morocco,2023-24,2024-25,25,26,FC Empoli,FC Empoli,2610,1514,0,0,1,1,1,1,0,0,0.034,0.059,0.034,0.059,0,0.025,0.025,Improvement,1453,2059
206050,Paulo Dybala,Attack,Second Striker,Argentina,2022-23,2023-24,29,30,Associazione Sportiva Roma,Associazione Sportiva Roma,1749,1974,12,13,7,9,19,22,0.617,0.593,0.36,0.41,0.978,1.003,-0.024,0.05,0.025,Improvement,1454,2058
128220,Luis Alberto,Midfield,Attacking Midfield,Spain,2022-23,2023-24,30,31,Società Sportiva Lazio S.p.A.,Società Sportiva Lazio S.p.A.,2442,2323,6,5,7,8,13,13,0.221,0.194,0.258,0.31,0.479,0.504,-0.027,0.052,0.025,Improvement,1455,2057
398073,Achraf Hakimi,Defender,Right-Back,Morocco,2022-23,2023-24,24,25,Paris Saint-Germain,Paris Saint-Germain,2052,1930,5,4,4,5,9,9,0.219,0.187,0.175,0.233,0.395,0.42,-0.032,0.058,0.025,Improvement,1456,2056
392770,Angel Gomes,Midfield,Attacking Midfield,England,2022-23,2023-24,22,23,LOSC Lille,LOSC Lille,2837,2585,2,0,6,8,8,8,0.063,0,0.19,0.279,0.254,0.279,-0.063,0.089,0.025,Improvement,1457,2055
855015,Farès Chaïbi,Midfield,Attacking Midfield,Algeria,2022-23,2023-24,20,21,FC Toulouse,"Eintracht Frankfurt, FC Toulouse",2345,1979,5,2,5,7,10,9,0.192,0.091,0.192,0.318,0.384,0.409,-0.101,0.126,0.025,Improvement,1458,2054
323831,Rafael Borré,Attack,Centre-Forward,Colombia,2022-23,2023-24,27,28,Eintracht Frankfurt,SV Werder Bremen,1063,991,2,4,2,0,4,4,0.169,0.363,0.169,0,0.339,0.363,0.194,-0.169,0.024,Improvement,1459,2053
557459,Micky van de Ven,Defender,Centre-Back,Netherlands,2022-23,2023-24,22,23,VfL Wolfsburg,Tottenham Hotspur,2970,2343,1,3,2,0,3,3,0.03,0.115,0.061,0,0.091,0.115,0.085,-0.061,0.024,Improvement,1460,2052
386552,Lassana Coulibaly,Midfield,Central Midfield,Mali,2023-24,2024-25,28,29,US Salernitana 1919,US Lecce,2086,2673,0,1,1,1,1,2,0,0.034,0.043,0.034,0.043,0.067,0.034,-0.009,0.024,Improvement,1461,2051
250845,José María Giménez,Defender,Centre-Back,Uruguay,2021-22,2022-23,27,28,Atlético de Madrid,Atlético de Madrid,2046,2421,1,2,1,1,2,3,0.044,0.074,0.044,0.037,0.088,0.112,0.03,-0.007,0.024,Improvement,1462,2050
249089,Lewis Cook,Midfield,Central Midfield,England,2023-24,2024-25,27,28,AFC Bournemouth,AFC Bournemouth,2792,2978,0,1,3,3,3,4,0,0.03,0.097,0.091,0.097,0.121,0.03,-0.006,0.024,Improvement,1462,2050
588426,Saúl Coco,Defender,Centre-Back,Equatorial Guinea,2023-24,2024-25,25,26,UD Las Palmas,Torino FC,2293,2848,1,2,0,0,1,2,0.039,0.063,0,0,0.039,0.063,0.024,0,0.024,Improvement,1463,2049
188888,Sheraldo Becker,Attack,Left Winger,Suriname,2020-21,2021-22,26,27,1.FC Union Berlin,1.FC Union Berlin,1115,1770,3,4,3,6,6,10,0.242,0.203,0.242,0.305,0.484,0.508,-0.039,0.063,0.024,Improvement,1464,2048
388198,Nico Schlotterbeck,Defender,Centre-Back,Germany,2023-24,2024-25,24,25,Borussia Dortmund,Borussia Dortmund,2861,1984,2,0,3,4,5,4,0.063,0,0.094,0.181,0.157,0.181,-0.063,0.087,0.024,Improvement,1465,2047
357662,Declan Rice,Midfield,Central Midfield,England,2021-22,2022-23,23,24,West Ham United,West Ham United,3178,3272,1,4,4,2,5,6,0.028,0.11,0.113,0.055,0.142,0.165,0.082,-0.058,0.023,Improvement,1466,2046
442248,Ethan Pinnock,Defender,Centre-Back,Jamaica,2023-24,2024-25,31,32,Brentford FC,Brentford FC,2521,1913,2,2,0,0,2,2,0.071,0.094,0,0,0.071,0.094,0.023,0,0.023,Improvement,1467,2045
410158,Rodrigo Becão,Defender,Centre-Back,Brazil,2021-22,2022-23,26,27,Udinese Calcio,Udinese Calcio,3132,2487,2,2,1,1,3,3,0.057,0.072,0.029,0.036,0.086,0.109,0.015,0.007,0.023,Improvement,1468,2044
254037,Iza Carcelén,Defender,Right-Back,Spain,2020-21,2021-22,28,29,Cádiz CF,Cádiz CF,2585,1543,0,0,1,1,1,1,0,0,0.035,0.058,0.035,0.058,0,0.023,0.023,Improvement,1469,2043
325223,Mama Baldé,Attack,Centre-Forward,Guinea-Bissau,2020-21,2021-22,25,26,Dijon FCO,ESTAC Troyes,2172,1724,7,3,0,3,7,6,0.29,0.157,0,0.157,0.29,0.313,-0.133,0.157,0.023,Improvement,1470,2042
566723,Michael Olise,Attack,Right Winger,France,2023-24,2024-25,22,23,Crystal Palace,Bayern Munich,1278,2347,10,12,6,18,16,30,0.704,0.46,0.423,0.69,1.127,1.15,-0.244,0.267,0.023,Improvement,1471,2041
564785,Kristian Thorstvedt,Midfield,Central Midfield,Norway,2022-23,2023-24,24,25,US Sassuolo,US Sassuolo,1128,2412,2,6,1,1,3,7,0.16,0.224,0.08,0.037,0.239,0.261,0.064,-0.043,0.022,Improvement,1472,2040
190393,Corentin Tolisso,Midfield,Central Midfield,France,2022-23,2023-24,28,29,Olympique Lyon,Olympique Lyon,2045,1752,1,2,2,1,3,3,0.044,0.103,0.088,0.051,0.132,0.154,0.059,-0.037,0.022,Improvement,1473,2039
179643,Vladimír Darida,Midfield,Central Midfield,Czech Republic,2020-21,2021-22,30,31,Hertha BSC,Hertha BSC,1914,1797,1,2,6,5,7,7,0.047,0.1,0.282,0.25,0.329,0.351,0.053,-0.032,0.022,Improvement,1474,2038
66100,Oriol Romeu,Midfield,Defensive Midfield,Spain,2020-21,2021-22,29,30,Southampton FC,Southampton FC,1767,2899,1,2,1,2,2,4,0.051,0.062,0.051,0.062,0.102,0.124,0.011,0.011,0.022,Improvement,1475,2037
569387,Valentin Gendrey,Defender,Right-Back,France,2023-24,2024-25,24,25,US Lecce,"TSG 1899 Hoffenheim, US Lecce",3051,1596,2,1,3,2,5,3,0.059,0.056,0.088,0.113,0.147,0.169,-0.003,0.025,0.022,Improvement,1476,2036
555076,Romain Faivre,Midfield,Attacking Midfield,France,2021-22,2022-23,23,24,"Olympique Lyon, Stade Brestois 29","FC Lorient, Olympique Lyon",2689,1546,10,5,5,4,15,9,0.335,0.291,0.167,0.233,0.502,0.524,-0.044,0.066,0.022,Improvement,1477,2035
397033,Sandro Tonali,Midfield,Defensive Midfield,Italy,2021-22,2022-23,22,23,AC Milan,AC Milan,2607,2718,5,2,3,7,8,9,0.173,0.066,0.104,0.232,0.276,0.298,-0.107,0.128,0.022,Improvement,1478,2034
159372,Felipe Anderson,Attack,Left Winger,Brazil,2021-22,2022-23,29,30,Società Sportiva Lazio S.p.A.,Società Sportiva Lazio S.p.A.,2902,2966,6,9,8,6,14,15,0.186,0.273,0.248,0.182,0.434,0.455,0.087,-0.066,0.021,Improvement,1479,2033
289592,Orel Mangala,Midfield,Defensive Midfield,Belgium,2022-23,2023-24,25,26,Nottingham Forest,"Nottingham Forest, Olympique Lyon",1555,1967,1,3,1,0,2,3,0.058,0.137,0.058,0,0.116,0.137,0.079,-0.058,0.021,Improvement,1480,2032
295183,Răzvan Marin,Midfield,Central Midfield,Romania,2021-22,2022-23,26,27,Cagliari Calcio,FC Empoli,2815,2540,0,2,6,4,6,6,0,0.071,0.192,0.142,0.192,0.213,0.071,-0.05,0.021,Improvement,1481,2031
581357,Jan Schöppner,Midfield,Central Midfield,Germany,2023-24,2024-25,25,26,1. Fußballclub Heidenheim 1846,1. Fußballclub Heidenheim 1846,2000,2688,2,4,2,2,4,6,0.09,0.134,0.09,0.067,0.18,0.201,0.044,-0.023,0.021,Improvement,1482,2030
45314,Federico Fazio,Defender,Centre-Back,Argentina,2021-22,2022-23,35,36,US Salernitana 1919,US Salernitana 1919,1435,1075,1,1,0,0,1,1,0.063,0.084,0,0,0.063,0.084,0.021,0,0.021,Improvement,1483,2029
84435,Kevin Vogt,Defender,Centre-Back,Germany,2020-21,2021-22,29,30,TSG 1899 Hoffenheim,TSG 1899 Hoffenheim,1839,2570,0,0,1,2,1,2,0,0,0.049,0.07,0.049,0.07,0,0.021,0.021,Improvement,1484,2028
331401,Manuel Lazzari,Defender,Right-Back,Italy,2023-24,2024-25,30,31,Società Sportiva Lazio S.p.A.,Società Sportiva Lazio S.p.A.,1676,1409,0,0,2,2,2,2,0,0,0.107,0.128,0.107,0.128,0,0.021,0.021,Improvement,1484,2028
597000,Eric Martel,Midfield,Defensive Midfield,Germany,2022-23,2023-24,21,22,1.FC Köln,1.FC Köln,2019,2465,1,1,1,2,2,3,0.045,0.037,0.045,0.073,0.089,0.11,-0.008,0.028,0.021,Improvement,1485,2027
199704,Yunis Abdelhamid,Defender,Centre-Back,Morocco,2021-22,2022-23,34,35,Stade Reims,Stade Reims,2984,3330,2,1,0,2,2,3,0.06,0.027,0,0.054,0.06,0.081,-0.033,0.054,0.021,Improvement,1486,2026
120205,Michael Gregoritsch,Attack,Centre-Forward,Austria,2022-23,2023-24,29,30,SC Freiburg,SC Freiburg,2175,1682,10,7,5,5,15,12,0.414,0.375,0.207,0.268,0.621,0.642,-0.039,0.061,0.021,Improvement,1487,2025
142021,Sergi Darder,Midfield,Central Midfield,Spain,2022-23,2023-24,29,30,RCD Espanyol Barcelona,RCD Mallorca,3326,2155,6,2,4,5,10,7,0.162,0.084,0.108,0.209,0.271,0.292,-0.078,0.101,0.021,Improvement,1488,2024
199733,Danilo Cataldi,Midfield,Defensive Midfield,Italy,2022-23,2023-24,28,29,Società Sportiva Lazio S.p.A.,Società Sportiva Lazio S.p.A.,1941,1360,0,1,1,0,1,1,0,0.066,0.046,0,0.046,0.066,0.066,-0.046,0.02,Improvement,1489,2023
375137,Ismail Jakobs,Defender,Left-Back,Senegal,2022-23,2023-24,23,24,AS Monaco,AS Monaco,1100,1468,0,1,2,2,2,3,0,0.061,0.164,0.123,0.164,0.184,0.061,-0.041,0.02,Improvement,1490,2022
520530,Fali Candé,Defender,Centre-Back,Guinea-Bissau,2023-24,2024-25,26,27,FC Metz,Venezia FC,1846,1530,0,1,2,1,2,2,0,0.059,0.098,0.059,0.098,0.118,0.059,-0.039,0.02,Improvement,1491,2021
93740,Willi Orbán,Defender,Centre-Back,Hungary,2021-22,2022-23,29,30,RB Leipzig,RB Leipzig,2646,2951,2,4,1,0,3,4,0.068,0.122,0.034,0,0.102,0.122,0.054,-0.034,0.02,Improvement,1492,2020
29364,João Moutinho,Midfield,Central Midfield,Portugal,2020-21,2021-22,34,35,Wolverhampton Wanderers,Wolverhampton Wanderers,2534,2976,1,2,1,1,2,3,0.036,0.06,0.036,0.03,0.071,0.091,0.024,-0.006,0.02,Improvement,1493,2019
502670,Khvicha Kvaratskhelia,Attack,Left Winger,Georgia,2023-24,2024-25,23,24,SSC Napoli,"Paris Saint-Germain, SSC Napoli",2753,2107,11,9,8,6,19,15,0.36,0.384,0.262,0.256,0.621,0.641,0.024,-0.006,0.02,Improvement,1493,2019
111195,Joël Veltman,Defender,Right-Back,Netherlands,2021-22,2022-23,30,31,Brighton & Hove Albion,Brighton & Hove Albion,2881,2193,1,1,1,1,2,2,0.031,0.041,0.031,0.041,0.062,0.082,0.01,0.01,0.02,Improvement,1494,2018
124555,Cristiano Biraghi,Defender,Left-Back,Italy,2022-23,2023-24,30,31,ACF Fiorentina,ACF Fiorentina,2555,2359,2,2,5,5,7,7,0.07,0.076,0.176,0.191,0.247,0.267,0.006,0.015,0.02,Improvement,1495,2017
65318,Jaume Costa,Defender,Left-Back,Spain,2022-23,2023-24,35,36,RCD Mallorca,RCD Mallorca,2609,1682,0,0,1,1,1,1,0,0,0.034,0.054,0.034,0.054,0,0.02,0.02,Improvement,1496,2016
263727,Joan Jordán,Midfield,Central Midfield,Spain,2021-22,2022-23,27,28,Sevilla FC,Sevilla FC,2530,1594,0,0,1,1,1,1,0,0,0.036,0.056,0.036,0.056,0,0.02,0.02,Improvement,1496,2016
373373,Lucas Martínez Quarta,Defender,Centre-Back,Argentina,2021-22,2022-23,26,27,ACF Fiorentina,ACF Fiorentina,1431,2172,1,1,0,1,1,2,0.063,0.041,0,0.041,0.063,0.083,-0.022,0.041,0.02,Improvement,1497,2015
369081,Federico Valverde,Midfield,Central Midfield,Uruguay,2023-24,2024-25,25,26,Real Madrid,Real Madrid,2911,3034,2,6,7,4,9,10,0.062,0.178,0.216,0.119,0.278,0.297,0.116,-0.097,0.019,Improvement,1498,2014
178313,Jean-Eudes Aholou,Midfield,Defensive Midfield,Cote d'Ivoire,2020-21,2021-22,27,28,"AS Monaco, RC Strasbourg Alsace",RC Strasbourg Alsace,2235,1000,2,1,2,1,4,2,0.081,0.09,0.081,0.09,0.161,0.18,0.009,0.009,0.019,Improvement,1499,2013
69633,Christian Eriksen,Midfield,Attacking Midfield,Denmark,2023-24,2024-25,32,33,Manchester United,Manchester United,1140,1056,1,1,2,2,3,3,0.079,0.085,0.158,0.17,0.237,0.256,0.006,0.012,0.019,Improvement,1500,2012
74229,Koke,Midfield,Central Midfield,Spain,2020-21,2021-22,29,30,Atlético de Madrid,Atlético de Madrid,3025,2509,1,1,2,2,3,3,0.03,0.036,0.06,0.072,0.089,0.108,0.006,0.012,0.019,Improvement,1500,2012
503482,Min-jae Kim,Defender,Centre-Back,"Korea, South",2022-23,2023-24,26,27,SSC Napoli,Bayern Munich,3054,1972,2,1,2,2,4,3,0.059,0.046,0.059,0.091,0.118,0.137,-0.013,0.032,0.019,Improvement,1501,2011
926952,Patrick Dorgu,Attack,Left Winger,Denmark,2023-24,2024-25,19,20,US Lecce,"Manchester United, US Lecce",1563,2685,2,3,0,1,2,4,0.115,0.101,0,0.034,0.115,0.134,-0.014,0.034,0.019,Improvement,1502,2010
278296,Antonio Raíllo,Defender,Centre-Back,Spain,2021-22,2022-23,30,31,RCD Mallorca,RCD Mallorca,1530,2766,2,2,1,4,3,6,0.118,0.065,0.059,0.13,0.176,0.195,-0.053,0.071,0.019,Improvement,1503,2009
170527,Timo Werner,Attack,Centre-Forward,Germany,2022-23,2023-24,27,28,RB Leipzig,"RB Leipzig, Tottenham Hotspur",1950,1018,9,4,4,3,13,7,0.415,0.354,0.185,0.265,0.6,0.619,-0.061,0.08,0.019,Improvement,1504,2008
332798,Roland Sallai,Defender,Right-Back,Hungary,2021-22,2022-23,25,26,SC Freiburg,SC Freiburg,1560,1003,4,1,5,5,9,6,0.231,0.09,0.288,0.449,0.519,0.538,-0.141,0.161,0.019,Improvement,1505,2007
524481,Roger Ibañez,Defender,Centre-Back,Brazil,2020-21,2021-22,22,23,Associazione Sportiva Roma,Associazione Sportiva Roma,2400,2888,0,3,2,0,2,3,0,0.093,0.075,0,0.075,0.093,0.093,-0.075,0.018,Improvement,1506,2006
735570,João Gomes,Midfield,Central Midfield,Brazil,2023-24,2024-25,23,24,Wolverhampton Wanderers,Wolverhampton Wanderers,2659,2989,2,3,1,1,3,4,0.068,0.09,0.034,0.03,0.102,0.12,0.022,-0.004,0.018,Improvement,1507,2005
203496,Nabil Fekir,Midfield,Attacking Midfield,France,2021-22,2022-23,28,29,Real Betis Balompié,Real Betis Balompié,2810,966,6,2,8,3,14,5,0.192,0.186,0.256,0.28,0.448,0.466,-0.006,0.024,0.018,Improvement,1508,2004
357164,Rafael Leão,Attack,Left Winger,Portugal,2023-24,2024-25,25,26,AC Milan,AC Milan,2525,2330,9,8,10,10,19,18,0.321,0.309,0.356,0.386,0.677,0.695,-0.012,0.03,0.018,Improvement,1509,2003
181778,Emerson,Defender,Left-Back,Italy,2022-23,2023-24,28,29,West Ham United,West Ham United,1322,3143,1,1,0,2,1,3,0.068,0.029,0,0.057,0.068,0.086,-0.039,0.057,0.018,Improvement,1510,2002
228948,Thilo Kehrer,Defender,Centre-Back,Germany,2023-24,2024-25,27,28,"AS Monaco, West Ham United",AS Monaco,1343,2384,1,4,1,0,2,4,0.067,0.151,0.067,0,0.134,0.151,0.084,-0.067,0.017,Improvement,1511,2001
472249,Jan Thielmann,Attack,Right Winger,Germany,2020-21,2021-22,19,20,1.FC Köln,1.FC Köln,1023,1181,2,3,3,3,5,6,0.176,0.229,0.264,0.229,0.44,0.457,0.053,-0.035,0.017,Improvement,1512,2000
413403,Ezri Konsa,Defender,Centre-Back,England,2020-21,2021-22,23,24,Aston Villa,Aston Villa,3195,2481,2,2,0,0,2,2,0.056,0.073,0,0,0.056,0.073,0.017,0,0.017,Improvement,1513,1999
357147,Diogo Dalot,Defender,Right-Back,Portugal,2022-23,2023-24,24,25,Manchester United,Manchester United,2155,3174,1,2,2,3,3,5,0.042,0.057,0.084,0.085,0.125,0.142,0.015,0.001,0.017,Improvement,1514,1998
204103,Adama Traoré,Attack,Right Winger,Spain,2020-21,2021-22,25,26,Wolverhampton Wanderers,"FC Barcelona, Wolverhampton Wanderers",2643,1441,2,1,3,2,5,3,0.068,0.062,0.102,0.125,0.17,0.187,-0.006,0.023,0.017,Improvement,1515,1997
392757,Marc Guéhi,Defender,Centre-Back,England,2022-23,2023-24,22,23,Crystal Palace,Crystal Palace,3330,2023,1,0,0,1,1,1,0.027,0,0,0.044,0.027,0.044,-0.027,0.044,0.017,Improvement,1516,1996
66934,Cheikhou Kouyaté,Midfield,Defensive Midfield,Senegal,2020-21,2021-22,31,32,Crystal Palace,Crystal Palace,3123,1978,1,0,0,1,1,1,0.029,0,0,0.046,0.029,0.046,-0.029,0.046,0.017,Improvement,1517,1995
258878,Tosin Adarabioyo,Defender,Centre-Back,England,2023-24,2024-25,26,27,Fulham FC,Chelsea FC,1617,1405,2,1,0,1,2,2,0.111,0.064,0,0.064,0.111,0.128,-0.047,0.064,0.017,Improvement,1518,1994
570817,Maxime Busi,Defender,Right-Back,Belgium,2021-22,2022-23,22,23,Stade Reims,Stade Reims,1297,1042,1,0,0,1,1,1,0.069,0,0,0.086,0.069,0.086,-0.069,0.086,0.017,Improvement,1519,1993
418560,Erling Haaland,Attack,Centre-Forward,Norway,2021-22,2022-23,21,22,Borussia Dortmund,Manchester City,1915,2777,22,36,8,8,30,44,1.034,1.167,0.376,0.259,1.41,1.426,0.133,-0.117,0.016,Improvement,1520,1992
569366,Enzo Millot,Midfield,Attacking Midfield,France,2023-24,2024-25,21,22,VfB Stuttgart,VfB Stuttgart,2255,1851,5,6,8,5,13,11,0.2,0.292,0.319,0.243,0.519,0.535,0.092,-0.076,0.016,Improvement,1521,1991
174196,Kenny Lala,Defender,Right-Back,France,2023-24,2024-25,32,33,Stade Brestois 29,Stade Brestois 29,2970,2685,2,3,3,2,5,5,0.061,0.101,0.091,0.067,0.152,0.168,0.04,-0.024,0.016,Improvement,1522,1990
355628,Igor Zubeldia,Defender,Centre-Back,Spain,2021-22,2022-23,25,26,Real Sociedad,Real Sociedad,1648,2547,0,1,1,1,1,2,0,0.035,0.055,0.035,0.055,0.071,0.035,-0.02,0.016,Improvement,1523,1989
54906,Matteo Darmian,Defender,Right-Back,Italy,2022-23,2023-24,33,34,Inter Milan,Inter Milan,2031,2411,1,2,2,2,3,4,0.044,0.075,0.089,0.075,0.133,0.149,0.031,-0.014,0.016,Improvement,1524,1988
401922,Samuel Chukwueze,Attack,Right Winger,Nigeria,2021-22,2022-23,23,24,Villarreal CF,Villarreal CF,1329,2348,3,6,3,5,6,11,0.203,0.23,0.203,0.192,0.406,0.422,0.027,-0.011,0.016,Improvement,1525,1987
564545,Edmond Tapsoba,Defender,Centre-Back,Burkina Faso,2020-21,2021-22,22,23,Bayer 04 Leverkusen,Bayer 04 Leverkusen,2650,1813,1,1,0,0,1,1,0.034,0.05,0,0,0.034,0.05,0.016,0,0.016,Improvement,1526,1986
694928,Samuel Lino,Attack,Left Winger,Brazil,2023-24,2024-25,24,25,Atlético de Madrid,Atlético de Madrid,2087,1560,4,3,5,4,9,7,0.172,0.173,0.216,0.231,0.388,0.404,0.001,0.015,0.016,Improvement,1527,1985
238868,Rubén Peña,Defender,Right-Back,Spain,2022-23,2023-24,31,32,CA Osasuna,CA Osasuna,1283,2103,0,0,1,2,1,2,0,0,0.07,0.086,0.07,0.086,0,0.016,0.016,Improvement,1528,1984
148252,Remo Freuler,Midfield,Central Midfield,Switzerland,2023-24,2024-25,32,33,Bologna Football Club 1909,Bologna Football Club 1909,2632,3214,1,1,1,2,2,3,0.034,0.028,0.034,0.056,0.068,0.084,-0.006,0.022,0.016,Improvement,1529,1983
557149,Kang-in Lee,Midfield,Attacking Midfield,"Korea, South",2022-23,2023-24,22,23,RCD Mallorca,Paris Saint-Germain,2843,1472,6,3,7,4,13,7,0.19,0.183,0.222,0.245,0.412,0.428,-0.007,0.023,0.016,Improvement,1530,1982
91473,Florent Ogier,Defender,Centre-Back,France,2021-22,2022-23,33,34,Clermont Foot 63,Clermont Foot 63,2435,1696,1,0,0,1,1,1,0.037,0,0,0.053,0.037,0.053,-0.037,0.053,0.016,Improvement,1531,1981
139279,Nicolas Pallois,Defender,Centre-Back,France,2022-23,2023-24,35,36,FC Nantes,FC Nantes,2217,1587,1,0,0,1,1,1,0.041,0,0,0.057,0.041,0.057,-0.041,0.057,0.016,Improvement,1532,1980
649452,Issa Kaboré,Defender,Right-Back,Burkina Faso,2022-23,2023-24,22,23,Olympique Marseille,Luton Town,1020,1732,1,0,0,2,1,2,0.088,0,0,0.104,0.088,0.104,-0.088,0.104,0.016,Improvement,1533,1979
413112,Aurélien Tchouaméni,Midfield,Defensive Midfield,France,2021-22,2022-23,22,23,AS Monaco,Real Madrid,2931,2120,3,0,2,4,5,4,0.092,0,0.061,0.17,0.154,0.17,-0.092,0.109,0.016,Improvement,1534,1978
789082,Vanderson,Defender,Right-Back,Brazil,2022-23,2023-24,22,23,AS Monaco,AS Monaco,2219,1649,1,3,4,1,5,4,0.041,0.164,0.162,0.055,0.203,0.218,0.123,-0.107,0.015,Improvement,1535,1977
146795,Ryan Fraser,Attack,Left Winger,Scotland,2020-21,2021-22,27,28,Newcastle United,Newcastle United,927,1472,0,2,3,3,3,5,0,0.122,0.291,0.183,0.291,0.306,0.122,-0.108,0.015,Improvement,1536,1976
326031,Matthijs de Ligt,Defender,Centre-Back,Netherlands,2021-22,2022-23,22,23,Juventus FC,Bayern Munich,2674,2403,3,3,1,1,4,4,0.101,0.112,0.034,0.037,0.135,0.15,0.011,0.003,0.015,Improvement,1537,1975
353403,Samuel Moutoussamy,Midfield,Central Midfield,DR Congo,2021-22,2022-23,25,26,FC Nantes,FC Nantes,1502,2400,0,0,1,2,1,2,0,0,0.06,0.075,0.06,0.075,0,0.015,0.015,Improvement,1538,1974
404842,Vitaliy Mykolenko,Defender,Left-Back,Ukraine,2023-24,2024-25,25,26,Everton FC,Everton FC,2471,3084,2,1,0,2,2,3,0.073,0.029,0,0.058,0.073,0.088,-0.044,0.058,0.015,Improvement,1539,1973
257376,Domingos Duarte,Defender,Centre-Back,Portugal,2021-22,2022-23,27,28,Granada CF,Getafe CF,1689,2657,1,0,0,2,1,2,0.053,0,0,0.068,0.053,0.068,-0.053,0.068,0.015,Improvement,1540,1972
53536,Tolgay Arslan,Midfield,Attacking Midfield,Germany,2020-21,2021-22,30,31,Udinese Calcio,Udinese Calcio,1833,1669,3,1,0,2,3,3,0.147,0.054,0,0.108,0.147,0.162,-0.093,0.108,0.015,Improvement,1541,1971
487969,Randal Kolo Muani,Attack,Centre-Forward,France,2020-21,2021-22,22,23,FC Nantes,FC Nantes,3042,2958,9,12,8,5,17,17,0.266,0.365,0.237,0.152,0.503,0.517,0.099,-0.085,0.014,Improvement,1542,1970
291200,Moussa Niakhaté,Defender,Centre-Back,Senegal,2020-21,2021-22,25,26,1.FSV Mainz 05,1.FSV Mainz 05,2867,2567,3,4,1,0,4,4,0.094,0.14,0.031,0,0.126,0.14,0.046,-0.031,0.014,Improvement,1543,1969
213670,Lucas Torró,Midfield,Defensive Midfield,Spain,2022-23,2023-24,28,29,CA Osasuna,CA Osasuna,2488,1791,1,1,0,0,1,1,0.036,0.05,0,0,0.036,0.05,0.014,0,0.014,Improvement,1544,1968
112302,Roberto Pereyra,Midfield,Central Midfield,Argentina,2021-22,2022-23,31,32,Udinese Calcio,Udinese Calcio,1801,2829,3,5,5,8,8,13,0.15,0.159,0.25,0.255,0.4,0.414,0.009,0.005,0.014,Improvement,1545,1967
659813,Piero Hincapié,Defender,Centre-Back,Ecuador,2023-24,2024-25,22,23,Bayer 04 Leverkusen,Bayer 04 Leverkusen,1483,2670,1,2,1,2,2,4,0.061,0.067,0.061,0.067,0.121,0.135,0.006,0.006,0.014,Improvement,1546,1966
203394,Andreas Pereira,Midfield,Central Midfield,Brazil,2023-24,2024-25,28,29,Fulham FC,Fulham FC,2639,2026,3,2,7,6,10,8,0.102,0.089,0.239,0.267,0.341,0.355,-0.013,0.028,0.014,Improvement,1547,1965
369267,Maximiliano Caufriez,Defender,Centre-Back,Belgium,2022-23,2023-24,26,27,Clermont Foot 63,Clermont Foot 63,2224,1665,1,0,0,1,1,1,0.04,0,0,0.054,0.04,0.054,-0.04,0.054,0.014,Improvement,1548,1964
75067,Liam Cooper,Defender,Centre-Back,Scotland,2021-22,2022-23,30,31,Leeds United,Leeds United,1815,1427,0,1,1,0,1,1,0,0.063,0.05,0,0.05,0.063,0.063,-0.05,0.013,Improvement,1549,1963
424204,Alphonso Davies,Defender,Left-Back,Canada,2021-22,2022-23,21,22,Bayern Munich,Bayern Munich,1743,2047,0,1,4,4,4,5,0,0.044,0.207,0.176,0.207,0.22,0.044,-0.031,0.013,Improvement,1550,1962
257376,Domingos Duarte,Defender,Centre-Back,Portugal,2020-21,2021-22,26,27,Granada CF,Granada CF,2275,1689,1,1,0,0,1,1,0.04,0.053,0,0,0.04,0.053,0.013,0,0.013,Improvement,1551,1961
532937,Johan Vásquez,Defender,Centre-Back,Mexico,2022-23,2023-24,24,25,US Cremonese,Genoa CFC,1809,2853,1,1,0,1,1,2,0.05,0.032,0,0.032,0.05,0.063,-0.018,0.032,0.013,Improvement,1552,1960
564545,Edmond Tapsoba,Defender,Centre-Back,Burkina Faso,2021-22,2022-23,23,24,Bayer 04 Leverkusen,Bayer 04 Leverkusen,1813,2873,1,1,0,1,1,2,0.05,0.031,0,0.031,0.05,0.063,-0.019,0.031,0.013,Improvement,1553,1959
353032,Omar Alderete,Defender,Centre-Back,Paraguay,2021-22,2022-23,25,26,Valencia CF,Getafe CF,2410,2050,2,1,0,1,2,2,0.075,0.044,0,0.044,0.075,0.088,-0.031,0.044,0.013,Improvement,1554,1958
118284,Jordan Ferri,Midfield,Central Midfield,France,2023-24,2024-25,32,33,Montpellier HSC,Montpellier HSC,2038,1781,1,0,1,2,2,2,0.044,0,0.044,0.101,0.088,0.101,-0.044,0.057,0.013,Improvement,1555,1957
533568,Nahuel Tenaglia,Defender,Right-Back,Argentina,2023-24,2024-25,28,29,Deportivo Alavés,Deportivo Alavés,1131,2923,1,2,0,1,1,3,0.08,0.062,0,0.031,0.08,0.092,-0.018,0.031,0.012,Improvement,1556,1956
192635,Nico Elvedi,Defender,Centre-Back,Switzerland,2023-24,2024-25,27,28,Borussia Mönchengladbach,Borussia Mönchengladbach,2485,2136,2,1,0,1,2,2,0.072,0.042,0,0.042,0.072,0.084,-0.03,0.042,0.012,Improvement,1557,1955
423440,Martín Zubimendi,Midfield,Defensive Midfield,Spain,2021-22,2022-23,23,24,Real Sociedad,Real Sociedad,2584,3102,2,1,1,3,3,4,0.07,0.029,0.035,0.087,0.104,0.116,-0.041,0.052,0.012,Improvement,1558,1954
503991,Yunus Musah,Midfield,Central Midfield,United States,2021-22,2022-23,19,20,Valencia CF,Valencia CF,1236,2121,1,0,0,2,1,2,0.073,0,0,0.085,0.073,0.085,-0.073,0.085,0.012,Improvement,1559,1953
413112,Aurélien Tchouaméni,Midfield,Defensive Midfield,France,2022-23,2023-24,23,24,Real Madrid,Real Madrid,2120,1986,0,3,4,1,4,4,0,0.136,0.17,0.045,0.17,0.181,0.136,-0.125,0.011,Improvement,1560,1952
298635,Grigoris Kastanos,Midfield,Central Midfield,Cyprus,2021-22,2022-23,24,25,US Salernitana 1919,US Salernitana 1919,1348,1281,1,2,2,1,3,3,0.067,0.141,0.134,0.07,0.2,0.211,0.074,-0.064,0.011,Improvement,1561,1951
354352,Frédéric Guilbert,Defender,Right-Back,France,2022-23,2023-24,28,29,RC Strasbourg Alsace,RC Strasbourg Alsace,1465,2493,0,2,1,0,1,2,0,0.072,0.061,0,0.061,0.072,0.072,-0.061,0.011,Improvement,1562,1950
124502,Matthias Ginter,Defender,Centre-Back,Germany,2023-24,2024-25,30,31,SC Freiburg,SC Freiburg,1917,2560,0,2,2,1,2,3,0,0.07,0.094,0.035,0.094,0.105,0.07,-0.059,0.011,Improvement,1563,1949
555500,Jorge Herrando,Defender,Centre-Back,Spain,2023-24,2024-25,23,24,CA Osasuna,CA Osasuna,1644,1364,0,1,1,0,1,1,0,0.066,0.055,0,0.055,0.066,0.066,-0.055,0.011,Improvement,1564,1948
491693,Nehuén Pérez,Defender,Centre-Back,Argentina,2021-22,2022-23,22,23,Udinese Calcio,Udinese Calcio,1695,2826,0,2,1,0,1,2,0,0.064,0.053,0,0.053,0.064,0.064,-0.053,0.011,Improvement,1565,1947
381950,Alexis Saelemaekers,Midfield,Right Midfield,Belgium,2022-23,2023-24,24,25,AC Milan,Bologna Football Club 1909,1399,1894,2,4,3,3,5,7,0.129,0.19,0.193,0.143,0.322,0.333,0.061,-0.05,0.011,Improvement,1566,1946
476701,Manuel Ugarte,Midfield,Defensive Midfield,Uruguay,2023-24,2024-25,23,24,Paris Saint-Germain,Manchester United,1933,1792,0,1,3,2,3,3,0,0.05,0.14,0.1,0.14,0.151,0.05,-0.04,0.011,Improvement,1567,1945
193900,Marius Wolf,Defender,Right-Back,Germany,2023-24,2024-25,29,30,Borussia Dortmund,FC Augsburg,1161,2163,0,1,2,3,2,4,0,0.042,0.155,0.125,0.155,0.166,0.042,-0.03,0.011,Improvement,1568,1944
111196,Stefan de Vrij,Defender,Centre-Back,Netherlands,2022-23,2023-24,31,32,Inter Milan,Inter Milan,1943,1579,1,1,0,0,1,1,0.046,0.057,0,0,0.046,0.057,0.011,0,0.011,Improvement,1569,1943
598577,Florian Wirtz,Midfield,Attacking Midfield,Germany,2023-24,2024-25,21,22,Bayer 04 Leverkusen,Bayer 04 Leverkusen,2384,2356,11,10,12,13,23,23,0.415,0.382,0.453,0.497,0.868,0.879,-0.033,0.044,0.011,Improvement,1570,1942
353892,Hiroki Ito,Defender,Centre-Back,Japan,2022-23,2023-24,24,25,VfB Stuttgart,VfB Stuttgart,2561,2232,1,0,1,2,2,2,0.035,0,0.035,0.081,0.07,0.081,-0.035,0.046,0.011,Improvement,1571,1941
95424,Kyle Walker,Defender,Right-Back,England,2020-21,2021-22,31,32,Manchester City,Manchester City,1946,1755,1,0,1,2,2,2,0.046,0,0.046,0.103,0.092,0.103,-0.046,0.057,0.011,Improvement,1572,1940
51510,Ángel Rodríguez,Attack,Centre-Forward,Spain,2020-21,2021-22,34,35,Getafe CF,RCD Mallorca,1363,1549,5,4,1,3,6,7,0.33,0.232,0.066,0.174,0.396,0.407,-0.098,0.108,0.011,Improvement,1573,1939
670882,Jamie Gittens,Attack,Left Winger,England,2023-24,2024-25,19,20,Borussia Dortmund,Borussia Dortmund,1059,1784,1,8,6,4,7,12,0.085,0.404,0.51,0.202,0.595,0.605,0.319,-0.308,0.01,Improvement,1574,1938
278296,Antonio Raíllo,Defender,Centre-Back,Spain,2022-23,2023-24,31,32,RCD Mallorca,RCD Mallorca,2766,2198,2,3,4,2,6,5,0.065,0.123,0.13,0.082,0.195,0.205,0.058,-0.048,0.01,Improvement,1575,1937
46001,Moussa Sissoko,Midfield,Central Midfield,France,2021-22,2022-23,32,33,Watford FC,FC Nantes,3221,1924,2,2,1,0,3,2,0.056,0.094,0.028,0,0.084,0.094,0.038,-0.028,0.01,Improvement,1576,1936
250478,Matt Targett,Defender,Left-Back,England,2020-21,2021-22,25,26,Aston Villa,"Aston Villa, Newcastle United",3405,2873,0,1,2,1,2,2,0,0.031,0.053,0.031,0.053,0.063,0.031,-0.022,0.01,Improvement,1577,1935
284854,Carles Aleñá,Midfield,Central Midfield,Spain,2022-23,2023-24,25,26,Getafe CF,Getafe CF,2126,1007,2,1,2,1,4,2,0.085,0.089,0.085,0.089,0.169,0.179,0.004,0.004,0.01,Improvement,1578,1934
364857,Falaye Sacko,Defender,Right-Back,Mali,2023-24,2024-25,29,30,Montpellier HSC,Montpellier HSC,1380,1208,0,0,1,1,1,1,0,0,0.065,0.075,0.065,0.075,0,0.01,0.01,Improvement,1579,1933
480116,Lloyd Kelly,Defender,Centre-Back,England,2023-24,2024-25,25,26,AFC Bournemouth,"Juventus FC, Newcastle United",1556,1316,0,0,1,1,1,1,0,0,0.058,0.068,0.058,0.068,0,0.01,0.01,Improvement,1579,1933
617060,Mika Mármol,Defender,Centre-Back,Spain,2023-24,2024-25,22,23,UD Las Palmas,UD Las Palmas,3181,2399,0,0,1,1,1,1,0,0,0.028,0.038,0.028,0.038,0,0.01,0.01,Improvement,1579,1933
181378,Gaëtan Laborde,Attack,Centre-Forward,France,2020-21,2021-22,27,28,Montpellier HSC,"Montpellier HSC, Stade Rennais FC",3270,3086,16,15,8,8,24,23,0.44,0.437,0.22,0.233,0.661,0.671,-0.003,0.013,0.01,Improvement,1580,1932
203394,Andreas Pereira,Midfield,Central Midfield,Brazil,2022-23,2023-24,27,28,Fulham FC,Fulham FC,2718,2639,4,3,6,7,10,10,0.132,0.102,0.199,0.239,0.331,0.341,-0.03,0.04,0.01,Improvement,1581,1931
595809,Beto,Attack,Centre-Forward,Guinea-Bissau,2021-22,2022-23,24,25,Udinese Calcio,Udinese Calcio,2177,2131,11,10,0,1,11,11,0.455,0.422,0,0.042,0.455,0.465,-0.033,0.042,0.01,Improvement,1582,1930
280575,Elvis Rexhbecaj,Midfield,Central Midfield,Kosovo,2023-24,2024-25,26,27,FC Augsburg,FC Augsburg,1995,1792,2,1,0,1,2,2,0.09,0.05,0,0.05,0.09,0.1,-0.04,0.05,0.01,Improvement,1583,1929
29364,João Moutinho,Midfield,Central Midfield,Portugal,2021-22,2022-23,35,36,Wolverhampton Wanderers,Wolverhampton Wanderers,2976,1783,2,0,1,2,3,2,0.06,0,0.03,0.101,0.091,0.101,-0.06,0.071,0.01,Improvement,1584,1928
562049,Edoardo Bove,Midfield,Central Midfield,Italy,2022-23,2023-24,21,22,Associazione Sportiva Roma,Associazione Sportiva Roma,987,1777,1,0,0,2,1,2,0.091,0,0,0.101,0.091,0.101,-0.091,0.101,0.01,Improvement,1585,1927
378139,Aitor Ruibal,Attack,Right Winger,Spain,2023-24,2024-25,28,29,Real Betis Balompié,Real Betis Balompié,1016,1303,2,1,1,3,3,4,0.177,0.069,0.089,0.207,0.266,0.276,-0.108,0.118,0.01,Improvement,1586,1926
401527,Rogério,Defender,Left-Back,Brazil,2022-23,2023-24,25,26,US Sassuolo,VfL Wolfsburg,2998,906,0,1,3,0,3,1,0,0.099,0.09,0,0.09,0.099,0.099,-0.09,0.009,Improvement,1587,1925
324795,Mahdi Camara,Midfield,Central Midfield,France,2020-21,2021-22,23,24,AS Saint-Étienne,AS Saint-Étienne,3295,3076,3,3,2,2,5,5,0.082,0.088,0.055,0.059,0.137,0.146,0.006,0.004,0.009,Improvement,1588,1924
173504,James Tarkowski,Defender,Centre-Back,England,2023-24,2024-25,31,32,Everton FC,Everton FC,3420,2924,1,1,1,1,2,2,0.026,0.031,0.026,0.031,0.053,0.062,0.005,0.005,0.009,Improvement,1589,1923
111455,Granit Xhaka,Midfield,Defensive Midfield,Switzerland,2020-21,2021-22,28,29,Arsenal FC,Arsenal FC,2526,2331,1,1,2,2,3,3,0.036,0.039,0.071,0.077,0.107,0.116,0.003,0.006,0.009,Improvement,1590,1922
644771,Odilon Kossounou,Defender,Centre-Back,Cote d'Ivoire,2021-22,2022-23,21,22,Bayer 04 Leverkusen,Bayer 04 Leverkusen,1790,1519,0,0,1,1,1,1,0,0,0.05,0.059,0.05,0.059,0,0.009,0.009,Improvement,1591,1921
687626,Moisés Caicedo,Midfield,Defensive Midfield,Ecuador,2023-24,2024-25,22,23,Chelsea FC,Chelsea FC,2874,3356,1,1,3,4,4,5,0.031,0.027,0.094,0.107,0.125,0.134,-0.004,0.013,0.009,Improvement,1592,1920
118278,Xavier Chavalerin,Midfield,Central Midfield,France,2021-22,2022-23,31,32,"ESTAC Troyes, Stade Reims",ESTAC Troyes,2943,2420,5,4,2,2,7,6,0.153,0.149,0.061,0.074,0.214,0.223,-0.004,0.013,0.009,Improvement,1592,1920
148928,Saúl Ñíguez,Midfield,Central Midfield,Spain,2023-24,2024-25,29,30,Atlético de Madrid,Sevilla FC,1363,1555,1,1,5,6,6,7,0.066,0.058,0.33,0.347,0.396,0.405,-0.008,0.017,0.009,Improvement,1593,1919
75067,Liam Cooper,Defender,Centre-Back,Scotland,2020-21,2021-22,29,30,Leeds United,Leeds United,2187,1815,1,0,0,1,1,1,0.041,0,0,0.05,0.041,0.05,-0.041,0.05,0.009,Improvement,1594,1918
293944,Habib Maïga,Midfield,Defensive Midfield,Cote d'Ivoire,2020-21,2021-22,25,26,FC Metz,FC Metz,2698,1273,1,2,3,0,4,2,0.033,0.141,0.1,0,0.133,0.141,0.108,-0.1,0.008,Improvement,1595,1917
649452,Issa Kaboré,Defender,Right-Back,Burkina Faso,2021-22,2022-23,21,22,ESTAC Troyes,Olympique Marseille,2260,1020,0,1,2,0,2,1,0,0.088,0.08,0,0.08,0.088,0.088,-0.08,0.008,Improvement,1596,1916
144028,Leandro Trossard,Attack,Left Winger,Belgium,2020-21,2021-22,26,27,Brighton & Hove Albion,Brighton & Hove Albion,2618,2809,5,8,5,3,10,11,0.172,0.256,0.172,0.096,0.344,0.352,0.084,-0.076,0.008,Improvement,1597,1915
361260,Ozan Kabak,Defender,Centre-Back,Türkiye,2022-23,2023-24,23,24,TSG 1899 Hoffenheim,TSG 1899 Hoffenheim,2393,2291,2,4,3,1,5,5,0.075,0.157,0.113,0.039,0.188,0.196,0.082,-0.074,0.008,Improvement,1598,1914
698259,Thomas Kristensen,Defender,Centre-Back,Denmark,2023-24,2024-25,22,23,Udinese Calcio,Udinese Calcio,2098,1753,0,1,1,0,1,1,0,0.051,0.043,0,0.043,0.051,0.051,-0.043,0.008,Improvement,1599,1913
198116,Federico Dimarco,Defender,Left-Back,Italy,2021-22,2022-23,24,25,Inter Milan,Inter Milan,1422,2085,2,4,4,5,6,9,0.127,0.173,0.253,0.216,0.38,0.388,0.046,-0.037,0.008,Improvement,1600,1912
357885,Pablo Fornals,Midfield,Central Midfield,Spain,2020-21,2021-22,25,26,West Ham United,West Ham United,2584,2802,5,6,4,4,9,10,0.174,0.193,0.139,0.128,0.313,0.321,0.019,-0.011,0.008,Improvement,1601,1911
130765,Stuart Armstrong,Midfield,Central Midfield,Scotland,2021-22,2022-23,30,31,Southampton FC,Southampton FC,1470,1405,2,2,1,1,3,3,0.122,0.128,0.061,0.064,0.184,0.192,0.006,0.003,0.008,Improvement,1602,1910
411975,Jules Koundé,Defender,Right-Back,France,2020-21,2021-22,22,23,Sevilla FC,Sevilla FC,2975,2737,2,2,1,1,3,3,0.061,0.066,0.03,0.033,0.091,0.099,0.005,0.003,0.008,Improvement,1603,1909
88680,Luca Caldirola,Defender,Centre-Back,Italy,2022-23,2023-24,32,33,AC Monza,AC Monza,2360,2139,2,1,0,1,2,2,0.076,0.042,0,0.042,0.076,0.084,-0.034,0.042,0.008,Improvement,1604,1908
336960,Giuseppe Pezzella,Defender,Left-Back,Italy,2020-21,2021-22,23,24,Parma Calcio 1913,Atalanta BC,1835,1068,1,0,4,3,5,3,0.049,0,0.196,0.253,0.245,0.253,-0.049,0.057,0.008,Improvement,1605,1907
182893,Seko Fofana,Midfield,Central Midfield,Cote d'Ivoire,2020-21,2021-22,26,27,RC Lens,RC Lens,2312,3364,2,8,4,1,6,9,0.078,0.214,0.156,0.027,0.234,0.241,0.136,-0.129,0.007,Improvement,1606,1906
25557,Sergio Ramos,Defender,Centre-Back,Spain,2022-23,2023-24,37,38,Paris Saint-Germain,Sevilla FC,2708,2517,2,3,1,0,3,3,0.066,0.107,0.033,0,0.1,0.107,0.041,-0.033,0.007,Improvement,1607,1905
212723,Djibril Sow,Midfield,Central Midfield,Switzerland,2023-24,2024-25,27,28,Sevilla FC,Sevilla FC,1468,2070,1,2,1,1,2,3,0.061,0.087,0.061,0.043,0.123,0.13,0.026,-0.018,0.007,Improvement,1608,1904
295313,Taiwo Awoniyi,Attack,Centre-Forward,Nigeria,2021-22,2022-23,24,25,1.FC Union Berlin,Nottingham Forest,2202,1411,15,10,2,1,17,11,0.613,0.638,0.082,0.064,0.695,0.702,0.025,-0.018,0.007,Improvement,1609,1903
931838,Hugo Larsson,Midfield,Central Midfield,Sweden,2023-24,2024-25,20,21,Eintracht Frankfurt,Eintracht Frankfurt,1887,2403,2,3,1,1,3,4,0.095,0.112,0.048,0.037,0.143,0.15,0.017,-0.011,0.007,Improvement,1610,1902
60542,Maxime Gonalons,Midfield,Defensive Midfield,France,2022-23,2023-24,34,35,Clermont Foot 63,Clermont Foot 63,1460,1306,1,1,0,0,1,1,0.062,0.069,0,0,0.062,0.069,0.007,0,0.007,Improvement,1611,1901
57500,César Azpilicueta,Defender,Centre-Back,Spain,2020-21,2021-22,31,32,Chelsea FC,Chelsea FC,2191,2074,1,1,2,2,3,3,0.041,0.043,0.082,0.087,0.123,0.13,0.002,0.005,0.007,Improvement,1612,1900
147038,Cédric Brunner,Defender,Right-Back,Switzerland,2020-21,2021-22,27,28,Arminia Bielefeld,Arminia Bielefeld,2661,2187,0,0,1,1,1,1,0,0,0.034,0.041,0.034,0.041,0,0.007,0.007,Improvement,1613,1899
192735,Stanislav Lobotka,Midfield,Defensive Midfield,Slovakia,2023-24,2024-25,29,30,SSC Napoli,SSC Napoli,3294,2649,0,0,1,1,1,1,0,0,0.027,0.034,0.027,0.034,0,0.007,0.007,Improvement,1613,1899
413605,David Okereke,Attack,Centre-Forward,Nigeria,2021-22,2022-23,24,25,Venezia FC,US Cremonese,2061,2276,7,7,1,2,8,9,0.306,0.277,0.044,0.079,0.349,0.356,-0.029,0.035,0.007,Improvement,1614,1898
270171,Vitaly Janelt,Midfield,Defensive Midfield,Germany,2021-22,2022-23,24,25,Brentford FC,Brentford FC,2308,2210,4,3,0,1,4,4,0.156,0.122,0,0.041,0.156,0.163,-0.034,0.041,0.007,Improvement,1615,1897
242273,Pedro Chirivella,Midfield,Defensive Midfield,Spain,2023-24,2024-25,27,28,FC Nantes,FC Nantes,2601,2363,1,0,1,2,2,2,0.035,0,0.035,0.076,0.069,0.076,-0.035,0.041,0.007,Improvement,1616,1896
111058,Arnaud Souquet,Defender,Right-Back,France,2020-21,2021-22,29,30,Montpellier HSC,Montpellier HSC,1224,2341,1,1,1,3,2,4,0.074,0.038,0.074,0.115,0.147,0.154,-0.036,0.041,0.007,Improvement,1617,1895
202591,Benjamin Henrichs,Defender,Right-Back,Germany,2022-23,2023-24,26,27,RB Leipzig,RB Leipzig,2188,2531,2,1,3,5,5,6,0.082,0.036,0.123,0.178,0.206,0.213,-0.046,0.055,0.007,Improvement,1618,1894
503680,Neco Williams,Defender,Left-Back,Wales,2022-23,2023-24,22,23,Nottingham Forest,Nottingham Forest,1876,1634,1,0,0,1,1,1,0.048,0,0,0.055,0.048,0.055,-0.048,0.055,0.007,Improvement,1619,1893
311044,Alfonso Espino,Defender,Left-Back,Uruguay,2021-22,2022-23,30,31,Cádiz CF,Cádiz CF,3330,3123,2,0,2,4,4,4,0.054,0,0.054,0.115,0.108,0.115,-0.054,0.061,0.007,Improvement,1620,1892
201737,Christopher Jullien,Defender,Centre-Back,Guadeloupe,2022-23,2023-24,30,31,Montpellier HSC,Montpellier HSC,2696,1229,0,1,2,0,2,1,0,0.073,0.067,0,0.067,0.073,0.073,-0.067,0.006,Improvement,1621,1891
182581,Tonny Vilhena,Midfield,Central Midfield,Netherlands,2021-22,2022-23,27,28,RCD Espanyol Barcelona,US Salernitana 1919,936,2274,1,4,1,1,2,5,0.096,0.158,0.096,0.04,0.192,0.198,0.062,-0.056,0.006,Improvement,1622,1890
353948,Lucas Tousart,Midfield,Central Midfield,France,2020-21,2021-22,24,25,Hertha BSC,Hertha BSC,2096,1958,1,2,1,0,2,2,0.043,0.092,0.043,0,0.086,0.092,0.049,-0.043,0.006,Improvement,1623,1889
422466,Javi Hernández,Defender,Left-Back,Spain,2023-24,2024-25,26,27,Cádiz CF,CD Leganés,2518,2391,1,2,2,1,3,3,0.036,0.075,0.071,0.038,0.107,0.113,0.039,-0.033,0.006,Improvement,1624,1888
159471,Serge Gnabry,Attack,Second Striker,Germany,2020-21,2021-22,25,26,Bayern Munich,Bayern Munich,1655,2189,10,14,5,6,15,20,0.544,0.576,0.272,0.247,0.816,0.822,0.032,-0.025,0.006,Improvement,1625,1887
332179,Matteo Pessina,Midfield,Central Midfield,Italy,2022-23,2023-24,26,27,AC Monza,AC Monza,2939,3229,5,6,3,3,8,9,0.153,0.167,0.092,0.084,0.245,0.251,0.014,-0.008,0.006,Improvement,1626,1886
12282,Daley Blind,Defender,Centre-Back,Netherlands,2023-24,2024-25,34,35,Girona FC,Girona FC,2972,2780,1,0,2,3,3,3,0.03,0,0.061,0.097,0.091,0.097,-0.03,0.036,0.006,Improvement,1627,1885
184573,Victor Lindelöf,Defender,Centre-Back,Sweden,2020-21,2021-22,26,27,Manchester United,Manchester United,2586,2354,1,0,1,2,2,2,0.035,0,0.035,0.076,0.07,0.076,-0.035,0.041,0.006,Improvement,1628,1884
119277,Yannick Gerhardt,Midfield,Central Midfield,Germany,2020-21,2021-22,27,28,VfL Wolfsburg,VfL Wolfsburg,1932,1576,2,1,4,4,6,5,0.093,0.057,0.186,0.228,0.28,0.286,-0.036,0.042,0.006,Improvement,1629,1883
167329,Alassane Pléa,Attack,Centre-Forward,France,2022-23,2023-24,30,31,Borussia Mönchengladbach,Borussia Mönchengladbach,1779,1926,2,7,9,5,11,12,0.101,0.327,0.455,0.234,0.556,0.561,0.226,-0.221,0.005,Improvement,1630,1882
127156,Téji Savanier,Midfield,Attacking Midfield,France,2021-22,2022-23,30,31,Montpellier HSC,Montpellier HSC,2422,2561,8,12,7,4,15,16,0.297,0.422,0.26,0.141,0.557,0.562,0.125,-0.119,0.005,Improvement,1631,1881
502821,Riccardo Calafiori,Defender,Left-Back,Italy,2023-24,2024-25,22,23,Bologna Football Club 1909,Arsenal FC,2338,985,2,2,5,1,7,3,0.077,0.183,0.192,0.091,0.269,0.274,0.106,-0.101,0.005,Improvement,1632,1880
585959,Arnaud Kalimuendo,Attack,Centre-Forward,France,2022-23,2023-24,21,22,Stade Rennais FC,Stade Rennais FC,1863,2155,7,10,5,4,12,14,0.338,0.418,0.242,0.167,0.58,0.585,0.08,-0.075,0.005,Improvement,1633,1879
169880,Giovanni Di Lorenzo,Defender,Right-Back,Italy,2021-22,2022-23,28,29,SSC Napoli,SSC Napoli,2873,3257,1,3,5,4,6,7,0.031,0.083,0.157,0.111,0.188,0.193,0.052,-0.046,0.005,Improvement,1634,1878
225161,Rúben Neves,Midfield,Defensive Midfield,Portugal,2021-22,2022-23,25,26,Wolverhampton Wanderers,Wolverhampton Wanderers,2662,3023,4,6,2,1,6,7,0.135,0.179,0.068,0.03,0.203,0.208,0.044,-0.038,0.005,Improvement,1635,1877
389837,Nicolò Casale,Defender,Centre-Back,Italy,2021-22,2022-23,24,25,Hellas Verona,Società Sportiva Lazio S.p.A.,2593,2436,0,1,2,1,2,2,0,0.037,0.069,0.037,0.069,0.074,0.037,-0.032,0.005,Improvement,1636,1876
157509,Kurt Zouma,Defender,Centre-Back,France,2022-23,2023-24,28,29,West Ham United,West Ham United,1990,2839,2,3,0,0,2,3,0.09,0.095,0,0,0.09,0.095,0.005,0,0.005,Improvement,1637,1875
192735,Stanislav Lobotka,Midfield,Defensive Midfield,Slovakia,2021-22,2022-23,27,28,SSC Napoli,SSC Napoli,1688,3114,1,1,0,1,1,2,0.053,0.029,0,0.029,0.053,0.058,-0.024,0.029,0.005,Improvement,1638,1874
546213,Tuta,Defender,Centre-Back,Brazil,2022-23,2023-24,23,24,Eintracht Frankfurt,Eintracht Frankfurt,2717,2607,2,1,1,2,3,3,0.066,0.035,0.033,0.069,0.099,0.104,-0.031,0.036,0.005,Improvement,1639,1873
92572,Joel Ward,Defender,Right-Back,England,2022-23,2023-24,33,34,Crystal Palace,Crystal Palace,2255,1982,1,0,0,1,1,1,0.04,0,0,0.045,0.04,0.045,-0.04,0.045,0.005,Improvement,1640,1872
730893,Tyrick Mitchell,Defender,Left-Back,England,2023-24,2024-25,24,25,Crystal Palace,Crystal Palace,3210,3103,2,0,3,5,5,5,0.056,0,0.084,0.145,0.14,0.145,-0.056,0.061,0.005,Improvement,1641,1871
203348,Chancel Mbemba,Defender,Centre-Back,DR Congo,2022-23,2023-24,28,29,Olympique Marseille,Olympique Marseille,2850,2209,5,2,0,2,5,4,0.158,0.081,0,0.081,0.158,0.163,-0.077,0.081,0.005,Improvement,1642,1870
368891,Arthur Theate,Defender,Centre-Back,Belgium,2021-22,2022-23,22,23,Bologna Football Club 1909,Stade Rennais FC,2427,3129,2,4,1,0,3,4,0.074,0.115,0.037,0,0.111,0.115,0.041,-0.037,0.004,Improvement,1643,1869
290587,Ellyes Skhiri,Midfield,Defensive Midfield,Tunisia,2021-22,2022-23,27,28,1.FC Köln,1.FC Köln,1812,2857,4,7,1,1,5,8,0.199,0.221,0.05,0.032,0.248,0.252,0.022,-0.018,0.004,Improvement,1644,1868
139279,Nicolas Pallois,Defender,Centre-Back,France,2021-22,2022-23,34,35,FC Nantes,FC Nantes,2451,2217,1,1,0,0,1,1,0.037,0.041,0,0,0.037,0.041,0.004,0,0.004,Improvement,1645,1867
524481,Roger Ibañez,Defender,Centre-Back,Brazil,2021-22,2022-23,23,24,Associazione Sportiva Roma,Associazione Sportiva Roma,2888,2796,3,3,0,0,3,3,0.093,0.097,0,0,0.093,0.097,0.004,0,0.004,Improvement,1645,1867
59551,Ángel Montoro,Midfield,Central Midfield,Spain,2020-21,2021-22,33,34,Granada CF,Granada CF,1370,1330,1,1,1,1,2,2,0.066,0.068,0.066,0.068,0.131,0.135,0.002,0.002,0.004,Improvement,1646,1866
232418,Ondrej Duda,Midfield,Central Midfield,Slovakia,2023-24,2024-25,29,30,Hellas Verona,Hellas Verona,2465,2403,1,1,4,4,5,5,0.037,0.037,0.146,0.15,0.183,0.187,0,0.004,0.004,Improvement,1647,1865
401527,Rogério,Defender,Left-Back,Brazil,2020-21,2021-22,23,24,US Sassuolo,US Sassuolo,1873,1733,0,0,1,1,1,1,0,0,0.048,0.052,0.048,0.052,0,0.004,0.004,Improvement,1647,1865
215114,Thomas Foket,Defender,Right-Back,Belgium,2022-23,2023-24,28,29,Stade Reims,Stade Reims,1982,1841,0,0,1,1,1,1,0,0,0.045,0.049,0.045,0.049,0,0.004,0.004,Improvement,1647,1865
730893,Tyrick Mitchell,Defender,Left-Back,England,2021-22,2022-23,22,23,Crystal Palace,Crystal Palace,3103,2896,0,0,2,2,2,2,0,0,0.058,0.062,0.058,0.062,0,0.004,0.004,Improvement,1647,1865
453016,Anthony Caci,Defender,Right-Back,France,2022-23,2023-24,25,26,1.FSV Mainz 05,1.FSV Mainz 05,2035,2493,2,2,2,3,4,5,0.088,0.072,0.088,0.108,0.177,0.181,-0.016,0.02,0.004,Improvement,1648,1864
124732,John Brooks,Defender,Centre-Back,United States,2020-21,2021-22,28,29,VfL Wolfsburg,VfL Wolfsburg,2774,2617,2,1,0,1,2,2,0.065,0.034,0,0.034,0.065,0.069,-0.031,0.034,0.004,Improvement,1649,1863
282250,Birger Meling,Defender,Left-Back,Norway,2020-21,2021-22,26,27,Nîmes Olympique,Stade Rennais FC,2329,1826,2,0,3,4,5,4,0.077,0,0.116,0.197,0.193,0.197,-0.077,0.081,0.004,Improvement,1650,1862
173859,Davide Zappacosta,Midfield,Right Midfield,Italy,2020-21,2021-22,29,30,Genoa CFC,Atalanta BC,2047,2355,4,1,2,6,6,7,0.176,0.038,0.088,0.229,0.264,0.268,-0.138,0.141,0.004,Improvement,1651,1861
330659,Justin Kluivert,Midfield,Attacking Midfield,Netherlands,2021-22,2022-23,23,24,OGC Nice,Valencia CF,1878,1450,4,6,5,1,9,7,0.192,0.372,0.24,0.062,0.431,0.434,0.18,-0.178,0.003,Improvement,1652,1860
566931,Xavi Simons,Midfield,Attacking Midfield,Netherlands,2023-24,2024-25,21,22,RB Leipzig,RB Leipzig,2676,2157,8,10,13,7,21,17,0.269,0.417,0.437,0.292,0.706,0.709,0.148,-0.145,0.003,Improvement,1653,1859
242631,Alex Iwobi,Attack,Left Winger,Nigeria,2022-23,2023-24,27,28,Everton FC,"Everton FC, Fulham FC",3382,2346,2,5,8,2,10,7,0.053,0.192,0.213,0.077,0.266,0.269,0.139,-0.136,0.003,Improvement,1654,1858
315867,Gianluca Scamacca,Attack,Centre-Forward,Italy,2020-21,2021-22,22,23,Genoa CFC,US Sassuolo,1351,2152,8,16,2,0,10,16,0.533,0.669,0.133,0,0.666,0.669,0.136,-0.133,0.003,Improvement,1655,1857
74810,Ben Mee,Defender,Centre-Back,England,2022-23,2023-24,33,34,Brentford FC,Brentford FC,3272,1276,3,2,2,0,5,2,0.083,0.141,0.055,0,0.138,0.141,0.058,-0.055,0.003,Improvement,1656,1856
315969,Scott McTominay,Midfield,Central Midfield,Scotland,2021-22,2022-23,25,26,Manchester United,Manchester United,2391,1151,1,1,1,0,2,1,0.038,0.078,0.038,0,0.075,0.078,0.04,-0.038,0.003,Improvement,1657,1855
394327,Boubacar Kamara,Midfield,Defensive Midfield,France,2020-21,2021-22,21,22,Olympique Marseille,Olympique Marseille,2905,2781,0,1,2,1,2,2,0,0.032,0.062,0.032,0.062,0.065,0.032,-0.03,0.003,Improvement,1658,1854
338285,Unai Núñez,Defender,Centre-Back,Spain,2022-23,2023-24,26,27,Celta de Vigo,Celta de Vigo,3151,2803,0,1,1,0,1,1,0,0.032,0.029,0,0.029,0.032,0.032,-0.029,0.003,Improvement,1658,1854
213670,Lucas Torró,Midfield,Defensive Midfield,Spain,2021-22,2022-23,27,28,CA Osasuna,CA Osasuna,2733,2488,1,1,0,0,1,1,0.033,0.036,0,0,0.033,0.036,0.003,0,0.003,Improvement,1659,1853
53437,Bastian Oczipka,Defender,Left-Back,Germany,2020-21,2021-22,32,33,FC Schalke 04,1.FC Union Berlin,1919,928,0,0,2,1,2,1,0,0,0.094,0.097,0.094,0.097,0,0.003,0.003,Improvement,1660,1852
394327,Boubacar Kamara,Midfield,Defensive Midfield,France,2022-23,2023-24,23,24,Aston Villa,Aston Villa,1781,1661,0,0,1,1,1,1,0,0,0.051,0.054,0.051,0.054,0,0.003,0.003,Improvement,1660,1852
221150,Dakonam Djené,Defender,Centre-Back,Togo,2021-22,2022-23,30,31,Getafe CF,Getafe CF,3117,2843,0,0,1,1,1,1,0,0,0.029,0.032,0.029,0.032,0,0.003,0.003,Improvement,1660,1852
448628,Javi Galán,Defender,Left-Back,Spain,2021-22,2022-23,27,28,Celta de Vigo,Celta de Vigo,3300,3162,0,0,3,3,3,3,0,0,0.082,0.085,0.082,0.085,0,0.003,0.003,Improvement,1660,1852
63494,Étienne Capoue,Midfield,Defensive Midfield,France,2020-21,2021-22,32,33,Villarreal CF,Villarreal CF,1195,2297,1,1,0,1,1,2,0.075,0.039,0,0.039,0.075,0.078,-0.036,0.039,0.003,Improvement,1661,1851
346289,Mouctar Diakhaby,Defender,Centre-Back,Guinea,2020-21,2021-22,24,25,Valencia CF,Valencia CF,2082,1945,1,0,0,1,1,1,0.043,0,0,0.046,0.043,0.046,-0.043,0.046,0.003,Improvement,1662,1850
256977,Daniel Podence,Attack,Left Winger,Portugal,2021-22,2022-23,26,27,Wolverhampton Wanderers,Wolverhampton Wanderers,1484,1770,2,6,3,0,5,6,0.121,0.305,0.182,0,0.303,0.305,0.184,-0.182,0.002,Improvement,1663,1849
199527,Jacob Murphy,Attack,Right Winger,England,2023-24,2024-25,29,30,Newcastle United,Newcastle United,1193,2382,3,8,7,12,10,20,0.226,0.302,0.528,0.453,0.754,0.756,0.076,-0.075,0.002,Improvement,1664,1848
242631,Alex Iwobi,Attack,Left Winger,Nigeria,2020-21,2021-22,25,26,Everton FC,Everton FC,1540,2035,1,2,2,2,3,4,0.058,0.088,0.117,0.088,0.175,0.177,0.03,-0.029,0.002,Improvement,1665,1847
324795,Mahdi Camara,Midfield,Central Midfield,France,2021-22,2022-23,24,25,AS Saint-Étienne,Stade Brestois 29,3076,1826,3,2,2,1,5,3,0.088,0.099,0.059,0.049,0.146,0.148,0.011,-0.01,0.002,Improvement,1666,1846
373373,Lucas Martínez Quarta,Defender,Centre-Back,Argentina,2020-21,2021-22,25,26,ACF Fiorentina,ACF Fiorentina,1483,1431,1,1,0,0,1,1,0.061,0.063,0,0,0.061,0.063,0.002,0,0.002,Improvement,1667,1845
338629,Sebastiaan Bornauw,Defender,Centre-Back,Belgium,2021-22,2022-23,23,24,VfL Wolfsburg,VfL Wolfsburg,2007,1927,1,1,0,0,1,1,0.045,0.047,0,0,0.045,0.047,0.002,0,0.002,Improvement,1667,1845
659089,Ilya Zabarnyi,Defender,Centre-Back,Ukraine,2023-24,2024-25,21,22,AFC Bournemouth,AFC Bournemouth,3330,3114,1,0,0,1,1,1,0.027,0,0,0.029,0.027,0.029,-0.027,0.029,0.002,Improvement,1668,1844
225161,Rúben Neves,Midfield,Defensive Midfield,Portugal,2020-21,2021-22,24,25,Wolverhampton Wanderers,Wolverhampton Wanderers,2680,2662,5,4,1,2,6,6,0.168,0.135,0.034,0.068,0.201,0.203,-0.033,0.034,0.002,Improvement,1669,1843
169880,Giovanni Di Lorenzo,Defender,Right-Back,Italy,2022-23,2023-24,29,30,SSC Napoli,SSC Napoli,3257,3235,3,1,4,6,7,7,0.083,0.028,0.111,0.167,0.193,0.195,-0.055,0.056,0.002,Improvement,1670,1842
257732,Amir Rrahmani,Defender,Centre-Back,Kosovo,2023-24,2024-25,30,31,SSC Napoli,SSC Napoli,2602,3407,3,1,0,3,3,4,0.104,0.026,0,0.079,0.104,0.106,-0.078,0.079,0.002,Improvement,1671,1841
255508,Iñaki Williams,Attack,Right Winger,Ghana,2023-24,2024-25,30,31,Athletic Bilbao,Athletic Bilbao,2856,2653,12,6,3,8,15,14,0.378,0.204,0.095,0.271,0.473,0.475,-0.174,0.176,0.002,Improvement,1672,1840
563963,Mohammed Salisu,Defender,Centre-Back,Ghana,2023-24,2024-25,25,26,AS Monaco,AS Monaco,1035,1021,0,1,1,0,1,1,0,0.088,0.087,0,0.087,0.088,0.088,-0.087,0.001,Improvement,1673,1839
283227,Rasmus Nicolaisen,Defender,Centre-Back,Denmark,2022-23,2023-24,26,27,FC Toulouse,FC Toulouse,2996,2927,0,2,2,0,2,2,0,0.061,0.06,0,0.06,0.061,0.061,-0.06,0.001,Improvement,1674,1838
341051,Kyle Walker-Peters,Defender,Right-Back,England,2020-21,2021-22,24,25,Southampton FC,Southampton FC,2649,2632,0,1,3,2,3,3,0,0.034,0.102,0.068,0.102,0.103,0.034,-0.034,0.001,Improvement,1675,1837
453376,Joseph Okumu,Defender,Centre-Back,Kenya,2023-24,2024-25,27,28,Stade Reims,Stade Reims,1743,1699,1,1,0,0,1,1,0.052,0.053,0,0,0.052,0.053,0.001,0,0.001,Improvement,1676,1836
410708,Pascal Struijk,Defender,Centre-Back,Netherlands,2020-21,2021-22,21,22,Leeds United,Leeds United,2076,2051,1,1,0,0,1,1,0.043,0.044,0,0,0.043,0.044,0.001,0,0.001,Improvement,1676,1836
250013,Angelo Fulgini,Midfield,Attacking Midfield,New Caledonia,2022-23,2023-24,26,27,"1.FSV Mainz 05, RC Lens",RC Lens,1383,1378,1,1,2,2,3,3,0.065,0.065,0.13,0.131,0.195,0.196,0,0.001,0.001,Improvement,1677,1835
53418,Kevin Kampl,Midfield,Central Midfield,Slovenia,2020-21,2021-22,30,31,RB Leipzig,RB Leipzig,1943,1909,0,0,1,1,1,1,0,0,0.046,0.047,0.046,0.047,0,0.001,0.001,Improvement,1677,1835
112302,Roberto Pereyra,Midfield,Central Midfield,Argentina,2020-21,2021-22,30,31,Udinese Calcio,Udinese Calcio,2935,1801,5,3,8,5,13,8,0.153,0.15,0.245,0.25,0.399,0.4,-0.003,0.005,0.001,Improvement,1678,1834
351816,Ismaël Bennacer,Midfield,Defensive Midfield,Algeria,2021-22,2022-23,24,25,AC Milan,AC Milan,1520,2012,2,2,1,2,3,4,0.118,0.089,0.059,0.089,0.178,0.179,-0.029,0.03,0.001,Improvement,1679,1833
193004,Waldemar Anton,Defender,Centre-Back,Germany,2022-23,2023-24,26,27,VfB Stuttgart,VfB Stuttgart,2941,2888,1,0,2,3,3,3,0.031,0,0.061,0.093,0.092,0.093,-0.031,0.032,0.001,Improvement,1680,1832
525247,Maximilian Kilman,Defender,Centre-Back,England,2023-24,2024-25,27,28,Wolverhampton Wanderers,West Ham United,3420,3349,2,0,0,2,2,2,0.053,0,0,0.054,0.053,0.054,-0.053,0.054,0.001,Improvement,1681,1831
278343,Felix Uduokhai,Defender,Centre-Back,Germany,2022-23,2023-24,25,26,FC Augsburg,FC Augsburg,1449,2922,0,2,1,0,1,2,0,0.062,0.062,0,0.062,0.062,0.062,-0.062,0,No change,1682,1830
351843,Yoann Salmier,Defender,Centre-Back,French Guiana,2021-22,2022-23,29,30,ESTAC Troyes,ESTAC Troyes,2671,2650,0,1,1,0,1,1,0,0.034,0.034,0,0.034,0.034,0.034,-0.034,0,No change,1683,1829
477758,Aaron Wan-Bissaka,Defender,Right-Back,DR Congo,2021-22,2022-23,24,25,Manchester United,Manchester United,1794,1436,0,0,0,0,0,0,0,0,0,0,0,0,0,0,0,No change,1684,1828
212847,Adam Webster,Defender,Centre-Back,England,2022-23,2023-24,28,29,Brighton & Hove Albion,Brighton & Hove Albion,1987,1143,0,0,0,0,0,0,0,0,0,0,0,0,0,0,0,No change,1684,1828
126673,Adama Soumaoro,Defender,Centre-Back,France,2021-22,2022-23,30,31,Bologna Football Club 1909,Bologna Football Club 1909,2267,1870,0,0,0,0,0,0,0,0,0,0,0,0,0,0,0,No change,1684,1828
534033,Alexis Mac Allister,Midfield,Central Midfield,Argentina,2023-24,2024-25,25,26,Liverpool FC,Liverpool FC,2612,2609,5,5,5,5,10,10,0.172,0.172,0.172,0.172,0.345,0.345,0,0,0,No change,1684,1828
798404,Alidu Seidu,Defender,Centre-Back,Ghana,2021-22,2022-23,22,23,Clermont Foot 63,Clermont Foot 63,1409,2463,0,0,0,0,0,0,0,0,0,0,0,0,0,0,0,No change,1684,1828
196948,Andreas Christensen,Defender,Centre-Back,Denmark,2020-21,2021-22,25,26,Chelsea FC,Chelsea FC,1371,1494,0,0,0,0,0,0,0,0,0,0,0,0,0,0,0,No change,1684,1828
395083,Andreaw Gravillon,Defender,Centre-Back,Guadeloupe,2021-22,2022-23,24,25,Stade Reims,"Stade Reims, Torino FC",2141,1353,0,0,0,0,0,0,0,0,0,0,0,0,0,0,0,No change,1684,1828
435228,Ardian Ismajli,Defender,Centre-Back,Albania,2022-23,2023-24,26,27,FC Empoli,FC Empoli,2091,2046,0,0,0,0,0,0,0,0,0,0,0,0,0,0,0,No change,1684,1828
435228,Ardian Ismajli,Defender,Centre-Back,Albania,2023-24,2024-25,27,28,FC Empoli,FC Empoli,2046,2510,0,0,0,0,0,0,0,0,0,0,0,0,0,0,0,No change,1684,1828
435228,Ardian Ismajli,Defender,Centre-Back,Albania,2021-22,2022-23,25,26,FC Empoli,FC Empoli,1265,2091,0,0,0,0,0,0,0,0,0,0,0,0,0,0,0,No change,1684,1828
82503,Aridane Hernández,Defender,Centre-Back,Spain,2023-24,2024-25,35,36,Rayo Vallecano,Rayo Vallecano,1691,1023,0,0,0,0,0,0,0,0,0,0,0,0,0,0,0,No change,1684,1828
82503,Aridane Hernández,Defender,Centre-Back,Spain,2020-21,2021-22,32,33,CA Osasuna,CA Osasuna,2028,1159,0,0,0,0,0,0,0,0,0,0,0,0,0,0,0,No change,1684,1828
507344,Becir Omeragic,Defender,Centre-Back,Switzerland,2023-24,2024-25,22,23,Montpellier HSC,Montpellier HSC,2312,1803,0,0,0,0,0,0,0,0,0,0,0,0,0,0,0,No change,1684,1828
335721,Ben White,Defender,Right-Back,England,2020-21,2021-22,23,24,Brighton & Hove Albion,Arsenal FC,3196,2880,0,0,0,0,0,0,0,0,0,0,0,0,0,0,0,No change,1684,1828
636093,Carlos Domínguez,Defender,Centre-Back,Spain,2023-24,2024-25,23,24,Celta de Vigo,Celta de Vigo,1586,1180,0,0,0,0,0,0,0,0,0,0,0,0,0,0,0,No change,1684,1828
189475,Carlos Gruezo,Midfield,Defensive Midfield,Ecuador,2021-22,2022-23,27,28,FC Augsburg,FC Augsburg,969,964,0,0,0,0,0,0,0,0,0,0,0,0,0,0,0,No change,1684,1828
189475,Carlos Gruezo,Midfield,Defensive Midfield,Ecuador,2020-21,2021-22,26,27,FC Augsburg,FC Augsburg,2092,969,0,0,0,0,0,0,0,0,0,0,0,0,0,0,0,No change,1684,1828
448844,Carlos Neva,Defender,Left-Back,Spain,2020-21,2021-22,25,26,Granada CF,Granada CF,1710,2116,0,0,0,0,0,0,0,0,0,0,0,0,0,0,0,No change,1684,1828
615350,Cenk Özkacar,Defender,Centre-Back,Türkiye,2022-23,2023-24,22,23,Valencia CF,Valencia CF,1363,1595,0,0,0,0,0,0,0,0,0,0,0,0,0,0,0,No change,1684,1828
170544,Christophe Hérelle,Defender,Centre-Back,Martinique,2021-22,2022-23,29,30,Stade Brestois 29,Stade Brestois 29,1938,1059,0,0,0,0,0,0,0,0,0,0,0,0,0,0,0,No change,1684,1828
170544,Christophe Hérelle,Defender,Centre-Back,Martinique,2022-23,2023-24,30,31,Stade Brestois 29,FC Metz,1059,1620,0,0,0,0,0,0,0,0,0,0,0,0,0,0,0,No change,1684,1828
170544,Christophe Hérelle,Defender,Centre-Back,Martinique,2020-21,2021-22,28,29,Stade Brestois 29,Stade Brestois 29,1378,1938,0,0,0,0,0,0,0,0,0,0,0,0,0,0,0,No change,1684,1828
221150,Dakonam Djené,Defender,Centre-Back,Togo,2023-24,2024-25,32,33,Getafe CF,Getafe CF,2491,2553,0,0,0,0,0,0,0,0,0,0,0,0,0,0,0,No change,1684,1828
344598,Dan-Axel Zagadou,Defender,Centre-Back,France,2021-22,2022-23,23,24,Borussia Dortmund,VfB Stuttgart,950,1272,0,0,0,0,0,0,0,0,0,0,0,0,0,0,0,No change,1684,1828
214056,Daniel Amartey,Defender,Centre-Back,Ghana,2021-22,2022-23,27,28,Leicester City,Leicester City,2118,1610,0,0,0,0,0,0,0,0,0,0,0,0,0,0,0,No change,1684,1828
199927,Davide Biraschi,Defender,Centre-Back,Italy,2020-21,2021-22,26,27,Genoa CFC,Genoa CFC,917,934,0,0,0,0,0,0,0,0,0,0,0,0,0,0,0,No change,1684,1828
349836,Diego González,Defender,Centre-Back,Spain,2021-22,2022-23,27,28,Elche CF,Elche CF,1788,957,0,0,0,0,0,0,0,0,0,0,0,0,0,0,0,No change,1684,1828
249513,Diego Rico,Defender,Left-Back,Spain,2021-22,2022-23,29,30,Real Sociedad,Real Sociedad,1647,1647,0,0,0,0,0,0,0,0,0,0,0,0,0,0,0,No change,1684,1828
280575,Elvis Rexhbecaj,Midfield,Central Midfield,Kosovo,2021-22,2022-23,24,25,VfL Bochum,FC Augsburg,2536,2536,0,0,0,0,0,0,0,0,0,0,0,0,0,0,0,No change,1684,1828
342877,Enzo Ebosse,Defender,Centre-Back,Cameroon,2021-22,2022-23,23,24,Angers SCO,Udinese Calcio,1888,919,0,0,0,0,0,0,0,0,0,0,0,0,0,0,0,No change,1684,1828
842338,Enzo Tchato,Defender,Right-Back,Cameroon,2023-24,2024-25,21,22,Montpellier HSC,Montpellier HSC,1123,1902,0,0,0,0,0,0,0,0,0,0,0,0,0,0,0,No change,1684,1828
175722,Eric Dier,Defender,Centre-Back,England,2020-21,2021-22,27,28,Tottenham Hotspur,Tottenham Hotspur,2520,3072,0,0,0,0,0,0,0,0,0,0,0,0,0,0,0,No change,1684,1828
282199,Erik Palmer-Brown,Defender,Centre-Back,United States,2021-22,2022-23,25,26,ESTAC Troyes,ESTAC Troyes,1737,3193,0,0,0,0,0,0,0,0,0,0,0,0,0,0,0,No change,1684,1828
639712,Étienne Youté Kinkoué,Defender,Centre-Back,France,2023-24,2024-25,22,23,Le Havre AC,Le Havre AC,1943,2320,0,0,0,0,0,0,0,0,0,0,0,0,0,0,0,No change,1684,1828
334186,Fabian Kunze,Midfield,Defensive Midfield,Germany,2020-21,2021-22,23,24,Arminia Bielefeld,Arminia Bielefeld,1260,1256,0,0,0,0,0,0,0,0,0,0,0,0,0,0,0,No change,1684,1828
252667,Fali,Defender,Centre-Back,Spain,2022-23,2023-24,29,30,Cádiz CF,Cádiz CF,1722,2551,0,0,0,0,0,0,0,0,0,0,0,0,0,0,0,No change,1684,1828
127189,Geoffrey Kondogbia,Midfield,Defensive Midfield,Central African Republic,2023-24,2024-25,31,32,Olympique Marseille,Olympique Marseille,1458,2021,0,0,0,0,0,0,0,0,0,0,0,0,0,0,0,No change,1684,1828
138055,Haris Belkebla,Midfield,Central Midfield,Algeria,2020-21,2021-22,27,28,Stade Brestois 29,Stade Brestois 29,2735,2312,0,0,0,0,0,0,0,0,0,0,0,0,0,0,0,No change,1684,1828
211389,Helibelton Palacios,Defender,Right-Back,Colombia,2021-22,2022-23,29,30,Elche CF,Elche CF,1931,1919,0,0,0,0,0,0,0,0,0,0,0,0,0,0,0,No change,1684,1828
357119,Ibrahima Konaté,Defender,Centre-Back,France,2022-23,2023-24,24,25,Liverpool FC,Liverpool FC,1551,1573,0,0,0,0,0,0,0,0,0,0,0,0,0,0,0,No change,1684,1828
357119,Ibrahima Konaté,Defender,Centre-Back,France,2021-22,2022-23,23,24,Liverpool FC,Liverpool FC,990,1551,0,0,0,0,0,0,0,0,0,0,0,0,0,0,0,No change,1684,1828
442805,Iddrisu Baba,Midfield,Central Midfield,Ghana,2022-23,2023-24,27,28,RCD Mallorca,UD Almería,1748,1424,0,0,0,0,0,0,0,0,0,0,0,0,0,0,0,No change,1684,1828
380350,Igor Julio,Defender,Centre-Back,Brazil,2020-21,2021-22,23,24,ACF Fiorentina,ACF Fiorentina,1164,2239,0,0,0,0,0,0,0,0,0,0,0,0,0,0,0,No change,1684,1828
380350,Igor Julio,Defender,Centre-Back,Brazil,2021-22,2022-23,24,25,ACF Fiorentina,ACF Fiorentina,2239,2059,0,0,0,0,0,0,0,0,0,0,0,0,0,0,0,No change,1684,1828
380350,Igor Julio,Defender,Centre-Back,Brazil,2022-23,2023-24,25,26,ACF Fiorentina,Brighton & Hove Albion,2059,1636,0,0,0,0,0,0,0,0,0,0,0,0,0,0,0,No change,1684,1828
380350,Igor Julio,Defender,Centre-Back,Brazil,2023-24,2024-25,26,27,Brighton & Hove Albion,Brighton & Hove Albion,1636,960,0,0,0,0,0,0,0,0,0,0,0,0,0,0,0,No change,1684,1828
272622,Issa Diop,Defender,Centre-Back,Morocco,2023-24,2024-25,27,28,Fulham FC,Fulham FC,1425,1335,0,0,0,0,0,0,0,0,0,0,0,0,0,0,0,No change,1684,1828
173504,James Tarkowski,Defender,Centre-Back,England,2022-23,2023-24,30,31,Everton FC,Everton FC,3420,3420,1,1,1,1,2,2,0.026,0.026,0.026,0.026,0.053,0.053,0,0,0,No change,1684,1828
131102,Jeison Murillo,Defender,Centre-Back,Colombia,2021-22,2022-23,30,31,Celta de Vigo,UC Sampdoria,1115,1056,0,0,0,0,0,0,0,0,0,0,0,0,0,0,0,No change,1684,1828
358250,Joseph Aidoo,Defender,Centre-Back,Ghana,2020-21,2021-22,25,26,Celta de Vigo,Celta de Vigo,1283,2640,0,0,0,0,0,0,0,0,0,0,0,0,0,0,0,No change,1684,1828
169497,Juan Cruz,Defender,Left-Back,Spain,2021-22,2022-23,29,30,CA Osasuna,CA Osasuna,1935,2058,0,0,0,0,0,0,0,0,0,0,0,0,0,0,0,No change,1684,1828
169497,Juan Cruz,Defender,Left-Back,Spain,2020-21,2021-22,28,29,CA Osasuna,CA Osasuna,1966,1935,0,0,0,0,0,0,0,0,0,0,0,0,0,0,0,No change,1684,1828
386057,Julien Laporte,Defender,Centre-Back,France,2022-23,2023-24,29,30,FC Lorient,FC Lorient,1656,1816,0,0,0,0,0,0,0,0,0,0,0,0,0,0,0,No change,1684,1828
160241,Kevin Akpoguma,Defender,Centre-Back,Nigeria,2023-24,2024-25,29,30,TSG 1899 Hoffenheim,TSG 1899 Hoffenheim,1095,2216,0,0,0,0,0,0,0,0,0,0,0,0,0,0,0,No change,1684,1828
160241,Kevin Akpoguma,Defender,Centre-Back,Nigeria,2022-23,2023-24,28,29,TSG 1899 Hoffenheim,TSG 1899 Hoffenheim,1952,1095,0,0,0,0,0,0,0,0,0,0,0,0,0,0,0,No change,1684,1828
247377,Kevin Bonifazi,Defender,Centre-Back,Italy,2020-21,2021-22,25,26,Udinese Calcio,Bologna Football Club 1909,2472,1208,0,0,0,0,0,0,0,0,0,0,0,0,0,0,0,No change,1684,1828
247377,Kevin Bonifazi,Defender,Centre-Back,Italy,2021-22,2022-23,26,27,Bologna Football Club 1909,Bologna Football Club 1909,1208,901,0,0,0,0,0,0,0,0,0,0,0,0,0,0,0,No change,1684,1828
84435,Kevin Vogt,Defender,Centre-Back,Germany,2022-23,2023-24,31,32,TSG 1899 Hoffenheim,"1.FC Union Berlin, TSG 1899 Hoffenheim",1779,2643,0,0,0,0,0,0,0,0,0,0,0,0,0,0,0,No change,1684,1828
76467,Kiko Femenía,Defender,Right-Back,Spain,2022-23,2023-24,32,33,Villarreal CF,Villarreal CF,1135,1581,0,0,0,0,0,0,0,0,0,0,0,0,0,0,0,No change,1684,1828
62945,Luis Hernández,Defender,Centre-Back,Spain,2021-22,2022-23,33,34,Cádiz CF,Cádiz CF,1365,3150,0,0,0,0,0,0,0,0,0,0,0,0,0,0,0,No change,1684,1828
505194,Luke Thomas,Defender,Left-Back,England,2022-23,2023-24,22,23,Leicester City,Sheffield United,1071,919,0,0,0,0,0,0,0,0,0,0,0,0,0,0,0,No change,1684,1828
505194,Luke Thomas,Defender,Left-Back,England,2023-24,2024-25,23,24,Sheffield United,Leicester City,919,1113,0,0,0,0,0,0,0,0,0,0,0,0,0,0,0,No change,1684,1828
379807,Lyanco,Defender,Centre-Back,Brazil,2020-21,2021-22,24,25,Torino FC,Southampton FC,1959,906,0,0,0,0,0,0,0,0,0,0,0,0,0,0,0,No change,1684,1828
39259,Makoto Hasebe,Defender,Centre-Back,Japan,2021-22,2022-23,38,39,Eintracht Frankfurt,Eintracht Frankfurt,1184,1309,0,0,0,0,0,0,0,0,0,0,0,0,0,0,0,No change,1684,1828
39259,Makoto Hasebe,Defender,Centre-Back,Japan,2020-21,2021-22,37,38,Eintracht Frankfurt,Eintracht Frankfurt,2293,1184,0,0,0,0,0,0,0,0,0,0,0,0,0,0,0,No change,1684,1828
282144,Marin Pongracic,Defender,Centre-Back,Croatia,2023-24,2024-25,26,27,US Lecce,ACF Fiorentina,3220,1368,0,0,0,0,0,0,0,0,0,0,0,0,0,0,0,No change,1684,1828
398808,Martin Hongla,Midfield,Defensive Midfield,Cameroon,2022-23,2023-24,25,26,"Hellas Verona, Real Valladolid CF","Granada CF, Hellas Verona",1835,1644,0,0,0,0,0,0,0,0,0,0,0,0,0,0,0,No change,1684,1828
277384,Martin Valjent,Defender,Centre-Back,Slovakia,2021-22,2022-23,26,27,RCD Mallorca,RCD Mallorca,3182,2659,0,0,0,0,0,0,0,0,0,0,0,0,0,0,0,No change,1684,1828
176139,Mattia Bani,Defender,Centre-Back,Italy,2020-21,2021-22,27,28,"Genoa CFC, Parma Calcio 1913",Genoa CFC,2069,1212,0,0,0,0,0,0,0,0,0,0,0,0,0,0,0,No change,1684,1828
842341,Maxime Estève,Defender,Centre-Back,France,2021-22,2022-23,20,21,Montpellier HSC,Montpellier HSC,1857,1644,0,0,0,0,0,0,0,0,0,0,0,0,0,0,0,No change,1684,1828
290862,Maxime Lopez,Midfield,Defensive Midfield,France,2022-23,2023-24,25,26,US Sassuolo,"ACF Fiorentina, US Sassuolo",2297,937,0,0,0,0,0,0,0,0,0,0,0,0,0,0,0,No change,1684,1828
204069,Milan Škriniar,Defender,Centre-Back,Slovakia,2022-23,2023-24,28,29,Inter Milan,Paris Saint-Germain,1771,1624,0,0,0,0,0,0,0,0,0,0,0,0,0,0,0,No change,1684,1828
923832,Nathan Zézé,Defender,Centre-Back,France,2023-24,2024-25,19,20,FC Nantes,FC Nantes,1022,1513,0,0,0,0,0,0,0,0,0,0,0,0,0,0,0,No change,1684,1828
85177,Nathaniel Clyne,Defender,Right-Back,England,2022-23,2023-24,32,33,Crystal Palace,Crystal Palace,1643,1338,0,0,0,0,0,0,0,0,0,0,0,0,0,0,0,No change,1684,1828
74294,Nemanja Gudelj,Midfield,Defensive Midfield,Serbia,2020-21,2021-22,29,30,Sevilla FC,Sevilla FC,1024,1040,0,0,0,0,0,0,0,0,0,0,0,0,0,0,0,No change,1684,1828
64134,Néstor Araújo,Defender,Centre-Back,Mexico,2020-21,2021-22,29,30,Celta de Vigo,Celta de Vigo,2426,2619,0,0,0,0,0,0,0,0,0,0,0,0,0,0,0,No change,1684,1828
124715,Nikola Maksimović,Defender,Centre-Back,Serbia,2020-21,2021-22,29,30,SSC Napoli,Genoa CFC,1206,1116,0,0,0,0,0,0,0,0,0,0,0,0,0,0,0,No change,1684,1828
517753,Óscar Valentín,Midfield,Central Midfield,Spain,2021-22,2022-23,27,28,Rayo Vallecano,Rayo Vallecano,2578,2567,0,0,0,0,0,0,0,0,0,0,0,0,0,0,0,No change,1684,1828
667965,Oussama Targhalline,Midfield,Defensive Midfield,Morocco,2023-24,2024-25,22,23,Le Havre AC,Le Havre AC,1032,994,0,0,0,0,0,0,0,0,0,0,0,0,0,0,0,No change,1684,1828
361260,Ozan Kabak,Defender,Centre-Back,Türkiye,2020-21,2021-22,21,22,"FC Schalke 04, Liverpool FC",Norwich City,2048,924,0,0,0,0,0,0,0,0,0,0,0,0,0,0,0,No change,1684,1828
210178,Pablo Marí,Defender,Centre-Back,Spain,2023-24,2024-25,30,31,AC Monza,"AC Monza, ACF Fiorentina",2616,2726,0,0,0,0,0,0,0,0,0,0,0,0,0,0,0,No change,1684,1828
248732,Paweł Dawidowicz,Defender,Centre-Back,Poland,2020-21,2021-22,26,27,Hellas Verona,Hellas Verona,1862,1195,0,0,0,0,0,0,0,0,0,0,0,0,0,0,0,No change,1684,1828
248732,Paweł Dawidowicz,Defender,Centre-Back,Poland,2023-24,2024-25,29,30,Hellas Verona,Hellas Verona,2143,1848,0,0,0,0,0,0,0,0,0,0,0,0,0,0,0,No change,1684,1828
15452,Raúl Albiol,Defender,Centre-Back,Spain,2021-22,2022-23,36,37,Villarreal CF,Villarreal CF,2466,2119,0,0,0,0,0,0,0,0,0,0,0,0,0,0,0,No change,1684,1828
15452,Raúl Albiol,Defender,Centre-Back,Spain,2020-21,2021-22,35,36,Villarreal CF,Villarreal CF,3119,2466,0,0,0,0,0,0,0,0,0,0,0,0,0,0,0,No change,1684,1828
330352,Raúl Guti,Midfield,Central Midfield,Spain,2021-22,2022-23,25,26,Elche CF,Elche CF,1624,1081,0,0,0,0,0,0,0,0,0,0,0,0,0,0,0,No change,1684,1828
277137,Renato Tapia,Midfield,Defensive Midfield,Peru,2022-23,2023-24,27,28,Celta de Vigo,Celta de Vigo,1449,1337,0,0,0,0,0,0,0,0,0,0,0,0,0,0,0,No change,1684,1828
277137,Renato Tapia,Midfield,Defensive Midfield,Peru,2021-22,2022-23,26,27,Celta de Vigo,Celta de Vigo,1400,1449,0,0,0,0,0,0,0,0,0,0,0,0,0,0,0,No change,1684,1828
328784,Robin Koch,Defender,Centre-Back,Germany,2021-22,2022-23,25,26,Leeds United,Leeds United,1574,3177,0,0,0,0,0,0,0,0,0,0,0,0,0,0,0,No change,1684,1828
328784,Robin Koch,Defender,Centre-Back,Germany,2020-21,2021-22,24,25,Leeds United,Leeds United,1131,1574,0,0,0,0,0,0,0,0,0,0,0,0,0,0,0,No change,1684,1828
258004,Rúben Dias,Defender,Centre-Back,Portugal,2023-24,2024-25,27,28,Manchester City,Manchester City,2557,2269,0,0,0,0,0,0,0,0,0,0,0,0,0,0,0,No change,1684,1828
258004,Rúben Dias,Defender,Centre-Back,Portugal,2022-23,2023-24,26,27,Manchester City,Manchester City,1998,2557,0,0,0,0,0,0,0,0,0,0,0,0,0,0,0,No change,1684,1828
345458,Sebastian Walukiewicz,Defender,Right-Back,Poland,2023-24,2024-25,24,25,FC Empoli,"FC Empoli, Torino FC",2055,1842,0,0,0,0,0,0,0,0,0,0,0,0,0,0,0,No change,1684,1828
107010,Stefan Savic,Defender,Centre-Back,Montenegro,2021-22,2022-23,31,32,Atlético de Madrid,Atlético de Madrid,2441,1946,0,0,0,0,0,0,0,0,0,0,0,0,0,0,0,No change,1684,1828
107010,Stefan Savic,Defender,Centre-Back,Montenegro,2022-23,2023-24,32,33,Atlético de Madrid,Atlético de Madrid,1946,1631,0,0,0,0,0,0,0,0,0,0,0,0,0,0,0,No change,1684,1828
337092,Tim Siersleben,Defender,Centre-Back,Germany,2023-24,2024-25,24,25,1. Fußballclub Heidenheim 1846,1. Fußballclub Heidenheim 1846,909,1182,0,0,0,0,0,0,0,0,0,0,0,0,0,0,0,No change,1684,1828
197122,Unai García,Defender,Centre-Back,Spain,2020-21,2021-22,29,30,CA Osasuna,CA Osasuna,1242,1407,0,0,0,0,0,0,0,0,0,0,0,0,0,0,0,No change,1684,1828
83132,Vincent Manceau,Defender,Centre-Back,France,2020-21,2021-22,31,32,Angers SCO,Angers SCO,2308,2359,0,0,0,0,0,0,0,0,0,0,0,0,0,0,0,No change,1684,1828
123261,Vlad Chiricheș,Midfield,Defensive Midfield,Romania,2021-22,2022-23,32,33,US Sassuolo,US Cremonese,2302,987,0,0,0,0,0,0,0,0,0,0,0,0,0,0,0,No change,1684,1828
711996,Warmed Omari,Defender,Centre-Back,Comoros,2021-22,2022-23,22,23,Stade Rennais FC,Stade Rennais FC,2798,1363,0,0,0,0,0,0,0,0,0,0,0,0,0,0,0,No change,1684,1828
274839,Wilfred Ndidi,Midfield,Defensive Midfield,Nigeria,2021-22,2022-23,25,26,Leicester City,Leicester City,1619,1682,0,0,0,0,0,0,0,0,0,0,0,0,0,0,0,No change,1684,1828
410425,Yves Bissouma,Midfield,Defensive Midfield,Mali,2022-23,2023-24,26,27,Tottenham Hotspur,Tottenham Hotspur,1004,2083,0,0,0,0,0,0,0,0,0,0,0,0,0,0,0,No change,1684,1828
253677,Tyrone Mings,Defender,Centre-Back,England,2020-21,2021-22,28,29,Aston Villa,Aston Villa,3195,3188,2,1,2,3,4,4,0.056,0.028,0.056,0.085,0.113,0.113,-0.028,0.029,0,No change,1685,1827
133731,Patrick Mainka,Defender,Centre-Back,Germany,2023-24,2024-25,29,30,1. Fußballclub Heidenheim 1846,1. Fußballclub Heidenheim 1846,3060,3060,2,1,0,1,2,2,0.059,0.029,0,0.029,0.059,0.059,-0.03,0.029,0,No change,1686,1826
355628,Igor Zubeldia,Defender,Centre-Back,Spain,2022-23,2023-24,26,27,Real Sociedad,Real Sociedad,2547,2524,1,0,1,2,2,2,0.035,0,0.035,0.071,0.071,0.071,-0.035,0.036,0,No change,1687,1825
213260,Rubén García,Attack,Right Winger,Spain,2020-21,2021-22,27,28,CA Osasuna,CA Osasuna,2738,2397,3,1,5,6,8,7,0.099,0.038,0.164,0.225,0.263,0.263,-0.061,0.061,0,No change,1688,1824
320411,Philip Billing,Midfield,Central Midfield,Denmark,2022-23,2023-24,27,28,AFC Bournemouth,AFC Bournemouth,2787,1393,7,2,1,2,8,4,0.226,0.129,0.032,0.129,0.258,0.258,-0.097,0.097,0,No change,1689,1823
7161,Jonas Hofmann,Midfield,Attacking Midfield,Germany,2021-22,2022-23,29,30,Borussia Mönchengladbach,Borussia Mönchengladbach,2081,2693,12,12,5,10,17,22,0.519,0.401,0.216,0.334,0.735,0.735,-0.118,0.118,0,No change,1690,1822
568693,Pape Matar Sarr,Midfield,Central Midfield,Senegal,2020-21,2021-22,18,19,FC Metz,FC Metz,1593,2127,3,1,0,3,3,4,0.169,0.042,0,0.127,0.169,0.169,-0.127,0.127,0,No change,1691,1821
256361,Daniele Verde,Attack,Right Winger,Italy,2020-21,2021-22,25,26,Spezia Calcio,Spezia Calcio,979,1957,6,8,1,6,7,14,0.552,0.368,0.092,0.276,0.644,0.644,-0.184,0.184,0,No change,1692,1820
520468,Iago,Defender,Left-Back,Brazil,2022-23,2023-24,26,27,FC Augsburg,FC Augsburg,1607,1623,0,1,2,1,2,2,0,0.055,0.112,0.055,0.112,0.111,0.055,-0.057,-0.001,Decline,1693,1819
215114,Thomas Foket,Defender,Right-Back,Belgium,2020-21,2021-22,26,27,Stade Reims,Stade Reims,3325,2240,0,1,3,1,3,2,0,0.04,0.081,0.04,0.081,0.08,0.04,-0.041,-0.001,Decline,1694,1818
61812,Yuri Berchiche,Defender,Left-Back,Spain,2020-21,2021-22,31,32,Athletic Bilbao,Athletic Bilbao,1685,1016,1,1,4,2,5,3,0.053,0.089,0.214,0.177,0.267,0.266,0.036,-0.037,-0.001,Decline,1695,1817
344069,Anton Stach,Midfield,Defensive Midfield,Germany,2022-23,2023-24,24,25,1.FSV Mainz 05,"1.FSV Mainz 05, TSG 1899 Hoffenheim",2078,2497,1,2,4,4,5,6,0.043,0.072,0.173,0.144,0.217,0.216,0.029,-0.029,-0.001,Decline,1696,1816
232320,Atakan Karazor,Midfield,Defensive Midfield,Türkiye,2021-22,2022-23,25,26,VfB Stuttgart,VfB Stuttgart,1905,1962,0,0,1,1,1,1,0,0,0.047,0.046,0.047,0.046,0,-0.001,-0.001,Decline,1697,1815
258987,Carl Starfelt,Defender,Centre-Back,Sweden,2023-24,2024-25,29,30,Celta de Vigo,Celta de Vigo,2219,2271,1,1,0,0,1,1,0.041,0.04,0,0,0.041,0.04,-0.001,0,-0.001,Decline,1698,1814
277167,Gian Marco Ferrari,Defender,Centre-Back,Italy,2022-23,2023-24,31,32,US Sassuolo,US Sassuolo,2220,2269,1,1,0,0,1,1,0.041,0.04,0,0,0.041,0.04,-0.001,0,-0.001,Decline,1698,1814
54935,Martín Cáceres,Defender,Centre-Back,Uruguay,2020-21,2021-22,34,35,ACF Fiorentina,"Cagliari Calcio, Levante UD",2240,1502,2,1,1,1,3,2,0.08,0.06,0.04,0.06,0.121,0.12,-0.02,0.02,-0.001,Decline,1699,1813
262226,Timothy Castagne,Defender,Right-Back,Belgium,2022-23,2023-24,27,28,Leicester City,Fulham FC,3257,2634,2,1,3,3,5,4,0.055,0.034,0.083,0.103,0.138,0.137,-0.021,0.02,-0.001,Decline,1700,1812
103427,Chris Smalling,Defender,Centre-Back,England,2021-22,2022-23,32,33,Associazione Sportiva Roma,Associazione Sportiva Roma,2089,2807,3,3,0,1,3,4,0.129,0.096,0,0.032,0.129,0.128,-0.033,0.032,-0.001,Decline,1701,1811
284730,Manuel Akanji,Defender,Centre-Back,Switzerland,2021-22,2022-23,26,27,Borussia Dortmund,Manchester City,2263,2286,1,0,0,1,1,1,0.04,0,0,0.039,0.04,0.039,-0.04,0.039,-0.001,Decline,1702,1810
376514,Mathías Olivera,Defender,Left-Back,Uruguay,2023-24,2024-25,26,27,SSC Napoli,SSC Napoli,1572,2372,1,0,1,3,2,3,0.057,0,0.057,0.114,0.115,0.114,-0.057,0.057,-0.001,Decline,1703,1809
71292,Jonjo Shelvey,Midfield,Central Midfield,England,2020-21,2021-22,29,30,Newcastle United,Newcastle United,2617,1986,1,2,3,1,4,3,0.034,0.091,0.103,0.045,0.138,0.136,0.057,-0.058,-0.002,Decline,1704,1808
394327,Boubacar Kamara,Midfield,Defensive Midfield,France,2023-24,2024-25,24,25,Aston Villa,Aston Villa,1661,1728,0,1,1,0,1,1,0,0.052,0.054,0,0.054,0.052,0.052,-0.054,-0.002,Decline,1705,1807
93704,Josuha Guilavogui,Midfield,Defensive Midfield,France,2021-22,2022-23,31,32,"FC Girondins Bordeaux, VfL Wolfsburg",VfL Wolfsburg,2274,1173,1,1,1,0,2,1,0.04,0.077,0.04,0,0.079,0.077,0.037,-0.04,-0.002,Decline,1706,1806
285323,Baptiste Santamaria,Midfield,Defensive Midfield,France,2020-21,2021-22,26,27,"Angers SCO, SC Freiburg","SC Freiburg, Stade Rennais FC",2491,2536,1,2,2,1,3,3,0.036,0.071,0.072,0.035,0.108,0.106,0.035,-0.037,-0.002,Decline,1707,1805
483573,Martín Aguirregabiria,Defender,Right-Back,Spain,2020-21,2021-22,25,26,Deportivo Alavés,Deportivo Alavés,1554,1617,0,0,1,1,1,1,0,0,0.058,0.056,0.058,0.056,0,-0.002,-0.002,Decline,1708,1804
340177,Thibault De Smet,Defender,Left-Back,Belgium,2022-23,2023-24,25,26,Stade Reims,Stade Reims,1761,1835,0,0,1,1,1,1,0,0,0.051,0.049,0.051,0.049,0,-0.002,-0.002,Decline,1708,1804
197747,Alessio Romagnoli,Defender,Centre-Back,Italy,2021-22,2022-23,27,28,AC Milan,Società Sportiva Lazio S.p.A.,1407,2925,1,2,0,0,1,2,0.064,0.062,0,0,0.064,0.062,-0.002,0,-0.002,Decline,1709,1803
323954,Walace,Midfield,Defensive Midfield,Brazil,2021-22,2022-23,27,28,Udinese Calcio,Udinese Calcio,2972,3199,1,0,0,1,1,1,0.03,0,0,0.028,0.03,0.028,-0.03,0.028,-0.002,Decline,1710,1802
257851,Rúben Vezo,Defender,Centre-Back,Portugal,2020-21,2021-22,27,28,Levante UD,Levante UD,2310,2420,1,0,0,1,1,1,0.039,0,0,0.037,0.039,0.037,-0.039,0.037,-0.002,Decline,1711,1801
418659,Amine Gouiri,Attack,Centre-Forward,Algeria,2020-21,2021-22,21,22,OGC Nice,OGC Nice,2753,2764,12,10,7,9,19,19,0.392,0.326,0.229,0.293,0.621,0.619,-0.066,0.064,-0.002,Decline,1712,1800
406625,Lautaro Martínez,Attack,Centre-Forward,Argentina,2020-21,2021-22,23,24,Inter Milan,Inter Milan,2576,2298,17,21,10,3,27,24,0.594,0.822,0.349,0.117,0.943,0.94,0.228,-0.232,-0.003,Decline,1713,1799
401578,Exequiel Palacios,Midfield,Central Midfield,Argentina,2021-22,2022-23,23,24,Bayer 04 Leverkusen,Bayer 04 Leverkusen,1094,1657,2,4,2,2,4,6,0.165,0.217,0.165,0.109,0.329,0.326,0.052,-0.056,-0.003,Decline,1714,1798
89592,Marvin Plattenhardt,Defender,Left-Back,,2020-21,2021-22,29,30,Hertha BSC,Hertha BSC,1072,1636,0,0,2,3,2,3,0,0,0.168,0.165,0.168,0.165,0,-0.003,-0.003,Decline,1715,1797
25488,Antonio Candreva,Midfield,Right Midfield,Italy,2022-23,2023-24,36,37,US Salernitana 1919,US Salernitana 1919,2734,2757,7,6,5,6,12,12,0.23,0.196,0.165,0.196,0.395,0.392,-0.034,0.031,-0.003,Decline,1716,1796
74229,Koke,Midfield,Central Midfield,Spain,2021-22,2022-23,30,31,Atlético de Madrid,Atlético de Madrid,2509,2560,1,0,2,3,3,3,0.036,0,0.072,0.105,0.108,0.105,-0.036,0.033,-0.003,Decline,1717,1795
353796,Giulio Maggiore,Midfield,Central Midfield,Italy,2020-21,2021-22,23,24,Spezia Calcio,Spezia Calcio,2225,2833,3,2,1,3,4,5,0.121,0.064,0.04,0.095,0.162,0.159,-0.057,0.055,-0.003,Decline,1718,1794
20506,Andrés Guardado,Midfield,Central Midfield,Mexico,2020-21,2021-22,34,35,Real Betis Balompié,Real Betis Balompié,1322,1395,1,0,0,1,1,1,0.068,0,0,0.065,0.068,0.065,-0.068,0.065,-0.003,Decline,1719,1793
388165,Yoane Wissa,Attack,Centre-Forward,DR Congo,2021-22,2022-23,25,26,Brentford FC,Brentford FC,1273,1600,7,7,1,3,8,10,0.495,0.394,0.071,0.169,0.566,0.563,-0.101,0.098,-0.003,Decline,1720,1792
181136,Piotr Zielinski,Midfield,Central Midfield,Poland,2021-22,2022-23,28,29,SSC Napoli,SSC Napoli,2099,2301,6,3,5,9,11,12,0.257,0.117,0.214,0.352,0.472,0.469,-0.14,0.138,-0.003,Decline,1721,1791
433049,Youssef En-Nesyri,Attack,Centre-Forward,Morocco,2021-22,2022-23,25,26,Sevilla FC,Sevilla FC,1279,1658,5,8,2,1,7,9,0.352,0.434,0.141,0.054,0.493,0.489,0.082,-0.087,-0.004,Decline,1722,1790
339816,Tete Morente,Attack,Left Winger,Spain,2020-21,2021-22,24,25,Elche CF,Elche CF,1889,1636,2,3,5,3,7,6,0.095,0.165,0.238,0.165,0.334,0.33,0.07,-0.073,-0.004,Decline,1723,1789
315110,Karl Toko Ekambi,Attack,Centre-Forward,Cameroon,2020-21,2021-22,28,29,Olympique Lyon,Olympique Lyon,2831,2304,14,12,7,5,21,17,0.445,0.469,0.223,0.195,0.668,0.664,0.024,-0.028,-0.004,Decline,1724,1788
182574,Jean-Paul Boëtius,Midfield,Attacking Midfield,Netherlands,2020-21,2021-22,27,28,1.FSV Mainz 05,1.FSV Mainz 05,2073,1799,2,2,5,4,7,6,0.087,0.1,0.217,0.2,0.304,0.3,0.013,-0.017,-0.004,Decline,1725,1787
495621,Antonio Blanco,Midfield,Defensive Midfield,Spain,2023-24,2024-25,23,24,Deportivo Alavés,Deportivo Alavés,2436,2739,0,0,1,1,1,1,0,0,0.037,0.033,0.037,0.033,0,-0.004,-0.004,Decline,1726,1786
255901,Rodrigo De Paul,Midfield,Central Midfield,Argentina,2023-24,2024-25,30,31,Atlético de Madrid,Atlético de Madrid,2085,2112,3,3,5,5,8,8,0.129,0.128,0.216,0.213,0.345,0.341,-0.001,-0.003,-0.004,Decline,1727,1785
278531,Sebastiano Luperto,Defender,Centre-Back,Italy,2022-23,2023-24,26,27,FC Empoli,FC Empoli,3138,3407,2,1,0,1,2,2,0.057,0.026,0,0.026,0.057,0.053,-0.031,0.026,-0.004,Decline,1728,1784
326330,Frenkie de Jong,Midfield,Central Midfield,Netherlands,2021-22,2022-23,25,26,FC Barcelona,FC Barcelona,2487,2538,3,2,3,4,6,6,0.109,0.071,0.109,0.142,0.217,0.213,-0.038,0.033,-0.004,Decline,1729,1783
410185,Ronaël Pierre-Gabriel,Defender,Right-Back,France,2020-21,2021-22,23,24,Stade Brestois 29,Stade Brestois 29,2316,2556,1,0,0,1,1,1,0.039,0,0,0.035,0.039,0.035,-0.039,0.035,-0.004,Decline,1730,1782
245056,Saša Lukić,Midfield,Central Midfield,Serbia,2023-24,2024-25,27,28,Fulham FC,Fulham FC,1120,2360,1,0,0,2,1,2,0.08,0,0,0.076,0.08,0.076,-0.08,0.076,-0.004,Decline,1731,1781
81999,Joselu,Attack,Centre-Forward,Spain,2021-22,2022-23,32,33,Deportivo Alavés,RCD Espanyol Barcelona,3126,2989,14,16,5,2,19,18,0.403,0.482,0.144,0.06,0.547,0.542,0.079,-0.084,-0.005,Decline,1732,1780
139208,Virgil van Dijk,Defender,Centre-Back,Netherlands,2023-24,2024-25,32,33,Liverpool FC,Liverpool FC,3178,3330,2,3,2,1,4,4,0.057,0.081,0.057,0.027,0.113,0.108,0.024,-0.03,-0.005,Decline,1733,1779
231572,Nélson Semedo,Defender,Right-Back,Portugal,2022-23,2023-24,29,30,Wolverhampton Wanderers,Wolverhampton Wanderers,2635,3093,0,0,1,1,1,1,0,0,0.034,0.029,0.034,0.029,0,-0.005,-0.005,Decline,1734,1778
962555,Abakar Sylla,Defender,Centre-Back,Cote d'Ivoire,2023-24,2024-25,21,22,RC Strasbourg Alsace,RC Strasbourg Alsace,1792,945,2,1,0,0,2,1,0.1,0.095,0,0,0.1,0.095,-0.005,0,-0.005,Decline,1735,1777
485585,Ian Maatsen,Defender,Left-Back,Netherlands,2023-24,2024-25,22,23,"Borussia Dortmund, Chelsea FC",Aston Villa,1470,1127,2,1,2,2,4,3,0.122,0.08,0.122,0.16,0.245,0.24,-0.042,0.038,-0.005,Decline,1736,1776
146854,Wissam Ben Yedder,Attack,Centre-Forward,France,2021-22,2022-23,31,32,AS Monaco,AS Monaco,2543,2128,25,19,5,6,30,25,0.885,0.804,0.177,0.254,1.062,1.057,-0.081,0.077,-0.005,Decline,1737,1775
290256,Xeka,Midfield,Central Midfield,Portugal,2020-21,2021-22,26,27,LOSC Lille,LOSC Lille,1186,1621,1,3,2,1,3,4,0.076,0.167,0.152,0.056,0.228,0.222,0.091,-0.096,-0.006,Decline,1738,1774
248999,Lucas Höler,Attack,Centre-Forward,Germany,2020-21,2021-22,26,27,SC Freiburg,SC Freiburg,2094,2598,4,7,5,4,9,11,0.172,0.242,0.215,0.139,0.387,0.381,0.07,-0.076,-0.006,Decline,1739,1773
257732,Amir Rrahmani,Defender,Centre-Back,Kosovo,2022-23,2023-24,29,30,SSC Napoli,SSC Napoli,2449,2602,2,3,1,0,3,3,0.073,0.104,0.037,0,0.11,0.104,0.031,-0.037,-0.006,Decline,1740,1772
284857,Marc Cucurella,Defender,Left-Back,Spain,2022-23,2023-24,24,25,Chelsea FC,Chelsea FC,1678,1785,0,0,2,2,2,2,0,0,0.107,0.101,0.107,0.101,0,-0.006,-0.006,Decline,1741,1771
370791,Pablo Rosario,Midfield,Defensive Midfield,Dominican Republic,2022-23,2023-24,26,27,OGC Nice,OGC Nice,1761,2005,0,0,1,1,1,1,0,0,0.051,0.045,0.051,0.045,0,-0.006,-0.006,Decline,1741,1771
448628,Javi Galán,Defender,Left-Back,Spain,2020-21,2021-22,26,27,SD Huesca,Celta de Vigo,3068,3300,1,0,2,3,3,3,0.029,0,0.059,0.082,0.088,0.082,-0.029,0.023,-0.006,Decline,1742,1770
84301,Benjamin André,Midfield,Defensive Midfield,France,2021-22,2022-23,31,32,LOSC Lille,LOSC Lille,2764,2920,2,1,1,2,3,3,0.065,0.031,0.033,0.062,0.098,0.092,-0.034,0.029,-0.006,Decline,1743,1769
199248,Bryan Cristante,Midfield,Defensive Midfield,Italy,2021-22,2022-23,27,28,Associazione Sportiva Roma,Associazione Sportiva Roma,2674,2942,2,1,0,1,2,2,0.067,0.031,0,0.031,0.067,0.061,-0.036,0.031,-0.006,Decline,1744,1768
776890,Nicolas Jackson,Attack,Centre-Forward,Senegal,2023-24,2024-25,23,24,Chelsea FC,Chelsea FC,2810,2240,14,10,5,5,19,15,0.448,0.402,0.16,0.201,0.609,0.603,-0.046,0.041,-0.006,Decline,1745,1767
348026,Nordi Mukiele,Defender,Right-Back,France,2021-22,2022-23,24,25,RB Leipzig,Paris Saint-Germain,1845,1133,1,0,4,3,5,3,0.049,0,0.195,0.238,0.244,0.238,-0.049,0.043,-0.006,Decline,1746,1766
234523,Antonio Sanabria,Attack,Centre-Forward,Paraguay,2023-24,2024-25,28,29,Torino FC,Torino FC,2133,1319,5,2,0,1,5,3,0.211,0.136,0,0.068,0.211,0.205,-0.075,0.068,-0.006,Decline,1747,1765
84301,Benjamin André,Midfield,Defensive Midfield,France,2023-24,2024-25,33,34,LOSC Lille,LOSC Lille,2575,2693,4,0,0,4,4,4,0.14,0,0,0.134,0.14,0.134,-0.14,0.134,-0.006,Decline,1748,1764
177690,Miguel Trauco,Defender,Left-Back,Peru,2020-21,2021-22,28,29,AS Saint-Étienne,AS Saint-Étienne,2035,1110,0,1,2,0,2,1,0,0.081,0.088,0,0.088,0.081,0.081,-0.088,-0.007,Decline,1749,1763
570817,Maxime Busi,Defender,Right-Back,Belgium,2020-21,2021-22,21,22,Parma Calcio 1913,Stade Reims,1185,1297,0,1,1,0,1,1,0,0.069,0.076,0,0.076,0.069,0.069,-0.076,-0.007,Decline,1750,1762
238639,Steve Mounié,Attack,Centre-Forward,Benin,2020-21,2021-22,26,27,Stade Brestois 29,Stade Brestois 29,2687,2312,9,9,4,2,13,11,0.301,0.35,0.134,0.078,0.435,0.428,0.049,-0.056,-0.007,Decline,1751,1761
76746,Damián Suárez,Defender,Right-Back,Uruguay,2021-22,2022-23,34,35,Getafe CF,Getafe CF,2720,1958,0,1,3,1,3,2,0,0.046,0.099,0.046,0.099,0.092,0.046,-0.053,-0.007,Decline,1752,1760
425902,Ryan Yates,Midfield,Central Midfield,England,2022-23,2023-24,25,26,Nottingham Forest,Nottingham Forest,1839,1986,0,1,2,1,2,2,0,0.045,0.098,0.045,0.098,0.091,0.045,-0.053,-0.007,Decline,1753,1759
163639,Federico Ceccherini,Defender,Centre-Back,Italy,2020-21,2021-22,29,30,"ACF Fiorentina, Hellas Verona",Hellas Verona,2015,2367,0,1,1,0,1,1,0,0.038,0.045,0,0.045,0.038,0.038,-0.045,-0.007,Decline,1754,1758
285323,Baptiste Santamaria,Midfield,Defensive Midfield,France,2021-22,2022-23,27,28,"SC Freiburg, Stade Rennais FC",Stade Rennais FC,2536,1813,2,2,1,0,3,2,0.071,0.099,0.035,0,0.106,0.099,0.028,-0.035,-0.007,Decline,1755,1757
486624,Musa Barrow,Attack,Left Winger,The Gambia,2020-21,2021-22,22,23,Bologna Football Club 1909,Bologna Football Club 1909,2934,2147,8,6,10,7,18,13,0.245,0.252,0.307,0.293,0.552,0.545,0.007,-0.014,-0.007,Decline,1756,1756
448628,Javi Galán,Defender,Left-Back,Spain,2022-23,2023-24,28,29,Celta de Vigo,"Atlético de Madrid, Real Sociedad",3162,1159,0,0,3,1,3,1,0,0,0.085,0.078,0.085,0.078,0,-0.007,-0.007,Decline,1757,1755
353892,Hiroki Ito,Defender,Centre-Back,Japan,2021-22,2022-23,23,24,VfB Stuttgart,VfB Stuttgart,2348,2561,1,1,1,1,2,2,0.038,0.035,0.038,0.035,0.077,0.07,-0.003,-0.003,-0.007,Decline,1758,1754
495629,Hugo Guillamón,Midfield,Defensive Midfield,Spain,2020-21,2021-22,21,22,Valencia CF,Valencia CF,1989,2365,1,1,0,0,1,1,0.045,0.038,0,0,0.045,0.038,-0.007,0,-0.007,Decline,1759,1753
148153,Lewis Dunk,Defender,Centre-Back,England,2021-22,2022-23,30,31,Brighton & Hove Albion,Brighton & Hove Albion,2574,3240,1,1,0,0,1,1,0.035,0.028,0,0,0.035,0.028,-0.007,0,-0.007,Decline,1759,1753
552425,Jon Moncayola,Midfield,Central Midfield,Spain,2021-22,2022-23,24,25,CA Osasuna,CA Osasuna,2924,2443,2,1,3,3,5,4,0.062,0.037,0.092,0.111,0.154,0.147,-0.025,0.019,-0.007,Decline,1760,1752
391005,Mads Roerslev,Defender,Right-Back,Denmark,2023-24,2024-25,25,26,Brentford FC,"Brentford FC, VfL Wolfsburg",1988,1393,1,0,2,2,3,2,0.045,0,0.091,0.129,0.136,0.129,-0.045,0.038,-0.007,Decline,1761,1751
197491,Alex Ferrari,Defender,Centre-Back,Italy,2021-22,2022-23,27,28,UC Sampdoria,"UC Sampdoria, US Cremonese",1651,1878,1,0,0,1,1,1,0.055,0,0,0.048,0.055,0.048,-0.055,0.048,-0.007,Decline,1762,1750
215599,Lukas Klostermann,Defender,Centre-Back,Germany,2020-21,2021-22,25,26,RB Leipzig,RB Leipzig,1443,1650,1,0,0,1,1,1,0.062,0,0,0.055,0.062,0.055,-0.062,0.055,-0.007,Decline,1763,1749
348791,Junya Ito,Attack,Right Winger,Japan,2022-23,2023-24,30,31,Stade Reims,Stade Reims,2931,2723,6,3,5,7,11,10,0.184,0.099,0.154,0.231,0.338,0.331,-0.085,0.077,-0.007,Decline,1764,1748
39728,Mats Hummels,Defender,Centre-Back,Germany,2020-21,2021-22,32,33,Borussia Dortmund,Borussia Dortmund,2816,1767,5,1,0,2,5,3,0.16,0.051,0,0.102,0.16,0.153,-0.109,0.102,-0.007,Decline,1765,1747
164771,Jordan Veretout,Midfield,Central Midfield,France,2023-24,2024-25,31,32,Olympique Marseille,Olympique Lyon,2184,1554,1,2,2,0,3,2,0.041,0.116,0.082,0,0.124,0.116,0.075,-0.082,-0.008,Decline,1766,1746
503733,Anthony Gordon,Attack,Left Winger,England,2021-22,2022-23,21,22,Everton FC,"Everton FC, Newcastle United",2286,1578,4,4,2,0,6,4,0.157,0.228,0.079,0,0.236,0.228,0.071,-0.079,-0.008,Decline,1767,1745
826224,Arnau Martínez,Defender,Right-Back,Spain,2023-24,2024-25,21,22,Girona FC,Girona FC,1242,2627,0,2,2,2,2,4,0,0.069,0.145,0.069,0.145,0.137,0.069,-0.076,-0.008,Decline,1768,1744
1005649,Murillo,Defender,Centre-Back,Brazil,2023-24,2024-25,21,22,Nottingham Forest,Nottingham Forest,2793,3191,0,2,2,0,2,2,0,0.056,0.064,0,0.064,0.056,0.056,-0.064,-0.008,Decline,1769,1743
99922,Marc Bartra,Defender,Centre-Back,Spain,2020-21,2021-22,30,31,Real Betis Balompié,Real Betis Balompié,1695,1994,0,1,1,0,1,1,0,0.045,0.053,0,0.053,0.045,0.045,-0.053,-0.008,Decline,1770,1742
300716,Kieran Tierney,Defender,Left-Back,Scotland,2020-21,2021-22,24,25,Arsenal FC,Arsenal FC,2301,1919,1,1,4,3,5,4,0.039,0.047,0.156,0.141,0.196,0.188,0.008,-0.015,-0.008,Decline,1771,1741
249089,Lewis Cook,Midfield,Central Midfield,England,2022-23,2023-24,26,27,AFC Bournemouth,AFC Bournemouth,1715,2792,0,0,2,3,2,3,0,0,0.105,0.097,0.105,0.097,0,-0.008,-0.008,Decline,1772,1740
231572,Nélson Semedo,Defender,Right-Back,Portugal,2021-22,2022-23,28,29,Wolverhampton Wanderers,Wolverhampton Wanderers,2137,2635,0,0,1,1,1,1,0,0,0.042,0.034,0.042,0.034,0,-0.008,-0.008,Decline,1772,1740
503991,Yunus Musah,Midfield,Central Midfield,United States,2023-24,2024-25,21,22,AC Milan,AC Milan,1470,1574,0,0,2,2,2,2,0,0,0.122,0.114,0.122,0.114,0,-0.008,-0.008,Decline,1772,1740
487843,Lorenzo Colombo,Attack,Centre-Forward,Italy,2023-24,2024-25,22,23,AC Monza,FC Empoli,1366,2240,4,6,1,2,5,8,0.264,0.241,0.066,0.08,0.329,0.321,-0.023,0.014,-0.008,Decline,1773,1739
96718,Óscar de Marcos,Defender,Right-Back,Spain,2023-24,2024-25,35,36,Athletic Bilbao,Athletic Bilbao,2261,1561,1,0,5,4,6,4,0.04,0,0.199,0.231,0.239,0.231,-0.04,0.032,-0.008,Decline,1774,1738
445126,Emanuele Valeri,Defender,Left-Back,Italy,2022-23,2023-24,24,25,US Cremonese,Frosinone Calcio,2791,1178,2,0,3,2,5,2,0.064,0,0.097,0.153,0.161,0.153,-0.064,0.056,-0.008,Decline,1775,1737
412363,Rodrygo,Attack,Right Winger,Brazil,2023-24,2024-25,23,24,Real Madrid,Real Madrid,2391,1938,10,6,5,6,15,12,0.376,0.279,0.188,0.279,0.565,0.557,-0.097,0.091,-0.008,Decline,1776,1736
166237,Leandro Paredes,Midfield,Defensive Midfield,Argentina,2023-24,2024-25,30,31,Associazione Sportiva Roma,Associazione Sportiva Roma,2644,1371,3,3,5,1,8,4,0.102,0.197,0.17,0.066,0.272,0.263,0.095,-0.104,-0.009,Decline,1777,1735
332697,Weston McKennie,Midfield,Central Midfield,United States,2023-24,2024-25,25,26,Juventus FC,Juventus FC,2602,2317,0,2,7,4,7,6,0,0.078,0.242,0.155,0.242,0.233,0.078,-0.087,-0.009,Decline,1778,1734
644771,Odilon Kossounou,Defender,Centre-Back,Cote d'Ivoire,2022-23,2023-24,22,23,Bayer 04 Leverkusen,Bayer 04 Leverkusen,1519,1812,0,1,1,0,1,1,0,0.05,0.059,0,0.059,0.05,0.05,-0.059,-0.009,Decline,1779,1733
246291,Diego Llorente,Defender,Centre-Back,Spain,2023-24,2024-25,30,31,Associazione Sportiva Roma,Real Betis Balompié,2246,2521,1,2,1,0,2,2,0.04,0.071,0.04,0,0.08,0.071,0.031,-0.04,-0.009,Decline,1780,1732
340328,Stephy Mavididi,Attack,Left Winger,England,2021-22,2022-23,24,25,Montpellier HSC,Montpellier HSC,2315,1290,8,4,3,2,11,6,0.311,0.279,0.117,0.14,0.428,0.419,-0.032,0.023,-0.009,Decline,1781,1731
74810,Ben Mee,Defender,Centre-Back,England,2021-22,2022-23,32,33,Burnley FC,Brentford FC,1840,3272,3,3,0,2,3,5,0.147,0.083,0,0.055,0.147,0.138,-0.064,0.055,-0.009,Decline,1782,1730
121477,Craig Dawson,Defender,Centre-Back,England,2020-21,2021-22,31,32,West Ham United,West Ham United,1926,2754,3,2,0,2,3,4,0.14,0.065,0,0.065,0.14,0.131,-0.075,0.065,-0.009,Decline,1783,1729
365172,Patson Daka,Attack,Centre-Forward,Zambia,2021-22,2022-23,23,24,Leicester City,Leicester City,1161,1179,5,4,3,4,8,8,0.388,0.305,0.233,0.305,0.62,0.611,-0.083,0.072,-0.009,Decline,1784,1728
337725,Christian Kouamé,Attack,Centre-Forward,Cote d'Ivoire,2023-24,2024-25,26,27,ACF Fiorentina,"ACF Fiorentina, FC Empoli",1083,1123,2,1,1,2,3,3,0.166,0.08,0.083,0.16,0.249,0.24,-0.086,0.077,-0.009,Decline,1785,1727
133179,Marten de Roon,Midfield,Defensive Midfield,Netherlands,2022-23,2023-24,32,33,Atalanta BC,Atalanta BC,2964,2599,3,0,3,5,6,5,0.091,0,0.091,0.173,0.182,0.173,-0.091,0.082,-0.009,Decline,1786,1726
290587,Ellyes Skhiri,Midfield,Defensive Midfield,Tunisia,2020-21,2021-22,26,27,1.FC Köln,1.FC Köln,2791,1812,5,4,3,1,8,5,0.161,0.199,0.097,0.05,0.258,0.248,0.038,-0.047,-0.01,Decline,1787,1725
118284,Jordan Ferri,Midfield,Central Midfield,France,2022-23,2023-24,31,32,Montpellier HSC,Montpellier HSC,2748,2038,1,1,2,1,3,2,0.033,0.044,0.066,0.044,0.098,0.088,0.011,-0.022,-0.01,Decline,1788,1724
354361,Frank Anguissa,Midfield,Central Midfield,Cameroon,2020-21,2021-22,25,26,Fulham FC,SSC Napoli,2585,1925,0,0,3,2,3,2,0,0,0.104,0.094,0.104,0.094,0,-0.01,-0.01,Decline,1789,1723
353922,Mert Müldür,Defender,Right-Back,Türkiye,2020-21,2021-22,22,23,US Sassuolo,US Sassuolo,1680,2046,0,0,1,1,1,1,0,0,0.054,0.044,0.054,0.044,0,-0.01,-0.01,Decline,1789,1723
259953,Rade Krunic,Midfield,Defensive Midfield,Bosnia-Herzegovina,2021-22,2022-23,28,29,AC Milan,AC Milan,1413,1659,0,0,1,1,1,1,0,0,0.064,0.054,0.064,0.054,0,-0.01,-0.01,Decline,1789,1723
135617,Thiago Mendes,Midfield,Defensive Midfield,Brazil,2021-22,2022-23,30,31,Olympique Lyon,Olympique Lyon,1862,2062,1,1,1,1,2,2,0.048,0.044,0.048,0.044,0.097,0.087,-0.004,-0.004,-0.01,Decline,1790,1722
48002,Angelo Ogbonna,Defender,Centre-Back,Italy,2020-21,2021-22,33,34,West Ham United,West Ham United,2493,922,3,1,0,0,3,1,0.108,0.098,0,0,0.108,0.098,-0.01,0,-0.01,Decline,1791,1721
461883,Calvin Bassey,Defender,Centre-Back,Nigeria,2023-24,2024-25,24,25,Fulham FC,Fulham FC,2300,3074,1,1,0,0,1,1,0.039,0.029,0,0,0.039,0.029,-0.01,0,-0.01,Decline,1791,1721
182875,Jean-Charles Castelletto,Defender,Centre-Back,Cameroon,2020-21,2021-22,26,27,FC Nantes,FC Nantes,1948,2512,1,1,0,0,1,1,0.046,0.036,0,0,0.046,0.036,-0.01,0,-0.01,Decline,1791,1721
53418,Kevin Kampl,Midfield,Central Midfield,Slovenia,2023-24,2024-25,33,34,RB Leipzig,RB Leipzig,1359,1597,1,1,0,0,1,1,0.066,0.056,0,0,0.066,0.056,-0.01,0,-0.01,Decline,1791,1721
533738,Jonathan David,Attack,Centre-Forward,Canada,2022-23,2023-24,23,24,LOSC Lille,LOSC Lille,3179,2642,24,19,4,4,28,23,0.679,0.647,0.113,0.136,0.793,0.783,-0.032,0.023,-0.01,Decline,1792,1720
657430,Samú Costa,Midfield,Defensive Midfield,Portugal,2023-24,2024-25,23,24,RCD Mallorca,RCD Mallorca,2305,2655,1,0,1,2,2,2,0.039,0,0.039,0.068,0.078,0.068,-0.039,0.029,-0.01,Decline,1793,1719
125858,Kerem Demirbay,Midfield,Central Midfield,Germany,2020-21,2021-22,27,28,Bayer 04 Leverkusen,Bayer 04 Leverkusen,1743,2053,4,1,3,7,7,8,0.207,0.044,0.155,0.307,0.361,0.351,-0.163,0.152,-0.01,Decline,1794,1718
88755,Kevin De Bruyne,Midfield,Attacking Midfield,Belgium,2021-22,2022-23,31,32,Manchester City,Manchester City,2206,2425,15,7,8,18,23,25,0.612,0.26,0.326,0.668,0.938,0.928,-0.352,0.342,-0.01,Decline,1795,1717
387106,Lovro Majer,Midfield,Attacking Midfield,Croatia,2022-23,2023-24,25,26,Stade Rennais FC,"Stade Rennais FC, VfL Wolfsburg",1664,2134,2,5,6,5,8,10,0.108,0.211,0.325,0.211,0.433,0.422,0.103,-0.114,-0.011,Decline,1796,1716
402008,Amadou Haidara,Midfield,Central Midfield,Mali,2020-21,2021-22,23,24,RB Leipzig,RB Leipzig,1908,1325,3,3,3,1,6,4,0.142,0.204,0.142,0.068,0.283,0.272,0.062,-0.074,-0.011,Decline,1797,1715
353032,Omar Alderete,Defender,Centre-Back,Paraguay,2023-24,2024-25,27,28,Getafe CF,Getafe CF,2193,2978,0,1,1,0,1,1,0,0.03,0.041,0,0.041,0.03,0.03,-0.041,-0.011,Decline,1798,1714
182904,Clément Lenglet,Defender,Centre-Back,France,2022-23,2023-24,28,29,Tottenham Hotspur,Aston Villa,2027,1155,0,0,2,1,2,1,0,0,0.089,0.078,0.089,0.078,0,-0.011,-0.011,Decline,1799,1713
85177,Nathaniel Clyne,Defender,Right-Back,England,2020-21,2021-22,30,31,Crystal Palace,Crystal Palace,1147,1351,0,0,1,1,1,1,0,0,0.078,0.067,0.078,0.067,0,-0.011,-0.011,Decline,1799,1713
204069,Milan Škriniar,Defender,Centre-Back,Slovakia,2020-21,2021-22,26,27,Inter Milan,Inter Milan,2779,3150,3,3,0,0,3,3,0.097,0.086,0,0,0.097,0.086,-0.011,0,-0.011,Decline,1800,1712
355915,Cristian Romero,Defender,Centre-Back,Argentina,2021-22,2022-23,24,25,Tottenham Hotspur,Tottenham Hotspur,1846,2365,1,0,0,1,1,1,0.049,0,0,0.038,0.049,0.038,-0.049,0.038,-0.011,Decline,1801,1711
89733,Álex Fernández,Midfield,Central Midfield,Spain,2020-21,2021-22,28,29,Cádiz CF,Cádiz CF,1950,2050,4,3,1,2,5,5,0.185,0.132,0.046,0.088,0.231,0.22,-0.053,0.042,-0.011,Decline,1802,1710
118847,Dominik Kohr,Defender,Centre-Back,Germany,2020-21,2021-22,27,28,"1.FSV Mainz 05, Eintracht Frankfurt",1.FSV Mainz 05,1523,1624,1,0,2,3,3,3,0.059,0,0.118,0.166,0.177,0.166,-0.059,0.048,-0.011,Decline,1803,1709
234803,Andrew Robertson,Defender,Left-Back,Scotland,2022-23,2023-24,29,30,Liverpool FC,Liverpool FC,2590,1692,0,3,8,2,8,5,0,0.16,0.278,0.106,0.278,0.266,0.16,-0.172,-0.012,Decline,1804,1708
496857,Edon Zhegrova,Attack,Right Winger,Kosovo,2023-24,2024-25,25,26,LOSC Lille,LOSC Lille,2301,985,6,4,6,1,12,5,0.235,0.365,0.235,0.091,0.469,0.457,0.13,-0.144,-0.012,Decline,1805,1707
32467,Ivan Rakitic,Midfield,Central Midfield,Croatia,2022-23,2023-24,35,36,Sevilla FC,Sevilla FC,1790,1425,1,2,3,1,4,3,0.05,0.126,0.151,0.063,0.201,0.189,0.076,-0.088,-0.012,Decline,1806,1706
279009,Marco Richter,Midfield,Attacking Midfield,Germany,2020-21,2021-22,23,24,FC Augsburg,Hertha BSC,1420,1711,3,5,3,2,6,7,0.19,0.263,0.19,0.105,0.38,0.368,0.073,-0.085,-0.012,Decline,1807,1705
161056,Joshua Kimmich,Midfield,Defensive Midfield,Germany,2023-24,2024-25,29,30,Bayern Munich,Bayern Munich,2192,2847,1,3,7,7,8,10,0.041,0.095,0.287,0.221,0.328,0.316,0.054,-0.066,-0.012,Decline,1808,1704
181767,Marquinhos,Defender,Centre-Back,Brazil,2020-21,2021-22,27,28,Paris Saint-Germain,Paris Saint-Germain,2129,2862,3,5,1,0,4,5,0.127,0.157,0.042,0,0.169,0.157,0.03,-0.042,-0.012,Decline,1809,1703
351809,Robin Le Normand,Defender,Centre-Back,Spain,2020-21,2021-22,24,25,Real Sociedad,Real Sociedad,2748,3330,0,1,2,1,2,2,0,0.027,0.066,0.027,0.066,0.054,0.027,-0.039,-0.012,Decline,1810,1702
145707,Danilo,Defender,Centre-Back,Brazil,2020-21,2021-22,29,30,Juventus FC,Juventus FC,2916,1895,1,1,4,2,5,3,0.031,0.047,0.123,0.095,0.154,0.142,0.016,-0.028,-0.012,Decline,1811,1701
190284,Maximilian Eggestein,Midfield,Central Midfield,Germany,2021-22,2022-23,25,26,SC Freiburg,SC Freiburg,2205,2459,1,1,2,2,3,3,0.041,0.037,0.082,0.073,0.122,0.11,-0.004,-0.009,-0.012,Decline,1812,1700
42412,Jonny Evans,Defender,Centre-Back,Northern Ireland,2020-21,2021-22,33,34,Leicester City,Leicester City,2476,1350,2,1,2,1,4,2,0.073,0.067,0.073,0.067,0.145,0.133,-0.006,-0.006,-0.012,Decline,1813,1699
211637,Kiki Kouyaté,Defender,Centre-Back,Mali,2020-21,2021-22,24,25,FC Metz,FC Metz,1961,2666,1,1,0,0,1,1,0.046,0.034,0,0,0.046,0.034,-0.012,0,-0.012,Decline,1814,1698
193004,Waldemar Anton,Defender,Centre-Back,Germany,2021-22,2022-23,25,26,VfB Stuttgart,VfB Stuttgart,2597,2941,2,1,1,2,3,3,0.069,0.031,0.035,0.061,0.104,0.092,-0.038,0.026,-0.012,Decline,1815,1697
182712,João Cancelo,Defender,Right-Back,Portugal,2020-21,2021-22,27,28,Manchester City,Manchester City,2302,3228,2,1,4,7,6,8,0.078,0.028,0.156,0.195,0.235,0.223,-0.05,0.039,-0.012,Decline,1816,1696
485960,Lilian Brassier,Defender,Centre-Back,France,2023-24,2024-25,24,25,Stade Brestois 29,"Olympique Marseille, Stade Rennais FC",2679,2016,3,1,0,1,3,2,0.101,0.045,0,0.045,0.101,0.089,-0.056,0.045,-0.012,Decline,1817,1695
743591,Savinho,Attack,Left Winger,Brazil,2023-24,2024-25,20,21,Girona FC,Manchester City,2993,1772,9,1,10,10,19,11,0.271,0.051,0.301,0.508,0.571,0.559,-0.22,0.207,-0.012,Decline,1818,1694
182579,Karim Rekik,Defender,Centre-Back,Netherlands,2021-22,2022-23,27,28,Sevilla FC,Sevilla FC,1094,1184,0,1,2,1,2,2,0,0.076,0.165,0.076,0.165,0.152,0.076,-0.089,-0.013,Decline,1819,1693
119296,Emre Can,Defender,Centre-Back,Germany,2023-24,2024-25,30,31,Borussia Dortmund,Borussia Dortmund,1956,2102,2,3,2,1,4,4,0.092,0.128,0.092,0.043,0.184,0.171,0.036,-0.049,-0.013,Decline,1820,1692
488362,Conor Gallagher,Midfield,Central Midfield,England,2023-24,2024-25,24,25,Chelsea FC,Atlético de Madrid,3136,1633,5,3,7,3,12,6,0.143,0.165,0.201,0.165,0.344,0.331,0.022,-0.036,-0.013,Decline,1821,1691
462348,Mostafa Mohamed,Attack,Centre-Forward,Egypt,2023-24,2024-25,26,27,FC Nantes,FC Nantes,2017,1246,8,5,2,1,10,6,0.357,0.361,0.089,0.072,0.446,0.433,0.004,-0.017,-0.013,Decline,1822,1690
613393,Gaetano Oristanio,Midfield,Attacking Midfield,Italy,2023-24,2024-25,21,22,Cagliari Calcio,Venezia FC,1102,2332,2,3,1,3,3,6,0.163,0.116,0.082,0.116,0.245,0.232,-0.047,0.034,-0.013,Decline,1823,1689
257732,Amir Rrahmani,Defender,Centre-Back,Kosovo,2021-22,2022-23,28,29,SSC Napoli,SSC Napoli,2928,2449,4,2,0,1,4,3,0.123,0.073,0,0.037,0.123,0.11,-0.05,0.037,-0.013,Decline,1824,1688
331560,Takehiro Tomiyasu,Defender,Centre-Back,Japan,2020-21,2021-22,22,23,Bologna Football Club 1909,"Arsenal FC, Bologna Football Club 1909",2719,1693,2,0,0,1,2,1,0.066,0,0,0.053,0.066,0.053,-0.066,0.053,-0.013,Decline,1825,1687
212723,Djibril Sow,Midfield,Central Midfield,Switzerland,2022-23,2023-24,26,27,Eintracht Frankfurt,Sevilla FC,2651,1468,4,1,0,1,4,2,0.136,0.061,0,0.061,0.136,0.123,-0.075,0.061,-0.013,Decline,1826,1686
63494,Étienne Capoue,Midfield,Defensive Midfield,France,2022-23,2023-24,34,35,Villarreal CF,Villarreal CF,1957,1443,3,1,0,1,3,2,0.138,0.062,0,0.062,0.138,0.125,-0.076,0.062,-0.013,Decline,1827,1685
618425,Tanguy Coulibaly,Attack,Right Winger,France,2020-21,2021-22,20,21,VfB Stuttgart,VfB Stuttgart,1508,1082,2,0,1,2,3,2,0.119,0,0.06,0.166,0.179,0.166,-0.119,0.106,-0.013,Decline,1828,1684
434675,Cody Gakpo,Attack,Left Winger,Netherlands,2023-24,2024-25,25,26,Liverpool FC,Liverpool FC,1646,1938,8,10,5,5,13,15,0.437,0.464,0.273,0.232,0.711,0.697,0.027,-0.041,-0.014,Decline,1829,1683
68390,Séamus Coleman,Defender,Right-Back,Ireland,2021-22,2022-23,33,34,Everton FC,Everton FC,2658,1663,1,1,1,0,2,1,0.034,0.054,0.034,0,0.068,0.054,0.02,-0.034,-0.014,Decline,1830,1682
614258,Levi Colwill,Defender,Centre-Back,England,2023-24,2024-25,21,22,Chelsea FC,Chelsea FC,1798,3150,1,2,1,1,2,3,0.05,0.057,0.05,0.029,0.1,0.086,0.007,-0.021,-0.014,Decline,1831,1681
524285,Luca Netz,Defender,Left-Back,Germany,2023-24,2024-25,21,22,Borussia Mönchengladbach,Borussia Mönchengladbach,2232,959,0,0,5,2,5,2,0,0,0.202,0.188,0.202,0.188,0,-0.014,-0.014,Decline,1832,1680
226524,Morten Thorsby,Midfield,Central Midfield,Norway,2020-21,2021-22,25,26,UC Sampdoria,UC Sampdoria,2647,2954,3,3,1,1,4,4,0.102,0.091,0.034,0.03,0.136,0.122,-0.011,-0.004,-0.014,Decline,1833,1679
320141,Çağlar Söyüncü,Defender,Centre-Back,Türkiye,2020-21,2021-22,25,26,Leicester City,Leicester City,1816,2498,1,1,0,0,1,1,0.05,0.036,0,0,0.05,0.036,-0.014,0,-0.014,Decline,1834,1678
367284,Leo Østigård,Defender,Centre-Back,Norway,2023-24,2024-25,24,25,SSC Napoli,"Stade Rennais FC, TSG 1899 Hoffenheim",1621,2156,1,1,0,0,1,1,0.056,0.042,0,0,0.056,0.042,-0.014,0,-0.014,Decline,1834,1678
215599,Lukas Klostermann,Defender,Centre-Back,Germany,2023-24,2024-25,28,29,RB Leipzig,RB Leipzig,1432,1834,1,1,0,0,1,1,0.063,0.049,0,0,0.063,0.049,-0.014,0,-0.014,Decline,1834,1678
148252,Remo Freuler,Midfield,Central Midfield,Switzerland,2020-21,2021-22,29,30,Atalanta BC,Atalanta BC,2721,2377,2,1,3,3,5,4,0.066,0.038,0.099,0.114,0.165,0.151,-0.028,0.015,-0.014,Decline,1835,1677
394327,Boubacar Kamara,Midfield,Defensive Midfield,France,2021-22,2022-23,22,23,Olympique Marseille,Aston Villa,2781,1781,1,0,1,1,2,1,0.032,0,0.032,0.051,0.065,0.051,-0.032,0.019,-0.014,Decline,1836,1676
139208,Virgil van Dijk,Defender,Centre-Back,Netherlands,2022-23,2023-24,31,32,Liverpool FC,Liverpool FC,2835,3178,3,2,1,2,4,4,0.095,0.057,0.032,0.057,0.127,0.113,-0.038,0.025,-0.014,Decline,1837,1675
346561,Luca Ranieri,Defender,Centre-Back,Italy,2023-24,2024-25,25,26,ACF Fiorentina,ACF Fiorentina,2067,3078,2,1,1,3,3,4,0.087,0.029,0.044,0.088,0.131,0.117,-0.058,0.044,-0.014,Decline,1838,1674
203043,Pedro Bigas,Defender,Centre-Back,Spain,2021-22,2022-23,32,33,Elche CF,Elche CF,1556,2025,1,0,0,1,1,1,0.058,0,0,0.044,0.058,0.044,-0.058,0.044,-0.014,Decline,1838,1674
75489,Niclas Füllkrug,Attack,Centre-Forward,Germany,2022-23,2023-24,30,31,SV Werder Bremen,"Borussia Dortmund, SV Werder Bremen",2479,2407,16,12,5,8,21,20,0.581,0.449,0.182,0.299,0.762,0.748,-0.132,0.117,-0.014,Decline,1839,1673
74683,Nemanja Matić,Midfield,Defensive Midfield,Serbia,2021-22,2022-23,33,34,Manchester United,Associazione Sportiva Roma,1383,1838,0,2,4,3,4,5,0,0.098,0.26,0.147,0.26,0.245,0.098,-0.113,-0.015,Decline,1840,1672
327251,Ridle Baku,Defender,Right-Back,Germany,2021-22,2022-23,24,25,VfL Wolfsburg,VfL Wolfsburg,2449,2582,3,5,5,3,8,8,0.11,0.174,0.184,0.105,0.294,0.279,0.064,-0.079,-0.015,Decline,1841,1671
455181,Jorge de Frutos,Attack,Right Winger,Spain,2020-21,2021-22,24,25,Levante UD,Levante UD,2187,1766,4,4,10,7,14,11,0.165,0.204,0.412,0.357,0.576,0.561,0.039,-0.055,-0.015,Decline,1842,1670
170934,Mario Lemina,Midfield,Defensive Midfield,Gabon,2020-21,2021-22,27,28,Fulham FC,OGC Nice,1705,1975,1,2,1,0,2,2,0.053,0.091,0.053,0,0.106,0.091,0.038,-0.053,-0.015,Decline,1843,1669
396894,Maxi Gómez,Attack,Centre-Forward,Uruguay,2020-21,2021-22,24,25,Valencia CF,Valencia CF,2700,1870,7,5,5,3,12,8,0.233,0.241,0.167,0.144,0.4,0.385,0.008,-0.023,-0.015,Decline,1844,1668
144143,Bartosz Bereszyński,Defender,Right-Back,Poland,2022-23,2023-24,30,31,"SSC Napoli, UC Sampdoria",FC Empoli,1368,1766,0,0,1,1,1,1,0,0,0.066,0.051,0.066,0.051,0,-0.015,-0.015,Decline,1845,1667
370791,Pablo Rosario,Midfield,Defensive Midfield,Dominican Republic,2021-22,2022-23,25,26,OGC Nice,OGC Nice,2736,1761,0,0,2,1,2,1,0,0,0.066,0.051,0.066,0.051,0,-0.015,-0.015,Decline,1845,1667
186368,Valentino Lazaro,Midfield,Right Midfield,Austria,2022-23,2023-24,27,28,Torino FC,Torino FC,1376,1988,0,0,3,4,3,4,0,0,0.196,0.181,0.196,0.181,0,-0.015,-0.015,Decline,1845,1667
553875,Pedro Porro,Defender,Right-Back,Spain,2023-24,2024-25,24,25,Tottenham Hotspur,Tottenham Hotspur,3093,2609,3,2,7,6,10,8,0.087,0.069,0.204,0.207,0.291,0.276,-0.018,0.003,-0.015,Decline,1846,1666
465967,Ander Guevara,Midfield,Central Midfield,Spain,2023-24,2024-25,26,27,Deportivo Alavés,Deportivo Alavés,2933,1944,1,0,1,1,2,1,0.031,0,0.031,0.046,0.061,0.046,-0.031,0.015,-0.015,Decline,1847,1665
184528,Emil Krafth,Defender,Right-Back,Sweden,2020-21,2021-22,26,27,Newcastle United,Newcastle United,1291,1639,1,0,0,1,1,1,0.07,0,0,0.055,0.07,0.055,-0.07,0.055,-0.015,Decline,1848,1664
569598,Youssouf Fofana,Midfield,Defensive Midfield,France,2023-24,2024-25,25,26,AS Monaco,AC Milan,2703,2510,4,1,4,6,8,7,0.133,0.036,0.133,0.215,0.266,0.251,-0.097,0.082,-0.015,Decline,1849,1663
279455,Harry Wilson,Attack,Right Winger,Wales,2022-23,2023-24,26,27,Fulham FC,Fulham FC,1097,1614,2,4,5,6,7,10,0.164,0.223,0.41,0.335,0.574,0.558,0.059,-0.075,-0.016,Decline,1850,1662
261504,Aleix García,Midfield,Central Midfield,Spain,2022-23,2023-24,26,27,Girona FC,Girona FC,2341,3201,1,3,6,6,7,9,0.038,0.084,0.231,0.169,0.269,0.253,0.046,-0.062,-0.016,Decline,1851,1661
221322,José Gayà,Defender,Left-Back,Spain,2022-23,2023-24,28,29,Valencia CF,Valencia CF,2715,1797,1,1,4,2,5,3,0.033,0.05,0.133,0.1,0.166,0.15,0.017,-0.033,-0.016,Decline,1852,1660
308279,Rolando Mandragora,Midfield,Defensive Midfield,Italy,2023-24,2024-25,27,28,ACF Fiorentina,ACF Fiorentina,1583,1936,3,4,3,3,6,7,0.171,0.186,0.171,0.139,0.341,0.325,0.015,-0.032,-0.016,Decline,1853,1659
236490,Ola Aina,Defender,Right-Back,Nigeria,2023-24,2024-25,27,28,Nottingham Forest,Nottingham Forest,1701,3002,1,2,1,1,2,3,0.053,0.06,0.053,0.03,0.106,0.09,0.007,-0.023,-0.016,Decline,1854,1658
525578,Pathé Ciss,Midfield,Central Midfield,Senegal,2022-23,2023-24,29,30,Rayo Vallecano,Rayo Vallecano,1267,1649,1,1,0,0,1,1,0.071,0.055,0,0,0.071,0.055,-0.016,0,-0.016,Decline,1855,1657
124410,Rani Khedira,Midfield,Defensive Midfield,Tunisia,2020-21,2021-22,27,28,FC Augsburg,1.FC Union Berlin,1824,2765,1,0,0,1,1,1,0.049,0,0,0.033,0.049,0.033,-0.049,0.033,-0.016,Decline,1856,1656
525704,Nicolò Rovella,Midfield,Defensive Midfield,Italy,2022-23,2023-24,21,22,"AC Monza, Juventus FC",Società Sportiva Lazio S.p.A.,1772,1322,1,0,2,2,3,2,0.051,0,0.102,0.136,0.152,0.136,-0.051,0.034,-0.016,Decline,1857,1655
283628,Tomáš Souček,Midfield,Defensive Midfield,Czech Republic,2021-22,2022-23,27,28,West Ham United,West Ham United,3062,2819,5,2,1,3,6,5,0.147,0.064,0.029,0.096,0.176,0.16,-0.083,0.067,-0.016,Decline,1858,1654
370789,Julian Ryerson,Defender,Right-Back,Norway,2023-24,2024-25,26,27,Borussia Dortmund,Borussia Dortmund,1773,2270,4,2,1,4,5,6,0.203,0.079,0.051,0.159,0.254,0.238,-0.124,0.108,-0.016,Decline,1859,1653
580195,Jamal Musiala,Midfield,Attacking Midfield,Germany,2023-24,2024-25,21,22,Bayern Munich,Bayern Munich,1767,1805,10,12,6,4,16,16,0.509,0.598,0.306,0.199,0.815,0.798,0.089,-0.107,-0.017,Decline,1860,1652
284732,Ramy Bensebaini,Defender,Centre-Back,Algeria,2021-22,2022-23,27,28,Borussia Mönchengladbach,Borussia Mönchengladbach,1999,2487,4,6,2,1,6,7,0.18,0.217,0.09,0.036,0.27,0.253,0.037,-0.054,-0.017,Decline,1861,1651
199248,Bryan Cristante,Midfield,Defensive Midfield,Italy,2020-21,2021-22,26,27,Associazione Sportiva Roma,Associazione Sportiva Roma,2148,2674,1,2,1,0,2,2,0.042,0.067,0.042,0,0.084,0.067,0.025,-0.042,-0.017,Decline,1862,1650
277167,Gian Marco Ferrari,Defender,Centre-Back,Italy,2021-22,2022-23,30,31,US Sassuolo,US Sassuolo,3126,2220,1,1,1,0,2,1,0.029,0.041,0.029,0,0.058,0.041,0.012,-0.029,-0.017,Decline,1863,1649
254037,Iza Carcelén,Defender,Right-Back,Spain,2021-22,2022-23,29,30,Cádiz CF,Cádiz CF,1543,2204,0,0,1,1,1,1,0,0,0.058,0.041,0.058,0.041,0,-0.017,-0.017,Decline,1864,1648
111195,Joël Veltman,Defender,Right-Back,Netherlands,2020-21,2021-22,29,30,Brighton & Hove Albion,Brighton & Hove Albion,2282,2881,1,1,1,1,2,2,0.039,0.031,0.039,0.031,0.079,0.062,-0.008,-0.008,-0.017,Decline,1865,1647
667967,Yassine Kechta,Midfield,Central Midfield,Morocco,2023-24,2024-25,22,23,Le Havre AC,Le Havre AC,1860,2111,2,2,1,1,3,3,0.097,0.085,0.048,0.043,0.145,0.128,-0.012,-0.005,-0.017,Decline,1866,1646
247250,Rubén Alcaraz,Midfield,Central Midfield,Spain,2022-23,2023-24,32,33,Cádiz CF,Cádiz CF,2049,3140,3,3,0,1,3,4,0.132,0.086,0,0.029,0.132,0.115,-0.046,0.029,-0.017,Decline,1867,1645
193900,Marius Wolf,Defender,Right-Back,Germany,2022-23,2023-24,28,29,Borussia Dortmund,Borussia Dortmund,1569,1161,1,0,2,2,3,2,0.057,0,0.115,0.155,0.172,0.155,-0.057,0.04,-0.017,Decline,1868,1644
99353,Portu,Attack,Right Winger,Spain,2021-22,2022-23,30,31,Real Sociedad,Getafe CF,1584,1760,1,0,2,3,3,3,0.057,0,0.114,0.153,0.17,0.153,-0.057,0.039,-0.017,Decline,1868,1644
35207,Marco Reus,Midfield,Attacking Midfield,Germany,2022-23,2023-24,34,35,Borussia Dortmund,Borussia Dortmund,1352,1611,6,6,6,8,12,14,0.399,0.335,0.399,0.447,0.799,0.782,-0.064,0.048,-0.017,Decline,1869,1643
571020,Oihan Sancet,Midfield,Attacking Midfield,Spain,2022-23,2023-24,23,24,Athletic Bilbao,Athletic Bilbao,2555,1993,10,4,2,5,12,9,0.352,0.181,0.07,0.226,0.423,0.406,-0.171,0.156,-0.017,Decline,1870,1642
387129,Róber Pier,Defender,Centre-Back,Spain,2020-21,2021-22,26,27,Levante UD,Levante UD,1427,2009,0,1,1,0,1,1,0,0.045,0.063,0,0.063,0.045,0.045,-0.063,-0.018,Decline,1871,1641
268178,Arkadiusz Reca,Midfield,Left Midfield,Poland,2021-22,2022-23,27,28,Spezia Calcio,Spezia Calcio,1778,2173,0,1,2,1,2,2,0,0.041,0.101,0.041,0.101,0.083,0.041,-0.06,-0.018,Decline,1872,1640
33829,José Fonte,Defender,Centre-Back,Portugal,2021-22,2022-23,38,39,LOSC Lille,LOSC Lille,3420,2592,0,1,2,0,2,1,0,0.035,0.053,0,0.053,0.035,0.035,-0.053,-0.018,Decline,1873,1639
149579,Elbasan Rashani,Attack,Left Winger,Kosovo,2022-23,2023-24,30,31,Clermont Foot 63,Clermont Foot 63,2175,1176,3,2,3,1,6,3,0.124,0.153,0.124,0.077,0.248,0.23,0.029,-0.047,-0.018,Decline,1874,1638
296986,Tyler Roberts,Attack,Centre-Forward,Wales,2020-21,2021-22,22,23,Leeds United,Leeds United,1339,978,1,1,2,1,3,2,0.067,0.092,0.134,0.092,0.202,0.184,0.025,-0.042,-0.018,Decline,1875,1637
165513,Berat Djimsiti,Defender,Centre-Back,Albania,2022-23,2023-24,30,31,Atalanta BC,Atalanta BC,1798,2831,0,0,1,1,1,1,0,0,0.05,0.032,0.05,0.032,0,-0.018,-0.018,Decline,1876,1636
352392,Lucas Perrin,Defender,Centre-Back,France,2022-23,2023-24,24,25,RC Strasbourg Alsace,RC Strasbourg Alsace,1761,2723,0,0,1,1,1,1,0,0,0.051,0.033,0.051,0.033,0,-0.018,-0.018,Decline,1876,1636
190284,Maximilian Eggestein,Midfield,Central Midfield,Germany,2022-23,2023-24,26,27,SC Freiburg,SC Freiburg,2459,2919,1,1,2,2,3,3,0.037,0.031,0.073,0.062,0.11,0.092,-0.006,-0.011,-0.018,Decline,1877,1635
96718,Óscar de Marcos,Defender,Right-Back,Spain,2020-21,2021-22,32,33,Athletic Bilbao,Athletic Bilbao,1518,1685,1,1,2,2,3,3,0.059,0.053,0.119,0.107,0.178,0.16,-0.006,-0.012,-0.018,Decline,1877,1635
402008,Amadou Haidara,Midfield,Central Midfield,Mali,2022-23,2023-24,25,26,RB Leipzig,RB Leipzig,1427,1539,2,2,2,2,4,4,0.126,0.117,0.126,0.117,0.252,0.234,-0.009,-0.009,-0.018,Decline,1878,1634
45314,Federico Fazio,Defender,Centre-Back,Argentina,2022-23,2023-24,36,37,US Salernitana 1919,US Salernitana 1919,1075,1356,1,1,0,0,1,1,0.084,0.066,0,0,0.084,0.066,-0.018,0,-0.018,Decline,1879,1633
95963,Germán Sánchez,Defender,Centre-Back,Spain,2020-21,2021-22,34,35,Granada CF,Granada CF,2639,2297,3,2,1,1,4,3,0.102,0.078,0.034,0.039,0.136,0.118,-0.024,0.005,-0.018,Decline,1880,1632
231572,Nélson Semedo,Defender,Right-Back,Portugal,2020-21,2021-22,27,28,Wolverhampton Wanderers,Wolverhampton Wanderers,2988,2137,1,0,1,1,2,1,0.03,0,0.03,0.042,0.06,0.042,-0.03,0.012,-0.018,Decline,1881,1631
628366,Lucas Beltrán,Attack,Centre-Forward,Argentina,2023-24,2024-25,23,24,ACF Fiorentina,ACF Fiorentina,1694,1958,6,5,3,5,9,10,0.319,0.23,0.159,0.23,0.478,0.46,-0.089,0.071,-0.018,Decline,1882,1630
130365,Alessandro Florenzi,Defender,Right-Back,Italy,2020-21,2021-22,30,31,Paris Saint-Germain,AC Milan,1542,1151,2,2,1,0,3,2,0.117,0.156,0.058,0,0.175,0.156,0.039,-0.058,-0.019,Decline,1883,1629
16136,Dante,Defender,Centre-Back,Brazil,2022-23,2023-24,39,40,OGC Nice,OGC Nice,3300,2844,1,1,2,1,3,2,0.027,0.032,0.055,0.032,0.082,0.063,0.005,-0.023,-0.019,Decline,1884,1628
661171,Willian Pacho,Defender,Centre-Back,Ecuador,2023-24,2024-25,22,23,Eintracht Frankfurt,Paris Saint-Germain,2970,2130,0,0,2,1,2,1,0,0,0.061,0.042,0.061,0.042,0,-0.019,-0.019,Decline,1885,1627
618472,Castello Lukeba,Defender,Centre-Back,France,2022-23,2023-24,20,21,Olympique Lyon,RB Leipzig,2986,2185,2,1,0,0,2,1,0.06,0.041,0,0,0.06,0.041,-0.019,0,-0.019,Decline,1886,1626
481834,Andrea Carboni,Defender,Centre-Back,Italy,2023-24,2024-25,23,24,AC Monza,AC Monza,1490,2196,1,0,0,1,1,1,0.06,0,0,0.041,0.06,0.041,-0.06,0.041,-0.019,Decline,1887,1625
342385,Guido Rodríguez,Midfield,Defensive Midfield,Argentina,2023-24,2024-25,30,31,Real Betis Balompié,West Ham United,1850,1155,2,0,0,1,2,1,0.097,0,0,0.078,0.097,0.078,-0.097,0.078,-0.019,Decline,1888,1624
272812,Kingsley Ehizibue,Defender,Right-Back,Netherlands,2022-23,2023-24,28,29,"1.FC Köln, Udinese Calcio",Udinese Calcio,1597,956,2,0,0,1,2,1,0.113,0,0,0.094,0.113,0.094,-0.113,0.094,-0.019,Decline,1889,1623
364135,Moise Kean,Attack,Centre-Forward,Italy,2020-21,2021-22,21,22,"Everton FC, Paris Saint-Germain","Everton FC, Juventus FC",1723,1091,13,5,0,3,13,8,0.679,0.412,0,0.247,0.679,0.66,-0.267,0.247,-0.019,Decline,1890,1622
480267,Ronald Araujo,Defender,Centre-Back,Uruguay,2020-21,2021-22,22,23,FC Barcelona,FC Barcelona,1508,2270,2,4,1,0,3,4,0.119,0.159,0.06,0,0.179,0.159,0.04,-0.06,-0.02,Decline,1891,1621
326031,Matthijs de Ligt,Defender,Centre-Back,Netherlands,2022-23,2023-24,23,24,Bayern Munich,Bayern Munich,2403,1387,3,2,1,0,4,2,0.112,0.13,0.037,0,0.15,0.13,0.018,-0.037,-0.02,Decline,1892,1620
495666,William Saliba,Defender,Centre-Back,France,2023-24,2024-25,23,24,Arsenal FC,Arsenal FC,3420,3041,2,2,1,0,3,2,0.053,0.059,0.026,0,0.079,0.059,0.006,-0.026,-0.02,Decline,1893,1619
143559,Matija Nastasić,Defender,Centre-Back,Serbia,2022-23,2023-24,30,31,RCD Mallorca,RCD Mallorca,903,2257,1,2,0,0,1,2,0.1,0.08,0,0,0.1,0.08,-0.02,0,-0.02,Decline,1894,1618
564545,Edmond Tapsoba,Defender,Centre-Back,Burkina Faso,2022-23,2023-24,24,25,Bayer 04 Leverkusen,Bayer 04 Leverkusen,2873,2085,1,0,1,1,2,1,0.031,0,0.031,0.043,0.063,0.043,-0.031,0.012,-0.02,Decline,1895,1617
202591,Benjamin Henrichs,Defender,Right-Back,Germany,2023-24,2024-25,27,28,RB Leipzig,RB Leipzig,2531,934,1,0,5,2,6,2,0.036,0,0.178,0.193,0.213,0.193,-0.036,0.015,-0.02,Decline,1896,1616
395516,Moussa Diaby,Attack,Right Winger,France,2022-23,2023-24,23,24,Bayer 04 Leverkusen,Aston Villa,2717,2186,9,6,9,8,18,14,0.298,0.247,0.298,0.329,0.596,0.576,-0.051,0.031,-0.02,Decline,1897,1615
102423,Leandro Cabrera,Defender,Centre-Back,Uruguay,2021-22,2022-23,31,32,RCD Espanyol Barcelona,RCD Espanyol Barcelona,3330,2672,2,0,0,1,2,1,0.054,0,0,0.034,0.054,0.034,-0.054,0.034,-0.02,Decline,1898,1614
402008,Amadou Haidara,Midfield,Central Midfield,Mali,2021-22,2022-23,24,25,RB Leipzig,RB Leipzig,1325,1427,3,2,1,2,4,4,0.204,0.126,0.068,0.126,0.272,0.252,-0.078,0.058,-0.02,Decline,1899,1613
292808,Wout Faes,Defender,Centre-Back,Belgium,2021-22,2022-23,24,25,Stade Reims,"Leicester City, Stade Reims",3330,3057,4,1,0,2,4,3,0.108,0.029,0,0.059,0.108,0.088,-0.079,0.059,-0.02,Decline,1900,1612
82873,Pascal Groß,Midfield,Central Midfield,Germany,2023-24,2024-25,33,34,Brighton & Hove Albion,Borussia Dortmund,3114,2337,4,0,10,10,14,10,0.116,0,0.289,0.385,0.405,0.385,-0.116,0.096,-0.02,Decline,1901,1611
646740,Gavi,Midfield,Central Midfield,Spain,2022-23,2023-24,18,19,FC Barcelona,FC Barcelona,2545,943,2,1,4,1,6,2,0.071,0.095,0.141,0.095,0.212,0.191,0.024,-0.046,-0.021,Decline,1902,1610
532826,Mason Greenwood,Attack,Right Winger,England,2020-21,2021-22,19,20,Manchester United,Manchester United,1826,1278,7,5,2,1,9,6,0.345,0.352,0.099,0.07,0.444,0.423,0.007,-0.029,-0.021,Decline,1903,1609
349599,Pervis Estupiñán,Defender,Left-Back,Ecuador,2020-21,2021-22,23,24,Villarreal CF,Villarreal CF,1157,1575,0,0,1,1,1,1,0,0,0.078,0.057,0.078,0.057,0,-0.021,-0.021,Decline,1904,1608
352392,Lucas Perrin,Defender,Centre-Back,France,2021-22,2022-23,23,24,RC Strasbourg Alsace,RC Strasbourg Alsace,2508,1761,1,0,1,1,2,1,0.036,0,0.036,0.051,0.072,0.051,-0.036,0.015,-0.021,Decline,1905,1607
26485,Jérôme Boateng,Defender,Centre-Back,Germany,2020-21,2021-22,32,33,Bayern Munich,Olympique Lyon,2378,1626,1,0,1,1,2,1,0.038,0,0.038,0.055,0.076,0.055,-0.038,0.017,-0.021,Decline,1906,1606
367466,Thierry Correia,Defender,Right-Back,Portugal,2020-21,2021-22,22,23,Valencia CF,Valencia CF,2141,1423,1,0,1,1,2,1,0.042,0,0.042,0.063,0.084,0.063,-0.042,0.021,-0.021,Decline,1907,1605
135492,Youssouf Sabaly,Defender,Right-Back,Senegal,2022-23,2023-24,30,31,Real Betis Balompié,Real Betis Balompié,1681,1048,1,0,1,1,2,1,0.054,0,0.054,0.086,0.107,0.086,-0.054,0.032,-0.021,Decline,1908,1604
128901,Conor Coady,Defender,Centre-Back,England,2021-22,2022-23,29,30,Wolverhampton Wanderers,Everton FC,3363,2095,4,1,0,1,4,2,0.107,0.043,0,0.043,0.107,0.086,-0.064,0.043,-0.021,Decline,1909,1603
485706,Amadou Onana,Midfield,Defensive Midfield,Belgium,2022-23,2023-24,21,22,Everton FC,Everton FC,2496,2090,1,2,2,0,3,2,0.036,0.086,0.072,0,0.108,0.086,0.05,-0.072,-0.022,Decline,1910,1602
265088,Manuel Locatelli,Midfield,Defensive Midfield,Italy,2023-24,2024-25,26,27,Juventus FC,Juventus FC,3011,2833,1,2,4,2,5,4,0.03,0.064,0.12,0.064,0.149,0.127,0.034,-0.056,-0.022,Decline,1911,1601
413112,Aurélien Tchouaméni,Midfield,Defensive Midfield,France,2020-21,2021-22,21,22,AS Monaco,AS Monaco,3073,2931,2,3,4,2,6,5,0.059,0.092,0.117,0.061,0.176,0.154,0.033,-0.056,-0.022,Decline,1912,1600
357796,Domagoj Bradarić,Defender,Left-Back,Croatia,2022-23,2023-24,23,24,US Salernitana 1919,US Salernitana 1919,2254,2751,0,0,3,3,3,3,0,0,0.12,0.098,0.12,0.098,0,-0.022,-0.022,Decline,1913,1599
449151,Junior Messias,Attack,Right Winger,Brazil,2021-22,2022-23,31,32,AC Milan,AC Milan,1431,1508,5,5,2,2,7,7,0.314,0.298,0.126,0.119,0.44,0.418,-0.016,-0.007,-0.022,Decline,1914,1598
192638,Nicolas Haas,Midfield,Central Midfield,Switzerland,2021-22,2022-23,26,27,FC Empoli,FC Empoli,1004,1156,0,1,2,1,2,2,0,0.078,0.179,0.078,0.179,0.156,0.078,-0.101,-0.023,Decline,1915,1597
157506,Jeffrey Schlupp,Midfield,Left Midfield,Ghana,2020-21,2021-22,28,29,Crystal Palace,Crystal Palace,1426,1846,2,4,3,2,5,6,0.126,0.195,0.189,0.098,0.316,0.293,0.069,-0.091,-0.023,Decline,1916,1596
313094,Jordan Lotomba,Defender,Right-Back,Switzerland,2022-23,2023-24,24,25,OGC Nice,OGC Nice,2456,1810,0,1,2,0,2,1,0,0.05,0.073,0,0.073,0.05,0.05,-0.073,-0.023,Decline,1917,1595
165513,Berat Djimsiti,Defender,Centre-Back,Albania,2020-21,2021-22,28,29,Atalanta BC,Atalanta BC,2628,2257,0,1,3,1,3,2,0,0.04,0.103,0.04,0.103,0.08,0.04,-0.063,-0.023,Decline,1918,1594
692209,Joan González,Midfield,Central Midfield,Spain,2022-23,2023-24,21,22,US Lecce,US Lecce,2207,1282,1,1,3,1,4,2,0.041,0.07,0.122,0.07,0.163,0.14,0.029,-0.052,-0.023,Decline,1919,1593
250013,Angelo Fulgini,Midfield,Attacking Midfield,New Caledonia,2023-24,2024-25,27,28,RC Lens,RC Lens,1378,1043,1,1,2,1,3,2,0.065,0.086,0.131,0.086,0.196,0.173,0.021,-0.045,-0.023,Decline,1920,1592
238626,Laurent Abergel,Midfield,Defensive Midfield,France,2021-22,2022-23,29,30,FC Lorient,FC Lorient,2964,2350,0,0,2,1,2,1,0,0,0.061,0.038,0.061,0.038,0,-0.023,-0.023,Decline,1921,1591
351478,Mikel Oyarzabal,Attack,Centre-Forward,Spain,2023-24,2024-25,27,28,Real Sociedad,Real Sociedad,2160,2263,9,9,3,3,12,12,0.375,0.358,0.125,0.119,0.5,0.477,-0.017,-0.006,-0.023,Decline,1922,1590
572326,Christopher Wooh,Defender,Centre-Back,Cameroon,2022-23,2023-24,21,22,"RC Lens, Stade Rennais FC",Stade Rennais FC,1009,1388,0,1,1,0,1,1,0,0.065,0.089,0,0.089,0.065,0.065,-0.089,-0.024,Decline,1923,1589
563137,Robert Navarro,Attack,Right Winger,Spain,2023-24,2024-25,22,23,Cádiz CF,RCD Mallorca,1912,1286,1,1,1,0,2,1,0.047,0.07,0.047,0,0.094,0.07,0.023,-0.047,-0.024,Decline,1924,1588
230784,Thomas Partey,Midfield,Defensive Midfield,Ghana,2021-22,2022-23,29,30,Arsenal FC,Arsenal FC,2033,2486,2,3,1,0,3,3,0.089,0.109,0.044,0,0.133,0.109,0.02,-0.044,-0.024,Decline,1925,1587
568693,Pape Matar Sarr,Midfield,Central Midfield,Senegal,2023-24,2024-25,21,22,Tottenham Hotspur,Tottenham Hotspur,2085,1914,3,3,3,2,6,5,0.129,0.141,0.129,0.094,0.259,0.235,0.012,-0.035,-0.024,Decline,1926,1586
250779,Brendan Chardonnet,Defender,Centre-Back,France,2023-24,2024-25,29,30,Stade Brestois 29,Stade Brestois 29,2970,2417,1,1,1,0,2,1,0.03,0.037,0.03,0,0.061,0.037,0.007,-0.03,-0.024,Decline,1927,1585
135343,Fabian Schär,Defender,Centre-Back,Switzerland,2023-24,2024-25,32,33,Newcastle United,Newcastle United,3056,2938,4,4,1,0,5,4,0.118,0.123,0.029,0,0.147,0.123,0.005,-0.029,-0.024,Decline,1928,1584
277635,Rominigue Kouamé,Midfield,Central Midfield,Mali,2021-22,2022-23,25,26,ESTAC Troyes,ESTAC Troyes,2976,2669,1,1,2,1,3,2,0.03,0.034,0.06,0.034,0.091,0.067,0.004,-0.026,-0.024,Decline,1929,1583
192635,Nico Elvedi,Defender,Centre-Back,Switzerland,2022-23,2023-24,26,27,Borussia Mönchengladbach,Borussia Mönchengladbach,2827,2485,3,2,0,0,3,2,0.096,0.072,0,0,0.096,0.072,-0.024,0,-0.024,Decline,1930,1582
369674,Joakim Maehle,Defender,Left-Back,Denmark,2022-23,2023-24,26,27,Atalanta BC,VfL Wolfsburg,2212,2455,3,2,3,4,6,6,0.122,0.073,0.122,0.147,0.244,0.22,-0.049,0.025,-0.024,Decline,1931,1581
333361,Chumi,Defender,Centre-Back,Spain,2022-23,2023-24,24,25,UD Almería,UD Almería,1486,2432,1,0,0,1,1,1,0.061,0,0,0.037,0.061,0.037,-0.061,0.037,-0.024,Decline,1932,1580
348026,Nordi Mukiele,Defender,Right-Back,France,2020-21,2021-22,23,24,RB Leipzig,RB Leipzig,1678,1845,3,1,2,4,5,5,0.161,0.049,0.107,0.195,0.268,0.244,-0.112,0.088,-0.024,Decline,1933,1579
161056,Joshua Kimmich,Midfield,Defensive Midfield,Germany,2022-23,2023-24,28,29,Bayern Munich,Bayern Munich,2814,2192,5,1,6,7,11,8,0.16,0.041,0.192,0.287,0.352,0.328,-0.119,0.095,-0.024,Decline,1934,1578
351816,Ismaël Bennacer,Midfield,Defensive Midfield,Algeria,2020-21,2021-22,23,24,AC Milan,AC Milan,1331,1520,0,2,3,1,3,3,0,0.118,0.203,0.059,0.203,0.178,0.118,-0.144,-0.025,Decline,1935,1577
546213,Tuta,Defender,Centre-Back,Brazil,2023-24,2024-25,24,25,Eintracht Frankfurt,Eintracht Frankfurt,2607,2275,1,2,2,0,3,2,0.035,0.079,0.069,0,0.104,0.079,0.044,-0.069,-0.025,Decline,1936,1576
388165,Yoane Wissa,Attack,Centre-Forward,DR Congo,2022-23,2023-24,26,27,Brentford FC,Brentford FC,1600,2508,7,12,3,3,10,15,0.394,0.431,0.169,0.108,0.563,0.538,0.037,-0.061,-0.025,Decline,1937,1575
213670,Lucas Torró,Midfield,Defensive Midfield,Spain,2020-21,2021-22,26,27,CA Osasuna,CA Osasuna,1545,2733,0,1,1,0,1,1,0,0.033,0.058,0,0.058,0.033,0.033,-0.058,-0.025,Decline,1938,1574
144143,Bartosz Bereszyński,Defender,Right-Back,Poland,2021-22,2022-23,29,30,UC Sampdoria,"SSC Napoli, UC Sampdoria",2956,1368,0,0,3,1,3,1,0,0,0.091,0.066,0.091,0.066,0,-0.025,-0.025,Decline,1939,1573
255501,Iñigo Lekue,Defender,Right-Back,Spain,2021-22,2022-23,29,30,Athletic Bilbao,Athletic Bilbao,1926,1323,0,0,2,1,2,1,0,0,0.093,0.068,0.093,0.068,0,-0.025,-0.025,Decline,1939,1573
449796,Alejandro Catena,Defender,Centre-Back,Spain,2023-24,2024-25,29,30,CA Osasuna,CA Osasuna,2536,3076,1,1,3,3,4,4,0.035,0.029,0.106,0.088,0.142,0.117,-0.006,-0.018,-0.025,Decline,1940,1572
646740,Gavi,Midfield,Central Midfield,Spain,2023-24,2024-25,19,20,FC Barcelona,FC Barcelona,943,1083,1,1,1,1,2,2,0.095,0.083,0.095,0.083,0.191,0.166,-0.012,-0.012,-0.025,Decline,1941,1571
441986,Yann Bisseck,Defender,Centre-Back,Germany,2023-24,2024-25,23,24,Inter Milan,Inter Milan,900,1639,2,3,1,2,3,5,0.2,0.165,0.1,0.11,0.3,0.275,-0.035,0.01,-0.025,Decline,1942,1570
401356,Edson Álvarez,Midfield,Defensive Midfield,Mexico,2023-24,2024-25,26,27,West Ham United,West Ham United,2383,1782,1,0,1,1,2,1,0.038,0,0.038,0.051,0.076,0.051,-0.038,0.013,-0.025,Decline,1943,1569
569385,Adil Aouchiche,Midfield,Attacking Midfield,Algeria,2020-21,2021-22,18,19,AS Saint-Étienne,AS Saint-Étienne,1736,1066,2,0,5,4,7,4,0.104,0,0.259,0.338,0.363,0.338,-0.104,0.079,-0.025,Decline,1944,1568
129476,Gerard Deulofeu,Attack,Centre-Forward,Spain,2021-22,2022-23,28,29,Udinese Calcio,Udinese Calcio,2629,1218,13,2,5,6,18,8,0.445,0.148,0.171,0.443,0.616,0.591,-0.297,0.272,-0.025,Decline,1945,1567
193098,Álex Moreno,Defender,Left-Back,Spain,2022-23,2023-24,30,31,"Aston Villa, Real Betis Balompié",Aston Villa,2685,1030,0,2,6,0,6,2,0,0.175,0.201,0,0.201,0.175,0.175,-0.201,-0.026,Decline,1946,1566
369674,Joakim Maehle,Defender,Left-Back,Denmark,2020-21,2021-22,24,25,Atalanta BC,Atalanta BC,1211,1466,0,1,2,1,2,2,0,0.061,0.149,0.061,0.149,0.123,0.061,-0.088,-0.026,Decline,1947,1565
344695,Dayot Upamecano,Defender,Centre-Back,France,2022-23,2023-24,24,25,Bayern Munich,Bayern Munich,2349,1770,0,1,2,0,2,1,0,0.051,0.077,0,0.077,0.051,0.051,-0.077,-0.026,Decline,1948,1564
67420,Luke Ayling,Defender,Right-Back,,2021-22,2022-23,30,31,Leeds United,Leeds United,2275,2049,2,2,2,1,4,3,0.079,0.088,0.079,0.044,0.158,0.132,0.009,-0.035,-0.026,Decline,1949,1563
618472,Castello Lukeba,Defender,Centre-Back,France,2021-22,2022-23,19,20,Olympique Lyon,Olympique Lyon,2096,2986,2,2,0,0,2,2,0.086,0.06,0,0,0.086,0.06,-0.026,0,-0.026,Decline,1950,1562
346289,Mouctar Diakhaby,Defender,Centre-Back,Guinea,2022-23,2023-24,26,27,Valencia CF,Valencia CF,2449,1073,3,1,0,0,3,1,0.11,0.084,0,0,0.11,0.084,-0.026,0,-0.026,Decline,1950,1562
112302,Roberto Pereyra,Midfield,Central Midfield,Argentina,2022-23,2023-24,32,33,Udinese Calcio,Udinese Calcio,2829,1862,5,4,8,4,13,8,0.159,0.193,0.255,0.193,0.414,0.387,0.034,-0.062,-0.027,Decline,1951,1561
146310,Wataru Endo,Midfield,Defensive Midfield,Japan,2020-21,2021-22,28,29,VfB Stuttgart,VfB Stuttgart,2957,2902,3,4,4,2,7,6,0.091,0.124,0.122,0.062,0.213,0.186,0.033,-0.06,-0.027,Decline,1952,1560
253677,Tyrone Mings,Defender,Centre-Back,England,2021-22,2022-23,29,30,Aston Villa,Aston Villa,3188,3150,1,1,3,2,4,3,0.028,0.029,0.085,0.057,0.113,0.086,0.001,-0.028,-0.027,Decline,1953,1559
86784,Ricardo Rodríguez,Defender,Left-Back,Switzerland,2023-24,2024-25,31,32,Torino FC,Real Betis Balompié,2784,1279,1,0,2,1,3,1,0.032,0,0.065,0.07,0.097,0.07,-0.032,0.005,-0.027,Decline,1954,1558
86202,Antonio Rüdiger,Defender,Centre-Back,Germany,2023-24,2024-25,31,32,Real Madrid,Real Madrid,2707,2291,1,0,1,1,2,1,0.033,0,0.033,0.039,0.066,0.039,-0.033,0.006,-0.027,Decline,1955,1557
74294,Nemanja Gudelj,Midfield,Defensive Midfield,Serbia,2022-23,2023-24,31,32,Sevilla FC,Sevilla FC,2777,1744,3,1,1,1,4,2,0.097,0.052,0.032,0.052,0.13,0.103,-0.045,0.02,-0.027,Decline,1956,1556
616369,Ander Barrenetxea,Attack,Left Winger,Spain,2023-24,2024-25,22,23,Real Sociedad,Real Sociedad,1437,1258,4,1,1,3,5,4,0.251,0.072,0.063,0.215,0.313,0.286,-0.179,0.152,-0.027,Decline,1957,1555
503770,Folarin Balogun,Attack,Centre-Forward,United States,2022-23,2023-24,21,22,Stade Reims,AS Monaco,3012,1695,21,7,3,6,24,13,0.627,0.372,0.09,0.319,0.717,0.69,-0.255,0.229,-0.027,Decline,1958,1554
326029,Donyell Malen,Attack,Centre-Forward,Netherlands,2022-23,2023-24,24,25,Borussia Dortmund,Borussia Dortmund,1725,1784,9,13,7,3,16,16,0.47,0.656,0.365,0.151,0.835,0.807,0.186,-0.214,-0.028,Decline,1959,1553
72441,Rafael Tolói,Defender,Centre-Back,Italy,2021-22,2022-23,31,32,Atalanta BC,Atalanta BC,1441,2791,1,2,1,1,2,3,0.062,0.064,0.062,0.032,0.125,0.097,0.002,-0.03,-0.028,Decline,1960,1552
616631,Matteo Ruggeri,Defender,Left-Back,Italy,2023-24,2024-25,21,22,Atalanta BC,Atalanta BC,2467,1749,0,0,5,3,5,3,0,0,0.182,0.154,0.182,0.154,0,-0.028,-0.028,Decline,1961,1551
139279,Nicolas Pallois,Defender,Centre-Back,France,2020-21,2021-22,33,34,FC Nantes,FC Nantes,2776,2451,2,1,0,0,2,1,0.065,0.037,0,0,0.065,0.037,-0.028,0,-0.028,Decline,1962,1550
375137,Ismail Jakobs,Defender,Left-Back,Senegal,2020-21,2021-22,21,22,1.FC Köln,AS Monaco,1728,1190,1,0,1,1,2,1,0.052,0,0.052,0.076,0.104,0.076,-0.052,0.024,-0.028,Decline,1963,1549
298589,David García,Defender,Centre-Back,Spain,2022-23,2023-24,29,30,CA Osasuna,CA Osasuna,2683,2336,2,0,0,1,2,1,0.067,0,0,0.039,0.067,0.039,-0.067,0.039,-0.028,Decline,1964,1548
240306,Bruno Fernandes,Midfield,Attacking Midfield,Portugal,2021-22,2022-23,27,28,Manchester United,Manchester United,3118,3320,10,8,6,8,16,16,0.289,0.217,0.173,0.217,0.462,0.434,-0.072,0.044,-0.028,Decline,1965,1547
60410,Marcos Acuña,Defender,Left-Back,Argentina,2022-23,2023-24,31,32,Sevilla FC,Sevilla FC,1910,1296,3,1,2,2,5,3,0.141,0.069,0.094,0.139,0.236,0.208,-0.072,0.045,-0.028,Decline,1965,1547
190284,Maximilian Eggestein,Midfield,Central Midfield,Germany,2023-24,2024-25,27,28,SC Freiburg,SC Freiburg,2919,2855,1,2,2,0,3,2,0.031,0.063,0.062,0,0.092,0.063,0.032,-0.062,-0.029,Decline,1966,1546
135492,Youssouf Sabaly,Defender,Right-Back,Senegal,2023-24,2024-25,31,32,Real Betis Balompié,Real Betis Balompié,1048,1590,0,0,1,1,1,1,0,0,0.086,0.057,0.086,0.057,0,-0.029,-0.029,Decline,1967,1545
288225,Ludovic Blas,Midfield,Right Midfield,France,2020-21,2021-22,23,24,FC Nantes,FC Nantes,2802,2977,10,10,5,5,15,15,0.321,0.302,0.161,0.151,0.482,0.453,-0.019,-0.01,-0.029,Decline,1968,1544
401173,Jadon Sancho,Attack,Left Winger,England,2023-24,2024-25,24,25,"Borussia Dortmund, Manchester United",Chelsea FC,1030,1765,2,3,3,5,5,8,0.175,0.153,0.262,0.255,0.437,0.408,-0.022,-0.007,-0.029,Decline,1969,1543
442248,Ethan Pinnock,Defender,Centre-Back,Jamaica,2022-23,2023-24,30,31,Brentford FC,Brentford FC,2700,2521,3,2,0,0,3,2,0.1,0.071,0,0,0.1,0.071,-0.029,0,-0.029,Decline,1970,1542
605184,Jean-Clair Todibo,Defender,Centre-Back,France,2021-22,2022-23,22,23,OGC Nice,OGC Nice,3116,2872,1,0,0,0,1,0,0.029,0,0,0,0.029,0,-0.029,0,-0.029,Decline,1970,1542
152317,Manuel Prietl,Midfield,Defensive Midfield,Austria,2020-21,2021-22,29,30,Arminia Bielefeld,Arminia Bielefeld,2518,2122,1,0,1,1,2,1,0.036,0,0.036,0.042,0.071,0.042,-0.036,0.006,-0.029,Decline,1971,1541
161056,Joshua Kimmich,Midfield,Defensive Midfield,Germany,2020-21,2021-22,26,27,Bayern Munich,Bayern Munich,2196,2478,4,3,10,12,14,15,0.164,0.109,0.41,0.436,0.574,0.545,-0.055,0.026,-0.029,Decline,1972,1540
550108,Nicola Zalewski,Midfield,Left Midfield,Poland,2022-23,2023-24,21,22,Associazione Sportiva Roma,Associazione Sportiva Roma,2206,965,2,0,1,1,3,1,0.082,0,0.041,0.093,0.122,0.093,-0.082,0.052,-0.029,Decline,1973,1539
369684,Rasmus Nissen Kristensen,Defender,Right-Back,Denmark,2022-23,2023-24,25,26,Leeds United,Associazione Sportiva Roma,1961,1743,3,1,1,2,4,3,0.138,0.052,0.046,0.103,0.184,0.155,-0.086,0.057,-0.029,Decline,1974,1538
485963,Pape Gueye,Midfield,Central Midfield,Senegal,2020-21,2021-22,22,23,Olympique Marseille,Olympique Marseille,2055,1525,2,0,0,1,2,1,0.088,0,0,0.059,0.088,0.059,-0.088,0.059,-0.029,Decline,1975,1537
534033,Alexis Mac Allister,Midfield,Central Midfield,Argentina,2022-23,2023-24,24,25,Brighton & Hove Albion,Liverpool FC,2886,2612,10,5,2,5,12,10,0.312,0.172,0.062,0.172,0.374,0.345,-0.14,0.11,-0.029,Decline,1976,1536
311178,Georgios Kyriakopoulos,Defender,Left-Back,Greece,2021-22,2022-23,26,27,US Sassuolo,"Bologna Football Club 1909, US Sassuolo",1973,1477,0,1,6,3,6,4,0,0.061,0.274,0.183,0.274,0.244,0.061,-0.091,-0.03,Decline,1977,1535
311044,Alfonso Espino,Defender,Left-Back,Uruguay,2020-21,2021-22,29,30,Cádiz CF,Cádiz CF,2605,3330,0,2,4,2,4,4,0,0.054,0.138,0.054,0.138,0.108,0.054,-0.084,-0.03,Decline,1978,1534
197747,Alessio Romagnoli,Defender,Centre-Back,Italy,2020-21,2021-22,26,27,AC Milan,AC Milan,1907,1407,1,1,1,0,2,1,0.047,0.064,0.047,0,0.094,0.064,0.017,-0.047,-0.03,Decline,1979,1533
346779,Ché Adams,Attack,Centre-Forward,Scotland,2020-21,2021-22,24,25,Southampton FC,Southampton FC,2674,2042,9,7,5,3,14,10,0.303,0.309,0.168,0.132,0.471,0.441,0.006,-0.036,-0.03,Decline,1980,1532
480116,Lloyd Kelly,Defender,Centre-Back,England,2022-23,2023-24,24,25,AFC Bournemouth,AFC Bournemouth,2041,1556,0,0,2,1,2,1,0,0,0.088,0.058,0.088,0.058,0,-0.03,-0.03,Decline,1981,1531
659813,Piero Hincapié,Defender,Centre-Back,Ecuador,2021-22,2022-23,20,21,Bayer 04 Leverkusen,Bayer 04 Leverkusen,1751,2468,1,1,1,1,2,2,0.051,0.036,0.051,0.036,0.103,0.073,-0.015,-0.015,-0.03,Decline,1982,1530
149498,Gabriel Paulista,Defender,Centre-Back,Brazil,2020-21,2021-22,30,31,Valencia CF,Valencia CF,2717,1596,4,2,2,1,6,3,0.132,0.113,0.066,0.056,0.199,0.169,-0.019,-0.01,-0.03,Decline,1983,1529
147573,Sebastian Andersson,Attack,Centre-Forward,Sweden,2020-21,2021-22,29,30,1.FC Köln,1.FC Köln,1135,1256,3,3,1,1,4,4,0.238,0.215,0.079,0.072,0.317,0.287,-0.023,-0.007,-0.03,Decline,1984,1528
248999,Lucas Höler,Attack,Centre-Forward,Germany,2022-23,2023-24,28,29,SC Freiburg,SC Freiburg,1505,2313,5,7,2,3,7,10,0.299,0.272,0.12,0.117,0.419,0.389,-0.027,-0.003,-0.03,Decline,1985,1527
94201,Robin Knoche,Defender,Centre-Back,Germany,2020-21,2021-22,29,30,1.FC Union Berlin,1.FC Union Berlin,3043,2970,1,0,0,0,1,0,0.03,0,0,0,0.03,0,-0.03,0,-0.03,Decline,1986,1526
107010,Stefan Savic,Defender,Centre-Back,Montenegro,2020-21,2021-22,30,31,Atlético de Madrid,Atlético de Madrid,2954,2441,1,0,0,0,1,0,0.03,0,0,0,0.03,0,-0.03,0,-0.03,Decline,1986,1526
344072,Kelvin Amian,Defender,Right-Back,France,2021-22,2022-23,24,25,Spezia Calcio,Spezia Calcio,2649,2373,1,0,1,1,2,1,0.034,0,0.034,0.038,0.068,0.038,-0.034,0.004,-0.03,Decline,1987,1525
165513,Berat Djimsiti,Defender,Centre-Back,Albania,2021-22,2022-23,29,30,Atalanta BC,Atalanta BC,2257,1798,1,0,1,1,2,1,0.04,0,0.04,0.05,0.08,0.05,-0.04,0.01,-0.03,Decline,1988,1524
332705,Tyler Adams,Midfield,Defensive Midfield,United States,2020-21,2021-22,22,23,RB Leipzig,RB Leipzig,1854,1345,1,0,1,1,2,1,0.049,0,0.049,0.067,0.097,0.067,-0.049,0.018,-0.03,Decline,1989,1523
223967,Konrad Laimer,Defender,Right-Back,Austria,2022-23,2023-24,26,27,RB Leipzig,Bayern Munich,1474,1769,3,0,0,3,3,3,0.183,0,0,0.153,0.183,0.153,-0.183,0.153,-0.03,Decline,1990,1522
560593,Hicham Boudaoui,Midfield,Central Midfield,Algeria,2022-23,2023-24,23,24,OGC Nice,OGC Nice,1882,1609,1,2,2,0,3,2,0.048,0.112,0.096,0,0.143,0.112,0.064,-0.096,-0.031,Decline,1991,1521
140776,Yannick Carrasco,Attack,Left Winger,Belgium,2021-22,2022-23,28,29,Atlético de Madrid,Atlético de Madrid,2593,2330,6,7,6,3,12,10,0.208,0.27,0.208,0.116,0.417,0.386,0.062,-0.092,-0.031,Decline,1992,1520
348791,Junya Ito,Attack,Right Winger,Japan,2023-24,2024-25,31,32,Stade Reims,Stade Reims,2723,2702,3,4,7,5,10,9,0.099,0.133,0.231,0.167,0.331,0.3,0.034,-0.064,-0.031,Decline,1993,1519
85295,Iván Balliu,Defender,Right-Back,Albania,2023-24,2024-25,32,33,Rayo Vallecano,Rayo Vallecano,2876,1190,0,0,1,0,1,0,0,0,0.031,0,0.031,0,0,-0.031,-0.031,Decline,1994,1518
216870,Nacho Vidal,Defender,Right-Back,Spain,2021-22,2022-23,27,28,CA Osasuna,CA Osasuna,2906,1246,0,0,1,0,1,0,0,0,0.031,0,0.031,0,0,-0.031,-0.031,Decline,1994,1518
370846,Timothy Weah,Midfield,Right Midfield,United States,2022-23,2023-24,23,24,LOSC Lille,Juventus FC,1746,1248,0,0,2,1,2,1,0,0,0.103,0.072,0.103,0.072,0,-0.031,-0.031,Decline,1994,1518
27992,Luka Modrić,Midfield,Central Midfield,Croatia,2023-24,2024-25,38,39,Real Madrid,Real Madrid,1687,1820,2,2,6,6,8,8,0.107,0.099,0.32,0.297,0.427,0.396,-0.008,-0.023,-0.031,Decline,1995,1517
314940,Dimitri Liénard,Midfield,Left Midfield,France,2020-21,2021-22,33,34,RC Strasbourg Alsace,RC Strasbourg Alsace,1831,2046,2,2,4,4,6,6,0.098,0.088,0.197,0.176,0.295,0.264,-0.01,-0.021,-0.031,Decline,1996,1516
74294,Nemanja Gudelj,Midfield,Defensive Midfield,Serbia,2023-24,2024-25,32,33,Sevilla FC,Sevilla FC,1744,2496,1,1,1,1,2,2,0.052,0.036,0.052,0.036,0.103,0.072,-0.016,-0.016,-0.031,Decline,1997,1515
142021,Sergi Darder,Midfield,Central Midfield,Spain,2023-24,2024-25,30,31,RCD Mallorca,RCD Mallorca,2155,2763,2,2,5,6,7,8,0.084,0.065,0.209,0.195,0.292,0.261,-0.019,-0.014,-0.031,Decline,1998,1514
192735,Stanislav Lobotka,Midfield,Defensive Midfield,Slovakia,2022-23,2023-24,28,29,SSC Napoli,SSC Napoli,3114,3294,1,0,1,1,2,1,0.029,0,0.029,0.027,0.058,0.027,-0.029,-0.002,-0.031,Decline,1999,1513
364258,Bernardo,Defender,Left-Back,Brazil,2023-24,2024-25,29,30,VfL Bochum,VfL Bochum,2925,1781,1,0,0,0,1,0,0.031,0,0,0,0.031,0,-0.031,0,-0.031,Decline,2000,1512
351809,Robin Le Normand,Defender,Centre-Back,Spain,2023-24,2024-25,27,28,Real Sociedad,Atlético de Madrid,2472,2149,2,1,0,0,2,1,0.073,0.042,0,0,0.073,0.042,-0.031,0,-0.031,Decline,2000,1512
247250,Rubén Alcaraz,Midfield,Central Midfield,Spain,2021-22,2022-23,31,32,Cádiz CF,Cádiz CF,1105,2049,2,3,0,0,2,3,0.163,0.132,0,0,0.163,0.132,-0.031,0,-0.031,Decline,2000,1512
143029,Stefan Mitrovic,Defender,Centre-Back,Serbia,2020-21,2021-22,31,32,RC Strasbourg Alsace,Getafe CF,2785,2671,2,1,0,0,2,1,0.065,0.034,0,0,0.065,0.034,-0.031,0,-0.031,Decline,2000,1512
282421,Javi Muñoz,Midfield,Central Midfield,Spain,2023-24,2024-25,29,30,UD Las Palmas,UD Las Palmas,2646,2589,2,1,3,3,5,4,0.068,0.035,0.102,0.104,0.17,0.139,-0.033,0.002,-0.031,Decline,2001,1511
618809,Manu Sánchez,Defender,Left-Back,Spain,2021-22,2022-23,21,22,CA Osasuna,CA Osasuna,2260,2117,1,0,3,3,4,3,0.04,0,0.119,0.128,0.159,0.128,-0.04,0.009,-0.031,Decline,2002,1510
241501,Stijn Spierings,Midfield,Central Midfield,Netherlands,2022-23,2023-24,27,28,FC Toulouse,"FC Toulouse, RC Lens",3123,1631,2,0,1,1,3,1,0.058,0,0.029,0.055,0.086,0.055,-0.058,0.026,-0.031,Decline,2003,1509
222859,Florent Mollet,Midfield,Attacking Midfield,France,2021-22,2022-23,30,31,Montpellier HSC,"FC Nantes, FC Schalke 04",2649,1496,6,2,2,2,8,4,0.204,0.12,0.068,0.12,0.272,0.241,-0.084,0.052,-0.031,Decline,2004,1508
357498,Dušan Vlahović,Attack,Centre-Forward,Serbia,2023-24,2024-25,24,25,Juventus FC,Juventus FC,2319,1784,16,10,3,4,19,14,0.621,0.504,0.116,0.202,0.737,0.706,-0.117,0.086,-0.031,Decline,2005,1507
431755,Dejan Kulusevski,Midfield,Attacking Midfield,Sweden,2022-23,2023-24,23,24,Tottenham Hotspur,Tottenham Hotspur,2079,2766,2,8,7,3,9,11,0.087,0.26,0.303,0.098,0.39,0.358,0.173,-0.205,-0.032,Decline,2006,1506
330208,Alessandro Vogliacco,Defender,Centre-Back,Italy,2023-24,2024-25,25,26,Genoa CFC,"Genoa CFC, Parma Calcio 1913",1173,1488,0,2,2,0,2,2,0,0.121,0.153,0,0.153,0.121,0.121,-0.153,-0.032,Decline,2007,1505
321528,Denzel Dumfries,Defender,Right-Back,Netherlands,2023-24,2024-25,28,29,Inter Milan,Inter Milan,1643,1951,4,7,5,3,9,10,0.219,0.323,0.274,0.138,0.493,0.461,0.104,-0.136,-0.032,Decline,2008,1504
394300,Davide Frattesi,Midfield,Central Midfield,Italy,2021-22,2022-23,22,23,US Sassuolo,US Sassuolo,2883,2891,4,7,4,0,8,7,0.125,0.218,0.125,0,0.25,0.218,0.093,-0.125,-0.032,Decline,2009,1503
222859,Florent Mollet,Midfield,Attacking Midfield,France,2020-21,2021-22,29,30,Montpellier HSC,Montpellier HSC,2370,2649,3,6,5,2,8,8,0.114,0.204,0.19,0.068,0.304,0.272,0.09,-0.122,-0.032,Decline,2010,1502
525704,Nicolò Rovella,Midfield,Defensive Midfield,Italy,2021-22,2022-23,20,21,Genoa CFC,"AC Monza, Juventus FC",1467,1772,0,1,3,2,3,3,0,0.051,0.184,0.102,0.184,0.152,0.051,-0.082,-0.032,Decline,2011,1501
368482,Riccardo Orsolini,Attack,Right Winger,Italy,2022-23,2023-24,26,27,Bologna Football Club 1909,Bologna Football Club 1909,2126,1791,11,10,4,2,15,12,0.466,0.503,0.169,0.101,0.635,0.603,0.037,-0.068,-0.032,Decline,2012,1500
251876,Pablo Maffeo,Defender,Right-Back,Argentina,2021-22,2022-23,24,25,RCD Mallorca,RCD Mallorca,2952,2976,1,2,5,3,6,5,0.03,0.06,0.152,0.091,0.183,0.151,0.03,-0.061,-0.032,Decline,2013,1499
338424,Mikel Merino,Midfield,Central Midfield,Spain,2020-21,2021-22,25,26,Real Sociedad,Real Sociedad,2157,2896,2,3,4,4,6,7,0.083,0.093,0.167,0.124,0.25,0.218,0.01,-0.043,-0.032,Decline,2014,1498
59016,David Alaba,Defender,Centre-Back,Austria,2020-21,2021-22,29,30,Bayern Munich,Real Madrid,2676,2644,2,2,4,3,6,5,0.067,0.068,0.135,0.102,0.202,0.17,0.001,-0.033,-0.032,Decline,2015,1497
221150,Dakonam Djené,Defender,Centre-Back,Togo,2020-21,2021-22,29,30,Getafe CF,Getafe CF,2945,3117,0,0,2,1,2,1,0,0,0.061,0.029,0.061,0.029,0,-0.032,-0.032,Decline,2016,1496
221150,Dakonam Djené,Defender,Centre-Back,Togo,2022-23,2023-24,31,32,Getafe CF,Getafe CF,2843,2491,0,0,1,0,1,0,0,0,0.032,0,0.032,0,0,-0.032,-0.032,Decline,2016,1496
126557,Jonathan Gradit,Defender,Centre-Back,France,2020-21,2021-22,28,29,RC Lens,RC Lens,2828,3073,0,0,1,0,1,0,0,0,0.032,0,0.032,0,0,-0.032,-0.032,Decline,2016,1496
315865,Andrea Pinamonti,Attack,Centre-Forward,Italy,2023-24,2024-25,25,26,US Sassuolo,Genoa CFC,3097,2860,11,10,2,1,13,11,0.32,0.315,0.058,0.031,0.378,0.346,-0.005,-0.027,-0.032,Decline,2017,1495
35518,David Silva,Midfield,Attacking Midfield,Spain,2020-21,2021-22,35,36,Real Sociedad,Real Sociedad,1408,1733,2,2,5,6,7,8,0.128,0.104,0.32,0.312,0.447,0.415,-0.024,-0.008,-0.032,Decline,2018,1494
240692,Reinildo Mandava,Defender,Left-Back,Mozambique,2021-22,2022-23,28,29,"Atlético de Madrid, LOSC Lille",Atlético de Madrid,2828,1861,1,0,0,0,1,0,0.032,0,0,0,0.032,0,-0.032,0,-0.032,Decline,2019,1493
245056,Saša Lukić,Midfield,Central Midfield,Serbia,2022-23,2023-24,26,27,"Fulham FC, Torino FC",Fulham FC,1602,1120,2,1,0,0,2,1,0.112,0.08,0,0,0.112,0.08,-0.032,0,-0.032,Decline,2019,1493
127108,Florian Lejeune,Defender,Centre-Back,France,2022-23,2023-24,32,33,Rayo Vallecano,Rayo Vallecano,2569,3328,4,3,0,1,4,4,0.14,0.081,0,0.027,0.14,0.108,-0.059,0.027,-0.032,Decline,2020,1492
607854,Éderson,Midfield,Central Midfield,Brazil,2023-24,2024-25,24,25,Atalanta BC,Atalanta BC,2874,2886,6,4,1,2,7,6,0.188,0.125,0.031,0.062,0.219,0.187,-0.063,0.031,-0.032,Decline,2021,1491
251106,Enes Ünal,Attack,Centre-Forward,Türkiye,2021-22,2022-23,25,26,Getafe CF,Getafe CF,2813,2987,16,14,1,3,17,17,0.512,0.422,0.032,0.09,0.544,0.512,-0.09,0.058,-0.032,Decline,2022,1490
450050,Jean-Ricner Bellegarde,Midfield,Central Midfield,Haiti,2023-24,2024-25,26,27,"RC Strasbourg Alsace, Wolverhampton Wanderers",Wolverhampton Wanderers,1227,1684,4,2,3,7,7,9,0.293,0.107,0.22,0.374,0.513,0.481,-0.186,0.154,-0.032,Decline,2023,1489
167727,Andrea Belotti,Attack,Centre-Forward,Italy,2020-21,2021-22,27,28,Torino FC,Torino FC,2894,1376,13,8,7,1,20,9,0.404,0.523,0.218,0.065,0.622,0.589,0.119,-0.153,-0.033,Decline,2024,1488
169880,Giovanni Di Lorenzo,Defender,Right-Back,Italy,2023-24,2024-25,30,31,SSC Napoli,SSC Napoli,3235,3330,1,3,6,3,7,6,0.028,0.081,0.167,0.081,0.195,0.162,0.053,-0.086,-0.033,Decline,2025,1487
560593,Hicham Boudaoui,Midfield,Central Midfield,Algeria,2020-21,2021-22,21,22,OGC Nice,OGC Nice,1748,1630,3,3,3,2,6,5,0.154,0.166,0.154,0.11,0.309,0.276,0.012,-0.044,-0.033,Decline,2026,1486
250779,Brendan Chardonnet,Defender,Centre-Back,France,2020-21,2021-22,26,27,Stade Brestois 29,Stade Brestois 29,2714,2687,3,3,1,0,4,3,0.099,0.1,0.033,0,0.133,0.1,0.001,-0.033,-0.033,Decline,2027,1485
277137,Renato Tapia,Midfield,Defensive Midfield,Peru,2020-21,2021-22,25,26,Celta de Vigo,Celta de Vigo,2709,1400,0,0,1,0,1,0,0,0,0.033,0,0.033,0,0,-0.033,-0.033,Decline,2028,1484
495666,William Saliba,Defender,Centre-Back,France,2022-23,2023-24,22,23,Arsenal FC,Arsenal FC,2416,3420,2,2,1,1,3,3,0.075,0.053,0.037,0.026,0.112,0.079,-0.022,-0.011,-0.033,Decline,2029,1483
525247,Maximilian Kilman,Defender,Centre-Back,England,2021-22,2022-23,25,26,Wolverhampton Wanderers,Wolverhampton Wanderers,2689,3308,1,0,0,0,1,0,0.033,0,0,0,0.033,0,-0.033,0,-0.033,Decline,2030,1482
517753,Óscar Valentín,Midfield,Central Midfield,Spain,2023-24,2024-25,29,30,Rayo Vallecano,Rayo Vallecano,2719,1829,1,0,0,0,1,0,0.033,0,0,0,0.033,0,-0.033,0,-0.033,Decline,2030,1482
111196,Stefan de Vrij,Defender,Centre-Back,Netherlands,2020-21,2021-22,29,30,Inter Milan,Inter Milan,2732,2412,1,0,0,0,1,0,0.033,0,0,0,0.033,0,-0.033,0,-0.033,Decline,2030,1482
199704,Yunis Abdelhamid,Defender,Centre-Back,Morocco,2020-21,2021-22,33,34,Stade Reims,Stade Reims,2890,2984,3,2,0,0,3,2,0.093,0.06,0,0,0.093,0.06,-0.033,0,-0.033,Decline,2030,1482
363205,Gabriel Jesus,Attack,Centre-Forward,Brazil,2021-22,2022-23,25,26,Manchester City,Arsenal FC,1878,2075,8,11,9,7,17,18,0.383,0.477,0.431,0.304,0.815,0.781,0.094,-0.127,-0.034,Decline,2031,1481
68290,Neymar,Midfield,Attacking Midfield,Brazil,2020-21,2021-22,29,30,Paris Saint-Germain,Paris Saint-Germain,1416,1861,9,13,6,6,15,19,0.572,0.629,0.381,0.29,0.953,0.919,0.057,-0.091,-0.034,Decline,2032,1480
262939,Johan Mojica,Defender,Left-Back,Colombia,2023-24,2024-25,31,32,CA Osasuna,RCD Mallorca,2041,2753,0,1,3,2,3,3,0,0.033,0.132,0.065,0.132,0.098,0.033,-0.067,-0.034,Decline,2033,1479
173504,James Tarkowski,Defender,Centre-Back,England,2021-22,2022-23,29,30,Burnley FC,Everton FC,3107,3420,1,1,2,1,3,2,0.029,0.026,0.058,0.026,0.087,0.053,-0.003,-0.032,-0.034,Decline,2034,1478
266807,Ángel Correa,Attack,Second Striker,Argentina,2022-23,2023-24,28,29,Atlético de Madrid,Atlético de Madrid,1449,1525,9,9,2,2,11,11,0.559,0.531,0.124,0.118,0.683,0.649,-0.028,-0.006,-0.034,Decline,2035,1477
505219,James Garner,Midfield,Defensive Midfield,England,2023-24,2024-25,23,24,Everton FC,Everton FC,3005,1595,1,0,2,1,3,1,0.03,0,0.06,0.056,0.09,0.056,-0.03,-0.004,-0.034,Decline,2036,1476
263236,Kevin Danso,Defender,Centre-Back,Austria,2023-24,2024-25,25,26,RC Lens,"RC Lens, Tottenham Hotspur",2655,1923,1,0,0,0,1,0,0.034,0,0,0,0.034,0,-0.034,0,-0.034,Decline,2037,1475
211637,Kiki Kouyaté,Defender,Centre-Back,Mali,2021-22,2022-23,25,26,FC Metz,Montpellier HSC,2666,1259,1,0,0,0,1,0,0.034,0,0,0,0.034,0,-0.034,0,-0.034,Decline,2037,1475
143029,Stefan Mitrovic,Defender,Centre-Back,Serbia,2021-22,2022-23,32,33,Getafe CF,Getafe CF,2671,1679,1,0,0,0,1,0,0.034,0,0,0,0.034,0,-0.034,0,-0.034,Decline,2037,1475
339808,Theo Hernández,Defender,Left-Back,France,2020-21,2021-22,23,24,AC Milan,AC Milan,2935,2714,7,5,6,6,13,11,0.215,0.166,0.184,0.199,0.399,0.365,-0.049,0.015,-0.034,Decline,2038,1474
355915,Cristian Romero,Defender,Centre-Back,Argentina,2023-24,2024-25,26,27,Tottenham Hotspur,Tottenham Hotspur,2792,1420,5,1,0,1,5,2,0.161,0.063,0,0.063,0.161,0.127,-0.098,0.063,-0.034,Decline,2039,1473
357565,Rodri,Midfield,Defensive Midfield,Spain,2021-22,2022-23,26,27,Manchester City,Manchester City,2888,2921,7,2,2,6,9,8,0.218,0.062,0.062,0.185,0.28,0.246,-0.156,0.123,-0.034,Decline,2040,1472
133964,Lorenzo Insigne,Attack,Left Winger,Italy,2020-21,2021-22,30,31,SSC Napoli,SSC Napoli,2873,2309,19,11,7,9,26,20,0.595,0.429,0.219,0.351,0.814,0.78,-0.166,0.132,-0.034,Decline,2041,1471
276896,Samuel Gigot,Defender,Centre-Back,France,2022-23,2023-24,29,30,Olympique Marseille,Olympique Marseille,1886,1730,2,3,2,0,4,3,0.095,0.156,0.095,0,0.191,0.156,0.061,-0.095,-0.035,Decline,2042,1470
689505,Johnny Cardoso,Midfield,Central Midfield,United States,2023-24,2024-25,22,23,Real Betis Balompié,Real Betis Balompié,1332,2145,1,3,2,1,3,4,0.068,0.126,0.135,0.042,0.203,0.168,0.058,-0.093,-0.035,Decline,2043,1469
278531,Sebastiano Luperto,Defender,Centre-Back,Italy,2021-22,2022-23,25,26,FC Empoli,FC Empoli,1958,3138,0,2,2,0,2,2,0,0.057,0.092,0,0.092,0.057,0.057,-0.092,-0.035,Decline,2044,1468
327863,Akim Zedadka,Defender,Right-Back,Algeria,2021-22,2022-23,27,28,Clermont Foot 63,"AJ Auxerre, LOSC Lille",3338,1951,0,1,3,0,3,1,0,0.046,0.081,0,0.081,0.046,0.046,-0.081,-0.035,Decline,2045,1467
154396,Danilo Soares,Defender,Left-Back,Brazil,2021-22,2022-23,30,31,VfL Bochum,VfL Bochum,2566,1773,0,0,1,0,1,0,0,0,0.035,0,0.035,0,0,-0.035,-0.035,Decline,2046,1466
683895,Emmanuel Agbadou,Defender,Centre-Back,Cote d'Ivoire,2023-24,2024-25,27,28,Stade Reims,"Stade Reims, Wolverhampton Wanderers",2595,2671,1,1,1,0,2,1,0.035,0.034,0.035,0,0.069,0.034,-0.001,-0.035,-0.035,Decline,2047,1465
183288,Luke Shaw,Defender,Left-Back,England,2020-21,2021-22,25,26,Manchester United,Manchester United,2655,1604,1,0,5,3,6,3,0.034,0,0.169,0.168,0.203,0.168,-0.034,-0.001,-0.035,Decline,2048,1464
58995,Anthony Jung,Defender,Centre-Back,Germany,2023-24,2024-25,32,33,SV Werder Bremen,SV Werder Bremen,2582,1898,1,0,0,0,1,0,0.035,0,0,0,0.035,0,-0.035,0,-0.035,Decline,2049,1463
186862,Enzo Roco,Defender,Centre-Back,Chile,2021-22,2022-23,29,30,Elche CF,Elche CF,2555,1655,1,0,0,0,1,0,0.035,0,0,0,0.035,0,-0.035,0,-0.035,Decline,2049,1463
262980,Jefferson Lerma,Midfield,Defensive Midfield,Colombia,2023-24,2024-25,29,30,Crystal Palace,Crystal Palace,2404,2277,1,0,1,1,2,1,0.037,0,0.037,0.04,0.075,0.04,-0.037,0.003,-0.035,Decline,2050,1462
215114,Thomas Foket,Defender,Right-Back,Belgium,2021-22,2022-23,27,28,Stade Reims,Stade Reims,2240,1982,1,0,1,1,2,1,0.04,0,0.04,0.045,0.08,0.045,-0.04,0.005,-0.035,Decline,2051,1461
414908,Marshall Munetsi,Midfield,Central Midfield,Zimbabwe,2022-23,2023-24,27,28,Stade Reims,Stade Reims,2707,2178,7,4,4,4,11,8,0.233,0.165,0.133,0.165,0.366,0.331,-0.068,0.032,-0.035,Decline,2052,1460
354352,Frédéric Guilbert,Defender,Right-Back,France,2023-24,2024-25,29,30,RC Strasbourg Alsace,US Lecce,2493,2450,2,0,0,1,2,1,0.072,0,0,0.037,0.072,0.037,-0.072,0.037,-0.035,Decline,2053,1459
338425,Álex Berenguer,Attack,Left Winger,Spain,2023-24,2024-25,28,29,Athletic Bilbao,Athletic Bilbao,1580,2353,7,6,3,8,10,14,0.399,0.229,0.171,0.306,0.57,0.535,-0.17,0.135,-0.035,Decline,2054,1458
309110,Brais Méndez,Midfield,Attacking Midfield,Spain,2020-21,2021-22,24,25,Celta de Vigo,Celta de Vigo,2679,3037,9,4,0,5,9,9,0.302,0.119,0,0.148,0.302,0.267,-0.183,0.148,-0.035,Decline,2055,1457
411295,Raphinha,Attack,Left Winger,Brazil,2023-24,2024-25,27,28,FC Barcelona,FC Barcelona,1371,2845,6,18,9,12,15,30,0.394,0.569,0.591,0.38,0.985,0.949,0.175,-0.211,-0.036,Decline,2056,1456
324278,Christoph Baumgartner,Midfield,Attacking Midfield,Austria,2020-21,2021-22,21,22,TSG 1899 Hoffenheim,TSG 1899 Hoffenheim,2380,1896,6,7,5,1,11,8,0.227,0.332,0.189,0.047,0.416,0.38,0.105,-0.142,-0.036,Decline,2057,1455
578539,Chris Richards,Defender,Centre-Back,United States,2020-21,2021-22,21,22,"Bayern Munich, TSG 1899 Hoffenheim","Bayern Munich, TSG 1899 Hoffenheim",1035,1302,0,1,2,1,2,2,0,0.069,0.174,0.069,0.174,0.138,0.069,-0.105,-0.036,Decline,2058,1454
255508,Iñaki Williams,Attack,Right Winger,Ghana,2020-21,2021-22,27,28,Athletic Bilbao,Athletic Bilbao,2395,2784,6,8,7,6,13,14,0.225,0.259,0.263,0.194,0.489,0.453,0.034,-0.069,-0.036,Decline,2059,1453
525247,Maximilian Kilman,Defender,Centre-Back,England,2020-21,2021-22,24,25,Wolverhampton Wanderers,Wolverhampton Wanderers,1307,2689,0,1,1,0,1,1,0,0.033,0.069,0,0.069,0.033,0.033,-0.069,-0.036,Decline,2060,1452
239802,Adam Marusic,Defender,Right-Back,Montenegro,2022-23,2023-24,30,31,Società Sportiva Lazio S.p.A.,Società Sportiva Lazio S.p.A.,2766,3107,0,1,2,0,2,1,0,0.029,0.065,0,0.065,0.029,0.029,-0.065,-0.036,Decline,2061,1451
163222,Grégoire Defrel,Attack,Centre-Forward,France,2021-22,2022-23,31,32,US Sassuolo,US Sassuolo,1345,1166,2,2,2,1,4,3,0.134,0.154,0.134,0.077,0.268,0.232,0.02,-0.057,-0.036,Decline,2062,1450
238266,Duje Caleta-Car,Defender,Centre-Back,Croatia,2021-22,2022-23,25,26,Olympique Marseille,"Olympique Marseille, Southampton FC",2061,951,2,1,1,0,3,1,0.087,0.095,0.044,0,0.131,0.095,0.008,-0.044,-0.036,Decline,2063,1449
457931,Luiz Felipe,Defender,Centre-Back,Italy,2021-22,2022-23,25,26,Società Sportiva Lazio S.p.A.,Real Betis Balompié,2493,1768,0,0,1,0,1,0,0,0,0.036,0,0.036,0,0,-0.036,-0.036,Decline,2064,1448
86784,Ricardo Rodríguez,Defender,Left-Back,Switzerland,2021-22,2022-23,29,30,Torino FC,Torino FC,2472,2675,0,0,1,0,1,0,0,0,0.036,0,0.036,0,0,-0.036,-0.036,Decline,2064,1448
108354,Jordan Ayew,Attack,Centre-Forward,Ghana,2021-22,2022-23,30,31,Crystal Palace,Crystal Palace,2025,2722,3,4,3,3,6,7,0.133,0.132,0.133,0.099,0.267,0.231,-0.001,-0.034,-0.036,Decline,2065,1447
182875,Jean-Charles Castelletto,Defender,Centre-Back,Cameroon,2021-22,2022-23,27,28,FC Nantes,FC Nantes,2512,2569,1,0,0,0,1,0,0.036,0,0,0,0.036,0,-0.036,0,-0.036,Decline,2066,1446
210178,Pablo Marí,Defender,Centre-Back,Spain,2022-23,2023-24,29,30,AC Monza,AC Monza,2489,2616,1,0,0,0,1,0,0.036,0,0,0,0.036,0,-0.036,0,-0.036,Decline,2066,1446
89297,Rodrigo Battaglia,Midfield,Defensive Midfield,Argentina,2020-21,2021-22,29,30,Deportivo Alavés,RCD Mallorca,2495,1174,1,0,0,0,1,0,0.036,0,0,0,0.036,0,-0.036,0,-0.036,Decline,2066,1446
491693,Nehuén Pérez,Defender,Centre-Back,Argentina,2022-23,2023-24,23,24,Udinese Calcio,Udinese Calcio,2826,3240,2,0,0,1,2,1,0.064,0,0,0.028,0.064,0.028,-0.064,0.028,-0.036,Decline,2067,1445
654539,Adrien Truffert,Defender,Left-Back,France,2023-24,2024-25,22,23,Stade Rennais FC,Stade Rennais FC,2145,2756,1,2,3,2,4,4,0.042,0.065,0.126,0.065,0.168,0.131,0.023,-0.061,-0.037,Decline,2068,1444
284595,Tommaso Augello,Defender,Left-Back,Italy,2020-21,2021-22,26,27,UC Sampdoria,UC Sampdoria,3220,2396,1,1,3,1,4,2,0.028,0.038,0.084,0.038,0.112,0.075,0.01,-0.046,-0.037,Decline,2069,1443
525704,Nicolò Rovella,Midfield,Defensive Midfield,Italy,2023-24,2024-25,22,23,Società Sportiva Lazio S.p.A.,Società Sportiva Lazio S.p.A.,1322,2727,0,0,2,3,2,3,0,0,0.136,0.099,0.136,0.099,0,-0.037,-0.037,Decline,2070,1442
142031,Omar Mascarell,Midfield,Defensive Midfield,Equatorial Guinea,2022-23,2023-24,30,31,Elche CF,RCD Mallorca,2450,1573,0,0,1,0,1,0,0,0,0.037,0,0.037,0,0,-0.037,-0.037,Decline,2070,1442
368891,Arthur Theate,Defender,Centre-Back,Belgium,2022-23,2023-24,23,24,Stade Rennais FC,Stade Rennais FC,3129,2299,4,2,0,0,4,2,0.115,0.078,0,0,0.115,0.078,-0.037,0,-0.037,Decline,2071,1441
474662,Hugo Magnetti,Midfield,Central Midfield,France,2023-24,2024-25,26,27,Stade Brestois 29,Stade Brestois 29,2359,2331,2,1,0,0,2,1,0.076,0.039,0,0,0.076,0.039,-0.037,0,-0.037,Decline,2071,1441
284730,Manuel Akanji,Defender,Centre-Back,Switzerland,2020-21,2021-22,25,26,Borussia Dortmund,Borussia Dortmund,2351,2263,2,1,0,0,2,1,0.077,0.04,0,0,0.077,0.04,-0.037,0,-0.037,Decline,2071,1441
143559,Matija Nastasić,Defender,Centre-Back,Serbia,2023-24,2024-25,31,32,RCD Mallorca,CD Leganés,2257,2112,2,1,0,0,2,1,0.08,0.043,0,0,0.08,0.043,-0.037,0,-0.037,Decline,2071,1441
355628,Igor Zubeldia,Defender,Centre-Back,Spain,2020-21,2021-22,24,25,Real Sociedad,Real Sociedad,1958,1648,1,0,1,1,2,1,0.046,0,0.046,0.055,0.092,0.055,-0.046,0.009,-0.037,Decline,2072,1440
503981,Tino Livramento,Defender,Right-Back,England,2023-24,2024-25,21,22,Newcastle United,Newcastle United,1306,2843,1,0,0,1,1,1,0.069,0,0,0.032,0.069,0.032,-0.069,0.032,-0.037,Decline,2073,1439
223053,Quini,Defender,Right-Back,Spain,2020-21,2021-22,31,32,Granada CF,Granada CF,1185,2306,1,0,0,1,1,1,0.076,0,0,0.039,0.076,0.039,-0.076,0.039,-0.037,Decline,2074,1438
342226,Irvin Cardona,Attack,Right Winger,Malta,2020-21,2021-22,23,24,Stade Brestois 29,Stade Brestois 29,2029,1328,8,4,2,2,10,6,0.355,0.271,0.089,0.136,0.444,0.407,-0.084,0.047,-0.037,Decline,2075,1437
272622,Issa Diop,Defender,Centre-Back,Morocco,2020-21,2021-22,24,25,West Ham United,West Ham United,1379,962,2,0,0,1,2,1,0.131,0,0,0.094,0.131,0.094,-0.131,0.094,-0.037,Decline,2076,1436
64793,Leonardo Pavoletti,Attack,Centre-Forward,Italy,2020-21,2021-22,32,33,Cagliari Calcio,Cagliari Calcio,1580,1508,4,5,4,2,8,7,0.228,0.298,0.228,0.119,0.456,0.418,0.07,-0.109,-0.038,Decline,2077,1435
391004,Jonas Wind,Attack,Centre-Forward,Denmark,2021-22,2022-23,23,24,VfL Wolfsburg,VfL Wolfsburg,1187,1296,5,6,1,0,6,6,0.379,0.417,0.076,0,0.455,0.417,0.038,-0.076,-0.038,Decline,2078,1434
337333,Alex Král,Midfield,Central Midfield,Czech Republic,2022-23,2023-24,25,26,FC Schalke 04,1.FC Union Berlin,2357,1365,0,0,1,0,1,0,0,0,0.038,0,0.038,0,0,-0.038,-0.038,Decline,2079,1433
524000,Dani Vivian,Defender,Centre-Back,Spain,2022-23,2023-24,23,24,Athletic Bilbao,Athletic Bilbao,2374,2879,1,0,0,0,1,0,0.038,0,0,0,0.038,0,-0.038,0,-0.038,Decline,2080,1432
462250,João Félix,Attack,Second Striker,Portugal,2022-23,2023-24,23,24,"Atlético de Madrid, Chelsea FC",FC Barcelona,1591,1542,8,7,3,3,11,10,0.453,0.409,0.17,0.175,0.622,0.584,-0.044,0.005,-0.038,Decline,2081,1431
106405,Jeffrey Gouweleeuw,Defender,Centre-Back,Netherlands,2021-22,2022-23,30,31,FC Augsburg,FC Augsburg,2578,2797,2,0,0,1,2,1,0.07,0,0,0.032,0.07,0.032,-0.07,0.032,-0.038,Decline,2082,1430
53622,İlkay Gündoğan,Midfield,Central Midfield,Germany,2021-22,2022-23,31,32,Manchester City,Manchester City,1855,2359,8,8,3,5,11,13,0.388,0.305,0.146,0.191,0.534,0.496,-0.083,0.045,-0.038,Decline,2083,1429
309110,Brais Méndez,Midfield,Attacking Midfield,Spain,2022-23,2023-24,26,27,Real Sociedad,Real Sociedad,2416,2419,8,5,4,6,12,11,0.298,0.186,0.149,0.223,0.447,0.409,-0.112,0.074,-0.038,Decline,2084,1428
789082,Vanderson,Defender,Right-Back,Brazil,2021-22,2022-23,21,22,AS Monaco,AS Monaco,1122,2219,2,1,1,4,3,5,0.16,0.041,0.08,0.162,0.241,0.203,-0.119,0.082,-0.038,Decline,2085,1427
132098,Harry Kane,Attack,Centre-Forward,England,2023-24,2024-25,30,31,Bayern Munich,Bayern Munich,2843,2391,36,26,8,10,44,36,1.14,0.979,0.253,0.376,1.393,1.355,-0.161,0.123,-0.038,Decline,2086,1426
327757,Krzysztof Piatek,Attack,Centre-Forward,Poland,2021-22,2022-23,26,27,"ACF Fiorentina, Hertha BSC",US Salernitana 1919,1081,2143,4,4,1,5,5,9,0.333,0.168,0.083,0.21,0.416,0.378,-0.165,0.127,-0.038,Decline,2087,1425
82009,Kevin Volland,Midfield,Attacking Midfield,Germany,2020-21,2021-22,28,29,AS Monaco,AS Monaco,2794,2450,16,9,8,11,24,20,0.515,0.331,0.258,0.404,0.773,0.735,-0.184,0.146,-0.038,Decline,2088,1424
414908,Marshall Munetsi,Midfield,Central Midfield,Zimbabwe,2023-24,2024-25,28,29,Stade Reims,"Stade Reims, Wolverhampton Wanderers",2178,2773,4,6,4,3,8,9,0.165,0.195,0.165,0.097,0.331,0.292,0.03,-0.068,-0.039,Decline,2089,1423
193116,John McGinn,Midfield,Central Midfield,Scotland,2020-21,2021-22,26,27,Aston Villa,Aston Villa,3330,3093,3,3,6,4,9,7,0.081,0.087,0.162,0.116,0.243,0.204,0.006,-0.046,-0.039,Decline,2090,1422
578539,Chris Richards,Defender,Centre-Back,United States,2023-24,2024-25,24,25,Crystal Palace,Crystal Palace,2091,1925,1,1,1,0,2,1,0.043,0.047,0.043,0,0.086,0.047,0.004,-0.043,-0.039,Decline,2091,1421
392516,Antonino Gallo,Defender,Left-Back,Italy,2023-24,2024-25,24,25,US Lecce,US Lecce,2502,2615,0,0,3,2,3,2,0,0,0.108,0.069,0.108,0.069,0,-0.039,-0.039,Decline,2092,1420
344605,Boubakary Soumaré,Midfield,Defensive Midfield,France,2023-24,2024-25,25,26,Sevilla FC,Leicester City,2287,2170,0,0,1,0,1,0,0,0,0.039,0,0.039,0,0,-0.039,-0.039,Decline,2092,1420
605184,Jean-Clair Todibo,Defender,Centre-Back,France,2020-21,2021-22,21,22,OGC Nice,OGC Nice,1332,3116,1,1,0,0,1,1,0.068,0.029,0,0,0.068,0.029,-0.039,0,-0.039,Decline,2093,1419
225657,Philipp Lienhart,Defender,Centre-Back,Austria,2023-24,2024-25,27,28,SC Freiburg,SC Freiburg,1265,2771,1,1,0,0,1,1,0.071,0.032,0,0,0.071,0.032,-0.039,0,-0.039,Decline,2093,1419
228948,Thilo Kehrer,Defender,Centre-Back,Germany,2021-22,2022-23,25,26,Paris Saint-Germain,West Ham United,1506,2230,2,0,0,2,2,2,0.12,0,0,0.081,0.12,0.081,-0.12,0.081,-0.039,Decline,2094,1418
401173,Jadon Sancho,Attack,Left Winger,England,2022-23,2023-24,23,24,Manchester United,"Borussia Dortmund, Manchester United",1700,1030,6,2,3,3,9,5,0.318,0.175,0.159,0.262,0.476,0.437,-0.143,0.103,-0.039,Decline,2095,1417
3455,Zlatan Ibrahimović,Attack,Centre-Forward,Sweden,2020-21,2021-22,39,40,AC Milan,AC Milan,1497,1007,15,8,2,3,17,11,0.902,0.715,0.12,0.268,1.022,0.983,-0.187,0.148,-0.039,Decline,2096,1416
57216,Ismaël Traoré,Defender,Centre-Back,Cote d'Ivoire,2020-21,2021-22,34,35,Angers SCO,Angers SCO,2994,3215,3,4,3,1,6,5,0.09,0.112,0.09,0.028,0.18,0.14,0.022,-0.062,-0.04,Decline,2097,1415
357156,Diogo Leite,Defender,Centre-Back,Portugal,2022-23,2023-24,24,25,1.FC Union Berlin,1.FC Union Berlin,2253,2707,0,0,1,0,1,0,0,0,0.04,0,0.04,0,0,-0.04,-0.04,Decline,2098,1414
15956,Jesús Navas,Midfield,Right Midfield,Spain,2020-21,2021-22,35,36,Sevilla FC,Sevilla FC,2833,1786,0,0,6,3,6,3,0,0,0.191,0.151,0.191,0.151,0,-0.04,-0.04,Decline,2098,1414
92572,Joel Ward,Defender,Right-Back,England,2020-21,2021-22,31,32,Crystal Palace,Crystal Palace,2255,2486,0,0,1,0,1,0,0,0,0.04,0,0.04,0,0,-0.04,-0.04,Decline,2098,1414
461019,Samuele Birindelli,Defender,Right-Back,Italy,2022-23,2023-24,23,24,AC Monza,AC Monza,1391,2016,0,0,2,2,2,2,0,0,0.129,0.089,0.129,0.089,0,-0.04,-0.04,Decline,2098,1414
296356,Souleyman Doumbia,Defender,Left-Back,Cote d'Ivoire,2021-22,2022-23,25,26,Angers SCO,Angers SCO,2231,1792,0,0,1,0,1,0,0,0,0.04,0,0.04,0,0,-0.04,-0.04,Decline,2098,1414
663581,Vini Souza,Midfield,Defensive Midfield,Brazil,2022-23,2023-24,24,25,RCD Espanyol Barcelona,Sheffield United,2433,2672,1,1,1,0,2,1,0.037,0.034,0.037,0,0.074,0.034,-0.003,-0.037,-0.04,Decline,2099,1413
485960,Lilian Brassier,Defender,Centre-Back,France,2021-22,2022-23,22,23,Stade Brestois 29,Stade Brestois 29,2257,3093,1,0,0,0,1,0,0.04,0,0,0,0.04,0,-0.04,0,-0.04,Decline,2100,1412
104597,Bram Nuytinck,Defender,Centre-Back,Netherlands,2021-22,2022-23,32,33,Udinese Calcio,"UC Sampdoria, Udinese Calcio",2034,1885,1,0,1,1,2,1,0.044,0,0.044,0.048,0.088,0.048,-0.044,0.004,-0.04,Decline,2101,1411
51174,Fernando,Midfield,Defensive Midfield,Brazil,2021-22,2022-23,34,35,Sevilla FC,Sevilla FC,1850,1581,1,0,1,1,2,1,0.049,0,0.049,0.057,0.097,0.057,-0.049,0.008,-0.04,Decline,2102,1410
277533,Josan,Attack,Right Winger,Spain,2021-22,2022-23,32,33,Elche CF,Elche CF,1197,1070,2,1,3,3,5,4,0.15,0.084,0.226,0.252,0.376,0.336,-0.066,0.026,-0.04,Decline,2103,1409
355816,Ko Itakura,Defender,Centre-Back,Japan,2023-24,2024-25,27,28,Borussia Mönchengladbach,Borussia Mönchengladbach,1599,2790,3,3,0,1,3,4,0.169,0.097,0,0.032,0.169,0.129,-0.072,0.032,-0.04,Decline,2104,1408
91317,Ashley Westwood,Midfield,Defensive Midfield,England,2020-21,2021-22,31,32,Burnley FC,Burnley FC,3411,2289,3,0,3,3,6,3,0.079,0,0.079,0.118,0.158,0.118,-0.079,0.039,-0.04,Decline,2105,1407
59561,Dani Parejo,Midfield,Central Midfield,Spain,2023-24,2024-25,35,36,Villarreal CF,Villarreal CF,2586,2278,3,3,5,3,8,6,0.104,0.119,0.174,0.119,0.278,0.237,0.015,-0.055,-0.041,Decline,2106,1406
338629,Sebastiaan Bornauw,Defender,Centre-Back,Belgium,2020-21,2021-22,22,23,1.FC Köln,VfL Wolfsburg,2082,2007,1,1,1,0,2,1,0.043,0.045,0.043,0,0.086,0.045,0.002,-0.043,-0.041,Decline,2107,1405
147038,Cédric Brunner,Defender,Right-Back,Switzerland,2021-22,2022-23,28,29,Arminia Bielefeld,FC Schalke 04,2187,2323,0,0,1,0,1,0,0,0,0.041,0,0.041,0,0,-0.041,-0.041,Decline,2108,1404
254037,Iza Carcelén,Defender,Right-Back,Spain,2022-23,2023-24,30,31,Cádiz CF,Cádiz CF,2204,2610,0,0,1,0,1,0,0,0,0.041,0,0.041,0,0,-0.041,-0.041,Decline,2108,1404
548348,Kiliann Sildillia,Defender,Right-Back,France,2022-23,2023-24,21,22,SC Freiburg,SC Freiburg,1978,1804,0,0,2,1,2,1,0,0,0.091,0.05,0.091,0.05,0,-0.041,-0.041,Decline,2108,1404
476352,Renan Lodi,Defender,Left-Back,Brazil,2022-23,2023-24,25,26,Nottingham Forest,Olympique Marseille,2220,1237,0,0,1,0,1,0,0,0,0.041,0,0.041,0,0,-0.041,-0.041,Decline,2108,1404
296356,Souleyman Doumbia,Defender,Left-Back,Cote d'Ivoire,2020-21,2021-22,24,25,Angers SCO,Angers SCO,2220,2231,0,0,2,1,2,1,0,0,0.081,0.04,0.081,0.04,0,-0.041,-0.041,Decline,2108,1404
433984,Sam Beukema,Defender,Centre-Back,Netherlands,2023-24,2024-25,25,26,Bologna Football Club 1909,Bologna Football Club 1909,2549,3012,1,0,1,1,2,1,0.035,0,0.035,0.03,0.071,0.03,-0.035,-0.005,-0.041,Decline,2109,1403
520624,Bruno Guimarães,Midfield,Central Midfield,Brazil,2021-22,2022-23,24,25,"Newcastle United, Olympique Lyon",Newcastle United,2674,2734,5,4,5,5,10,9,0.168,0.132,0.168,0.165,0.337,0.296,-0.036,-0.003,-0.041,Decline,2110,1402
618472,Castello Lukeba,Defender,Centre-Back,France,2023-24,2024-25,21,22,RB Leipzig,RB Leipzig,2185,1578,1,0,0,0,1,0,0.041,0,0,0,0.041,0,-0.041,0,-0.041,Decline,2111,1401
255744,Samir Caetano,Defender,Centre-Back,Brazil,2020-21,2021-22,26,27,Udinese Calcio,"Udinese Calcio, Watford FC",2209,3102,1,0,0,0,1,0,0.041,0,0,0,0.041,0,-0.041,0,-0.041,Decline,2111,1401
181767,Marquinhos,Defender,Centre-Back,Brazil,2022-23,2023-24,29,30,Paris Saint-Germain,Paris Saint-Germain,2719,1540,2,0,1,1,3,1,0.066,0,0.033,0.058,0.099,0.058,-0.066,0.025,-0.041,Decline,2112,1400
102017,Jorginho,Midfield,Defensive Midfield,Italy,2020-21,2021-22,29,30,Chelsea FC,Chelsea FC,2014,2279,7,6,1,2,8,8,0.313,0.237,0.045,0.079,0.357,0.316,-0.076,0.034,-0.041,Decline,2113,1399
320271,Toni Lato,Defender,Left-Back,Spain,2022-23,2023-24,25,26,Valencia CF,RCD Mallorca,908,1546,1,0,0,1,1,1,0.099,0,0,0.058,0.099,0.058,-0.099,0.058,-0.041,Decline,2114,1398
370789,Julian Ryerson,Defender,Right-Back,Norway,2020-21,2021-22,23,24,1.FC Union Berlin,1.FC Union Berlin,1064,1420,0,2,2,0,2,2,0,0.127,0.169,0,0.169,0.127,0.127,-0.169,-0.042,Decline,2115,1397
318528,Marcus Thuram,Attack,Centre-Forward,France,2023-24,2024-25,26,27,Inter Milan,Inter Milan,2707,2299,13,14,13,7,26,21,0.432,0.548,0.432,0.274,0.864,0.822,0.116,-0.158,-0.042,Decline,2116,1396
257732,Amir Rrahmani,Defender,Centre-Back,Kosovo,2020-21,2021-22,27,28,SSC Napoli,SSC Napoli,1089,2928,1,4,1,0,2,4,0.083,0.123,0.083,0,0.165,0.123,0.04,-0.083,-0.042,Decline,2117,1395
118284,Jordan Ferri,Midfield,Central Midfield,France,2020-21,2021-22,29,30,Montpellier HSC,Montpellier HSC,2591,2920,0,0,3,2,3,2,0,0,0.104,0.062,0.104,0.062,0,-0.042,-0.042,Decline,2118,1394
288241,Enock Kwateng,Defender,Right-Back,France,2020-21,2021-22,24,25,FC Girondins Bordeaux,FC Girondins Bordeaux,1036,2001,1,1,0,0,1,1,0.087,0.045,0,0,0.087,0.045,-0.042,0,-0.042,Decline,2119,1393
313094,Jordan Lotomba,Defender,Right-Back,Switzerland,2020-21,2021-22,22,23,OGC Nice,OGC Nice,2128,1780,1,0,0,0,1,0,0.042,0,0,0,0.042,0,-0.042,0,-0.042,Decline,2119,1393
294057,James Maddison,Midfield,Attacking Midfield,England,2021-22,2022-23,25,26,Leicester City,Leicester City,2467,2486,12,10,8,9,20,19,0.438,0.362,0.292,0.326,0.73,0.688,-0.076,0.034,-0.042,Decline,2120,1392
339556,Rico Henry,Defender,Left-Back,Jamaica,2021-22,2022-23,24,25,Brentford FC,Brentford FC,2784,3246,3,0,0,2,3,2,0.097,0,0,0.055,0.097,0.055,-0.097,0.055,-0.042,Decline,2121,1391
486624,Musa Barrow,Attack,Left Winger,The Gambia,2021-22,2022-23,23,24,Bologna Football Club 1909,Bologna Football Club 1909,2147,1969,6,3,7,8,13,11,0.252,0.137,0.293,0.366,0.545,0.503,-0.115,0.073,-0.042,Decline,2122,1390
633992,Enzo Le Fée,Midfield,Central Midfield,France,2020-21,2021-22,21,22,FC Lorient,FC Lorient,1814,2200,0,2,5,3,5,5,0,0.082,0.248,0.123,0.248,0.205,0.082,-0.125,-0.043,Decline,2123,1389
255508,Iñaki Williams,Attack,Right Winger,Ghana,2021-22,2022-23,28,29,Athletic Bilbao,Athletic Bilbao,2784,2852,8,10,6,3,14,13,0.259,0.316,0.194,0.095,0.453,0.41,0.057,-0.099,-0.043,Decline,2124,1388
564545,Edmond Tapsoba,Defender,Centre-Back,Burkina Faso,2023-24,2024-25,25,26,Bayer 04 Leverkusen,Bayer 04 Leverkusen,2085,2511,0,0,1,0,1,0,0,0,0.043,0,0.043,0,0,-0.043,-0.043,Decline,2125,1387
157672,Vladimír Coufal,Defender,Right-Back,Czech Republic,2020-21,2021-22,28,29,West Ham United,West Ham United,3055,2211,0,0,7,4,7,4,0,0,0.206,0.163,0.206,0.163,0,-0.043,-0.043,Decline,2125,1387
263918,Aleksandr Golovin,Midfield,Attacking Midfield,Russia,2022-23,2023-24,27,28,AS Monaco,AS Monaco,2483,2156,8,6,7,6,15,12,0.29,0.25,0.254,0.25,0.544,0.501,-0.04,-0.004,-0.043,Decline,2126,1386
364409,Gabriel Osho,Defender,Centre-Back,Nigeria,2023-24,2024-25,25,26,Luton Town,AJ Auxerre,1848,1658,2,1,0,0,2,1,0.097,0.054,0,0,0.097,0.054,-0.043,0,-0.043,Decline,2127,1385
126557,Jonathan Gradit,Defender,Centre-Back,France,2023-24,2024-25,31,32,RC Lens,RC Lens,2116,2116,1,0,0,0,1,0,0.043,0,0,0,0.043,0,-0.043,0,-0.043,Decline,2127,1385
77100,Lucas Moura,Attack,Right Winger,Brazil,2020-21,2021-22,28,29,Tottenham Hotspur,Tottenham Hotspur,1403,1774,3,2,4,6,7,8,0.192,0.101,0.257,0.304,0.449,0.406,-0.091,0.047,-0.043,Decline,2128,1384
127032,Serge Aurier,Defender,Right-Back,Cote d'Ivoire,2021-22,2022-23,29,30,Villarreal CF,Nottingham Forest,1003,1949,0,1,1,0,1,1,0,0.046,0.09,0,0.09,0.046,0.046,-0.09,-0.044,Decline,2129,1383
683895,Emmanuel Agbadou,Defender,Centre-Back,Cote d'Ivoire,2022-23,2023-24,26,27,Stade Reims,Stade Reims,2389,2595,0,1,3,1,3,2,0,0.035,0.113,0.035,0.113,0.069,0.035,-0.078,-0.044,Decline,2130,1382
15452,Raúl Albiol,Defender,Centre-Back,Spain,2023-24,2024-25,38,39,Villarreal CF,Villarreal CF,2035,1189,0,0,1,0,1,0,0,0,0.044,0,0.044,0,0,-0.044,-0.044,Decline,2131,1381
134270,Dan Burn,Defender,Centre-Back,England,2021-22,2022-23,30,31,"Brighton & Hove Albion, Newcastle United",Newcastle United,2462,3116,1,1,1,0,2,1,0.037,0.029,0.037,0,0.073,0.029,-0.008,-0.037,-0.044,Decline,2132,1380
556385,Destiny Udogie,Defender,Left-Back,Italy,2022-23,2023-24,20,21,Udinese Calcio,Tottenham Hotspur,2711,2398,3,2,4,3,7,5,0.1,0.075,0.133,0.113,0.232,0.188,-0.025,-0.02,-0.044,Decline,2133,1379
14086,Ashley Young,Defender,Right-Back,England,2022-23,2023-24,37,38,Aston Villa,Everton FC,2038,2290,1,0,0,0,1,0,0.044,0,0,0,0.044,0,-0.044,0,-0.044,Decline,2134,1378
198709,Cédric Hountondji,Defender,Centre-Back,Benin,2021-22,2022-23,28,29,Clermont Foot 63,Angers SCO,2035,3097,1,0,0,0,1,0,0.044,0,0,0,0.044,0,-0.044,0,-0.044,Decline,2134,1378
872171,Lucas Beraldo,Defender,Centre-Back,Brazil,2023-24,2024-25,20,21,Paris Saint-Germain,Paris Saint-Germain,1010,2011,1,1,0,0,1,1,0.089,0.045,0,0,0.089,0.045,-0.044,0,-0.044,Decline,2134,1378
162434,Niklas Stark,Defender,Centre-Back,Germany,2021-22,2022-23,27,28,Hertha BSC,SV Werder Bremen,2028,2082,1,0,0,0,1,0,0.044,0,0,0,0.044,0,-0.044,0,-0.044,Decline,2134,1378
533738,Jonathan David,Attack,Centre-Forward,Canada,2023-24,2024-25,24,25,LOSC Lille,LOSC Lille,2642,2559,19,16,4,5,23,21,0.647,0.563,0.136,0.176,0.783,0.739,-0.084,0.04,-0.044,Decline,2135,1377
79960,Alex Sandro,Defender,Left-Back,Brazil,2020-21,2021-22,30,31,Juventus FC,Juventus FC,1862,1774,2,0,1,2,3,2,0.097,0,0.048,0.101,0.145,0.101,-0.097,0.053,-0.044,Decline,2136,1376
789082,Vanderson,Defender,Right-Back,Brazil,2023-24,2024-25,23,24,AS Monaco,AS Monaco,1649,2073,3,1,1,3,4,4,0.164,0.043,0.055,0.13,0.218,0.174,-0.121,0.075,-0.044,Decline,2137,1375
127156,Téji Savanier,Midfield,Attacking Midfield,France,2022-23,2023-24,31,32,Montpellier HSC,Montpellier HSC,2561,2778,12,9,4,7,16,16,0.422,0.292,0.141,0.227,0.562,0.518,-0.13,0.086,-0.044,Decline,2138,1374
596153,Justin Njinmah,Attack,Right Winger,Germany,2023-24,2024-25,23,24,SV Werder Bremen,SV Werder Bremen,1012,945,6,3,2,4,8,7,0.534,0.286,0.178,0.381,0.711,0.667,-0.248,0.203,-0.044,Decline,2139,1373
255942,Nicolò Barella,Midfield,Central Midfield,Italy,2021-22,2022-23,25,26,Inter Milan,Inter Milan,2933,2623,3,6,13,7,16,13,0.092,0.206,0.399,0.24,0.491,0.446,0.114,-0.159,-0.045,Decline,2140,1372
167799,Pierre-Emile Højbjerg,Midfield,Defensive Midfield,Denmark,2020-21,2021-22,25,26,Tottenham Hotspur,Tottenham Hotspur,3420,3199,2,2,4,2,6,4,0.053,0.056,0.105,0.056,0.158,0.113,0.003,-0.049,-0.045,Decline,2141,1371
287579,Sofyan Amrabat,Midfield,Defensive Midfield,Morocco,2022-23,2023-24,26,27,ACF Fiorentina,Manchester United,2004,932,0,0,1,0,1,0,0,0,0.045,0,0.045,0,0,-0.045,-0.045,Decline,2142,1370
463603,Benoît Badiashile,Defender,Centre-Back,France,2020-21,2021-22,20,21,AS Monaco,AS Monaco,2871,1838,2,1,1,0,3,1,0.063,0.049,0.031,0,0.094,0.049,-0.014,-0.031,-0.045,Decline,2143,1369
251876,Pablo Maffeo,Defender,Right-Back,Argentina,2020-21,2021-22,23,24,SD Huesca,RCD Mallorca,1978,2952,1,1,4,5,5,6,0.046,0.03,0.182,0.152,0.228,0.183,-0.016,-0.03,-0.045,Decline,2144,1368
290587,Ellyes Skhiri,Midfield,Defensive Midfield,Tunisia,2023-24,2024-25,29,30,Eintracht Frankfurt,Eintracht Frankfurt,2171,2234,2,1,2,2,4,3,0.083,0.04,0.083,0.081,0.166,0.121,-0.043,-0.002,-0.045,Decline,2145,1367
113133,Germán Pezzella,Defender,Centre-Back,Argentina,2021-22,2022-23,31,32,Real Betis Balompié,Real Betis Balompié,1991,2516,1,0,0,0,1,0,0.045,0,0,0,0.045,0,-0.045,0,-0.045,Decline,2146,1366
272622,Issa Diop,Defender,Centre-Back,Morocco,2022-23,2023-24,26,27,Fulham FC,Fulham FC,2009,1425,1,0,0,0,1,0,0.045,0,0,0,0.045,0,-0.045,0,-0.045,Decline,2146,1366
326031,Matthijs de Ligt,Defender,Centre-Back,Netherlands,2023-24,2024-25,24,25,Bayern Munich,Manchester United,1387,2128,2,2,0,0,2,2,0.13,0.085,0,0,0.13,0.085,-0.045,0,-0.045,Decline,2146,1366
495625,Víctor Chust,Defender,Centre-Back,Spain,2022-23,2023-24,23,24,Cádiz CF,Cádiz CF,964,1869,1,0,0,1,1,1,0.093,0,0,0.048,0.093,0.048,-0.093,0.048,-0.045,Decline,2147,1365
134294,Danny Ings,Attack,Centre-Forward,England,2020-21,2021-22,28,29,Southampton FC,Aston Villa,2185,1905,12,7,4,6,16,13,0.494,0.331,0.165,0.283,0.659,0.614,-0.163,0.118,-0.045,Decline,2148,1364
398184,Ferran Torres,Attack,Centre-Forward,Spain,2020-21,2021-22,21,22,Manchester City,"FC Barcelona, Manchester City",1307,1723,7,6,2,5,9,11,0.482,0.313,0.138,0.261,0.62,0.575,-0.169,0.123,-0.045,Decline,2149,1363
442805,Iddrisu Baba,Midfield,Central Midfield,Ghana,2021-22,2022-23,26,27,RCD Mallorca,RCD Mallorca,1943,1748,1,0,0,0,1,0,0.046,0,0,0,0.046,0,-0.046,0,-0.046,Decline,2150,1362
204198,Romain Saïss,Defender,Centre-Back,Morocco,2020-21,2021-22,31,32,Wolverhampton Wanderers,Wolverhampton Wanderers,2408,2709,3,2,0,0,3,2,0.112,0.066,0,0,0.112,0.066,-0.046,0,-0.046,Decline,2150,1362
255488,Yeray Álvarez,Defender,Centre-Back,Spain,2020-21,2021-22,26,27,Athletic Bilbao,Athletic Bilbao,1949,1859,1,0,0,0,1,0,0.046,0,0,0,0.046,0,-0.046,0,-0.046,Decline,2150,1362
119277,Yannick Gerhardt,Midfield,Central Midfield,Germany,2023-24,2024-25,30,31,VfL Wolfsburg,VfL Wolfsburg,1636,1508,2,1,1,1,3,2,0.11,0.06,0.055,0.06,0.165,0.119,-0.05,0.005,-0.046,Decline,2151,1361
357147,Diogo Dalot,Defender,Right-Back,Portugal,2023-24,2024-25,25,26,Manchester United,Manchester United,3174,2813,2,0,3,3,5,3,0.057,0,0.085,0.096,0.142,0.096,-0.057,0.011,-0.046,Decline,2152,1360
275303,Hans Hateboer,Defender,Right-Back,Netherlands,2022-23,2023-24,29,30,Atalanta BC,Atalanta BC,1401,1104,1,0,1,1,2,1,0.064,0,0.064,0.082,0.128,0.082,-0.064,0.018,-0.046,Decline,2153,1359
315063,Nahitan Nández,Midfield,Right Midfield,Uruguay,2020-21,2021-22,25,26,Cagliari Calcio,Cagliari Calcio,2741,1520,2,0,3,2,5,2,0.066,0,0.099,0.118,0.164,0.118,-0.066,0.019,-0.046,Decline,2154,1358
54906,Matteo Darmian,Defender,Right-Back,Italy,2021-22,2022-23,32,33,Inter Milan,Inter Milan,1507,2031,2,1,1,2,3,3,0.119,0.044,0.06,0.089,0.179,0.133,-0.075,0.029,-0.046,Decline,2155,1357
505194,Luke Thomas,Defender,Left-Back,England,2020-21,2021-22,20,21,Leicester City,Leicester City,970,1912,1,0,0,1,1,1,0.093,0,0,0.047,0.093,0.047,-0.093,0.047,-0.046,Decline,2156,1356
270171,Vitaly Janelt,Midfield,Defensive Midfield,Germany,2022-23,2023-24,25,26,Brentford FC,Brentford FC,2210,3073,3,1,1,3,4,4,0.122,0.029,0.041,0.088,0.163,0.117,-0.093,0.047,-0.046,Decline,2156,1356
397225,Alessandro Zanoli,Defender,Right-Back,Italy,2022-23,2023-24,22,23,"SSC Napoli, UC Sampdoria","SSC Napoli, US Salernitana 1919",1550,969,2,0,2,2,4,2,0.116,0,0.116,0.186,0.232,0.186,-0.116,0.07,-0.046,Decline,2157,1355
314353,Trent Alexander-Arnold,Defender,Right-Back,England,2022-23,2023-24,24,25,Liverpool FC,Liverpool FC,2931,2163,2,3,9,4,11,7,0.061,0.125,0.276,0.166,0.338,0.291,0.064,-0.11,-0.047,Decline,2158,1354
178425,Dani García,Midfield,Defensive Midfield,Spain,2020-21,2021-22,31,32,Athletic Bilbao,Athletic Bilbao,1920,2186,0,0,1,0,1,0,0,0,0.047,0,0.047,0,0,-0.047,-0.047,Decline,2159,1353
505194,Luke Thomas,Defender,Left-Back,England,2021-22,2022-23,21,22,Leicester City,Leicester City,1912,1071,0,0,1,0,1,0,0,0,0.047,0,0.047,0,0,-0.047,-0.047,Decline,2159,1353
480763,Juan Foyth,Defender,Centre-Back,Argentina,2021-22,2022-23,24,25,Villarreal CF,Villarreal CF,1932,1961,1,1,1,0,2,1,0.047,0.046,0.047,0,0.093,0.046,-0.001,-0.047,-0.047,Decline,2160,1352
73926,Davide Faraoni,Defender,Right-Back,Italy,2021-22,2022-23,30,31,Hellas Verona,Hellas Verona,2578,1489,4,2,6,3,10,5,0.14,0.121,0.209,0.181,0.349,0.302,-0.019,-0.028,-0.047,Decline,2161,1351
334222,Lucas Boyé,Attack,Centre-Forward,Argentina,2022-23,2023-24,27,28,Elche CF,Granada CF,2472,2556,7,6,3,3,10,9,0.255,0.211,0.109,0.106,0.364,0.317,-0.044,-0.003,-0.047,Decline,2162,1350
353032,Omar Alderete,Defender,Centre-Back,Paraguay,2022-23,2023-24,26,27,Getafe CF,Getafe CF,2050,2193,1,0,1,1,2,1,0.044,0,0.044,0.041,0.088,0.041,-0.044,-0.003,-0.047,Decline,2162,1350
126673,Adama Soumaoro,Defender,Centre-Back,France,2020-21,2021-22,29,30,"Bologna Football Club 1909, LOSC Lille",Bologna Football Club 1909,1898,2267,1,0,0,0,1,0,0.047,0,0,0,0.047,0,-0.047,0,-0.047,Decline,2163,1349
487834,Lorenzo Pirola,Defender,Centre-Back,Italy,2022-23,2023-24,21,22,US Salernitana 1919,US Salernitana 1919,1949,1991,2,1,0,0,2,1,0.092,0.045,0,0,0.092,0.045,-0.047,0,-0.047,Decline,2163,1349
338629,Sebastiaan Bornauw,Defender,Centre-Back,Belgium,2022-23,2023-24,24,25,VfL Wolfsburg,VfL Wolfsburg,1927,1431,1,0,0,0,1,0,0.047,0,0,0,0.047,0,-0.047,0,-0.047,Decline,2163,1349
730893,Tyrick Mitchell,Defender,Left-Back,England,2020-21,2021-22,21,22,Crystal Palace,Crystal Palace,1710,3103,1,0,1,2,2,2,0.053,0,0.053,0.058,0.105,0.058,-0.053,0.005,-0.047,Decline,2164,1348
423440,Martín Zubimendi,Midfield,Defensive Midfield,Spain,2023-24,2024-25,25,26,Real Sociedad,Real Sociedad,2655,2962,4,2,1,2,5,4,0.136,0.061,0.034,0.061,0.169,0.122,-0.075,0.027,-0.047,Decline,2165,1347
288230,Ousmane Dembélé,Attack,Centre-Forward,France,2022-23,2023-24,26,27,FC Barcelona,Paris Saint-Germain,1415,1509,5,3,7,9,12,12,0.318,0.179,0.445,0.537,0.763,0.716,-0.139,0.092,-0.047,Decline,2166,1346
487969,Randal Kolo Muani,Attack,Centre-Forward,France,2023-24,2024-25,25,26,"Eintracht Frankfurt, Paris Saint-Germain","Juventus FC, Paris Saint-Germain",1419,1514,7,10,5,2,12,12,0.444,0.594,0.317,0.119,0.761,0.713,0.15,-0.198,-0.048,Decline,2167,1345
134294,Danny Ings,Attack,Centre-Forward,England,2021-22,2022-23,29,30,Aston Villa,"Aston Villa, West Ham United",1905,1589,7,8,6,2,13,10,0.331,0.453,0.283,0.113,0.614,0.566,0.122,-0.17,-0.048,Decline,2168,1344
118847,Dominik Kohr,Defender,Centre-Back,Germany,2021-22,2022-23,28,29,1.FSV Mainz 05,1.FSV Mainz 05,1624,2293,0,3,3,0,3,3,0,0.118,0.166,0,0.166,0.118,0.118,-0.166,-0.048,Decline,2169,1343
569598,Youssouf Fofana,Midfield,Defensive Midfield,France,2021-22,2022-23,23,24,AS Monaco,AS Monaco,2185,3089,0,2,4,2,4,4,0,0.058,0.165,0.058,0.165,0.117,0.058,-0.107,-0.048,Decline,2170,1342
614258,Levi Colwill,Defender,Centre-Back,England,2022-23,2023-24,20,21,Brighton & Hove Albion,Chelsea FC,1220,1798,0,1,2,1,2,2,0,0.05,0.148,0.05,0.148,0.1,0.05,-0.098,-0.048,Decline,2171,1341
89733,Álex Fernández,Midfield,Central Midfield,Spain,2021-22,2022-23,29,30,Cádiz CF,Cádiz CF,2050,1574,3,3,2,0,5,3,0.132,0.172,0.088,0,0.22,0.172,0.04,-0.088,-0.048,Decline,2172,1340
258883,Jonjoe Kenny,Defender,Right-Back,England,2021-22,2022-23,25,26,Everton FC,Hertha BSC,1017,2242,0,0,1,1,1,1,0,0,0.088,0.04,0.088,0.04,0,-0.048,-0.048,Decline,2173,1339
297645,Riccardo Marchizza,Defender,Left-Back,Italy,2020-21,2021-22,23,24,Spezia Calcio,FC Empoli,1560,1351,0,0,2,1,2,1,0,0,0.115,0.067,0.115,0.067,0,-0.048,-0.048,Decline,2173,1339
28396,Edin Dzeko,Attack,Centre-Forward,Bosnia-Herzegovina,2021-22,2022-23,36,37,Inter Milan,Inter Milan,2476,1724,13,9,7,4,20,13,0.473,0.47,0.254,0.209,0.727,0.679,-0.003,-0.045,-0.048,Decline,2174,1338
525299,Miguel Gutiérrez,Defender,Left-Back,Spain,2023-24,2024-25,22,23,Girona FC,Girona FC,3037,2464,2,1,7,5,9,6,0.059,0.037,0.207,0.183,0.267,0.219,-0.022,-0.024,-0.048,Decline,2175,1337
348795,Giovani Lo Celso,Midfield,Attacking Midfield,Argentina,2020-21,2021-22,25,26,Tottenham Hotspur,"Tottenham Hotspur, Villarreal CF",950,1274,1,1,1,1,2,2,0.095,0.071,0.095,0.071,0.189,0.141,-0.024,-0.024,-0.048,Decline,2176,1336
344864,Jean-Kévin Duverne,Defender,Centre-Back,Haiti,2021-22,2022-23,24,25,Stade Brestois 29,Stade Brestois 29,3006,2513,1,0,3,2,4,2,0.03,0,0.09,0.072,0.12,0.072,-0.03,-0.018,-0.048,Decline,2177,1335
660860,Diego Coppola,Defender,Centre-Back,Italy,2023-24,2024-25,20,21,Hellas Verona,Hellas Verona,1636,2926,2,2,0,0,2,2,0.11,0.062,0,0,0.11,0.062,-0.048,0,-0.048,Decline,2178,1334
158863,Iñigo Martínez,Defender,Centre-Back,Spain,2021-22,2022-23,31,32,Athletic Bilbao,Athletic Bilbao,2344,1339,3,1,0,0,3,1,0.115,0.067,0,0,0.115,0.067,-0.048,0,-0.048,Decline,2178,1334
225873,Karol Linetty,Midfield,Central Midfield,Poland,2022-23,2023-24,28,29,Torino FC,Torino FC,1889,1860,1,0,0,0,1,0,0.048,0,0,0,0.048,0,-0.048,0,-0.048,Decline,2178,1334
361914,Nayef Aguerd,Defender,Centre-Back,Morocco,2023-24,2024-25,28,29,West Ham United,Real Sociedad,1859,1763,1,0,0,0,1,0,0.048,0,0,0,0.048,0,-0.048,0,-0.048,Decline,2178,1334
415912,Konstantinos Mavropanos,Defender,Centre-Back,Greece,2021-22,2022-23,24,25,VfB Stuttgart,VfB Stuttgart,2710,2288,4,2,1,1,5,3,0.133,0.079,0.033,0.039,0.166,0.118,-0.054,0.006,-0.048,Decline,2179,1333
257062,Álvaro García,Attack,Left Winger,Spain,2021-22,2022-23,29,30,Rayo Vallecano,Rayo Vallecano,3005,2896,7,5,5,5,12,10,0.21,0.155,0.15,0.155,0.359,0.311,-0.055,0.005,-0.048,Decline,2180,1332
273132,Robin Gosens,Defender,Left-Back,Germany,2023-24,2024-25,29,30,1.FC Union Berlin,"1.FC Union Berlin, ACF Fiorentina",2297,2617,6,5,4,5,10,10,0.235,0.172,0.157,0.172,0.392,0.344,-0.063,0.015,-0.048,Decline,2181,1331
336125,Mërgim Vojvoda,Defender,Right-Back,Kosovo,2023-24,2024-25,29,30,Torino FC,"Como 1907, Torino FC",1372,1826,0,1,3,2,3,3,0,0.049,0.197,0.099,0.197,0.148,0.049,-0.098,-0.049,Decline,2182,1330
272622,Issa Diop,Defender,Centre-Back,Morocco,2021-22,2022-23,25,26,West Ham United,Fulham FC,962,2009,0,1,1,0,1,1,0,0.045,0.094,0,0.094,0.045,0.045,-0.094,-0.049,Decline,2183,1329
175449,Moi Gómez,Midfield,Attacking Midfield,Spain,2022-23,2023-24,29,30,CA Osasuna,CA Osasuna,2460,2011,3,3,2,0,5,3,0.11,0.134,0.073,0,0.183,0.134,0.024,-0.073,-0.049,Decline,2184,1328
242940,Edoardo Goldaniga,Defender,Centre-Back,Italy,2020-21,2021-22,27,28,Genoa CFC,"Cagliari Calcio, US Sassuolo",1853,938,0,0,1,0,1,0,0,0,0.049,0,0.049,0,0,-0.049,-0.049,Decline,2185,1327
124502,Matthias Ginter,Defender,Centre-Back,Germany,2020-21,2021-22,27,28,Borussia Mönchengladbach,Borussia Mönchengladbach,3060,2337,2,1,1,0,3,1,0.059,0.039,0.029,0,0.088,0.039,-0.02,-0.029,-0.049,Decline,2186,1326
239743,Przemyslaw Frankowski,Defender,Right-Back,Poland,2022-23,2023-24,28,29,RC Lens,RC Lens,2840,2193,5,3,3,2,8,5,0.158,0.123,0.095,0.082,0.254,0.205,-0.035,-0.013,-0.049,Decline,2187,1325
298589,David García,Defender,Centre-Back,Spain,2021-22,2022-23,28,29,CA Osasuna,CA Osasuna,3105,2683,4,2,0,0,4,2,0.116,0.067,0,0,0.116,0.067,-0.049,0,-0.049,Decline,2188,1324
577486,Gastón Álvarez,Defender,Centre-Back,Uruguay,2022-23,2023-24,23,24,Getafe CF,Getafe CF,1504,2536,2,2,0,0,2,2,0.12,0.071,0,0,0.12,0.071,-0.049,0,-0.049,Decline,2188,1324
57467,Romain Thomas,Defender,Centre-Back,France,2020-21,2021-22,33,34,Angers SCO,Angers SCO,3026,2566,4,2,0,0,4,2,0.119,0.07,0,0,0.119,0.07,-0.049,0,-0.049,Decline,2188,1324
170934,Mario Lemina,Midfield,Defensive Midfield,Gabon,2021-22,2022-23,28,29,OGC Nice,"OGC Nice, Wolverhampton Wanderers",1975,2147,2,0,0,1,2,1,0.091,0,0,0.042,0.091,0.042,-0.091,0.042,-0.049,Decline,2189,1323
281989,Luis Milla,Midfield,Central Midfield,Spain,2021-22,2022-23,27,28,Granada CF,Getafe CF,2785,1863,3,0,3,3,6,3,0.097,0,0.097,0.145,0.194,0.145,-0.097,0.048,-0.049,Decline,2190,1322
212723,Djibril Sow,Midfield,Central Midfield,Switzerland,2021-22,2022-23,25,26,Eintracht Frankfurt,Eintracht Frankfurt,2422,2651,2,4,3,0,5,4,0.074,0.136,0.111,0,0.186,0.136,0.062,-0.111,-0.05,Decline,2191,1321
354726,Florian Sotoca,Attack,Centre-Forward,France,2022-23,2023-24,32,33,RC Lens,RC Lens,3065,2605,7,7,10,6,17,13,0.206,0.242,0.294,0.207,0.499,0.449,0.036,-0.087,-0.05,Decline,2192,1320
82503,Aridane Hernández,Defender,Centre-Back,Spain,2022-23,2023-24,34,35,CA Osasuna,Rayo Vallecano,1790,1691,0,0,1,0,1,0,0,0,0.05,0,0.05,0,0,-0.05,-0.05,Decline,2193,1319
353366,Benjamin Pavard,Defender,Centre-Back,France,2023-24,2024-25,28,29,Inter Milan,Inter Milan,1677,1584,0,0,2,1,2,1,0,0,0.107,0.057,0.107,0.057,0,-0.05,-0.05,Decline,2193,1319
503075,Isak Hien,Defender,Centre-Back,Sweden,2023-24,2024-25,25,26,"Atalanta BC, Hellas Verona",Atalanta BC,1794,2325,0,0,1,0,1,0,0,0,0.05,0,0.05,0,0,-0.05,-0.05,Decline,2193,1319
300532,Pontus Almqvist,Attack,Right Winger,Sweden,2023-24,2024-25,24,25,US Lecce,Parma Calcio 1913,2116,1106,2,1,3,1,5,2,0.085,0.081,0.128,0.081,0.213,0.163,-0.004,-0.047,-0.05,Decline,2194,1318
290017,Hassane Kamara,Defender,Left-Back,Cote d'Ivoire,2020-21,2021-22,27,28,OGC Nice,"OGC Nice, Watford FC",2966,2171,2,1,1,0,3,1,0.061,0.041,0.03,0,0.091,0.041,-0.02,-0.03,-0.05,Decline,2195,1317
263236,Kevin Danso,Defender,Centre-Back,Austria,2021-22,2022-23,23,24,RC Lens,RC Lens,2793,3234,2,1,3,3,5,4,0.064,0.028,0.097,0.083,0.161,0.111,-0.036,-0.014,-0.05,Decline,2196,1316
196357,Jonathan Tah,Defender,Centre-Back,Germany,2023-24,2024-25,28,29,Bayer 04 Leverkusen,Bayer 04 Leverkusen,2632,2970,4,3,1,1,5,4,0.137,0.091,0.034,0.03,0.171,0.121,-0.046,-0.004,-0.05,Decline,2197,1315
644771,Odilon Kossounou,Defender,Centre-Back,Cote d'Ivoire,2023-24,2024-25,23,24,Bayer 04 Leverkusen,Atalanta BC,1812,1125,1,0,0,0,1,0,0.05,0,0,0,0.05,0,-0.05,0,-0.05,Decline,2198,1314
495666,William Saliba,Defender,Centre-Back,France,2020-21,2021-22,20,21,OGC Nice,Olympique Marseille,1800,3240,1,0,0,0,1,0,0.05,0,0,0,0.05,0,-0.05,0,-0.05,Decline,2198,1314
290593,Sada Thioub,Attack,Right Winger,Senegal,2020-21,2021-22,26,27,Angers SCO,"Angers SCO, AS Saint-Étienne",1252,956,1,0,1,1,2,1,0.072,0,0.072,0.094,0.144,0.094,-0.072,0.022,-0.05,Decline,2199,1313
743498,Wilson Odobert,Attack,Left Winger,France,2022-23,2023-24,18,19,ESTAC Troyes,Burnley FC,1765,2108,4,3,2,3,6,6,0.204,0.128,0.102,0.128,0.306,0.256,-0.076,0.026,-0.05,Decline,2200,1312
294808,Franck Kessié,Midfield,Central Midfield,Cote d'Ivoire,2021-22,2022-23,25,26,AC Milan,FC Barcelona,2312,977,6,1,0,1,6,2,0.234,0.092,0,0.092,0.234,0.184,-0.142,0.092,-0.05,Decline,2201,1311
745200,Maghnes Akliouche,Attack,Right Winger,France,2023-24,2024-25,22,23,AS Monaco,AS Monaco,1619,2408,7,5,4,10,11,15,0.389,0.187,0.222,0.374,0.611,0.561,-0.202,0.152,-0.05,Decline,2202,1310
794758,Warren Kamanzi,Defender,Right-Back,Norway,2023-24,2024-25,23,24,FC Toulouse,FC Toulouse,1182,1019,0,1,3,1,3,2,0,0.088,0.228,0.088,0.228,0.177,0.088,-0.14,-0.051,Decline,2203,1309
74229,Koke,Midfield,Central Midfield,Spain,2023-24,2024-25,32,33,Atlético de Madrid,Atlético de Madrid,2502,1926,0,1,4,1,4,2,0,0.047,0.144,0.047,0.144,0.093,0.047,-0.097,-0.051,Decline,2204,1308
361914,Nayef Aguerd,Defender,Centre-Back,Morocco,2021-22,2022-23,26,27,Stade Rennais FC,West Ham United,2738,1595,2,2,3,0,5,2,0.066,0.113,0.099,0,0.164,0.113,0.047,-0.099,-0.051,Decline,2204,1308
181778,Emerson,Defender,Left-Back,Italy,2021-22,2022-23,27,28,"Chelsea FC, Olympique Lyon",West Ham United,2272,1322,1,1,2,0,3,1,0.04,0.068,0.079,0,0.119,0.068,0.028,-0.079,-0.051,Decline,2205,1307
79960,Alex Sandro,Defender,Left-Back,Brazil,2021-22,2022-23,31,32,Juventus FC,Juventus FC,1774,1787,0,0,2,1,2,1,0,0,0.101,0.05,0.101,0.05,0,-0.051,-0.051,Decline,2206,1306
240219,Lorenzo Venuti,Defender,Right-Back,Italy,2020-21,2021-22,26,27,ACF Fiorentina,ACF Fiorentina,1761,1576,0,0,1,0,1,0,0,0,0.051,0,0.051,0,0,-0.051,-0.051,Decline,2206,1306
395237,Maxence Caqueret,Midfield,Central Midfield,France,2020-21,2021-22,21,22,Olympique Lyon,Olympique Lyon,1762,2333,0,0,1,0,1,0,0,0,0.051,0,0.051,0,0,-0.051,-0.051,Decline,2206,1306
205054,Norbert Gyömbér,Defender,Centre-Back,Slovakia,2022-23,2023-24,30,31,US Salernitana 1919,US Salernitana 1919,1751,1761,0,0,1,0,1,0,0,0,0.051,0,0.051,0,0,-0.051,-0.051,Decline,2206,1306
569383,Chrislain Matsima,Defender,Centre-Back,France,2023-24,2024-25,22,23,"AS Monaco, Clermont Foot 63",FC Augsburg,1476,2551,1,1,1,1,2,2,0.061,0.035,0.061,0.035,0.122,0.071,-0.026,-0.026,-0.051,Decline,2207,1305
557614,Nathanaël Mbuku,Attack,Left Winger,DR Congo,2020-21,2021-22,19,20,Stade Reims,Stade Reims,2229,1417,4,2,2,1,6,3,0.162,0.127,0.081,0.064,0.242,0.191,-0.035,-0.017,-0.051,Decline,2208,1304
89231,Jóhann Berg Gudmundsson,Attack,Right Winger,Iceland,2020-21,2021-22,30,31,Burnley FC,Burnley FC,1368,1105,2,0,0,1,2,1,0.132,0,0,0.081,0.132,0.081,-0.132,0.081,-0.051,Decline,2209,1303
357796,Domagoj Bradarić,Defender,Left-Back,Croatia,2023-24,2024-25,24,25,US Salernitana 1919,Hellas Verona,2751,1944,0,1,3,0,3,1,0,0.046,0.098,0,0.098,0.046,0.046,-0.098,-0.052,Decline,2210,1302
470794,Ivan Ilić,Midfield,Central Midfield,Serbia,2022-23,2023-24,22,23,"Hellas Verona, Torino FC",Torino FC,2033,2100,2,3,4,2,6,5,0.089,0.129,0.177,0.086,0.266,0.214,0.04,-0.091,-0.052,Decline,2211,1301
347253,Dany Mota,Attack,Centre-Forward,Portugal,2023-24,2024-25,26,27,AC Monza,AC Monza,2058,2111,4,5,4,2,8,7,0.175,0.213,0.175,0.085,0.35,0.298,0.038,-0.09,-0.052,Decline,2212,1300
241076,Emmanuel Gyasi,Midfield,Right Midfield,Ghana,2023-24,2024-25,30,31,FC Empoli,FC Empoli,1874,3225,1,2,3,3,4,5,0.048,0.056,0.144,0.084,0.192,0.14,0.008,-0.06,-0.052,Decline,2213,1299
460245,Moritz Jenz,Defender,Centre-Back,Germany,2023-24,2024-25,25,26,VfL Wolfsburg,1.FSV Mainz 05,1745,1601,0,0,1,0,1,0,0,0,0.052,0,0.052,0,0,-0.052,-0.052,Decline,2214,1298
855015,Farès Chaïbi,Midfield,Attacking Midfield,Algeria,2023-24,2024-25,21,22,"Eintracht Frankfurt, FC Toulouse",Eintracht Frankfurt,1979,1008,2,1,7,3,9,4,0.091,0.089,0.318,0.268,0.409,0.357,-0.002,-0.05,-0.052,Decline,2215,1297
467632,Cristian Cásseres Jr.,Midfield,Central Midfield,Venezuela,2023-24,2024-25,24,25,FC Toulouse,FC Toulouse,1950,2706,1,1,3,3,4,4,0.046,0.033,0.138,0.1,0.185,0.133,-0.013,-0.038,-0.052,Decline,2216,1296
121686,Cristian Gamboa,Defender,Right-Back,Costa Rica,2021-22,2022-23,32,33,VfL Bochum,VfL Bochum,1724,1482,1,0,0,0,1,0,0.052,0,0,0,0.052,0,-0.052,0,-0.052,Decline,2217,1295
444523,Lucas Paquetá,Midfield,Attacking Midfield,Brazil,2020-21,2021-22,23,24,Olympique Lyon,Olympique Lyon,2287,2707,9,9,5,6,14,15,0.354,0.299,0.197,0.199,0.551,0.499,-0.055,0.002,-0.052,Decline,2218,1294
392768,Callum Hudson-Odoi,Attack,Left Winger,England,2020-21,2021-22,20,21,Chelsea FC,Chelsea FC,1058,966,2,1,3,3,5,4,0.17,0.093,0.255,0.28,0.425,0.373,-0.077,0.025,-0.052,Decline,2219,1293
108725,Chris Wood,Attack,Centre-Forward,New Zealand,2023-24,2024-25,32,33,Nottingham Forest,Nottingham Forest,1807,2979,14,20,1,3,15,23,0.697,0.604,0.05,0.091,0.747,0.695,-0.093,0.041,-0.052,Decline,2220,1292
287579,Sofyan Amrabat,Midfield,Defensive Midfield,Morocco,2021-22,2022-23,25,26,ACF Fiorentina,ACF Fiorentina,931,2004,1,0,0,1,1,1,0.097,0,0,0.045,0.097,0.045,-0.097,0.045,-0.052,Decline,2221,1291
285323,Baptiste Santamaria,Midfield,Defensive Midfield,France,2022-23,2023-24,28,29,Stade Rennais FC,Stade Rennais FC,1813,1931,2,0,0,1,2,1,0.099,0,0,0.047,0.099,0.047,-0.099,0.047,-0.052,Decline,2222,1290
308279,Rolando Mandragora,Midfield,Defensive Midfield,Italy,2020-21,2021-22,24,25,"Torino FC, Udinese Calcio",Torino FC,1919,1320,3,0,1,2,4,2,0.141,0,0.047,0.136,0.188,0.136,-0.141,0.089,-0.052,Decline,2223,1289
113133,Germán Pezzella,Defender,Centre-Back,Argentina,2020-21,2021-22,30,31,ACF Fiorentina,Real Betis Balompié,2748,1991,1,1,2,0,3,1,0.033,0.045,0.066,0,0.098,0.045,0.012,-0.066,-0.053,Decline,2224,1288
413843,Keven Schlotterbeck,Defender,Centre-Back,Germany,2023-24,2024-25,27,28,VfL Bochum,FC Augsburg,2184,1298,5,3,3,1,8,4,0.206,0.208,0.124,0.069,0.33,0.277,0.002,-0.055,-0.053,Decline,2225,1287
634431,Beñat Turrientes,Midfield,Central Midfield,Spain,2023-24,2024-25,22,23,Real Sociedad,Real Sociedad,1690,940,0,0,1,0,1,0,0,0,0.053,0,0.053,0,0,-0.053,-0.053,Decline,2226,1286
89592,Marvin Plattenhardt,Defender,Left-Back,,2021-22,2022-23,30,31,Hertha BSC,Hertha BSC,1636,2407,0,0,3,3,3,3,0,0,0.165,0.112,0.165,0.112,0,-0.053,-0.053,Decline,2226,1286
85258,Mikel Balenziaga,Defender,Left-Back,Spain,2020-21,2021-22,33,34,Athletic Bilbao,Athletic Bilbao,1688,2028,0,0,1,0,1,0,0,0,0.053,0,0.053,0,0,-0.053,-0.053,Decline,2226,1286
177907,Harry Maguire,Defender,Centre-Back,England,2020-21,2021-22,28,29,Manchester United,Manchester United,3048,2515,2,1,1,0,3,1,0.059,0.036,0.03,0,0.089,0.036,-0.023,-0.03,-0.053,Decline,2227,1285
405398,Takefusa Kubo,Attack,Right Winger,Japan,2020-21,2021-22,20,21,"Getafe CF, Villarreal CF",RCD Mallorca,1094,1608,1,1,1,1,2,2,0.082,0.056,0.082,0.056,0.165,0.112,-0.026,-0.026,-0.053,Decline,2228,1284
449796,Alejandro Catena,Defender,Centre-Back,Spain,2021-22,2022-23,27,28,Rayo Vallecano,Rayo Vallecano,3240,3106,2,1,2,1,4,2,0.056,0.029,0.056,0.029,0.111,0.058,-0.027,-0.027,-0.053,Decline,2229,1283
378293,Yangel Herrera,Midfield,Central Midfield,Venezuela,2020-21,2021-22,23,24,Granada CF,RCD Espanyol Barcelona,2223,1651,3,1,1,1,4,2,0.121,0.055,0.04,0.055,0.162,0.109,-0.066,0.015,-0.053,Decline,2230,1282
303259,Dodi Lukébakio,Attack,Right Winger,Belgium,2020-21,2021-22,23,24,Hertha BSC,"Hertha BSC, VfL Wolfsburg",1867,1049,5,2,5,3,10,5,0.241,0.172,0.241,0.257,0.482,0.429,-0.069,0.016,-0.053,Decline,2231,1281
250013,Angelo Fulgini,Midfield,Attacking Midfield,New Caledonia,2020-21,2021-22,24,25,Angers SCO,Angers SCO,2741,2950,7,5,3,4,10,9,0.23,0.153,0.099,0.122,0.328,0.275,-0.077,0.023,-0.053,Decline,2232,1280
124502,Matthias Ginter,Defender,Centre-Back,Germany,2022-23,2023-24,29,30,SC Freiburg,SC Freiburg,3060,1917,4,0,1,2,5,2,0.118,0,0.029,0.094,0.147,0.094,-0.118,0.065,-0.053,Decline,2233,1279
60542,Maxime Gonalons,Midfield,Defensive Midfield,France,2021-22,2022-23,33,34,Granada CF,Clermont Foot 63,1556,1460,0,1,2,0,2,1,0,0.062,0.116,0,0.116,0.062,0.062,-0.116,-0.054,Decline,2234,1278
386446,Alessandro Buongiorno,Defender,Centre-Back,Italy,2021-22,2022-23,23,24,Torino FC,Torino FC,1180,2725,0,1,2,2,2,3,0,0.033,0.153,0.066,0.153,0.099,0.033,-0.087,-0.054,Decline,2235,1277
395685,Gédéon Kalulu,Defender,Right-Back,DR Congo,2022-23,2023-24,25,26,FC Lorient,FC Lorient,2442,968,0,0,4,1,4,1,0,0,0.147,0.093,0.147,0.093,0,-0.054,-0.054,Decline,2236,1276
169497,Juan Cruz,Defender,Left-Back,Spain,2023-24,2024-25,31,32,CA Osasuna,CA Osasuna,1663,1497,0,0,1,0,1,0,0,0,0.054,0,0.054,0,0,-0.054,-0.054,Decline,2236,1276
351809,Robin Le Normand,Defender,Centre-Back,Spain,2021-22,2022-23,25,26,Real Sociedad,Real Sociedad,3330,2795,1,0,1,0,2,0,0.027,0,0.027,0,0.054,0,-0.027,-0.027,-0.054,Decline,2237,1275
387047,Danilho Doekhi,Defender,Centre-Back,Netherlands,2023-24,2024-25,26,27,1.FC Union Berlin,1.FC Union Berlin,2160,3060,2,1,0,0,2,1,0.083,0.029,0,0,0.083,0.029,-0.054,0,-0.054,Decline,2238,1274
370789,Julian Ryerson,Defender,Right-Back,Norway,2021-22,2022-23,24,25,1.FC Union Berlin,"1.FC Union Berlin, Borussia Dortmund",1420,2457,2,1,0,1,2,2,0.127,0.037,0,0.037,0.127,0.073,-0.09,0.037,-0.054,Decline,2239,1273
509022,Federico Gatti,Defender,Centre-Back,Italy,2023-24,2024-25,26,27,Juventus FC,Juventus FC,2640,2199,4,1,0,1,4,2,0.136,0.041,0,0.041,0.136,0.082,-0.095,0.041,-0.054,Decline,2240,1272
654539,Adrien Truffert,Defender,Left-Back,France,2021-22,2022-23,20,21,Stade Rennais FC,Stade Rennais FC,1636,1960,3,0,3,6,6,6,0.165,0,0.165,0.276,0.33,0.276,-0.165,0.111,-0.054,Decline,2241,1271
183321,Kevin Mbabu,Defender,Right-Back,Switzerland,2020-21,2021-22,26,27,VfL Wolfsburg,VfL Wolfsburg,1644,1387,0,0,1,0,1,0,0,0,0.055,0,0.055,0,0,-0.055,-0.055,Decline,2242,1270
215599,Lukas Klostermann,Defender,Centre-Back,Germany,2021-22,2022-23,26,27,RB Leipzig,RB Leipzig,1650,904,0,0,1,0,1,0,0,0,0.055,0,0.055,0,0,-0.055,-0.055,Decline,2242,1270
411975,Jules Koundé,Defender,Right-Back,France,2022-23,2023-24,24,25,FC Barcelona,FC Barcelona,2428,2899,1,1,3,2,4,3,0.037,0.031,0.111,0.062,0.148,0.093,-0.006,-0.049,-0.055,Decline,2243,1269
351749,Kalvin Phillips,Midfield,Defensive Midfield,England,2020-21,2021-22,25,26,Leeds United,Leeds United,2429,1595,1,0,2,1,3,1,0.037,0,0.074,0.056,0.111,0.056,-0.037,-0.018,-0.055,Decline,2244,1268
624690,Manu Koné,Midfield,Central Midfield,France,2021-22,2022-23,21,22,Borussia Mönchengladbach,Borussia Mönchengladbach,2175,2620,2,1,1,1,3,2,0.083,0.034,0.041,0.034,0.124,0.069,-0.049,-0.007,-0.055,Decline,2245,1267
513031,Antonio Sánchez,Midfield,Central Midfield,Spain,2021-22,2022-23,25,26,RCD Mallorca,RCD Mallorca,1624,1064,1,0,0,0,1,0,0.055,0,0,0,0.055,0,-0.055,0,-0.055,Decline,2246,1266
135343,Fabian Schär,Defender,Centre-Back,Switzerland,2021-22,2022-23,30,31,Newcastle United,Newcastle United,2161,3210,2,1,2,3,4,4,0.083,0.028,0.083,0.084,0.167,0.112,-0.055,0.001,-0.055,Decline,2246,1266
474800,Facundo Medina,Defender,Centre-Back,Argentina,2020-21,2021-22,22,23,RC Lens,RC Lens,2009,2596,2,1,0,0,2,1,0.09,0.035,0,0,0.09,0.035,-0.055,0,-0.055,Decline,2246,1266
121985,Juan Jesus,Defender,Centre-Back,Brazil,2022-23,2023-24,32,33,SSC Napoli,SSC Napoli,929,2119,1,1,0,0,1,1,0.097,0.042,0,0,0.097,0.042,-0.055,0,-0.055,Decline,2246,1266
43530,Adam Lallana,Midfield,Attacking Midfield,England,2020-21,2021-22,33,34,Brighton & Hove Albion,Brighton & Hove Albion,1590,1561,1,0,1,1,2,1,0.057,0,0.057,0.058,0.113,0.058,-0.057,0.001,-0.055,Decline,2247,1265
175639,Jonathan Clauss,Defender,Right-Back,France,2021-22,2022-23,29,30,RC Lens,Olympique Marseille,3061,2602,5,2,11,10,16,12,0.147,0.069,0.323,0.346,0.47,0.415,-0.078,0.023,-0.055,Decline,2248,1264
126414,Hakan Çalhanoğlu,Midfield,Defensive Midfield,Türkiye,2023-24,2024-25,30,31,Inter Milan,Inter Milan,2576,1963,13,5,3,6,16,11,0.454,0.229,0.105,0.275,0.559,0.504,-0.225,0.17,-0.055,Decline,2249,1263
571607,Fabio Miretti,Midfield,Central Midfield,Italy,2022-23,2023-24,19,20,Juventus FC,Juventus FC,1233,1105,0,1,3,1,3,2,0,0.081,0.219,0.081,0.219,0.163,0.081,-0.138,-0.056,Decline,2250,1262
624037,Joris Chotard,Midfield,Defensive Midfield,France,2023-24,2024-25,22,23,Montpellier HSC,Montpellier HSC,2593,1871,0,1,3,0,3,1,0,0.048,0.104,0,0.104,0.048,0.048,-0.104,-0.056,Decline,2251,1261
811779,Alejandro Garnacho,Attack,Left Winger,Argentina,2023-24,2024-25,19,20,Manchester United,Manchester United,2576,2196,7,6,4,2,11,8,0.245,0.246,0.14,0.082,0.384,0.328,0.001,-0.058,-0.056,Decline,2252,1260
521964,Malick Thiaw,Defender,Centre-Back,Germany,2023-24,2024-25,22,23,AC Milan,AC Milan,1620,1804,0,0,1,0,1,0,0,0,0.056,0,0.056,0,0,-0.056,-0.056,Decline,2253,1259
339808,Theo Hernández,Defender,Left-Back,France,2023-24,2024-25,26,27,AC Milan,AC Milan,2795,2696,5,4,4,3,9,7,0.161,0.134,0.129,0.1,0.29,0.234,-0.027,-0.029,-0.056,Decline,2254,1258
543387,Cheick Doucouré,Midfield,Defensive Midfield,Mali,2021-22,2022-23,22,23,RC Lens,Crystal Palace,2948,2786,1,0,4,3,5,3,0.031,0,0.122,0.097,0.153,0.097,-0.031,-0.025,-0.056,Decline,2255,1257
493702,Mattia Viti,Defender,Centre-Back,Italy,2023-24,2024-25,22,23,US Sassuolo,FC Empoli,984,2577,1,1,0,0,1,1,0.091,0.035,0,0,0.091,0.035,-0.056,0,-0.056,Decline,2256,1256
641537,Tommaso Baldanzi,Midfield,Attacking Midfield,Italy,2022-23,2023-24,20,21,FC Empoli,"Associazione Sportiva Roma, FC Empoli",1788,1241,4,2,0,0,4,2,0.201,0.145,0,0,0.201,0.145,-0.056,0,-0.056,Decline,2256,1256
244940,Salih Özcan,Midfield,Defensive Midfield,Türkiye,2022-23,2023-24,25,26,Borussia Dortmund,Borussia Dortmund,1575,1178,0,0,1,0,1,0,0,0,0.057,0,0.057,0,0,-0.057,-0.057,Decline,2257,1255
392757,Marc Guéhi,Defender,Centre-Back,England,2021-22,2022-23,21,22,Crystal Palace,Crystal Palace,3223,3330,2,1,1,0,3,1,0.056,0.027,0.028,0,0.084,0.027,-0.029,-0.028,-0.057,Decline,2258,1254
119905,Hugo Mallo,Defender,Right-Back,Spain,2021-22,2022-23,31,32,Celta de Vigo,Celta de Vigo,1829,2172,1,0,1,1,2,1,0.049,0,0.049,0.041,0.098,0.041,-0.049,-0.008,-0.057,Decline,2259,1253
401922,Samuel Chukwueze,Attack,Right Winger,Nigeria,2020-21,2021-22,22,23,Villarreal CF,Villarreal CF,1361,1329,4,3,3,3,7,6,0.265,0.203,0.198,0.203,0.463,0.406,-0.062,0.005,-0.057,Decline,2260,1252
347900,Jerdy Schouten,Midfield,Defensive Midfield,Netherlands,2021-22,2022-23,25,26,Bologna Football Club 1909,Bologna Football Club 1909,1393,2516,1,0,1,2,2,2,0.065,0,0.065,0.072,0.129,0.072,-0.065,0.007,-0.057,Decline,2261,1251
200056,Elseid Hysaj,Defender,Right-Back,Albania,2020-21,2021-22,27,28,SSC Napoli,Società Sportiva Lazio S.p.A.,1771,2031,0,1,2,0,2,1,0,0.044,0.102,0,0.102,0.044,0.044,-0.102,-0.058,Decline,2262,1250
503482,Min-jae Kim,Defender,Centre-Back,"Korea, South",2023-24,2024-25,27,28,Bayern Munich,Bayern Munich,1972,2289,1,2,2,0,3,2,0.046,0.079,0.091,0,0.137,0.079,0.033,-0.091,-0.058,Decline,2263,1249
247555,Edimilson Fernandes,Midfield,Defensive Midfield,Switzerland,2023-24,2024-25,28,29,1.FSV Mainz 05,Stade Brestois 29,1284,1103,0,0,2,1,2,1,0,0,0.14,0.082,0.14,0.082,0,-0.058,-0.058,Decline,2264,1248
272812,Kingsley Ehizibue,Defender,Right-Back,Netherlands,2023-24,2024-25,29,30,Udinese Calcio,Udinese Calcio,956,2510,0,0,1,1,1,1,0,0,0.094,0.036,0.094,0.036,0,-0.058,-0.058,Decline,2264,1248
657430,Samú Costa,Midfield,Defensive Midfield,Portugal,2022-23,2023-24,22,23,UD Almería,RCD Mallorca,1986,2305,1,1,2,1,3,2,0.045,0.039,0.091,0.039,0.136,0.078,-0.006,-0.052,-0.058,Decline,2265,1247
415912,Konstantinos Mavropanos,Defender,Centre-Back,Greece,2022-23,2023-24,25,26,VfB Stuttgart,West Ham United,2288,1501,2,1,1,0,3,1,0.079,0.06,0.039,0,0.118,0.06,-0.019,-0.039,-0.058,Decline,2266,1246
38410,Daniel Caligiuri,Attack,Right Winger,Italy,2020-21,2021-22,33,34,FC Augsburg,FC Augsburg,2670,2016,6,4,5,3,11,7,0.202,0.179,0.169,0.134,0.371,0.313,-0.023,-0.035,-0.058,Decline,2267,1245
58884,Nacho Fernández,Defender,Centre-Back,Spain,2022-23,2023-24,33,34,Real Madrid,Real Madrid,1632,1740,1,0,1,1,2,1,0.055,0,0.055,0.052,0.11,0.052,-0.055,-0.003,-0.058,Decline,2268,1244
556385,Destiny Udogie,Defender,Left-Back,Italy,2021-22,2022-23,19,20,Udinese Calcio,Udinese Calcio,2484,2711,5,3,3,4,8,7,0.181,0.1,0.109,0.133,0.29,0.232,-0.081,0.024,-0.058,Decline,2269,1243
181767,Marquinhos,Defender,Centre-Back,Brazil,2021-22,2022-23,28,29,Paris Saint-Germain,Paris Saint-Germain,2862,2719,5,2,0,1,5,3,0.157,0.066,0,0.033,0.157,0.099,-0.091,0.033,-0.058,Decline,2270,1242
209212,Solly March,Attack,Right Winger,England,2020-21,2021-22,26,27,Brighton & Hove Albion,Brighton & Hove Albion,1674,1740,2,0,1,2,3,2,0.108,0,0.054,0.103,0.161,0.103,-0.108,0.049,-0.058,Decline,2271,1241
468066,Jens Cajuste,Midfield,Defensive Midfield,Sweden,2022-23,2023-24,23,24,Stade Reims,SSC Napoli,1527,1010,3,0,1,2,4,2,0.177,0,0.059,0.178,0.236,0.178,-0.177,0.119,-0.058,Decline,2272,1240
713644,Bryan Zaragoza,Attack,Left Winger,Spain,2023-24,2024-25,22,23,"Bayern Munich, Granada CF",CA Osasuna,1810,1852,6,1,2,6,8,7,0.298,0.049,0.099,0.292,0.398,0.34,-0.249,0.193,-0.058,Decline,2273,1239
257062,Álvaro García,Attack,Left Winger,Spain,2022-23,2023-24,30,31,Rayo Vallecano,Rayo Vallecano,2896,2498,5,6,5,1,10,7,0.155,0.216,0.155,0.036,0.311,0.252,0.061,-0.119,-0.059,Decline,2274,1238
395242,Alexis Flips,Midfield,Attacking Midfield,France,2021-22,2022-23,22,23,Stade Reims,Stade Reims,1059,1996,2,4,4,6,6,10,0.17,0.18,0.34,0.271,0.51,0.451,0.01,-0.069,-0.059,Decline,2275,1237
310458,Giangiacomo Magnani,Defender,Centre-Back,Italy,2022-23,2023-24,27,28,Hellas Verona,Hellas Verona,1533,2441,0,0,1,0,1,0,0,0,0.059,0,0.059,0,0,-0.059,-0.059,Decline,2276,1236
324377,Youssef Maleh,Midfield,Central Midfield,Morocco,2022-23,2023-24,24,25,"ACF Fiorentina, US Lecce",FC Empoli,969,2610,0,0,1,1,1,1,0,0,0.093,0.034,0.093,0.034,0,-0.059,-0.059,Decline,2276,1236
289835,Jens Stage,Midfield,Central Midfield,Denmark,2022-23,2023-24,26,27,SV Werder Bremen,SV Werder Bremen,1860,2336,3,3,3,3,6,6,0.145,0.116,0.145,0.116,0.29,0.231,-0.029,-0.029,-0.059,Decline,2277,1235
120651,Vincent Le Goff,Defender,Left-Back,France,2021-22,2022-23,32,33,FC Lorient,FC Lorient,3060,3330,1,0,1,0,2,0,0.029,0,0.029,0,0.059,0,-0.029,-0.029,-0.059,Decline,2277,1235
251075,Zeki Çelik,Defender,Right-Back,Türkiye,2020-21,2021-22,24,25,LOSC Lille,LOSC Lille,2389,2699,3,2,3,3,6,5,0.113,0.067,0.113,0.1,0.226,0.167,-0.046,-0.013,-0.059,Decline,2278,1234
183031,Koffi Djidji,Defender,Centre-Back,Cote d'Ivoire,2020-21,2021-22,28,29,FC Crotone,Torino FC,1523,1737,1,0,0,0,1,0,0.059,0,0,0,0.059,0,-0.059,0,-0.059,Decline,2279,1233
333241,Joelinton,Midfield,Central Midfield,Brazil,2022-23,2023-24,26,27,Newcastle United,Newcastle United,2663,1282,6,2,2,1,8,3,0.203,0.14,0.068,0.07,0.27,0.211,-0.063,0.002,-0.059,Decline,2280,1232
85383,Rubén Sobrino,Attack,Centre-Forward,Spain,2021-22,2022-23,30,31,"Cádiz CF, Valencia CF",Cádiz CF,1871,2470,4,3,1,2,5,5,0.192,0.109,0.048,0.073,0.241,0.182,-0.083,0.025,-0.059,Decline,2281,1231
29241,Thiago Silva,Defender,Centre-Back,Brazil,2021-22,2022-23,37,38,Chelsea FC,Chelsea FC,2651,2352,3,0,1,2,4,2,0.102,0,0.034,0.077,0.136,0.077,-0.102,0.043,-0.059,Decline,2282,1230
480267,Ronald Araujo,Defender,Centre-Back,Uruguay,2021-22,2022-23,23,24,FC Barcelona,FC Barcelona,2270,1804,4,0,0,2,4,2,0.159,0,0,0.1,0.159,0.1,-0.159,0.1,-0.059,Decline,2283,1229
351478,Mikel Oyarzabal,Attack,Centre-Forward,Spain,2020-21,2021-22,24,25,Real Sociedad,Real Sociedad,2429,1676,11,9,8,3,19,12,0.408,0.483,0.296,0.161,0.704,0.644,0.075,-0.135,-0.06,Decline,2284,1228
391004,Jonas Wind,Attack,Centre-Forward,Denmark,2023-24,2024-25,25,26,VfL Wolfsburg,VfL Wolfsburg,2663,1971,11,9,7,3,18,12,0.372,0.411,0.237,0.137,0.608,0.548,0.039,-0.1,-0.06,Decline,2285,1227
127108,Florian Lejeune,Defender,Centre-Back,France,2020-21,2021-22,30,31,Deportivo Alavés,Deportivo Alavés,3015,2700,1,0,1,0,2,0,0.03,0,0.03,0,0.06,0,-0.03,-0.03,-0.06,Decline,2286,1226
557613,Quentin Merlin,Defender,Left-Back,France,2022-23,2023-24,21,22,FC Nantes,"FC Nantes, Olympique Marseille",1803,1995,1,0,2,2,3,2,0.05,0,0.1,0.09,0.15,0.09,-0.05,-0.01,-0.06,Decline,2287,1225
516716,Bremer,Defender,Centre-Back,Brazil,2020-21,2021-22,24,25,Torino FC,Torino FC,2936,2893,5,3,1,1,6,4,0.153,0.093,0.031,0.031,0.184,0.124,-0.06,0,-0.06,Decline,2288,1224
303254,Fikayo Tomori,Defender,Centre-Back,England,2020-21,2021-22,23,24,"AC Milan, Chelsea FC",AC Milan,1510,2719,1,0,0,0,1,0,0.06,0,0,0,0.06,0,-0.06,0,-0.06,Decline,2288,1224
149498,Gabriel Paulista,Defender,Centre-Back,Brazil,2022-23,2023-24,32,33,Valencia CF,"Atlético de Madrid, Valencia CF",1504,1806,1,0,0,0,1,0,0.06,0,0,0,0.06,0,-0.06,0,-0.06,Decline,2288,1224
415912,Konstantinos Mavropanos,Defender,Centre-Back,Greece,2023-24,2024-25,26,27,West Ham United,West Ham United,1501,2037,1,0,0,0,1,0,0.06,0,0,0,0.06,0,-0.06,0,-0.06,Decline,2288,1224
166601,Niklas Süle,Defender,Centre-Back,Germany,2023-24,2024-25,28,29,Borussia Dortmund,Borussia Dortmund,1508,1058,1,0,0,0,1,0,0.06,0,0,0,0.06,0,-0.06,0,-0.06,Decline,2288,1224
244940,Salih Özcan,Midfield,Defensive Midfield,Türkiye,2021-22,2022-23,24,25,1.FC Köln,Borussia Dortmund,2309,1575,2,0,1,1,3,1,0.078,0,0.039,0.057,0.117,0.057,-0.078,0.018,-0.06,Decline,2289,1223
33829,José Fonte,Defender,Centre-Back,Portugal,2020-21,2021-22,37,38,LOSC Lille,LOSC Lille,3187,3420,3,0,1,2,4,2,0.085,0,0.028,0.053,0.113,0.053,-0.085,0.025,-0.06,Decline,2290,1222
238626,Laurent Abergel,Midfield,Defensive Midfield,France,2020-21,2021-22,28,29,FC Lorient,FC Lorient,2967,2964,3,0,1,2,4,2,0.091,0,0.03,0.061,0.121,0.061,-0.091,0.031,-0.06,Decline,2291,1221
541231,Sepp van den Berg,Defender,Centre-Back,Netherlands,2023-24,2024-25,22,23,1.FSV Mainz 05,Brentford FC,2838,2588,3,0,0,1,3,1,0.095,0,0,0.035,0.095,0.035,-0.095,0.035,-0.06,Decline,2292,1220
245744,Takuma Asano,Attack,Right Winger,Japan,2023-24,2024-25,29,30,VfL Bochum,RCD Mallorca,2003,1059,6,2,1,1,7,3,0.27,0.17,0.045,0.085,0.315,0.255,-0.1,0.04,-0.06,Decline,2293,1219
260827,Joachim Andersen,Defender,Centre-Back,Denmark,2021-22,2022-23,26,27,Crystal Palace,Crystal Palace,2915,2783,0,1,3,0,3,1,0,0.032,0.093,0,0.093,0.032,0.032,-0.093,-0.061,Decline,2294,1218
289257,Jon Guridi,Midfield,Central Midfield,Spain,2023-24,2024-25,29,30,Deportivo Alavés,Deportivo Alavés,2700,2097,3,3,4,1,7,4,0.1,0.129,0.133,0.043,0.233,0.172,0.029,-0.09,-0.061,Decline,2295,1217
184779,Gonzalo Verdú,Defender,Centre-Back,Spain,2020-21,2021-22,32,33,Elche CF,Elche CF,2945,1400,0,0,2,0,2,0,0,0,0.061,0,0.061,0,0,-0.061,-0.061,Decline,2296,1216
111266,Anthony Losilla,Midfield,Defensive Midfield,France,2022-23,2023-24,37,38,VfL Bochum,VfL Bochum,2725,2587,2,1,3,2,5,3,0.066,0.035,0.099,0.07,0.165,0.104,-0.031,-0.029,-0.061,Decline,2297,1215
474800,Facundo Medina,Defender,Centre-Back,Argentina,2022-23,2023-24,24,25,RC Lens,RC Lens,2785,2714,2,1,4,3,6,4,0.065,0.033,0.129,0.099,0.194,0.133,-0.032,-0.03,-0.061,Decline,2298,1214
420064,Caio Henrique,Defender,Left-Back,Brazil,2021-22,2022-23,24,25,AS Monaco,AS Monaco,2670,2899,2,1,9,9,11,10,0.067,0.031,0.303,0.279,0.371,0.31,-0.036,-0.024,-0.061,Decline,2299,1213
221873,Mikkel Desler,Defender,Right-Back,Denmark,2022-23,2023-24,28,29,FC Toulouse,FC Toulouse,2262,1549,1,0,2,1,3,1,0.04,0,0.08,0.058,0.119,0.058,-0.04,-0.022,-0.061,Decline,2300,1212
322655,Flavius Daniliuc,Defender,Centre-Back,Austria,2020-21,2021-22,20,21,OGC Nice,OGC Nice,1475,1288,1,0,0,0,1,0,0.061,0,0,0,0.061,0,-0.061,0,-0.061,Decline,2301,1211
58358,Thomas Müller,Attack,Second Striker,Germany,2020-21,2021-22,31,32,Bayern Munich,Bayern Munich,2685,2578,11,8,21,21,32,29,0.369,0.279,0.704,0.733,1.073,1.012,-0.09,0.029,-0.061,Decline,2302,1210
164771,Jordan Veretout,Midfield,Central Midfield,France,2020-21,2021-22,28,29,Associazione Sportiva Roma,Associazione Sportiva Roma,2058,2327,10,4,2,8,12,12,0.437,0.155,0.087,0.309,0.525,0.464,-0.282,0.222,-0.061,Decline,2303,1209
92571,Aaron Cresswell,Defender,Left-Back,England,2020-21,2021-22,31,32,West Ham United,West Ham United,3172,2728,0,2,8,3,8,5,0,0.066,0.227,0.099,0.227,0.165,0.066,-0.128,-0.062,Decline,2304,1208
183288,Luke Shaw,Defender,Left-Back,England,2021-22,2022-23,26,27,Manchester United,Manchester United,1604,2556,0,1,3,2,3,3,0,0.035,0.168,0.07,0.168,0.106,0.035,-0.098,-0.062,Decline,2305,1207
413565,Jhon Lucumí,Defender,Centre-Back,Colombia,2022-23,2023-24,25,26,Bologna Football Club 1909,Bologna Football Club 1909,2901,2213,0,0,2,0,2,0,0,0,0.062,0,0.062,0,0,-0.062,-0.062,Decline,2306,1206
111051,Nampalys Mendy,Midfield,Defensive Midfield,Senegal,2020-21,2021-22,29,30,Leicester City,Leicester City,1458,1035,0,0,1,0,1,0,0,0,0.062,0,0.062,0,0,-0.062,-0.062,Decline,2306,1206
49275,Albin Ekdal,Midfield,Defensive Midfield,Sweden,2020-21,2021-22,31,32,UC Sampdoria,UC Sampdoria,2302,1640,2,1,1,0,3,1,0.078,0.055,0.039,0,0.117,0.055,-0.023,-0.039,-0.062,Decline,2307,1205
688707,Salis Abdul Samed,Midfield,Defensive Midfield,Ghana,2022-23,2023-24,23,24,RC Lens,RC Lens,2897,1513,1,0,1,0,2,0,0.031,0,0.031,0,0.062,0,-0.031,-0.031,-0.062,Decline,2308,1204
330659,Justin Kluivert,Midfield,Attacking Midfield,Netherlands,2022-23,2023-24,24,25,Valencia CF,AFC Bournemouth,1450,1935,6,7,1,1,7,8,0.372,0.326,0.062,0.047,0.434,0.372,-0.046,-0.015,-0.062,Decline,2309,1203
197747,Alessio Romagnoli,Defender,Centre-Back,Italy,2022-23,2023-24,28,29,Società Sportiva Lazio S.p.A.,Società Sportiva Lazio S.p.A.,2925,2409,2,0,0,0,2,0,0.062,0,0,0,0.062,0,-0.062,0,-0.062,Decline,2310,1202
386057,Julien Laporte,Defender,Centre-Back,France,2021-22,2022-23,28,29,FC Lorient,FC Lorient,2892,1656,2,0,0,0,2,0,0.062,0,0,0,0.062,0,-0.062,0,-0.062,Decline,2310,1202
291200,Moussa Niakhaté,Defender,Centre-Back,Senegal,2023-24,2024-25,28,29,Nottingham Forest,Olympique Lyon,1457,2725,1,0,0,0,1,0,0.062,0,0,0,0.062,0,-0.062,0,-0.062,Decline,2310,1202
124410,Rani Khedira,Midfield,Defensive Midfield,Tunisia,2022-23,2023-24,29,30,1.FC Union Berlin,1.FC Union Berlin,2888,1350,2,0,0,0,2,0,0.062,0,0,0,0.062,0,-0.062,0,-0.062,Decline,2310,1202
328480,Pepelu,Midfield,Defensive Midfield,Spain,2023-24,2024-25,25,26,Valencia CF,Valencia CF,3305,1731,7,2,1,1,8,3,0.191,0.104,0.027,0.052,0.218,0.156,-0.087,0.025,-0.062,Decline,2311,1201
261905,Suat Serdar,Midfield,Central Midfield,Germany,2020-21,2021-22,24,25,FC Schalke 04,Hertha BSC,1957,2226,1,3,3,0,4,3,0.046,0.121,0.138,0,0.184,0.121,0.075,-0.138,-0.063,Decline,2312,1200
192765,Ben Davies,Defender,Centre-Back,Wales,2020-21,2021-22,28,29,Tottenham Hotspur,Tottenham Hotspur,1340,2539,0,1,2,1,2,2,0,0.035,0.134,0.035,0.134,0.071,0.035,-0.099,-0.063,Decline,2313,1199
346853,Romano Schmid,Midfield,Attacking Midfield,Austria,2023-24,2024-25,24,25,SV Werder Bremen,SV Werder Bremen,2615,2846,4,5,7,5,11,10,0.138,0.158,0.241,0.158,0.379,0.316,0.02,-0.083,-0.063,Decline,2314,1198
423444,Fran Beltrán,Midfield,Central Midfield,Spain,2022-23,2023-24,24,25,Celta de Vigo,Celta de Vigo,2863,2437,0,0,2,0,2,0,0,0,0.063,0,0.063,0,0,-0.063,-0.063,Decline,2315,1197
367466,Thierry Correia,Defender,Right-Back,Portugal,2021-22,2022-23,23,24,Valencia CF,Valencia CF,1423,2016,0,0,1,0,1,0,0,0,0.063,0,0.063,0,0,-0.063,-0.063,Decline,2315,1197
75942,Tomás Rincón,Midfield,Defensive Midfield,Venezuela,2020-21,2021-22,33,34,Torino FC,"Torino FC, UC Sampdoria",2860,1331,1,0,1,0,2,0,0.031,0,0.031,0,0.063,0,-0.031,-0.031,-0.063,Decline,2316,1196
16136,Dante,Defender,Centre-Back,Brazil,2023-24,2024-25,40,41,OGC Nice,OGC Nice,2844,1967,1,0,1,0,2,0,0.032,0,0.032,0,0.063,0,-0.032,-0.032,-0.063,Decline,2317,1195
82350,Stefan Bell,Defender,Centre-Back,Germany,2021-22,2022-23,30,31,1.FSV Mainz 05,1.FSV Mainz 05,2869,2395,2,0,0,0,2,0,0.063,0,0,0,0.063,0,-0.063,0,-0.063,Decline,2318,1194
284854,Carles Aleñá,Midfield,Central Midfield,Spain,2023-24,2024-25,26,27,Getafe CF,"Deportivo Alavés, Getafe CF",1007,1549,1,0,1,2,2,2,0.089,0,0.089,0.116,0.179,0.116,-0.089,0.027,-0.063,Decline,2319,1193
129444,David López,Defender,Centre-Back,Spain,2023-24,2024-25,34,35,Girona FC,Girona FC,1975,2431,3,1,0,1,3,2,0.137,0.037,0,0.037,0.137,0.074,-0.1,0.037,-0.063,Decline,2320,1192
262980,Jefferson Lerma,Midfield,Defensive Midfield,Colombia,2022-23,2023-24,28,29,AFC Bournemouth,Crystal Palace,3255,2404,5,1,0,1,5,2,0.138,0.037,0,0.037,0.138,0.075,-0.101,0.037,-0.063,Decline,2321,1191
168989,Silvan Widmer,Defender,Right-Back,Switzerland,2021-22,2022-23,29,30,1.FSV Mainz 05,1.FSV Mainz 05,2925,1689,4,2,5,2,9,4,0.123,0.107,0.154,0.107,0.277,0.213,-0.016,-0.047,-0.064,Decline,2322,1190
295183,Răzvan Marin,Midfield,Central Midfield,Romania,2022-23,2023-24,27,28,FC Empoli,FC Empoli,2540,1818,2,0,4,3,6,3,0.071,0,0.142,0.149,0.213,0.149,-0.071,0.007,-0.064,Decline,2323,1189
67063,Danny Welbeck,Attack,Centre-Forward,England,2021-22,2022-23,31,32,Brighton & Hove Albion,Brighton & Hove Albion,1476,1856,6,6,3,4,9,10,0.366,0.291,0.183,0.194,0.549,0.485,-0.075,0.011,-0.064,Decline,2324,1188
129129,João Pedro,Attack,Centre-Forward,Italy,2020-21,2021-22,29,30,Cagliari Calcio,Cagliari Calcio,3261,3325,16,13,3,4,19,17,0.442,0.352,0.083,0.108,0.524,0.46,-0.09,0.025,-0.064,Decline,2325,1187
58884,Nacho Fernández,Defender,Centre-Back,Spain,2021-22,2022-23,32,33,Real Madrid,Real Madrid,1549,1632,3,1,0,1,3,2,0.174,0.055,0,0.055,0.174,0.11,-0.119,0.055,-0.064,Decline,2326,1186
45320,Ángel Di María,Attack,Right Winger,Argentina,2020-21,2021-22,33,34,Paris Saint-Germain,Paris Saint-Germain,1865,1654,5,5,11,8,16,13,0.241,0.272,0.531,0.435,0.772,0.707,0.031,-0.096,-0.065,Decline,2327,1185
324358,Ollie Watkins,Attack,Centre-Forward,England,2023-24,2024-25,28,29,Aston Villa,Aston Villa,3226,2610,19,16,13,8,32,24,0.53,0.552,0.363,0.276,0.893,0.828,0.022,-0.087,-0.065,Decline,2328,1184
29260,Giorgio Chiellini,Defender,Centre-Back,Italy,2020-21,2021-22,36,37,Juventus FC,Juventus FC,1389,1352,0,0,1,0,1,0,0,0,0.065,0,0.065,0,0,-0.065,-0.065,Decline,2329,1183
92469,Matt Ritchie,Midfield,Right Midfield,Scotland,2020-21,2021-22,31,32,Newcastle United,Newcastle United,1351,1334,0,0,3,2,3,2,0,0,0.2,0.135,0.2,0.135,0,-0.065,-0.065,Decline,2329,1183
66100,Oriol Romeu,Midfield,Defensive Midfield,Spain,2021-22,2022-23,30,31,Southampton FC,"Girona FC, Southampton FC",2899,3027,2,2,2,0,4,2,0.062,0.059,0.062,0,0.124,0.059,-0.003,-0.062,-0.065,Decline,2330,1182
648779,Wilfried Singo,Defender,Right-Back,Cote d'Ivoire,2021-22,2022-23,21,22,Torino FC,Torino FC,2621,2055,3,2,4,2,7,4,0.103,0.088,0.137,0.088,0.24,0.175,-0.015,-0.049,-0.065,Decline,2331,1181
547985,Fabiano Parisi,Defender,Left-Back,Italy,2022-23,2023-24,22,23,FC Empoli,ACF Fiorentina,2834,1451,2,0,2,1,4,1,0.064,0,0.064,0.062,0.127,0.062,-0.064,-0.002,-0.065,Decline,2332,1180
572326,Christopher Wooh,Defender,Centre-Back,Cameroon,2023-24,2024-25,22,23,Stade Rennais FC,Stade Rennais FC,1388,1457,1,0,0,0,1,0,0.065,0,0,0,0.065,0,-0.065,0,-0.065,Decline,2333,1179
460245,Moritz Jenz,Defender,Centre-Back,Germany,2021-22,2022-23,23,24,FC Lorient,FC Schalke 04,1384,945,1,0,0,0,1,0,0.065,0,0,0,0.065,0,-0.065,0,-0.065,Decline,2333,1179
361914,Nayef Aguerd,Defender,Centre-Back,Morocco,2022-23,2023-24,27,28,West Ham United,West Ham United,1595,1859,2,1,0,0,2,1,0.113,0.048,0,0,0.113,0.048,-0.065,0,-0.065,Decline,2333,1179
70411,Darko Lazović,Midfield,Left Midfield,Serbia,2020-21,2021-22,30,31,Hellas Verona,Hellas Verona,2502,2779,3,1,6,7,9,8,0.108,0.032,0.216,0.227,0.324,0.259,-0.076,0.011,-0.065,Decline,2334,1178
291417,Ferland Mendy,Defender,Left-Back,France,2022-23,2023-24,28,29,Real Madrid,Real Madrid,1357,1726,0,0,1,0,1,0,0,0,0.066,0,0.066,0,0,-0.066,-0.066,Decline,2335,1177
336125,Mërgim Vojvoda,Defender,Right-Back,Kosovo,2022-23,2023-24,28,29,Torino FC,Torino FC,1714,1372,0,0,5,3,5,3,0,0,0.263,0.197,0.263,0.197,0,-0.066,-0.066,Decline,2335,1177
666234,Mohamed Simakan,Defender,Centre-Back,France,2020-21,2021-22,21,22,RC Strasbourg Alsace,RB Leipzig,1618,2009,1,1,1,0,2,1,0.056,0.045,0.056,0,0.111,0.045,-0.011,-0.056,-0.066,Decline,2336,1176
462348,Mostafa Mohamed,Attack,Centre-Forward,Egypt,2022-23,2023-24,25,26,FC Nantes,FC Nantes,1934,2017,8,8,3,2,11,10,0.372,0.357,0.14,0.089,0.512,0.446,-0.015,-0.051,-0.066,Decline,2337,1175
298975,Pol Lirola,Defender,Right-Back,Spain,2020-21,2021-22,23,24,"ACF Fiorentina, Olympique Marseille",Olympique Marseille,2051,1769,2,1,3,2,5,3,0.088,0.051,0.132,0.102,0.219,0.153,-0.037,-0.03,-0.066,Decline,2338,1174
847279,Oumar Diakité,Attack,Centre-Forward,Cote d'Ivoire,2023-24,2024-25,20,21,Stade Reims,Stade Reims,1587,1642,5,4,1,1,6,5,0.284,0.219,0.057,0.055,0.34,0.274,-0.065,-0.002,-0.066,Decline,2339,1173
80293,Aïssa Mandi,Defender,Centre-Back,Algeria,2021-22,2022-23,30,31,Villarreal CF,Villarreal CF,1374,1459,1,0,0,0,1,0,0.066,0,0,0,0.066,0,-0.066,0,-0.066,Decline,2340,1172
371371,Marash Kumbulla,Defender,Centre-Back,Albania,2020-21,2021-22,21,22,Associazione Sportiva Roma,Associazione Sportiva Roma,1365,1028,1,0,0,0,1,0,0.066,0,0,0,0.066,0,-0.066,0,-0.066,Decline,2340,1172
546213,Tuta,Defender,Centre-Back,Brazil,2021-22,2022-23,22,23,Eintracht Frankfurt,Eintracht Frankfurt,2187,2717,4,2,0,1,4,3,0.165,0.066,0,0.033,0.165,0.099,-0.099,0.033,-0.066,Decline,2341,1171
38253,Robert Lewandowski,Attack,Centre-Forward,Poland,2022-23,2023-24,34,35,FC Barcelona,FC Barcelona,2852,2759,23,19,7,8,30,27,0.726,0.62,0.221,0.261,0.947,0.881,-0.106,0.04,-0.066,Decline,2342,1170
82873,Pascal Groß,Midfield,Central Midfield,Germany,2022-23,2023-24,32,33,Brighton & Hove Albion,Brighton & Hove Albion,3246,3114,9,4,8,10,17,14,0.25,0.116,0.222,0.289,0.471,0.405,-0.134,0.067,-0.066,Decline,2343,1169
401922,Samuel Chukwueze,Attack,Right Winger,Nigeria,2022-23,2023-24,24,25,Villarreal CF,AC Milan,2348,1011,6,1,5,3,11,4,0.23,0.089,0.192,0.267,0.422,0.356,-0.141,0.075,-0.066,Decline,2344,1168
624690,Manu Koné,Midfield,Central Midfield,France,2023-24,2024-25,23,24,Borussia Mönchengladbach,Associazione Sportiva Roma,1567,2578,1,2,2,1,3,3,0.057,0.07,0.115,0.035,0.172,0.105,0.013,-0.08,-0.067,Decline,2345,1167
343475,Ben Godfrey,Defender,Centre-Back,England,2020-21,2021-22,23,24,Everton FC,Everton FC,2683,2031,0,0,2,0,2,0,0,0,0.067,0,0.067,0,0,-0.067,-0.067,Decline,2346,1166
303219,Jeff Chabot,Defender,Centre-Back,Germany,2022-23,2023-24,25,26,1.FC Köln,1.FC Köln,1806,2707,0,0,2,1,2,1,0,0,0.1,0.033,0.1,0.033,0,-0.067,-0.067,Decline,2346,1166
85177,Nathaniel Clyne,Defender,Right-Back,England,2021-22,2022-23,31,32,Crystal Palace,Crystal Palace,1351,1643,0,0,1,0,1,0,0,0,0.067,0,0.067,0,0,-0.067,-0.067,Decline,2346,1166
332705,Tyler Adams,Midfield,Defensive Midfield,United States,2021-22,2022-23,23,24,RB Leipzig,Leeds United,1345,2157,0,0,1,0,1,0,0,0,0.067,0,0.067,0,0,-0.067,-0.067,Decline,2346,1166
197470,Mattia Caldara,Defender,Centre-Back,Italy,2021-22,2022-23,28,29,Venezia FC,Spezia Calcio,2703,1251,1,0,1,0,2,0,0.033,0,0.033,0,0.067,0,-0.033,-0.033,-0.067,Decline,2347,1165
334221,Amos Pieper,Defender,Centre-Back,Germany,2020-21,2021-22,23,24,Arminia Bielefeld,Arminia Bielefeld,2684,2382,1,0,1,0,2,0,0.034,0,0.034,0,0.067,0,-0.034,-0.034,-0.067,Decline,2348,1164
158863,Iñigo Martínez,Defender,Centre-Back,Spain,2022-23,2023-24,32,33,Athletic Bilbao,FC Barcelona,1339,1293,1,0,0,0,1,0,0.067,0,0,0,0.067,0,-0.067,0,-0.067,Decline,2349,1163
183318,Jamaal Lascelles,Defender,Centre-Back,England,2020-21,2021-22,27,28,Newcastle United,Newcastle United,1627,2056,2,1,0,0,2,1,0.111,0.044,0,0,0.111,0.044,-0.067,0,-0.067,Decline,2349,1163
131102,Jeison Murillo,Defender,Centre-Back,Colombia,2020-21,2021-22,29,30,Celta de Vigo,Celta de Vigo,2702,1115,2,0,0,0,2,0,0.067,0,0,0,0.067,0,-0.067,0,-0.067,Decline,2349,1163
923831,Leny Yoro,Defender,Centre-Back,France,2023-24,2024-25,18,19,LOSC Lille,Manchester United,2672,1164,2,0,0,0,2,0,0.067,0,0,0,0.067,0,-0.067,0,-0.067,Decline,2349,1163
528833,Lazar Samardžić,Midfield,Attacking Midfield,Serbia,2023-24,2024-25,22,23,Udinese Calcio,Atalanta BC,2382,1149,6,2,2,1,8,3,0.227,0.157,0.076,0.078,0.302,0.235,-0.07,0.002,-0.067,Decline,2350,1162
93936,Kike García,Attack,Centre-Forward,Spain,2020-21,2021-22,31,32,SD Eibar,CA Osasuna,3104,1859,12,5,2,2,14,7,0.348,0.242,0.058,0.097,0.406,0.339,-0.106,0.039,-0.067,Decline,2351,1161
344886,Matthieu Udol,Defender,Left-Back,France,2020-21,2021-22,25,26,FC Metz,FC Metz,1722,1007,0,1,3,0,3,1,0,0.089,0.157,0,0.157,0.089,0.089,-0.157,-0.068,Decline,2352,1160
733576,Alberto Moleiro,Attack,Left Winger,Spain,2023-24,2024-25,20,21,UD Las Palmas,UD Las Palmas,1809,2728,3,6,3,1,6,7,0.149,0.198,0.149,0.033,0.299,0.231,0.049,-0.116,-0.068,Decline,2353,1159
221899,Léo Baptistão,Attack,Centre-Forward,Brazil,2022-23,2023-24,30,31,UD Almería,UD Almería,1743,1841,5,6,2,0,7,6,0.258,0.293,0.103,0,0.361,0.293,0.035,-0.103,-0.068,Decline,2354,1158
118689,Leonardo Spinazzola,Defender,Left-Back,Italy,2022-23,2023-24,30,31,Associazione Sportiva Roma,Associazione Sportiva Roma,1651,1315,1,1,4,2,5,3,0.055,0.068,0.218,0.137,0.273,0.205,0.013,-0.081,-0.068,Decline,2355,1157
257376,Domingos Duarte,Defender,Centre-Back,Portugal,2022-23,2023-24,28,29,Getafe CF,Getafe CF,2657,908,0,0,2,0,2,0,0,0,0.068,0,0.068,0,0,-0.068,-0.068,Decline,2356,1156
605184,Jean-Clair Todibo,Defender,Centre-Back,France,2023-24,2024-25,24,25,OGC Nice,West Ham United,2654,1833,0,0,2,0,2,0,0,0,0.068,0,0.068,0,0,-0.068,-0.068,Decline,2356,1156
465830,Mattéo Guendouzi,Midfield,Central Midfield,France,2022-23,2023-24,24,25,Olympique Marseille,"Olympique Marseille, Società Sportiva Lazio S.p.A.",2110,2388,2,2,4,3,6,5,0.085,0.075,0.171,0.113,0.256,0.188,-0.01,-0.058,-0.068,Decline,2357,1155
435338,Gabriel,Defender,Centre-Back,Brazil,2021-22,2022-23,24,25,Arsenal FC,Arsenal FC,3067,3411,5,3,0,0,5,3,0.147,0.079,0,0,0.147,0.079,-0.068,0,-0.068,Decline,2358,1154
486031,Nico González,Attack,Left Winger,Argentina,2021-22,2022-23,24,25,ACF Fiorentina,ACF Fiorentina,2361,1354,7,6,7,1,14,7,0.267,0.399,0.267,0.066,0.534,0.465,0.132,-0.201,-0.069,Decline,2359,1153
296622,Marco Asensio,Midfield,Attacking Midfield,Spain,2023-24,2024-25,28,29,Paris Saint-Germain,"Aston Villa, Paris Saint-Germain",1113,1365,4,5,5,5,9,10,0.323,0.33,0.404,0.33,0.728,0.659,0.007,-0.074,-0.069,Decline,2360,1152
170472,Dimitri Foulquier,Defender,Right-Back,Guadeloupe,2020-21,2021-22,28,29,Granada CF,"Granada CF, Valencia CF",2580,2520,0,0,4,2,4,2,0,0,0.14,0.071,0.14,0.071,0,-0.069,-0.069,Decline,2361,1151
341051,Kyle Walker-Peters,Defender,Right-Back,England,2021-22,2022-23,25,26,Southampton FC,Southampton FC,2632,2653,1,1,2,0,3,1,0.034,0.034,0.068,0,0.103,0.034,0,-0.068,-0.069,Decline,2361,1151
46413,Ante Budimir,Attack,Centre-Forward,Croatia,2021-22,2022-23,30,31,CA Osasuna,CA Osasuna,1740,1809,8,8,2,1,10,9,0.414,0.398,0.103,0.05,0.517,0.448,-0.016,-0.053,-0.069,Decline,2362,1150
278332,Florian Neuhaus,Midfield,Central Midfield,Germany,2020-21,2021-22,24,25,Borussia Mönchengladbach,Borussia Mönchengladbach,2630,2106,6,4,6,4,12,8,0.205,0.171,0.205,0.171,0.411,0.342,-0.034,-0.034,-0.069,Decline,2363,1149
124732,John Brooks,Defender,Centre-Back,United States,2021-22,2022-23,29,30,VfL Wolfsburg,TSG 1899 Hoffenheim,2617,1350,1,0,1,0,2,0,0.034,0,0.034,0,0.069,0,-0.034,-0.034,-0.069,Decline,2363,1149
434224,Maxence Lacroix,Defender,Centre-Back,France,2020-21,2021-22,21,22,VfL Wolfsburg,VfL Wolfsburg,2591,2498,1,0,1,0,2,0,0.035,0,0.035,0,0.069,0,-0.035,-0.035,-0.069,Decline,2364,1148
139895,Tomás Pina,Midfield,Central Midfield,Spain,2020-21,2021-22,33,34,Deportivo Alavés,Deportivo Alavés,2590,1444,1,0,1,0,2,0,0.035,0,0.035,0,0.069,0,-0.035,-0.035,-0.069,Decline,2364,1148
262523,Davide Calabria,Defender,Right-Back,Italy,2023-24,2024-25,27,28,AC Milan,"AC Milan, Bologna Football Club 1909",2194,947,1,0,3,1,4,1,0.041,0,0.123,0.095,0.164,0.095,-0.041,-0.028,-0.069,Decline,2365,1147
288318,Adrián Embarba,Attack,Right Winger,Spain,2023-24,2024-25,32,33,UD Almería,Rayo Vallecano,2485,1607,3,1,2,1,5,2,0.109,0.056,0.072,0.056,0.181,0.112,-0.053,-0.016,-0.069,Decline,2366,1146
174733,Omar Colley,Defender,Centre-Back,The Gambia,2020-21,2021-22,28,29,UC Sampdoria,UC Sampdoria,2590,2749,2,0,0,0,2,0,0.069,0,0,0,0.069,0,-0.069,0,-0.069,Decline,2367,1145
289592,Orel Mangala,Midfield,Defensive Midfield,Belgium,2023-24,2024-25,26,27,"Nottingham Forest, Olympique Lyon","Everton FC, Olympique Lyon",1967,1329,3,1,0,0,3,1,0.137,0.068,0,0,0.137,0.068,-0.069,0,-0.069,Decline,2367,1145
61560,Marc Albrighton,Midfield,Right Midfield,,2020-21,2021-22,31,32,Leicester City,Leicester City,1742,1127,1,1,5,2,6,3,0.052,0.08,0.258,0.16,0.31,0.24,0.028,-0.098,-0.07,Decline,2368,1144
354362,Rodrigo Bentancur,Midfield,Defensive Midfield,Uruguay,2023-24,2024-25,27,28,Tottenham Hotspur,Tottenham Hotspur,1007,1653,1,2,1,0,2,2,0.089,0.109,0.089,0,0.179,0.109,0.02,-0.089,-0.07,Decline,2369,1143
84435,Kevin Vogt,Defender,Centre-Back,Germany,2021-22,2022-23,30,31,TSG 1899 Hoffenheim,TSG 1899 Hoffenheim,2570,1779,0,0,2,0,2,0,0,0,0.07,0,0.07,0,0,-0.07,-0.07,Decline,2370,1142
490417,Ibrahima Niane,Attack,Centre-Forward,Senegal,2021-22,2022-23,23,24,FC Metz,Angers SCO,1589,1145,3,2,1,0,4,2,0.17,0.157,0.057,0,0.227,0.157,-0.013,-0.057,-0.07,Decline,2371,1141
323167,Matteo Gabbia,Defender,Centre-Back,Italy,2023-24,2024-25,24,25,"AC Milan, Villarreal CF",AC Milan,1755,2154,2,2,1,0,3,2,0.103,0.084,0.051,0,0.154,0.084,-0.019,-0.051,-0.07,Decline,2372,1140
163222,Grégoire Defrel,Attack,Centre-Forward,France,2020-21,2021-22,30,31,US Sassuolo,US Sassuolo,1331,1345,3,2,2,2,5,4,0.203,0.134,0.135,0.134,0.338,0.268,-0.069,-0.001,-0.07,Decline,2373,1139
510396,Álex Suárez,Defender,Centre-Back,Spain,2023-24,2024-25,31,32,UD Las Palmas,UD Las Palmas,2569,2469,2,0,0,0,2,0,0.07,0,0,0,0.07,0,-0.07,0,-0.07,Decline,2374,1138
349836,Diego González,Defender,Centre-Back,Spain,2020-21,2021-22,26,27,Elche CF,Elche CF,1279,1788,1,0,0,0,1,0,0.07,0,0,0,0.07,0,-0.07,0,-0.07,Decline,2374,1138
288225,Ludovic Blas,Midfield,Right Midfield,France,2021-22,2022-23,24,25,FC Nantes,FC Nantes,2977,2818,10,7,5,5,15,12,0.302,0.224,0.151,0.16,0.453,0.383,-0.078,0.009,-0.07,Decline,2375,1137
27389,Kévin Gameiro,Attack,Centre-Forward,France,2022-23,2023-24,36,37,RC Strasbourg Alsace,RC Strasbourg Alsace,2103,1346,10,4,1,2,11,6,0.428,0.267,0.043,0.134,0.471,0.401,-0.161,0.091,-0.07,Decline,2376,1136
332560,Deiver Machado,Defender,Left-Back,Colombia,2023-24,2024-25,30,31,RC Lens,RC Lens,1127,1805,4,1,0,4,4,5,0.319,0.05,0,0.199,0.319,0.249,-0.269,0.199,-0.07,Decline,2377,1135
119234,Karim Onisiwo,Attack,Centre-Forward,Austria,2021-22,2022-23,30,31,1.FSV Mainz 05,1.FSV Mainz 05,2378,2547,5,10,9,3,14,13,0.189,0.353,0.341,0.106,0.53,0.459,0.164,-0.235,-0.071,Decline,2378,1134
262365,Antonio Puertas,Attack,Right Winger,Spain,2020-21,2021-22,29,30,Granada CF,Granada CF,2062,2270,3,6,5,1,8,7,0.131,0.238,0.218,0.04,0.349,0.278,0.107,-0.178,-0.071,Decline,2379,1133
569390,Julien Ponceau,Midfield,Attacking Midfield,France,2022-23,2023-24,22,23,FC Lorient,FC Lorient,1663,2253,1,3,4,2,5,5,0.054,0.12,0.216,0.08,0.271,0.2,0.066,-0.136,-0.071,Decline,2380,1132
744149,Adam Wharton,Midfield,Defensive Midfield,England,2023-24,2024-25,20,21,Crystal Palace,Crystal Palace,1305,1327,0,0,3,2,3,2,0,0,0.207,0.136,0.207,0.136,0,-0.071,-0.071,Decline,2381,1131
371149,Evan Ndicka,Defender,Centre-Back,Cote d'Ivoire,2023-24,2024-25,24,25,Associazione Sportiva Roma,Associazione Sportiva Roma,2169,3420,0,0,3,2,3,2,0,0,0.124,0.053,0.124,0.053,0,-0.071,-0.071,Decline,2381,1131
355628,Igor Zubeldia,Defender,Centre-Back,Spain,2023-24,2024-25,27,28,Real Sociedad,Real Sociedad,2524,2273,0,0,2,0,2,0,0,0,0.071,0,0.071,0,0,-0.071,-0.071,Decline,2381,1131
544106,Óscar Gil,Defender,Right-Back,Spain,2021-22,2022-23,24,25,RCD Espanyol Barcelona,RCD Espanyol Barcelona,1697,2567,0,0,2,1,2,1,0,0,0.106,0.035,0.106,0.035,0,-0.071,-0.071,Decline,2381,1131
278837,Luis Rioja,Attack,Right Winger,Spain,2023-24,2024-25,30,31,Deportivo Alavés,"Deportivo Alavés, Valencia CF",2516,2868,5,5,4,3,9,8,0.179,0.157,0.143,0.094,0.322,0.251,-0.022,-0.049,-0.071,Decline,2382,1130
193116,John McGinn,Midfield,Central Midfield,Scotland,2021-22,2022-23,27,28,Aston Villa,Aston Villa,3093,2698,3,1,4,3,7,4,0.087,0.033,0.116,0.1,0.204,0.133,-0.054,-0.016,-0.071,Decline,2383,1129
347253,Dany Mota,Attack,Centre-Forward,Portugal,2022-23,2023-24,25,26,AC Monza,AC Monza,1922,2058,5,4,4,4,9,8,0.234,0.175,0.187,0.175,0.421,0.35,-0.059,-0.012,-0.071,Decline,2384,1128
256448,Gianluca Mancini,Defender,Centre-Back,Italy,2023-24,2024-25,28,29,Associazione Sportiva Roma,Associazione Sportiva Roma,2874,3144,4,2,1,1,5,3,0.125,0.057,0.031,0.029,0.157,0.086,-0.068,-0.002,-0.071,Decline,2385,1127
424042,Nahuel Molina,Defender,Right-Back,Argentina,2023-24,2024-25,26,27,Atlético de Madrid,Atlético de Madrid,1858,1581,2,0,3,3,5,3,0.097,0,0.145,0.171,0.242,0.171,-0.097,0.026,-0.071,Decline,2386,1126
319301,Daniel James,Attack,Right Winger,Wales,2020-21,2021-22,23,24,Manchester United,"Leeds United, Manchester United",912,2499,3,4,1,5,4,9,0.296,0.144,0.099,0.18,0.395,0.324,-0.152,0.081,-0.071,Decline,2387,1125
566574,Kirian Rodríguez,Midfield,Attacking Midfield,Spain,2023-24,2024-25,28,29,UD Las Palmas,UD Las Palmas,3220,1770,6,0,2,3,8,3,0.168,0,0.056,0.153,0.224,0.153,-0.168,0.097,-0.071,Decline,2388,1124
251878,Aarón Martín,Defender,Left-Back,Spain,2020-21,2021-22,24,25,"1.FSV Mainz 05, Celta de Vigo",1.FSV Mainz 05,1802,2296,0,1,3,1,3,2,0,0.039,0.15,0.039,0.15,0.078,0.039,-0.111,-0.072,Decline,2389,1123
344864,Jean-Kévin Duverne,Defender,Centre-Back,Haiti,2022-23,2023-24,25,26,Stade Brestois 29,FC Nantes,2513,1350,0,0,2,0,2,0,0,0,0.072,0,0.072,0,0,-0.072,-0.072,Decline,2390,1122
260166,Ui-jo Hwang,Midfield,Attacking Midfield,"Korea, South",2020-21,2021-22,28,29,FC Girondins Bordeaux,FC Girondins Bordeaux,2523,2525,12,11,3,2,15,13,0.428,0.392,0.107,0.071,0.535,0.463,-0.036,-0.036,-0.072,Decline,2391,1121
315853,Alessandro Bastoni,Defender,Centre-Back,Italy,2021-22,2022-23,23,24,Inter Milan,Inter Milan,2321,2165,1,0,3,2,4,2,0.039,0,0.116,0.083,0.155,0.083,-0.039,-0.033,-0.072,Decline,2392,1120
284730,Manuel Akanji,Defender,Centre-Back,Switzerland,2023-24,2024-25,28,29,Manchester City,Manchester City,2514,2014,2,0,0,0,2,0,0.072,0,0,0,0.072,0,-0.072,0,-0.072,Decline,2393,1119
196231,Marvin Friedrich,Defender,Centre-Back,Germany,2022-23,2023-24,27,28,Borussia Mönchengladbach,Borussia Mönchengladbach,1244,1561,1,0,0,0,1,0,0.072,0,0,0,0.072,0,-0.072,0,-0.072,Decline,2393,1119
43848,Miguel Veloso,Midfield,Defensive Midfield,Portugal,2020-21,2021-22,35,36,Hellas Verona,Hellas Verona,1318,1346,2,0,2,3,4,3,0.137,0,0.137,0.201,0.273,0.201,-0.137,0.064,-0.072,Decline,2394,1118
380598,Santi Comesaña,Midfield,Central Midfield,Spain,2022-23,2023-24,26,27,Rayo Vallecano,Villarreal CF,2471,1655,3,2,2,0,5,2,0.109,0.109,0.073,0,0.182,0.109,0,-0.073,-0.073,Decline,2395,1117
32113,Armando Izzo,Defender,Centre-Back,Italy,2022-23,2023-24,31,32,AC Monza,AC Monza,2476,1652,1,0,1,0,2,0,0.036,0,0.036,0,0.073,0,-0.036,-0.036,-0.073,Decline,2396,1116
315145,Azor Matusiwa,Midfield,Defensive Midfield,Netherlands,2021-22,2022-23,24,25,Stade Reims,Stade Reims,2468,2493,1,0,1,0,2,0,0.036,0,0.036,0,0.073,0,-0.036,-0.036,-0.073,Decline,2396,1116
181579,James Ward-Prowse,Midfield,Central Midfield,England,2021-22,2022-23,27,28,Southampton FC,Southampton FC,3217,3372,10,9,5,4,15,13,0.28,0.24,0.14,0.107,0.42,0.347,-0.04,-0.033,-0.073,Decline,2397,1115
413403,Ezri Konsa,Defender,Centre-Back,England,2021-22,2022-23,24,25,Aston Villa,Aston Villa,2481,3323,2,0,0,0,2,0,0.073,0,0,0,0.073,0,-0.073,0,-0.073,Decline,2398,1114
182875,Jean-Charles Castelletto,Defender,Centre-Back,Cameroon,2023-24,2024-25,29,30,FC Nantes,FC Nantes,2466,2622,2,0,0,0,2,0,0.073,0,0,0,0.073,0,-0.073,0,-0.073,Decline,2398,1114
399776,Pau Torres,Defender,Centre-Back,Spain,2023-24,2024-25,27,28,Aston Villa,Aston Villa,2463,2020,2,0,0,0,2,0,0.073,0,0,0,0.073,0,-0.073,0,-0.073,Decline,2398,1114
424784,Luis Suárez,Attack,Centre-Forward,Colombia,2022-23,2023-24,25,26,"Olympique Marseille, UD Almería",UD Almería,1770,920,7,6,6,0,13,6,0.356,0.587,0.305,0,0.661,0.587,0.231,-0.305,-0.074,Decline,2399,1113
255901,Rodrigo De Paul,Midfield,Central Midfield,Argentina,2022-23,2023-24,29,30,Atlético de Madrid,Atlético de Madrid,1935,2085,2,3,7,5,9,8,0.093,0.129,0.326,0.216,0.419,0.345,0.036,-0.11,-0.074,Decline,2400,1112
192765,Ben Davies,Defender,Centre-Back,Wales,2022-23,2023-24,30,31,Tottenham Hotspur,Tottenham Hotspur,2290,1086,2,1,2,0,4,1,0.079,0.083,0.079,0,0.157,0.083,0.004,-0.079,-0.074,Decline,2401,1111
517842,Aihen Muñoz,Defender,Left-Back,Spain,2020-21,2021-22,23,24,Real Sociedad,Real Sociedad,1210,1343,0,0,1,0,1,0,0,0,0.074,0,0.074,0,0,-0.074,-0.074,Decline,2402,1110
93128,Kalidou Koulibaly,Defender,Centre-Back,Senegal,2021-22,2022-23,31,32,SSC Napoli,Chelsea FC,2407,1800,3,2,3,1,6,3,0.112,0.1,0.112,0.05,0.224,0.15,-0.012,-0.062,-0.074,Decline,2403,1109
395234,Batista Mendy,Midfield,Defensive Midfield,France,2021-22,2022-23,22,23,Angers SCO,Angers SCO,2417,2871,1,0,1,0,2,0,0.037,0,0.037,0,0.074,0,-0.037,-0.037,-0.074,Decline,2404,1108
389837,Nicolò Casale,Defender,Centre-Back,Italy,2022-23,2023-24,25,26,Società Sportiva Lazio S.p.A.,Società Sportiva Lazio S.p.A.,2436,1557,1,0,1,0,2,0,0.037,0,0.037,0,0.074,0,-0.037,-0.037,-0.074,Decline,2404,1108
249730,Guillermo Maripán,Defender,Centre-Back,Chile,2022-23,2023-24,29,30,AS Monaco,AS Monaco,2160,1768,3,1,0,0,3,1,0.125,0.051,0,0,0.125,0.051,-0.074,0,-0.074,Decline,2405,1107
418571,Hamza Rafia,Midfield,Central Midfield,Tunisia,2023-24,2024-25,25,26,US Lecce,US Lecce,1211,1064,1,0,0,0,1,0,0.074,0,0,0,0.074,0,-0.074,0,-0.074,Decline,2405,1107
236981,Timo Hübers,Defender,Centre-Back,Germany,2022-23,2023-24,26,27,1.FC Köln,1.FC Köln,2558,2779,3,0,0,1,3,1,0.106,0,0,0.032,0.106,0.032,-0.106,0.032,-0.074,Decline,2406,1106
531949,Ignatius Ganago,Attack,Centre-Forward,Cameroon,2021-22,2022-23,23,24,RC Lens,"FC Nantes, RC Lens",1017,1574,5,5,1,3,6,8,0.442,0.286,0.088,0.172,0.531,0.457,-0.156,0.084,-0.074,Decline,2407,1105
476344,Emerson Royal,Defender,Right-Back,Brazil,2020-21,2021-22,22,23,Real Betis Balompié,"FC Barcelona, Tottenham Hotspur",2989,2379,1,1,4,1,5,2,0.03,0.038,0.12,0.038,0.151,0.076,0.008,-0.082,-0.075,Decline,2408,1104
364857,Falaye Sacko,Defender,Right-Back,Mali,2022-23,2023-24,28,29,Montpellier HSC,Montpellier HSC,2579,1380,1,0,3,1,4,1,0.035,0,0.105,0.065,0.14,0.065,-0.035,-0.04,-0.075,Decline,2409,1103
119905,Hugo Mallo,Defender,Right-Back,Spain,2020-21,2021-22,30,31,Celta de Vigo,Celta de Vigo,2603,1829,3,1,2,1,5,2,0.104,0.049,0.069,0.049,0.173,0.098,-0.055,-0.02,-0.075,Decline,2410,1102
141050,Danilo Pereira,Defender,Centre-Back,Portugal,2022-23,2023-24,31,32,Paris Saint-Germain,Paris Saint-Germain,2411,1993,2,0,0,0,2,0,0.075,0,0,0,0.075,0,-0.075,0,-0.075,Decline,2411,1101
316889,Hirving Lozano,Attack,Left Winger,Mexico,2020-21,2021-22,25,26,SSC Napoli,SSC Napoli,1970,1623,11,5,4,6,15,11,0.503,0.277,0.183,0.333,0.685,0.61,-0.226,0.15,-0.075,Decline,2412,1100
16306,Casemiro,Midfield,Defensive Midfield,Brazil,2023-24,2024-25,32,33,Manchester United,Manchester United,1985,1498,1,1,2,0,3,1,0.045,0.06,0.091,0,0.136,0.06,0.015,-0.091,-0.076,Decline,2413,1099
257448,Gelson Martins,Attack,Right Winger,Portugal,2020-21,2021-22,26,27,AS Monaco,AS Monaco,1559,1920,3,4,4,3,7,7,0.173,0.188,0.231,0.141,0.404,0.328,0.015,-0.09,-0.076,Decline,2413,1099
184573,Victor Lindelöf,Defender,Centre-Back,Sweden,2021-22,2022-23,27,28,Manchester United,Manchester United,2354,1360,0,0,2,0,2,0,0,0,0.076,0,0.076,0,0,-0.076,-0.076,Decline,2414,1098
342385,Guido Rodríguez,Midfield,Defensive Midfield,Argentina,2021-22,2022-23,28,29,Real Betis Balompié,Real Betis Balompié,2533,2877,1,1,2,0,3,1,0.036,0.031,0.071,0,0.107,0.031,-0.005,-0.071,-0.076,Decline,2415,1097
184767,Ximo Navarro,Defender,Right-Back,Spain,2020-21,2021-22,31,32,Deportivo Alavés,Deportivo Alavés,2379,1351,1,0,1,0,2,0,0.038,0,0.038,0,0.076,0,-0.038,-0.038,-0.076,Decline,2416,1096
392959,Andrea Colpani,Midfield,Attacking Midfield,Italy,2022-23,2023-24,24,25,AC Monza,AC Monza,940,2680,4,8,1,4,5,12,0.383,0.269,0.096,0.134,0.479,0.403,-0.114,0.038,-0.076,Decline,2417,1095
53622,İlkay Gündoğan,Midfield,Central Midfield,Germany,2022-23,2023-24,32,33,Manchester City,FC Barcelona,2359,2998,8,5,5,9,13,14,0.305,0.15,0.191,0.27,0.496,0.42,-0.155,0.079,-0.076,Decline,2418,1094
263236,Kevin Danso,Defender,Centre-Back,Austria,2022-23,2023-24,24,25,RC Lens,RC Lens,3234,2655,1,1,3,0,4,1,0.028,0.034,0.083,0,0.111,0.034,0.006,-0.083,-0.077,Decline,2419,1093
255488,Yeray Álvarez,Defender,Centre-Back,Spain,2022-23,2023-24,28,29,Athletic Bilbao,Athletic Bilbao,2337,1155,1,0,1,0,2,0,0.039,0,0.039,0,0.077,0,-0.039,-0.039,-0.077,Decline,2420,1092
237658,Michel Aebischer,Midfield,Central Midfield,Switzerland,2022-23,2023-24,26,27,Bologna Football Club 1909,Bologna Football Club 1909,1540,2233,1,0,1,1,2,1,0.058,0,0.058,0.04,0.117,0.04,-0.058,-0.018,-0.077,Decline,2421,1091
118847,Dominik Kohr,Defender,Centre-Back,Germany,2022-23,2023-24,29,30,1.FSV Mainz 05,1.FSV Mainz 05,2293,2190,3,1,0,0,3,1,0.118,0.041,0,0,0.118,0.041,-0.077,0,-0.077,Decline,2422,1090
251309,Dennis Geiger,Midfield,Central Midfield,Germany,2021-22,2022-23,24,25,TSG 1899 Hoffenheim,TSG 1899 Hoffenheim,1385,1970,2,1,2,3,4,4,0.13,0.046,0.13,0.137,0.26,0.183,-0.084,0.007,-0.077,Decline,2423,1089
125020,José Luis Palomino,Defender,Centre-Back,Argentina,2020-21,2021-22,31,32,Atalanta BC,Atalanta BC,2421,2672,1,1,2,0,3,1,0.037,0.034,0.074,0,0.112,0.034,-0.003,-0.074,-0.078,Decline,2424,1088
476344,Emerson Royal,Defender,Right-Back,Brazil,2022-23,2023-24,24,25,Tottenham Hotspur,Tottenham Hotspur,1736,1155,2,1,1,0,3,1,0.104,0.078,0.052,0,0.156,0.078,-0.026,-0.052,-0.078,Decline,2425,1087
134270,Dan Burn,Defender,Centre-Back,England,2023-24,2024-25,32,33,Newcastle United,Newcastle United,2732,3330,2,1,2,1,4,2,0.066,0.027,0.066,0.027,0.132,0.054,-0.039,-0.039,-0.078,Decline,2426,1086
786436,Ismaël Doukouré,Defender,Centre-Back,France,2022-23,2023-24,19,20,RC Strasbourg Alsace,RC Strasbourg Alsace,2301,1660,1,0,1,0,2,0,0.039,0,0.039,0,0.078,0,-0.039,-0.039,-0.078,Decline,2426,1086
465830,Mattéo Guendouzi,Midfield,Central Midfield,France,2023-24,2024-25,25,26,"Olympique Marseille, Società Sportiva Lazio S.p.A.",Società Sportiva Lazio S.p.A.,2388,3275,2,1,3,3,5,4,0.075,0.027,0.113,0.082,0.188,0.11,-0.048,-0.031,-0.078,Decline,2427,1085
730581,Loïc Badé,Defender,Centre-Back,France,2022-23,2023-24,23,24,"Sevilla FC, Stade Rennais FC",Sevilla FC,1538,2283,1,0,1,1,2,1,0.059,0,0.059,0.039,0.117,0.039,-0.059,-0.02,-0.078,Decline,2428,1084
362842,Arthur Melo,Midfield,Central Midfield,Brazil,2020-21,2021-22,24,25,Juventus FC,Juventus FC,1157,958,1,0,0,0,1,0,0.078,0,0,0,0.078,0,-0.078,0,-0.078,Decline,2429,1083
368891,Arthur Theate,Defender,Centre-Back,Belgium,2023-24,2024-25,24,25,Stade Rennais FC,Eintracht Frankfurt,2299,2709,2,0,0,0,2,0,0.078,0,0,0,0.078,0,-0.078,0,-0.078,Decline,2429,1083
476344,Emerson Royal,Defender,Right-Back,Brazil,2023-24,2024-25,25,26,Tottenham Hotspur,AC Milan,1155,1382,1,0,0,0,1,0,0.078,0,0,0,0.078,0,-0.078,0,-0.078,Decline,2429,1083
176139,Mattia Bani,Defender,Centre-Back,Italy,2023-24,2024-25,30,31,Genoa CFC,Genoa CFC,2310,1511,2,0,0,0,2,0,0.078,0,0,0,0.078,0,-0.078,0,-0.078,Decline,2429,1083
353366,Benjamin Pavard,Defender,Centre-Back,France,2022-23,2023-24,27,28,Bayern Munich,Inter Milan,2431,1677,4,0,1,2,5,2,0.148,0,0.037,0.107,0.185,0.107,-0.148,0.07,-0.078,Decline,2430,1082
27992,Luka Modrić,Midfield,Central Midfield,Croatia,2021-22,2022-23,36,37,Real Madrid,Real Madrid,2046,1744,2,4,8,3,10,7,0.088,0.206,0.352,0.155,0.44,0.361,0.118,-0.197,-0.079,Decline,2431,1081
170961,Thomas Delaine,Defender,Left-Back,France,2022-23,2023-24,31,32,RC Strasbourg Alsace,RC Strasbourg Alsace,1077,2054,0,1,2,1,2,2,0,0.044,0.167,0.044,0.167,0.088,0.044,-0.123,-0.079,Decline,2432,1080
139208,Virgil van Dijk,Defender,Centre-Back,Netherlands,2021-22,2022-23,30,31,Liverpool FC,Liverpool FC,3060,2835,3,3,4,1,7,4,0.088,0.095,0.118,0.032,0.206,0.127,0.007,-0.086,-0.079,Decline,2433,1079
311044,Alfonso Espino,Defender,Left-Back,Uruguay,2022-23,2023-24,31,32,Cádiz CF,Rayo Vallecano,3123,2513,0,0,4,1,4,1,0,0,0.115,0.036,0.115,0.036,0,-0.079,-0.079,Decline,2434,1078
290249,Mauro Arambarri,Midfield,Central Midfield,Uruguay,2021-22,2022-23,26,27,Getafe CF,Getafe CF,2667,1000,0,0,5,1,5,1,0,0,0.169,0.09,0.169,0.09,0,-0.079,-0.079,Decline,2434,1078
82350,Stefan Bell,Defender,Centre-Back,Germany,2020-21,2021-22,29,30,1.FSV Mainz 05,1.FSV Mainz 05,1271,2869,1,2,1,0,2,2,0.071,0.063,0.071,0,0.142,0.063,-0.008,-0.071,-0.079,Decline,2435,1077
496706,Montassar Talbi,Defender,Centre-Back,Tunisia,2022-23,2023-24,25,26,FC Lorient,FC Lorient,3420,2205,1,0,2,0,3,0,0.026,0,0.053,0,0.079,0,-0.026,-0.053,-0.079,Decline,2436,1076
327757,Krzysztof Piatek,Attack,Centre-Forward,Poland,2020-21,2021-22,25,26,Hertha BSC,"ACF Fiorentina, Hertha BSC",1637,1081,7,4,2,1,9,5,0.385,0.333,0.11,0.083,0.495,0.416,-0.052,-0.027,-0.079,Decline,2437,1075
393325,Josh Sargent,Attack,Centre-Forward,United States,2020-21,2021-22,21,22,SV Werder Bremen,Norwich City,2521,1579,5,2,2,1,7,3,0.179,0.114,0.071,0.057,0.25,0.171,-0.065,-0.014,-0.079,Decline,2438,1074
661053,Jarrad Branthwaite,Defender,Centre-Back,England,2023-24,2024-25,22,23,Everton FC,Everton FC,3117,2510,3,0,1,1,4,1,0.087,0,0.029,0.036,0.115,0.036,-0.087,0.007,-0.079,Decline,2439,1073
40633,Milan Badelj,Midfield,Defensive Midfield,Croatia,2023-24,2024-25,35,36,Genoa CFC,Genoa CFC,2556,1487,1,1,3,0,4,1,0.035,0.061,0.106,0,0.141,0.061,0.026,-0.106,-0.08,Decline,2440,1072
213260,Rubén García,Attack,Right Winger,Spain,2022-23,2023-24,29,30,CA Osasuna,CA Osasuna,1154,1552,2,3,2,1,4,4,0.156,0.174,0.156,0.058,0.312,0.232,0.018,-0.098,-0.08,Decline,2441,1071
129444,David López,Defender,Centre-Back,Spain,2022-23,2023-24,33,34,Girona FC,Girona FC,1658,1975,3,3,1,0,4,3,0.163,0.137,0.054,0,0.217,0.137,-0.026,-0.054,-0.08,Decline,2442,1070
346779,Ché Adams,Attack,Centre-Forward,Scotland,2021-22,2022-23,25,26,Southampton FC,Southampton FC,2042,1997,7,5,3,3,10,8,0.309,0.225,0.132,0.135,0.441,0.361,-0.084,0.003,-0.08,Decline,2443,1069
250013,Angelo Fulgini,Midfield,Attacking Midfield,New Caledonia,2021-22,2022-23,25,26,Angers SCO,"1.FSV Mainz 05, RC Lens",2950,1383,5,1,4,2,9,3,0.153,0.065,0.122,0.13,0.275,0.195,-0.088,0.008,-0.08,Decline,2444,1068
295183,Răzvan Marin,Midfield,Central Midfield,Romania,2020-21,2021-22,25,26,Cagliari Calcio,Cagliari Calcio,2975,2815,3,0,6,6,9,6,0.091,0,0.182,0.192,0.272,0.192,-0.091,0.01,-0.08,Decline,2445,1067
584769,Dwight McNeil,Attack,Left Winger,England,2022-23,2023-24,23,24,Everton FC,Everton FC,2499,2898,7,3,3,6,10,9,0.252,0.093,0.108,0.186,0.36,0.28,-0.159,0.078,-0.08,Decline,2446,1066
362977,Josip Juranovic,Defender,Right-Back,Croatia,2022-23,2023-24,27,28,1.FC Union Berlin,1.FC Union Berlin,933,1292,2,0,1,3,3,3,0.193,0,0.096,0.209,0.289,0.209,-0.193,0.113,-0.08,Decline,2447,1065
397225,Alessandro Zanoli,Defender,Right-Back,Italy,2023-24,2024-25,23,24,"SSC Napoli, US Salernitana 1919",Genoa CFC,969,1717,0,1,2,1,2,2,0,0.052,0.186,0.052,0.186,0.105,0.052,-0.134,-0.081,Decline,2448,1064
517842,Aihen Muñoz,Defender,Left-Back,Spain,2023-24,2024-25,26,27,Real Sociedad,Real Sociedad,1110,1098,0,0,1,0,1,0,0,0,0.081,0,0.081,0,0,-0.081,-0.081,Decline,2449,1063
281963,Lucas Hernández,Defender,Left-Back,France,2020-21,2021-22,25,26,Bayern Munich,Bayern Munich,1600,2039,0,0,3,2,3,2,0,0,0.169,0.088,0.169,0.088,0,-0.081,-0.081,Decline,2449,1063
303259,Dodi Lukébakio,Attack,Right Winger,Belgium,2022-23,2023-24,25,26,Hertha BSC,Sevilla FC,2407,1124,11,5,4,1,15,6,0.411,0.4,0.15,0.08,0.561,0.48,-0.011,-0.07,-0.081,Decline,2450,1062
357885,Pablo Fornals,Midfield,Central Midfield,Spain,2021-22,2022-23,26,27,West Ham United,West Ham United,2802,1503,6,3,4,1,10,4,0.193,0.18,0.128,0.06,0.321,0.24,-0.013,-0.068,-0.081,Decline,2451,1061
422281,Muhammed Cham,Midfield,Attacking Midfield,Austria,2022-23,2023-24,22,23,Clermont Foot 63,Clermont Foot 63,1974,2565,7,8,4,4,11,12,0.319,0.281,0.182,0.14,0.502,0.421,-0.038,-0.042,-0.081,Decline,2452,1060
121477,Craig Dawson,Defender,Centre-Back,England,2023-24,2024-25,34,35,Wolverhampton Wanderers,Wolverhampton Wanderers,2211,970,1,0,1,0,2,0,0.041,0,0.041,0,0.081,0,-0.041,-0.041,-0.081,Decline,2453,1059
425334,Matty Cash,Defender,Right-Back,Poland,2023-24,2024-25,26,27,Aston Villa,Aston Villa,2143,2077,2,1,2,1,4,2,0.084,0.043,0.084,0.043,0.168,0.087,-0.041,-0.041,-0.081,Decline,2453,1059
191217,Héctor Bellerín,Defender,Right-Back,Spain,2020-21,2021-22,26,27,Arsenal FC,Real Betis Balompié,2093,1979,1,0,3,2,4,2,0.043,0,0.129,0.091,0.172,0.091,-0.043,-0.038,-0.081,Decline,2454,1058
284857,Marc Cucurella,Defender,Left-Back,Spain,2020-21,2021-22,22,23,Getafe CF,"Brighton & Hove Albion, Getafe CF",3249,3114,3,1,2,1,5,2,0.083,0.029,0.055,0.029,0.139,0.058,-0.054,-0.026,-0.081,Decline,2455,1057
80293,Aïssa Mandi,Defender,Centre-Back,Algeria,2023-24,2024-25,32,33,Villarreal CF,LOSC Lille,1114,1736,1,0,0,0,1,0,0.081,0,0,0,0.081,0,-0.081,0,-0.081,Decline,2456,1056
351955,Federico Baschirotto,Defender,Centre-Back,Italy,2022-23,2023-24,26,27,US Lecce,US Lecce,3330,3295,3,0,1,1,4,1,0.081,0,0.027,0.027,0.108,0.027,-0.081,0,-0.081,Decline,2456,1056
193098,Álex Moreno,Defender,Left-Back,Spain,2023-24,2024-25,31,32,Aston Villa,Nottingham Forest,1030,960,2,0,0,1,2,1,0.175,0,0,0.094,0.175,0.094,-0.175,0.094,-0.081,Decline,2457,1055
116088,Marius Bülter,Attack,Left Winger,Germany,2022-23,2023-24,30,31,FC Schalke 04,TSG 1899 Hoffenheim,2605,1347,11,1,1,4,12,5,0.38,0.067,0.035,0.267,0.415,0.334,-0.313,0.232,-0.081,Decline,2458,1054
157635,Yussuf Poulsen,Attack,Centre-Forward,Denmark,2020-21,2021-22,27,28,RB Leipzig,RB Leipzig,1351,1079,5,6,5,1,10,7,0.333,0.5,0.333,0.083,0.666,0.584,0.167,-0.25,-0.082,Decline,2459,1053
392569,Gabriele Zappa,Defender,Right-Back,Italy,2023-24,2024-25,24,25,Cagliari Calcio,Cagliari Calcio,2559,3062,1,2,3,0,4,2,0.035,0.059,0.106,0,0.141,0.059,0.024,-0.106,-0.082,Decline,2460,1052
340879,Merih Demiral,Defender,Centre-Back,Türkiye,2021-22,2022-23,24,25,Atalanta BC,Atalanta BC,1915,1524,1,1,2,0,3,1,0.047,0.059,0.094,0,0.141,0.059,0.012,-0.094,-0.082,Decline,2461,1051
197473,Alberto Grassi,Midfield,Defensive Midfield,Italy,2021-22,2022-23,27,28,Cagliari Calcio,FC Empoli,2183,1194,0,0,2,0,2,0,0,0,0.082,0,0.082,0,0,-0.082,-0.082,Decline,2462,1050
344605,Boubakary Soumaré,Midfield,Defensive Midfield,France,2021-22,2022-23,23,24,Leicester City,Leicester City,1100,1634,0,0,1,0,1,0,0,0,0.082,0,0.082,0,0,-0.082,-0.082,Decline,2462,1050
572326,Christopher Wooh,Defender,Centre-Back,Cameroon,2021-22,2022-23,20,21,RC Lens,"RC Lens, Stade Rennais FC",1050,1009,0,0,2,1,2,1,0,0,0.171,0.089,0.171,0.089,0,-0.082,-0.082,Decline,2462,1050
354352,Frédéric Guilbert,Defender,Right-Back,France,2021-22,2022-23,27,28,RC Strasbourg Alsace,RC Strasbourg Alsace,2520,1465,0,0,4,1,4,1,0,0,0.143,0.061,0.143,0.061,0,-0.082,-0.082,Decline,2462,1050
275303,Hans Hateboer,Defender,Right-Back,Netherlands,2023-24,2024-25,30,31,Atalanta BC,Stade Rennais FC,1104,1680,0,0,1,0,1,0,0,0,0.082,0,0.082,0,0,-0.082,-0.082,Decline,2462,1050
272642,Allan Saint-Maximin,Attack,Left Winger,France,2020-21,2021-22,24,25,Newcastle United,Newcastle United,1567,2812,3,5,4,5,7,10,0.172,0.16,0.23,0.16,0.402,0.32,-0.012,-0.07,-0.082,Decline,2463,1049
262226,Timothy Castagne,Defender,Right-Back,Belgium,2023-24,2024-25,28,29,Fulham FC,Fulham FC,2634,1643,1,0,3,1,4,1,0.034,0,0.103,0.055,0.137,0.055,-0.034,-0.048,-0.082,Decline,2464,1048
156990,Marco Friedl,Defender,Centre-Back,Austria,2023-24,2024-25,26,27,SV Werder Bremen,SV Werder Bremen,2198,2164,1,0,1,0,2,0,0.041,0,0.041,0,0.082,0,-0.041,-0.041,-0.082,Decline,2465,1047
417575,Uros Racic,Midfield,Defensive Midfield,Serbia,2020-21,2021-22,23,24,Valencia CF,Valencia CF,2191,1125,1,0,1,0,2,0,0.041,0,0.041,0,0.082,0,-0.041,-0.041,-0.082,Decline,2465,1047
236400,Léo Dubois,Defender,Right-Back,France,2020-21,2021-22,26,27,Olympique Lyon,Olympique Lyon,2918,1746,2,0,4,2,6,2,0.062,0,0.123,0.103,0.185,0.103,-0.062,-0.02,-0.082,Decline,2466,1046
210178,Pablo Marí,Defender,Centre-Back,Spain,2021-22,2022-23,28,29,"Arsenal FC, Udinese Calcio",AC Monza,1522,2489,2,1,0,0,2,1,0.118,0.036,0,0,0.118,0.036,-0.082,0,-0.082,Decline,2467,1045
504849,Kaoru Mitoma,Attack,Left Winger,Japan,2022-23,2023-24,26,27,Brighton & Hove Albion,Brighton & Hove Albion,2318,1488,7,3,6,4,13,7,0.272,0.181,0.233,0.242,0.505,0.423,-0.091,0.009,-0.082,Decline,2468,1044
205940,Marko Pjaca,Attack,Left Winger,Croatia,2020-21,2021-22,26,27,Genoa CFC,Torino FC,1413,1148,3,3,2,0,5,3,0.191,0.235,0.127,0,0.318,0.235,0.044,-0.127,-0.083,Decline,2469,1043
61841,Adam Smith,Defender,Right-Back,England,2023-24,2024-25,33,34,AFC Bournemouth,AFC Bournemouth,2157,1595,0,0,2,0,2,0,0,0,0.083,0,0.083,0,0,-0.083,-0.083,Decline,2470,1042
481834,Andrea Carboni,Defender,Centre-Back,Italy,2020-21,2021-22,20,21,Cagliari Calcio,Cagliari Calcio,1086,2215,0,0,1,0,1,0,0,0,0.083,0,0.083,0,0,-0.083,-0.083,Decline,2470,1042
372712,Ibrahima Sissoko,Midfield,Defensive Midfield,Mali,2022-23,2023-24,25,26,RC Strasbourg Alsace,RC Strasbourg Alsace,1303,1641,0,0,2,1,2,1,0,0,0.138,0.055,0.138,0.055,0,-0.083,-0.083,Decline,2470,1042
412671,Quentin Boisgard,Midfield,Attacking Midfield,France,2020-21,2021-22,24,25,FC Lorient,FC Lorient,1323,952,2,1,2,1,4,2,0.136,0.095,0.136,0.095,0.272,0.189,-0.041,-0.041,-0.083,Decline,2471,1041
385394,Alberto Dossena,Defender,Centre-Back,Italy,2023-24,2024-25,25,26,Cagliari Calcio,Como 1907,2979,1831,2,0,4,2,6,2,0.06,0,0.121,0.098,0.181,0.098,-0.06,-0.023,-0.083,Decline,2472,1040
192765,Ben Davies,Defender,Centre-Back,Wales,2023-24,2024-25,31,32,Tottenham Hotspur,Tottenham Hotspur,1086,1330,1,0,0,0,1,0,0.083,0,0,0,0.083,0,-0.083,0,-0.083,Decline,2473,1039
226973,Harrison Reed,Midfield,Central Midfield,England,2022-23,2023-24,28,29,Fulham FC,Fulham FC,2879,1326,3,0,4,2,7,2,0.094,0,0.125,0.136,0.219,0.136,-0.094,0.011,-0.083,Decline,2474,1038
557939,Neto Borges,Defender,Left-Back,Brazil,2022-23,2023-24,26,27,Clermont Foot 63,Clermont Foot 63,2838,2517,3,0,3,3,6,3,0.095,0,0.095,0.107,0.19,0.107,-0.095,0.012,-0.083,Decline,2475,1037
445939,Omar Marmoush,Attack,Centre-Forward,Egypt,2021-22,2022-23,23,24,"VfB Stuttgart, VfL Wolfsburg",VfL Wolfsburg,1604,1478,3,5,5,1,8,6,0.168,0.304,0.281,0.061,0.449,0.365,0.136,-0.22,-0.084,Decline,2476,1036
181378,Gaëtan Laborde,Attack,Centre-Forward,France,2021-22,2022-23,28,29,"Montpellier HSC, Stade Rennais FC","OGC Nice, Stade Rennais FC",3086,2762,15,15,8,3,23,18,0.437,0.489,0.233,0.098,0.671,0.587,0.052,-0.135,-0.084,Decline,2477,1035
474662,Hugo Magnetti,Midfield,Central Midfield,France,2022-23,2023-24,25,26,Stade Brestois 29,Stade Brestois 29,1688,2359,1,2,2,0,3,2,0.053,0.076,0.107,0,0.16,0.076,0.023,-0.107,-0.084,Decline,2478,1034
126557,Jonathan Gradit,Defender,Centre-Back,France,2022-23,2023-24,30,31,RC Lens,RC Lens,2830,2116,1,1,3,0,4,1,0.032,0.043,0.095,0,0.127,0.043,0.011,-0.095,-0.084,Decline,2479,1033
392771,Ethan Ampadu,Midfield,Defensive Midfield,Wales,2021-22,2022-23,21,22,Venezia FC,Spezia Calcio,2289,2648,0,0,3,1,3,1,0,0,0.118,0.034,0.118,0.034,0,-0.084,-0.084,Decline,2480,1032
203746,Ruben Aguilar,Defender,Right-Back,France,2021-22,2022-23,29,30,AS Monaco,AS Monaco,2138,1174,0,0,2,0,2,0,0,0,0.084,0,0.084,0,0,-0.084,-0.084,Decline,2480,1032
807689,Frank Magri,Attack,Centre-Forward,Cameroon,2023-24,2024-25,24,25,FC Toulouse,FC Toulouse,1428,1514,5,5,2,1,7,6,0.315,0.297,0.126,0.059,0.441,0.357,-0.018,-0.067,-0.084,Decline,2481,1031
557613,Quentin Merlin,Defender,Left-Back,France,2021-22,2022-23,20,21,FC Nantes,FC Nantes,1924,1803,2,1,3,2,5,3,0.094,0.05,0.14,0.1,0.234,0.15,-0.044,-0.04,-0.084,Decline,2482,1030
80293,Aïssa Mandi,Defender,Centre-Back,Algeria,2020-21,2021-22,29,30,Real Betis Balompié,Villarreal CF,2393,1374,3,1,1,0,4,1,0.113,0.066,0.038,0,0.15,0.066,-0.047,-0.038,-0.084,Decline,2483,1029
354726,Florian Sotoca,Attack,Centre-Forward,France,2020-21,2021-22,30,31,RC Lens,RC Lens,2421,2490,8,6,3,3,11,9,0.297,0.217,0.112,0.108,0.409,0.325,-0.08,-0.004,-0.084,Decline,2484,1028
361254,Rafa Mir,Attack,Centre-Forward,Spain,2021-22,2022-23,25,26,Sevilla FC,Sevilla FC,1801,1297,10,6,0,0,10,6,0.5,0.416,0,0,0.5,0.416,-0.084,0,-0.084,Decline,2485,1027
62920,Víctor Ruiz,Defender,Centre-Back,Spain,2020-21,2021-22,32,33,Real Betis Balompié,Real Betis Balompié,2155,1425,2,0,0,0,2,0,0.084,0,0,0,0.084,0,-0.084,0,-0.084,Decline,2485,1027
683840,Pedri,Midfield,Central Midfield,Spain,2023-24,2024-25,21,22,FC Barcelona,FC Barcelona,1482,2895,4,4,2,5,6,9,0.243,0.124,0.121,0.155,0.364,0.28,-0.119,0.034,-0.084,Decline,2486,1026
524925,Modibo Sagnan,Defender,Centre-Back,Mali,2023-24,2024-25,25,26,Montpellier HSC,Montpellier HSC,1057,2117,2,2,0,0,2,2,0.17,0.085,0,0,0.17,0.085,-0.085,0,-0.085,Decline,2487,1025
404842,Vitaliy Mykolenko,Defender,Left-Back,Ukraine,2021-22,2022-23,23,24,Everton FC,Everton FC,1056,2655,1,0,0,0,1,0,0.085,0,0,0,0.085,0,-0.085,0,-0.085,Decline,2487,1025
826224,Arnau Martínez,Defender,Right-Back,Spain,2022-23,2023-24,20,21,Girona FC,Girona FC,2736,1242,3,0,4,2,7,2,0.099,0,0.132,0.145,0.23,0.145,-0.099,0.013,-0.085,Decline,2488,1024
285845,Ainsley Maitland-Niles,Defender,Right-Back,England,2023-24,2024-25,26,27,Olympique Lyon,Olympique Lyon,1432,1976,1,1,4,4,5,5,0.063,0.046,0.251,0.182,0.314,0.228,-0.017,-0.069,-0.086,Decline,2489,1023
331726,Tammy Abraham,Attack,Centre-Forward,England,2020-21,2021-22,23,24,Chelsea FC,Associazione Sportiva Roma,1034,3097,6,17,2,4,8,21,0.522,0.494,0.174,0.116,0.696,0.61,-0.028,-0.058,-0.086,Decline,2490,1022
85295,Iván Balliu,Defender,Right-Back,Albania,2021-22,2022-23,30,31,Rayo Vallecano,Rayo Vallecano,3148,3238,1,0,2,0,3,0,0.029,0,0.057,0,0.086,0,-0.029,-0.057,-0.086,Decline,2491,1021
465830,Mattéo Guendouzi,Midfield,Central Midfield,France,2021-22,2022-23,23,24,Olympique Marseille,Olympique Marseille,3154,2110,4,2,8,4,12,6,0.114,0.085,0.228,0.171,0.342,0.256,-0.029,-0.057,-0.086,Decline,2491,1021
487843,Lorenzo Colombo,Attack,Centre-Forward,Italy,2022-23,2023-24,21,22,US Lecce,AC Monza,1517,1366,5,4,2,1,7,5,0.297,0.264,0.119,0.066,0.415,0.329,-0.033,-0.053,-0.086,Decline,2492,1020
67556,Milan Djuric,Attack,Centre-Forward,Bosnia-Herzegovina,2023-24,2024-25,34,35,"AC Monza, Hellas Verona","AC Monza, Parma Calcio 1913",2464,1536,9,5,3,1,12,6,0.329,0.293,0.11,0.059,0.438,0.352,-0.036,-0.051,-0.086,Decline,2493,1019
204069,Milan Škriniar,Defender,Centre-Back,Slovakia,2021-22,2022-23,27,28,Inter Milan,Inter Milan,3150,1771,3,0,0,0,3,0,0.086,0,0,0,0.086,0,-0.086,0,-0.086,Decline,2494,1018
66106,Sergio Canales,Midfield,Attacking Midfield,Spain,2020-21,2021-22,30,31,Real Betis Balompié,Real Betis Balompié,2503,2803,8,5,6,8,14,13,0.288,0.161,0.216,0.257,0.503,0.417,-0.127,0.041,-0.086,Decline,2495,1017
290587,Ellyes Skhiri,Midfield,Defensive Midfield,Tunisia,2022-23,2023-24,28,29,1.FC Köln,Eintracht Frankfurt,2857,2171,7,2,1,2,8,4,0.221,0.083,0.032,0.083,0.252,0.166,-0.138,0.051,-0.086,Decline,2496,1016
95641,Darko Brasanac,Midfield,Central Midfield,Serbia,2020-21,2021-22,29,30,CA Osasuna,CA Osasuna,907,2411,2,1,0,2,2,3,0.198,0.037,0,0.075,0.198,0.112,-0.161,0.075,-0.086,Decline,2497,1015
126664,Lucas Digne,Defender,Left-Back,France,2021-22,2022-23,28,29,"Aston Villa, Everton FC",Aston Villa,2443,1500,0,1,4,0,4,1,0,0.06,0.147,0,0.147,0.06,0.06,-0.147,-0.087,Decline,2498,1014
468066,Jens Cajuste,Midfield,Defensive Midfield,Sweden,2023-24,2024-25,24,25,SSC Napoli,Ipswich Town,1010,1978,0,1,2,1,2,2,0,0.046,0.178,0.046,0.178,0.091,0.046,-0.132,-0.087,Decline,2499,1013
119211,Mitchell Weiser,Defender,Right-Back,Germany,2022-23,2023-24,29,30,SV Werder Bremen,SV Werder Bremen,2521,2640,2,3,10,7,12,10,0.071,0.102,0.357,0.239,0.428,0.341,0.031,-0.118,-0.087,Decline,2500,1012
53536,Tolgay Arslan,Midfield,Attacking Midfield,Germany,2021-22,2022-23,31,32,Udinese Calcio,Udinese Calcio,1669,1197,1,1,2,0,3,1,0.054,0.075,0.108,0,0.162,0.075,0.021,-0.108,-0.087,Decline,2501,1011
118689,Leonardo Spinazzola,Defender,Left-Back,Italy,2023-24,2024-25,31,32,Associazione Sportiva Roma,SSC Napoli,1315,1519,1,1,2,1,3,2,0.068,0.059,0.137,0.059,0.205,0.118,-0.009,-0.078,-0.087,Decline,2502,1010
69633,Christian Eriksen,Midfield,Attacking Midfield,Denmark,2021-22,2022-23,30,31,Brentford FC,Manchester United,938,2063,1,1,4,8,5,9,0.096,0.044,0.384,0.349,0.48,0.393,-0.052,-0.035,-0.087,Decline,2503,1009
516716,Bremer,Defender,Centre-Back,Brazil,2022-23,2023-24,26,27,Juventus FC,Juventus FC,2640,3234,4,3,1,0,5,3,0.136,0.083,0.034,0,0.17,0.083,-0.053,-0.034,-0.087,Decline,2504,1008
311178,Georgios Kyriakopoulos,Defender,Left-Back,Greece,2022-23,2023-24,27,28,"Bologna Football Club 1909, US Sassuolo",AC Monza,1477,1715,1,0,3,3,4,3,0.061,0,0.183,0.157,0.244,0.157,-0.061,-0.026,-0.087,Decline,2505,1007
552549,Matheus Henrique,Midfield,Central Midfield,Brazil,2022-23,2023-24,25,26,US Sassuolo,US Sassuolo,1952,2502,4,2,1,2,5,4,0.184,0.072,0.046,0.072,0.231,0.144,-0.112,0.026,-0.087,Decline,2506,1006
234802,Renaud Ripart,Attack,Right Winger,,2020-21,2021-22,28,29,Nîmes Olympique,ESTAC Troyes,3061,1904,11,2,0,3,11,5,0.323,0.095,0,0.142,0.323,0.236,-0.228,0.142,-0.087,Decline,2507,1005
378710,Richarlison,Attack,Centre-Forward,Brazil,2021-22,2022-23,25,26,Everton FC,Tottenham Hotspur,2528,1006,10,1,5,4,15,5,0.356,0.089,0.178,0.358,0.534,0.447,-0.267,0.18,-0.087,Decline,2508,1004
126664,Lucas Digne,Defender,Left-Back,France,2020-21,2021-22,27,28,Everton FC,"Aston Villa, Everton FC",2682,2443,0,0,7,4,7,4,0,0,0.235,0.147,0.235,0.147,0,-0.088,-0.088,Decline,2509,1003
413507,Nikola Milenković,Defender,Centre-Back,Serbia,2020-21,2021-22,23,24,ACF Fiorentina,ACF Fiorentina,3036,2929,3,1,1,0,4,1,0.089,0.031,0.03,0,0.119,0.031,-0.058,-0.03,-0.088,Decline,2510,1002
242497,Pere Pons,Midfield,Defensive Midfield,Spain,2020-21,2021-22,28,29,Deportivo Alavés,Deportivo Alavés,1180,1375,2,1,0,0,2,1,0.153,0.065,0,0,0.153,0.065,-0.088,0,-0.088,Decline,2511,1001
463603,Benoît Badiashile,Defender,Centre-Back,France,2022-23,2023-24,22,23,"AS Monaco, Chelsea FC",Chelsea FC,1743,1338,3,0,0,1,3,1,0.155,0,0,0.067,0.155,0.067,-0.155,0.067,-0.088,Decline,2512,1000
345886,Rubén Vargas,Attack,Left Winger,Switzerland,2023-24,2024-25,25,26,FC Augsburg,"FC Augsburg, Sevilla FC",1977,982,4,2,4,1,8,3,0.182,0.183,0.182,0.092,0.364,0.275,0.001,-0.09,-0.089,Decline,2513,999
471582,Zaydou Youssouf,Midfield,Central Midfield,Comoros,2020-21,2021-22,21,22,AS Saint-Étienne,AS Saint-Étienne,1222,1557,1,1,1,0,2,1,0.074,0.058,0.074,0,0.147,0.058,-0.016,-0.074,-0.089,Decline,2514,998
121477,Craig Dawson,Defender,Centre-Back,England,2021-22,2022-23,32,33,West Ham United,"West Ham United, Wolverhampton Wanderers",2754,2135,2,1,2,0,4,1,0.065,0.042,0.065,0,0.131,0.042,-0.023,-0.065,-0.089,Decline,2515,997
192009,Unai López,Midfield,Central Midfield,Spain,2022-23,2023-24,27,28,Rayo Vallecano,Rayo Vallecano,1241,2088,1,1,2,2,3,3,0.073,0.043,0.145,0.086,0.218,0.129,-0.03,-0.059,-0.089,Decline,2516,996
227084,Benedikt Gimber,Defender,Centre-Back,Germany,2023-24,2024-25,27,28,1. Fußballclub Heidenheim 1846,1. Fußballclub Heidenheim 1846,2026,2677,1,0,1,0,2,0,0.044,0,0.044,0,0.089,0,-0.044,-0.044,-0.089,Decline,2517,995
332697,Weston McKennie,Midfield,Central Midfield,United States,2021-22,2022-23,23,24,Juventus FC,"Juventus FC, Leeds United",1370,2498,3,1,0,2,3,3,0.197,0.036,0,0.072,0.197,0.108,-0.161,0.072,-0.089,Decline,2518,994
95810,Kieran Trippier,Defender,Right-Back,England,2020-21,2021-22,30,31,Atlético de Madrid,"Atlético de Madrid, Newcastle United",2477,1409,0,2,6,0,6,2,0,0.128,0.218,0,0.218,0.128,0.128,-0.218,-0.09,Decline,2519,993
333014,Sander Berge,Midfield,Defensive Midfield,Norway,2023-24,2024-25,26,27,Burnley FC,Fulham FC,3006,2227,1,0,2,0,3,0,0.03,0,0.06,0,0.09,0,-0.03,-0.06,-0.09,Decline,2520,992
200056,Elseid Hysaj,Defender,Right-Back,Albania,2022-23,2023-24,29,30,Società Sportiva Lazio S.p.A.,Società Sportiva Lazio S.p.A.,1994,1192,1,0,1,0,2,0,0.045,0,0.045,0,0.09,0,-0.045,-0.045,-0.09,Decline,2521,991
169880,Giovanni Di Lorenzo,Defender,Right-Back,Italy,2020-21,2021-22,27,28,SSC Napoli,SSC Napoli,3240,2873,3,1,7,5,10,6,0.083,0.031,0.194,0.157,0.278,0.188,-0.052,-0.037,-0.09,Decline,2522,990
298583,Eray Cömert,Defender,Centre-Back,Switzerland,2023-24,2024-25,26,27,FC Nantes,Real Valladolid CF,1998,1783,2,0,0,0,2,0,0.09,0,0,0,0.09,0,-0.09,0,-0.09,Decline,2523,989
335721,Ben White,Defender,Right-Back,England,2023-24,2024-25,26,27,Arsenal FC,Arsenal FC,2995,1198,4,0,4,2,8,2,0.12,0,0.12,0.15,0.24,0.15,-0.12,0.03,-0.09,Decline,2524,988
266795,Gonzalo Escalante,Midfield,Central Midfield,Argentina,2021-22,2022-23,29,30,"Deportivo Alavés, Società Sportiva Lazio S.p.A.","Cádiz CF, US Cremonese",1314,1682,5,4,1,2,6,6,0.342,0.214,0.068,0.107,0.411,0.321,-0.128,0.039,-0.09,Decline,2525,987
69751,Jordi Alba,Defender,Left-Back,Spain,2021-22,2022-23,33,34,FC Barcelona,FC Barcelona,2648,1418,2,2,10,3,12,5,0.068,0.127,0.34,0.19,0.408,0.317,0.059,-0.15,-0.091,Decline,2526,986
277167,Gian Marco Ferrari,Defender,Centre-Back,Italy,2020-21,2021-22,29,30,US Sassuolo,US Sassuolo,3015,3126,0,1,5,1,5,2,0,0.029,0.149,0.029,0.149,0.058,0.029,-0.12,-0.091,Decline,2527,985
255755,Alex Telles,Defender,Left-Back,Brazil,2021-22,2022-23,29,30,Manchester United,Sevilla FC,1660,1426,0,0,4,2,4,2,0,0,0.217,0.126,0.217,0.126,0,-0.091,-0.091,Decline,2528,984
161869,Djibril Sidibé,Defender,Right-Back,France,2020-21,2021-22,28,29,AS Monaco,AS Monaco,1976,950,0,0,2,0,2,0,0,0,0.091,0,0.091,0,0,-0.091,-0.091,Decline,2528,984
318204,David Raum,Defender,Left-Back,Germany,2023-24,2024-25,26,27,RB Leipzig,RB Leipzig,2745,1788,2,1,10,5,12,6,0.066,0.05,0.328,0.252,0.393,0.302,-0.016,-0.076,-0.091,Decline,2529,983
161011,Filip Kostić,Midfield,Left Midfield,Serbia,2021-22,2022-23,29,30,Eintracht Frankfurt,"Eintracht Frankfurt, Juventus FC",2524,2653,4,3,9,8,13,11,0.143,0.102,0.321,0.271,0.464,0.373,-0.041,-0.05,-0.091,Decline,2530,982
569389,Sofiane Diop,Attack,Left Winger,Morocco,2021-22,2022-23,22,23,AS Monaco,"AS Monaco, OGC Nice",1954,1297,6,2,5,4,11,6,0.276,0.139,0.23,0.278,0.507,0.416,-0.137,0.048,-0.091,Decline,2531,981
189441,Lucas Ocampos,Attack,Left Winger,Argentina,2022-23,2023-24,28,29,Sevilla FC,Sevilla FC,1164,2887,4,4,0,3,4,7,0.309,0.125,0,0.094,0.309,0.218,-0.184,0.094,-0.091,Decline,2532,980
557149,Kang-in Lee,Midfield,Attacking Midfield,"Korea, South",2020-21,2021-22,20,21,Valencia CF,RCD Mallorca,1268,1409,0,1,4,2,4,3,0,0.064,0.284,0.128,0.284,0.192,0.064,-0.156,-0.092,Decline,2533,979
27389,Kévin Gameiro,Attack,Centre-Forward,France,2021-22,2022-23,35,36,RC Strasbourg Alsace,RC Strasbourg Alsace,2396,2103,11,10,4,1,15,11,0.413,0.428,0.15,0.043,0.563,0.471,0.015,-0.107,-0.092,Decline,2534,978
274484,Youssouf Koné,Defender,Left-Back,Mali,2021-22,2022-23,26,27,ESTAC Troyes,AC Ajaccio,977,922,0,0,1,0,1,0,0,0,0.092,0,0.092,0,0,-0.092,-0.092,Decline,2535,977
386047,Axel Disasi,Defender,Centre-Back,France,2022-23,2023-24,25,26,AS Monaco,Chelsea FC,3330,2581,3,2,3,0,6,2,0.081,0.07,0.081,0,0.162,0.07,-0.011,-0.081,-0.092,Decline,2536,976
190284,Maximilian Eggestein,Midfield,Central Midfield,Germany,2020-21,2021-22,24,25,SV Werder Bremen,SC Freiburg,2943,2205,2,1,5,2,7,3,0.061,0.041,0.153,0.082,0.214,0.122,-0.02,-0.071,-0.092,Decline,2537,975
273152,Nemanja Maksimovic,Midfield,Central Midfield,Serbia,2021-22,2022-23,27,28,Getafe CF,Getafe CF,2943,2068,1,0,2,0,3,0,0.031,0,0.061,0,0.092,0,-0.031,-0.061,-0.092,Decline,2538,974
35047,Axel Witsel,Midfield,Defensive Midfield,Belgium,2021-22,2022-23,33,34,Borussia Dortmund,Atlético de Madrid,1947,2254,2,0,0,0,2,0,0.092,0,0,0,0.092,0,-0.092,0,-0.092,Decline,2539,973
45683,Manuel Gulde,Defender,Centre-Back,Germany,2020-21,2021-22,30,31,SC Freiburg,SC Freiburg,1959,1228,2,0,0,0,2,0,0.092,0,0,0,0.092,0,-0.092,0,-0.092,Decline,2539,973
306024,Dominic Calvert-Lewin,Attack,Centre-Forward,England,2023-24,2024-25,27,28,Everton FC,Everton FC,2186,1613,7,3,2,2,9,5,0.288,0.167,0.082,0.112,0.371,0.279,-0.121,0.03,-0.092,Decline,2540,972
42460,Ivan Perišić,Attack,Left Winger,Croatia,2021-22,2022-23,33,34,Inter Milan,Tottenham Hotspur,2839,2111,8,1,7,8,15,9,0.254,0.043,0.222,0.341,0.476,0.384,-0.211,0.119,-0.092,Decline,2541,971
202318,Farid Boulaya,Midfield,Attacking Midfield,Algeria,2020-21,2021-22,28,29,FC Metz,FC Metz,2823,1531,6,4,8,2,14,6,0.191,0.235,0.255,0.118,0.446,0.353,0.044,-0.137,-0.093,Decline,2542,970
35518,David Silva,Midfield,Attacking Midfield,Spain,2021-22,2022-23,36,37,Real Sociedad,Real Sociedad,1733,1958,2,2,6,5,8,7,0.104,0.092,0.312,0.23,0.415,0.322,-0.012,-0.082,-0.093,Decline,2543,969
332179,Matteo Pessina,Midfield,Central Midfield,Italy,2020-21,2021-22,24,25,Atalanta BC,Atalanta BC,1651,1445,2,1,2,1,4,2,0.109,0.062,0.109,0.062,0.218,0.125,-0.047,-0.047,-0.093,Decline,2544,968
648779,Wilfried Singo,Defender,Right-Back,Cote d'Ivoire,2022-23,2023-24,22,23,Torino FC,AS Monaco,2055,2187,2,1,2,1,4,2,0.088,0.041,0.088,0.041,0.175,0.082,-0.047,-0.047,-0.093,Decline,2544,968
199527,Jacob Murphy,Attack,Right Winger,England,2020-21,2021-22,26,27,Newcastle United,Newcastle United,1621,1460,2,1,3,2,5,3,0.111,0.062,0.167,0.123,0.278,0.185,-0.049,-0.044,-0.093,Decline,2545,967
280387,Vincent Sierro,Midfield,Central Midfield,Switzerland,2023-24,2024-25,28,29,FC Toulouse,FC Toulouse,2270,2410,6,5,2,1,8,6,0.238,0.187,0.079,0.037,0.317,0.224,-0.051,-0.042,-0.093,Decline,2546,966
52920,Marcelo,Defender,Centre-Back,Brazil,2020-21,2021-22,34,35,Olympique Lyon,"FC Girondins Bordeaux, Olympique Lyon",2913,1082,3,0,0,0,3,0,0.093,0,0,0,0.093,0,-0.093,0,-0.093,Decline,2547,965
46413,Ante Budimir,Attack,Centre-Forward,Croatia,2020-21,2021-22,29,30,CA Osasuna,CA Osasuna,1623,1740,11,8,0,2,11,10,0.61,0.414,0,0.103,0.61,0.517,-0.196,0.103,-0.093,Decline,2548,964
46001,Moussa Sissoko,Midfield,Central Midfield,France,2022-23,2023-24,33,34,FC Nantes,FC Nantes,1924,1824,2,0,0,0,2,0,0.094,0,0,0,0.094,0,-0.094,0,-0.094,Decline,2549,963
127076,Jérôme Roussillon,Defender,Left-Back,Guadeloupe,2020-21,2021-22,28,29,VfL Wolfsburg,VfL Wolfsburg,1231,1778,0,1,2,0,2,1,0,0.051,0.146,0,0.146,0.051,0.051,-0.146,-0.095,Decline,2550,962
288225,Ludovic Blas,Midfield,Right Midfield,France,2022-23,2023-24,25,26,FC Nantes,Stade Rennais FC,2818,1564,7,4,5,1,12,5,0.224,0.23,0.16,0.058,0.383,0.288,0.006,-0.102,-0.095,Decline,2551,961
475959,Josko Gvardiol,Defender,Centre-Back,Croatia,2023-24,2024-25,22,23,Manchester City,Manchester City,2329,3280,4,5,2,0,6,5,0.155,0.137,0.077,0,0.232,0.137,-0.018,-0.077,-0.095,Decline,2552,960
386446,Alessandro Buongiorno,Defender,Centre-Back,Italy,2023-24,2024-25,25,26,Torino FC,SSC Napoli,2530,1926,3,1,1,0,4,1,0.107,0.047,0.036,0,0.142,0.047,-0.06,-0.036,-0.095,Decline,2553,959
457221,Lucas Robertone,Midfield,Central Midfield,Argentina,2022-23,2023-24,26,27,UD Almería,UD Almería,2861,2391,2,0,7,5,9,5,0.063,0,0.22,0.188,0.283,0.188,-0.063,-0.032,-0.095,Decline,2554,958
538874,Terem Moffi,Attack,Centre-Forward,Nigeria,2022-23,2023-24,24,25,"FC Lorient, OGC Nice",OGC Nice,2730,1961,18,11,3,2,21,13,0.593,0.505,0.099,0.092,0.692,0.597,-0.088,-0.007,-0.095,Decline,2555,957
238266,Duje Caleta-Car,Defender,Centre-Back,Croatia,2022-23,2023-24,26,27,"Olympique Marseille, Southampton FC",Olympique Lyon,951,1992,1,0,0,0,1,0,0.095,0,0,0,0.095,0,-0.095,0,-0.095,Decline,2556,956
390688,Juan Iglesias,Defender,Right-Back,Spain,2023-24,2024-25,25,26,Getafe CF,Getafe CF,1416,2890,0,0,2,1,2,1,0,0,0.127,0.031,0.127,0.031,0,-0.096,-0.096,Decline,2557,955
785353,Pablo Ibáñez,Midfield,Central Midfield,Spain,2023-24,2024-25,25,26,CA Osasuna,CA Osasuna,1142,1289,1,1,2,1,3,2,0.079,0.07,0.158,0.07,0.236,0.14,-0.009,-0.088,-0.096,Decline,2558,954
606718,Toti,Defender,Centre-Back,Portugal,2023-24,2024-25,25,26,Wolverhampton Wanderers,Wolverhampton Wanderers,2776,2615,1,0,3,1,4,1,0.032,0,0.097,0.034,0.13,0.034,-0.032,-0.063,-0.096,Decline,2559,953
333241,Joelinton,Midfield,Central Midfield,Brazil,2020-21,2021-22,24,25,Newcastle United,Newcastle United,1988,2559,4,4,2,1,6,5,0.181,0.141,0.091,0.035,0.272,0.176,-0.04,-0.056,-0.096,Decline,2560,952
118850,Ivan Ordets,Defender,Centre-Back,Ukraine,2023-24,2024-25,31,32,VfL Bochum,VfL Bochum,1878,1865,1,0,1,0,2,0,0.048,0,0.048,0,0.096,0,-0.048,-0.048,-0.096,Decline,2561,951
142310,Willy Boly,Defender,Centre-Back,Cote d'Ivoire,2020-21,2021-22,30,31,Wolverhampton Wanderers,Wolverhampton Wanderers,1880,900,1,0,1,0,2,0,0.048,0,0.048,0,0.096,0,-0.048,-0.048,-0.096,Decline,2561,951
175722,Eric Dier,Defender,Centre-Back,England,2022-23,2023-24,29,30,Tottenham Hotspur,"Bayern Munich, Tottenham Hotspur",2816,1358,2,0,1,0,3,0,0.064,0,0.032,0,0.096,0,-0.064,-0.032,-0.096,Decline,2562,950
357003,Martin Erlić,Defender,Centre-Back,Croatia,2020-21,2021-22,23,24,Spezia Calcio,Spezia Calcio,1793,2578,3,2,1,1,4,3,0.151,0.07,0.05,0.035,0.201,0.105,-0.081,-0.015,-0.096,Decline,2563,949
164771,Jordan Veretout,Midfield,Central Midfield,France,2022-23,2023-24,30,31,Olympique Marseille,Olympique Marseille,2863,2184,4,1,3,2,7,3,0.126,0.041,0.094,0.082,0.22,0.124,-0.085,-0.012,-0.096,Decline,2564,948
193784,Carlos Clerc,Defender,Left-Back,Spain,2020-21,2021-22,29,30,Levante UD,Levante UD,2776,1517,0,0,3,0,3,0,0,0,0.097,0,0.097,0,0,-0.097,-0.097,Decline,2565,947
543387,Cheick Doucouré,Midfield,Defensive Midfield,Mali,2022-23,2023-24,23,24,Crystal Palace,Crystal Palace,2786,922,0,0,3,0,3,0,0,0,0.097,0,0.097,0,0,-0.097,-0.097,Decline,2565,947
603940,Marvin Park,Defender,Right-Back,Spain,2023-24,2024-25,23,24,UD Las Palmas,UD Las Palmas,1854,1029,0,0,2,0,2,0,0,0,0.097,0,0.097,0,0,-0.097,-0.097,Decline,2565,947
66100,Oriol Romeu,Midfield,Defensive Midfield,Spain,2023-24,2024-25,32,33,FC Barcelona,Girona FC,930,1359,0,0,1,0,1,0,0,0,0.097,0,0.097,0,0,-0.097,-0.097,Decline,2565,947
145707,Danilo,Defender,Centre-Back,Brazil,2022-23,2023-24,31,32,Juventus FC,Juventus FC,3182,2451,3,1,3,1,6,2,0.085,0.037,0.085,0.037,0.17,0.073,-0.048,-0.048,-0.097,Decline,2566,946
810092,Warren Zaïre-Emery,Midfield,Central Midfield,France,2023-24,2024-25,18,19,Paris Saint-Germain,Paris Saint-Germain,1962,2052,2,1,3,2,5,3,0.092,0.044,0.138,0.088,0.229,0.132,-0.048,-0.05,-0.097,Decline,2566,946
72441,Rafael Tolói,Defender,Centre-Back,Italy,2022-23,2023-24,32,33,Atalanta BC,Atalanta BC,2791,963,2,0,1,0,3,0,0.064,0,0.032,0,0.097,0,-0.064,-0.032,-0.097,Decline,2567,945
357662,Declan Rice,Midfield,Central Midfield,England,2023-24,2024-25,25,26,Arsenal FC,Arsenal FC,3231,2833,7,4,9,7,16,11,0.195,0.127,0.251,0.222,0.446,0.349,-0.068,-0.029,-0.097,Decline,2568,944
314398,Jae-sung Lee,Midfield,Attacking Midfield,"Korea, South",2022-23,2023-24,30,31,1.FSV Mainz 05,1.FSV Mainz 05,1904,2128,7,6,4,4,11,10,0.331,0.254,0.189,0.169,0.52,0.423,-0.077,-0.02,-0.097,Decline,2569,943
53622,İlkay Gündoğan,Midfield,Central Midfield,Germany,2023-24,2024-25,33,34,FC Barcelona,Manchester City,2998,2229,5,1,9,7,14,8,0.15,0.04,0.27,0.283,0.42,0.323,-0.11,0.013,-0.097,Decline,2570,942
316264,Martin Ødegaard,Midfield,Attacking Midfield,Norway,2023-24,2024-25,25,26,Arsenal FC,Arsenal FC,3104,2332,8,3,10,8,18,11,0.232,0.116,0.29,0.309,0.522,0.425,-0.116,0.019,-0.097,Decline,2571,941
177779,Janik Haberer,Midfield,Central Midfield,Germany,2022-23,2023-24,29,30,1.FC Union Berlin,1.FC Union Berlin,2214,1222,5,1,1,1,6,2,0.203,0.074,0.041,0.074,0.244,0.147,-0.129,0.033,-0.097,Decline,2572,940
193116,John McGinn,Midfield,Central Midfield,Scotland,2023-24,2024-25,29,30,Aston Villa,Aston Villa,3010,2231,6,1,4,4,10,5,0.179,0.04,0.12,0.161,0.299,0.202,-0.139,0.041,-0.097,Decline,2573,939
45403,André Ayew,Attack,Centre-Forward,Ghana,2023-24,2024-25,34,35,Le Havre AC,Le Havre AC,1105,1451,5,4,0,1,5,5,0.407,0.248,0,0.062,0.407,0.31,-0.159,0.062,-0.097,Decline,2574,938
57280,Giacomo Bonaventura,Midfield,Attacking Midfield,Italy,2021-22,2022-23,32,33,ACF Fiorentina,ACF Fiorentina,2280,1916,4,5,8,3,12,8,0.158,0.235,0.316,0.141,0.474,0.376,0.077,-0.175,-0.098,Decline,2575,937
336960,Giuseppe Pezzella,Defender,Left-Back,Italy,2022-23,2023-24,25,26,US Lecce,FC Empoli,919,1085,0,0,1,0,1,0,0,0,0.098,0,0.098,0,0,-0.098,-0.098,Decline,2576,936
646740,Gavi,Midfield,Central Midfield,Spain,2021-22,2022-23,17,18,FC Barcelona,FC Barcelona,2326,2545,2,2,6,4,8,6,0.077,0.071,0.232,0.141,0.31,0.212,-0.006,-0.091,-0.098,Decline,2577,935
474800,Facundo Medina,Defender,Centre-Back,Argentina,2023-24,2024-25,25,26,RC Lens,RC Lens,2714,2549,1,0,3,1,4,1,0.033,0,0.099,0.035,0.133,0.035,-0.033,-0.064,-0.098,Decline,2578,934
164770,Raphaël Varane,Defender,Centre-Back,France,2021-22,2022-23,29,30,Manchester United,Manchester United,1829,1917,1,0,1,0,2,0,0.049,0,0.049,0,0.098,0,-0.049,-0.049,-0.098,Decline,2579,933
524000,Dani Vivian,Defender,Centre-Back,Spain,2021-22,2022-23,22,23,Athletic Bilbao,Athletic Bilbao,1985,2374,2,1,1,0,3,1,0.091,0.038,0.045,0,0.136,0.038,-0.053,-0.045,-0.098,Decline,2580,932
48002,Angelo Ogbonna,Defender,Centre-Back,Italy,2021-22,2022-23,34,35,West Ham United,West Ham United,922,1236,1,0,0,0,1,0,0.098,0,0,0,0.098,0,-0.098,0,-0.098,Decline,2581,931
131075,Francesco Acerbi,Defender,Centre-Back,Italy,2023-24,2024-25,36,37,Inter Milan,Inter Milan,2386,1709,3,0,1,1,4,1,0.113,0,0.038,0.053,0.151,0.053,-0.113,0.015,-0.098,Decline,2582,930
177467,Gerard Moreno,Attack,Centre-Forward,Spain,2022-23,2023-24,31,32,Villarreal CF,Villarreal CF,1231,2276,7,10,3,6,10,16,0.512,0.395,0.219,0.237,0.731,0.633,-0.117,0.018,-0.098,Decline,2583,929
375382,André Almeida,Midfield,Attacking Midfield,Portugal,2023-24,2024-25,24,25,Valencia CF,Valencia CF,969,1988,2,0,1,4,3,4,0.186,0,0.093,0.181,0.279,0.181,-0.186,0.088,-0.098,Decline,2584,928
68390,Séamus Coleman,Defender,Right-Back,Ireland,2020-21,2021-22,32,33,Everton FC,Everton FC,1612,2658,0,1,3,1,3,2,0,0.034,0.167,0.034,0.167,0.068,0.034,-0.133,-0.099,Decline,2585,927
249126,Harry Winks,Midfield,Defensive Midfield,England,2021-22,2022-23,26,27,Tottenham Hotspur,UC Sampdoria,907,1719,0,0,1,0,1,0,0,0,0.099,0,0.099,0,0,-0.099,-0.099,Decline,2586,926
73185,Lucas Pérez,Attack,Centre-Forward,Spain,2020-21,2021-22,32,33,Deportivo Alavés,"Cádiz CF, Elche CF",1768,2340,4,5,4,3,8,8,0.204,0.192,0.204,0.115,0.407,0.308,-0.012,-0.089,-0.099,Decline,2587,925
175449,Moi Gómez,Midfield,Attacking Midfield,Spain,2021-22,2022-23,28,29,Villarreal CF,CA Osasuna,1277,2460,2,3,2,2,4,5,0.141,0.11,0.141,0.073,0.282,0.183,-0.031,-0.068,-0.099,Decline,2588,924
92947,Sergi Gómez,Defender,Centre-Back,Spain,2021-22,2022-23,30,31,RCD Espanyol Barcelona,RCD Espanyol Barcelona,2724,2342,1,0,2,0,3,0,0.033,0,0.066,0,0.099,0,-0.033,-0.066,-0.099,Decline,2589,923
182712,João Cancelo,Defender,Right-Back,Portugal,2022-23,2023-24,29,30,"Bayern Munich, Manchester City",FC Barcelona,2291,2508,3,2,5,4,8,6,0.118,0.072,0.196,0.144,0.314,0.215,-0.046,-0.052,-0.099,Decline,2590,922
159372,Felipe Anderson,Attack,Left Winger,Brazil,2022-23,2023-24,30,31,Società Sportiva Lazio S.p.A.,Società Sportiva Lazio S.p.A.,2966,2783,9,5,6,6,15,11,0.273,0.162,0.182,0.194,0.455,0.356,-0.111,0.012,-0.099,Decline,2591,921
51471,Mateo Kovacic,Midfield,Central Midfield,Croatia,2022-23,2023-24,29,30,Chelsea FC,Manchester City,1705,1548,1,1,2,0,3,1,0.053,0.058,0.106,0,0.158,0.058,0.005,-0.106,-0.1,Decline,2592,920
252667,Fali,Defender,Centre-Back,Spain,2021-22,2022-23,28,29,Cádiz CF,Cádiz CF,1809,1722,0,0,2,0,2,0,0,0,0.1,0,0.1,0,0,-0.1,-0.1,Decline,2593,919
341278,Iván Martín,Midfield,Central Midfield,Spain,2022-23,2023-24,24,25,Girona FC,Girona FC,1594,2747,3,5,4,4,7,9,0.169,0.164,0.226,0.131,0.395,0.295,-0.005,-0.095,-0.1,Decline,2594,918
297070,Hamari Traoré,Defender,Right-Back,Mali,2022-23,2023-24,31,32,Stade Rennais FC,Real Sociedad,2531,2296,1,0,4,2,5,2,0.036,0,0.142,0.078,0.178,0.078,-0.036,-0.064,-0.1,Decline,2595,917
221322,José Gayà,Defender,Left-Back,Spain,2023-24,2024-25,29,30,Valencia CF,Valencia CF,1797,1810,1,0,2,1,3,1,0.05,0,0.1,0.05,0.15,0.05,-0.05,-0.05,-0.1,Decline,2596,916
480692,Luis Díaz,Attack,Left Winger,Colombia,2022-23,2023-24,26,27,Liverpool FC,Liverpool FC,997,2646,4,8,2,5,6,13,0.361,0.272,0.181,0.17,0.542,0.442,-0.089,-0.011,-0.1,Decline,2597,915
202228,Milos Veljkovic,Defender,Centre-Back,Serbia,2023-24,2024-25,28,29,SV Werder Bremen,SV Werder Bremen,1921,1029,2,0,2,1,4,1,0.094,0,0.094,0.087,0.187,0.087,-0.094,-0.007,-0.1,Decline,2598,914
250779,Brendan Chardonnet,Defender,Centre-Back,France,2021-22,2022-23,27,28,Stade Brestois 29,Stade Brestois 29,2687,2489,3,0,0,0,3,0,0.1,0,0,0,0.1,0,-0.1,0,-0.1,Decline,2599,913
479999,Eberechi Eze,Midfield,Attacking Midfield,England,2023-24,2024-25,26,27,Crystal Palace,Crystal Palace,2066,2603,11,8,4,8,15,16,0.479,0.277,0.174,0.277,0.653,0.553,-0.202,0.103,-0.1,Decline,2600,912
14086,Ashley Young,Defender,Right-Back,England,2021-22,2022-23,36,37,Aston Villa,Aston Villa,1238,2038,0,1,2,0,2,1,0,0.044,0.145,0,0.145,0.044,0.044,-0.145,-0.101,Decline,2601,911
187492,Julian Brandt,Midfield,Attacking Midfield,Germany,2021-22,2022-23,26,27,Borussia Dortmund,Borussia Dortmund,2082,2412,9,9,8,8,17,17,0.389,0.336,0.346,0.299,0.735,0.634,-0.053,-0.047,-0.101,Decline,2602,910
196792,Julian Weigl,Midfield,Defensive Midfield,Germany,2023-24,2024-25,28,29,Borussia Mönchengladbach,Borussia Mönchengladbach,2766,2888,2,0,3,2,5,2,0.065,0,0.098,0.062,0.163,0.062,-0.065,-0.036,-0.101,Decline,2603,909
236490,Ola Aina,Defender,Right-Back,Nigeria,2020-21,2021-22,24,25,Fulham FC,Torino FC,2670,1443,2,0,1,0,3,0,0.067,0,0.034,0,0.101,0,-0.067,-0.034,-0.101,Decline,2604,908
386047,Axel Disasi,Defender,Centre-Back,France,2020-21,2021-22,23,24,AS Monaco,AS Monaco,2016,2724,3,1,0,0,3,1,0.134,0.033,0,0,0.134,0.033,-0.101,0,-0.101,Decline,2605,907
91845,Heung-min Son,Attack,Left Winger,"Korea, South",2023-24,2024-25,31,32,Tottenham Hotspur,Tottenham Hotspur,2948,2117,17,7,10,10,27,17,0.519,0.298,0.305,0.425,0.824,0.723,-0.221,0.12,-0.101,Decline,2606,906
332889,Valentin Rongier,Midfield,Central Midfield,France,2020-21,2021-22,26,27,Olympique Marseille,Olympique Marseille,1894,2196,1,0,2,1,3,1,0.048,0,0.095,0.041,0.143,0.041,-0.048,-0.054,-0.102,Decline,2607,905
142031,Omar Mascarell,Midfield,Defensive Midfield,Equatorial Guinea,2020-21,2021-22,28,29,FC Schalke 04,Elche CF,1767,2506,1,0,1,0,2,0,0.051,0,0.051,0,0.102,0,-0.051,-0.051,-0.102,Decline,2608,904
177467,Gerard Moreno,Attack,Centre-Forward,Spain,2020-21,2021-22,29,30,Villarreal CF,Villarreal CF,2682,1194,23,9,7,3,30,12,0.772,0.678,0.235,0.226,1.007,0.905,-0.094,-0.009,-0.102,Decline,2609,903
125103,Marvin Ducksch,Attack,Centre-Forward,Germany,2023-24,2024-25,30,31,SV Werder Bremen,SV Werder Bremen,2713,2435,12,8,10,9,22,17,0.398,0.296,0.332,0.333,0.73,0.628,-0.102,0.001,-0.102,Decline,2610,902
893675,Amir Richardson,Midfield,Central Midfield,Morocco,2023-24,2024-25,22,23,Stade Reims,ACF Fiorentina,1350,1091,3,1,1,1,4,2,0.2,0.082,0.067,0.082,0.267,0.165,-0.118,0.015,-0.102,Decline,2611,901
89733,Álex Fernández,Midfield,Central Midfield,Spain,2022-23,2023-24,30,31,Cádiz CF,Cádiz CF,1574,1282,3,0,0,1,3,1,0.172,0,0,0.07,0.172,0.07,-0.172,0.07,-0.102,Decline,2612,900
126665,Idrissa Gueye,Midfield,Defensive Midfield,Senegal,2023-24,2024-25,34,35,Everton FC,Everton FC,1893,3070,4,0,0,3,4,3,0.19,0,0,0.088,0.19,0.088,-0.19,0.088,-0.102,Decline,2613,899
7161,Jonas Hofmann,Midfield,Attacking Midfield,Germany,2020-21,2021-22,28,29,Borussia Mönchengladbach,Borussia Mönchengladbach,1825,2081,6,12,11,5,17,17,0.296,0.519,0.542,0.216,0.838,0.735,0.223,-0.326,-0.103,Decline,2614,898
177843,Domenico Berardi,Attack,Right Winger,Italy,2021-22,2022-23,27,28,US Sassuolo,US Sassuolo,2836,1872,15,12,17,7,32,19,0.476,0.577,0.539,0.337,1.016,0.913,0.101,-0.202,-0.103,Decline,2615,897
326330,Frenkie de Jong,Midfield,Central Midfield,Netherlands,2022-23,2023-24,26,27,FC Barcelona,FC Barcelona,2538,1637,2,2,4,0,6,2,0.071,0.11,0.142,0,0.213,0.11,0.039,-0.142,-0.103,Decline,2616,896
95424,Kyle Walker,Defender,Right-Back,England,2021-22,2022-23,32,33,Manchester City,Manchester City,1755,1956,0,0,2,0,2,0,0,0,0.103,0,0.103,0,0,-0.103,-0.103,Decline,2617,895
281989,Luis Milla,Midfield,Central Midfield,Spain,2022-23,2023-24,28,29,Getafe CF,Getafe CF,1863,2123,0,0,3,1,3,1,0,0,0.145,0.042,0.145,0.042,0,-0.103,-0.103,Decline,2617,895
314353,Trent Alexander-Arnold,Defender,Right-Back,England,2021-22,2022-23,23,24,Liverpool FC,Liverpool FC,2854,2931,2,2,12,9,14,11,0.063,0.061,0.378,0.276,0.441,0.338,-0.002,-0.102,-0.103,Decline,2618,894
238639,Steve Mounié,Attack,Centre-Forward,Benin,2021-22,2022-23,27,28,Stade Brestois 29,Stade Brestois 29,2312,1662,9,6,2,0,11,6,0.35,0.325,0.078,0,0.428,0.325,-0.025,-0.078,-0.103,Decline,2619,893
303259,Dodi Lukébakio,Attack,Right Winger,Belgium,2023-24,2024-25,26,27,Sevilla FC,Sevilla FC,1124,3103,5,11,1,2,6,13,0.4,0.319,0.08,0.058,0.48,0.377,-0.081,-0.022,-0.103,Decline,2620,892
274461,Felix Passlack,Defender,Right-Back,Germany,2023-24,2024-25,26,27,VfL Bochum,VfL Bochum,967,2345,2,1,2,6,4,7,0.186,0.038,0.186,0.23,0.372,0.269,-0.148,0.044,-0.103,Decline,2621,891
170472,Dimitri Foulquier,Defender,Right-Back,Guadeloupe,2022-23,2023-24,30,31,Valencia CF,Valencia CF,1727,1833,0,0,2,0,2,0,0,0,0.104,0,0.104,0,0,-0.104,-0.104,Decline,2622,890
184894,Alfred Duncan,Midfield,Central Midfield,Ghana,2021-22,2022-23,29,30,ACF Fiorentina,ACF Fiorentina,1934,1104,2,1,2,0,4,1,0.093,0.082,0.093,0,0.186,0.082,-0.011,-0.093,-0.104,Decline,2623,889
585949,Pierre Kalulu,Defender,Centre-Back,France,2021-22,2022-23,22,23,AC Milan,AC Milan,1939,2543,1,1,2,0,3,1,0.046,0.035,0.093,0,0.139,0.035,-0.011,-0.093,-0.104,Decline,2623,889
454863,András Schäfer,Midfield,Central Midfield,Hungary,2023-24,2024-25,25,26,1.FC Union Berlin,1.FC Union Berlin,1219,1537,1,1,2,1,3,2,0.074,0.059,0.148,0.059,0.221,0.117,-0.015,-0.089,-0.104,Decline,2624,888
111266,Anthony Losilla,Midfield,Defensive Midfield,France,2023-24,2024-25,38,39,VfL Bochum,VfL Bochum,2587,1138,1,0,2,0,3,0,0.035,0,0.07,0,0.104,0,-0.035,-0.07,-0.104,Decline,2625,887
293169,Josip Brekalo,Attack,Left Winger,Croatia,2020-21,2021-22,23,24,VfL Wolfsburg,"Torino FC, VfL Wolfsburg",1824,2313,7,7,3,3,10,10,0.345,0.272,0.148,0.117,0.493,0.389,-0.073,-0.031,-0.104,Decline,2626,886
93844,Leonardo Bittencourt,Midfield,Central Midfield,Germany,2022-23,2023-24,29,30,SV Werder Bremen,SV Werder Bremen,1641,1584,3,1,2,2,5,3,0.165,0.057,0.11,0.114,0.274,0.17,-0.108,0.004,-0.104,Decline,2627,885
258889,Dominic Solanke,Attack,Centre-Forward,England,2023-24,2024-25,26,27,AFC Bournemouth,Tottenham Hotspur,3333,2206,19,9,3,3,22,12,0.513,0.367,0.081,0.122,0.594,0.49,-0.146,0.041,-0.104,Decline,2628,884
406040,Ademola Lookman,Attack,Left Winger,Nigeria,2023-24,2024-25,26,27,Atalanta BC,Atalanta BC,1901,2265,11,15,8,5,19,20,0.521,0.596,0.379,0.199,0.9,0.795,0.075,-0.18,-0.105,Decline,2629,883
142021,Sergi Darder,Midfield,Central Midfield,Spain,2021-22,2022-23,28,29,RCD Espanyol Barcelona,RCD Espanyol Barcelona,3115,3326,3,6,10,4,13,10,0.087,0.162,0.289,0.108,0.376,0.271,0.075,-0.181,-0.105,Decline,2629,883
322305,Jean-Victor Makengo,Midfield,Attacking Midfield,France,2021-22,2022-23,24,25,Udinese Calcio,"FC Lorient, Udinese Calcio",2360,1876,1,0,3,1,4,1,0.038,0,0.114,0.048,0.153,0.048,-0.038,-0.066,-0.105,Decline,2630,882
594997,Yohann Magnin,Midfield,Defensive Midfield,France,2021-22,2022-23,25,26,Clermont Foot 63,Clermont Foot 63,1716,2391,1,0,1,0,2,0,0.052,0,0.052,0,0.105,0,-0.052,-0.052,-0.105,Decline,2631,881
376514,Mathías Olivera,Defender,Left-Back,Uruguay,2022-23,2023-24,25,26,SSC Napoli,SSC Napoli,1635,1572,2,1,2,1,4,2,0.11,0.057,0.11,0.057,0.22,0.115,-0.053,-0.053,-0.105,Decline,2632,880
127187,Abdoulaye Doucouré,Midfield,Attacking Midfield,Mali,2022-23,2023-24,30,31,Everton FC,Everton FC,1530,2642,5,7,2,2,7,9,0.294,0.238,0.118,0.068,0.412,0.307,-0.056,-0.05,-0.105,Decline,2633,879
357003,Martin Erlić,Defender,Centre-Back,Croatia,2021-22,2022-23,24,25,Spezia Calcio,US Sassuolo,2578,2332,2,0,1,0,3,0,0.07,0,0.035,0,0.105,0,-0.07,-0.035,-0.105,Decline,2634,878
240786,Riccardo Gagliolo,Defender,Centre-Back,Sweden,2020-21,2021-22,31,32,Parma Calcio 1913,US Salernitana 1919,1955,1135,2,0,2,1,4,1,0.092,0,0.092,0.079,0.184,0.079,-0.092,-0.013,-0.105,Decline,2635,877
186590,John Stones,Defender,Centre-Back,England,2020-21,2021-22,27,28,Manchester City,Manchester City,1934,1118,4,1,0,0,4,1,0.186,0.081,0,0,0.186,0.081,-0.105,0,-0.105,Decline,2636,876
175446,Jonny Otto,Defender,Right-Back,Spain,2021-22,2022-23,28,29,Wolverhampton Wanderers,Wolverhampton Wanderers,1023,1262,2,1,0,0,2,1,0.176,0.071,0,0,0.176,0.071,-0.105,0,-0.105,Decline,2636,876
306024,Dominic Calvert-Lewin,Attack,Centre-Forward,England,2020-21,2021-22,24,25,Everton FC,Everton FC,2876,1287,16,5,3,2,19,7,0.501,0.35,0.094,0.14,0.595,0.49,-0.151,0.046,-0.105,Decline,2637,875
644401,Keane Lewis-Potter,Midfield,Left Midfield,England,2023-24,2024-25,23,24,Brentford FC,Brentford FC,1441,3100,3,1,1,4,4,5,0.187,0.029,0.062,0.116,0.25,0.145,-0.158,0.054,-0.105,Decline,2638,874
522784,Taty Castellanos,Attack,Centre-Forward,Argentina,2022-23,2023-24,24,25,Girona FC,Società Sportiva Lazio S.p.A.,2620,1677,13,4,1,3,14,7,0.447,0.215,0.034,0.161,0.481,0.376,-0.232,0.127,-0.105,Decline,2639,873
338424,Mikel Merino,Midfield,Central Midfield,Spain,2022-23,2023-24,27,28,Real Sociedad,Real Sociedad,2498,2485,2,5,9,3,11,8,0.072,0.181,0.324,0.109,0.396,0.29,0.109,-0.215,-0.106,Decline,2640,872
578872,Jean Lucas,Midfield,Central Midfield,Brazil,2020-21,2021-22,23,24,"Olympique Lyon, Stade Brestois 29",AS Monaco,1176,1449,0,1,3,1,3,2,0,0.062,0.23,0.062,0.23,0.124,0.062,-0.168,-0.106,Decline,2641,871
220878,Issiaga Sylla,Defender,Left-Back,Guinea,2023-24,2024-25,30,31,Montpellier HSC,Montpellier HSC,1457,1133,1,1,2,0,3,1,0.062,0.079,0.124,0,0.185,0.079,0.017,-0.124,-0.106,Decline,2642,870
93707,Christian Günter,Defender,Left-Back,Germany,2023-24,2024-25,31,32,SC Freiburg,SC Freiburg,1066,2324,1,2,3,4,4,6,0.084,0.077,0.253,0.155,0.338,0.232,-0.007,-0.098,-0.106,Decline,2643,869
309400,Kai Havertz,Attack,Centre-Forward,Germany,2023-24,2024-25,25,26,Arsenal FC,Arsenal FC,2640,1875,13,9,7,3,20,12,0.443,0.432,0.239,0.144,0.682,0.576,-0.011,-0.095,-0.106,Decline,2644,868
344888,Habib Diallo,Attack,Centre-Forward,Senegal,2021-22,2022-23,27,28,RC Strasbourg Alsace,RC Strasbourg Alsace,1536,2880,11,20,2,1,13,21,0.645,0.625,0.117,0.031,0.762,0.656,-0.02,-0.086,-0.106,Decline,2645,867
191614,Fred,Midfield,Central Midfield,Brazil,2021-22,2022-23,29,30,Manchester United,Manchester United,2035,1233,4,2,5,2,9,4,0.177,0.146,0.221,0.146,0.398,0.292,-0.031,-0.075,-0.106,Decline,2646,866
450417,Dylan Bronn,Defender,Centre-Back,Tunisia,2021-22,2022-23,27,28,FC Metz,US Salernitana 1919,2545,1683,1,0,2,0,3,0,0.035,0,0.071,0,0.106,0,-0.035,-0.071,-0.106,Decline,2647,865
183288,Luke Shaw,Defender,Left-Back,England,2022-23,2023-24,27,28,Manchester United,Manchester United,2556,963,1,0,2,0,3,0,0.035,0,0.07,0,0.106,0,-0.035,-0.07,-0.106,Decline,2647,865
84765,Francesco Caputo,Attack,Centre-Forward,Italy,2022-23,2023-24,35,36,"FC Empoli, UC Sampdoria",FC Empoli,2822,1274,6,3,4,0,10,3,0.191,0.212,0.128,0,0.319,0.212,0.021,-0.128,-0.107,Decline,2648,864
319859,Mathias Jensen,Midfield,Central Midfield,Denmark,2022-23,2023-24,27,28,Brentford FC,Brentford FC,2831,2221,5,3,6,3,11,6,0.159,0.122,0.191,0.122,0.35,0.243,-0.037,-0.069,-0.107,Decline,2649,863
386552,Lassana Coulibaly,Midfield,Central Midfield,Mali,2020-21,2021-22,25,26,Angers SCO,US Salernitana 1919,1686,2338,1,0,1,0,2,0,0.053,0,0.053,0,0.107,0,-0.053,-0.053,-0.107,Decline,2650,862
251075,Zeki Çelik,Defender,Right-Back,Türkiye,2021-22,2022-23,25,26,LOSC Lille,Associazione Sportiva Roma,2699,1504,2,0,3,1,5,1,0.067,0,0.1,0.06,0.167,0.06,-0.067,-0.04,-0.107,Decline,2651,861
275249,Niklas Schmidt,Midfield,Central Midfield,Germany,2022-23,2023-24,25,26,SV Werder Bremen,FC Toulouse,1083,1267,3,1,0,1,3,2,0.249,0.071,0,0.071,0.249,0.142,-0.178,0.071,-0.107,Decline,2652,860
188888,Sheraldo Becker,Attack,Left Winger,Suriname,2023-24,2024-25,29,30,"1.FC Union Berlin, Real Sociedad",Real Sociedad,1421,994,2,2,4,1,6,3,0.127,0.181,0.253,0.091,0.38,0.272,0.054,-0.162,-0.108,Decline,2653,859
654539,Adrien Truffert,Defender,Left-Back,France,2022-23,2023-24,21,22,Stade Rennais FC,Stade Rennais FC,1960,2145,0,1,6,3,6,4,0,0.042,0.276,0.126,0.276,0.168,0.042,-0.15,-0.108,Decline,2654,858
39728,Mats Hummels,Defender,Centre-Back,Germany,2021-22,2022-23,33,34,Borussia Dortmund,Borussia Dortmund,1767,2019,1,1,2,0,3,1,0.051,0.045,0.102,0,0.153,0.045,-0.006,-0.102,-0.108,Decline,2655,857
130765,Stuart Armstrong,Midfield,Central Midfield,Scotland,2020-21,2021-22,29,30,Southampton FC,Southampton FC,2774,1470,4,2,5,1,9,3,0.13,0.122,0.162,0.061,0.292,0.184,-0.008,-0.101,-0.108,Decline,2656,856
475959,Josko Gvardiol,Defender,Centre-Back,Croatia,2021-22,2022-23,20,21,RB Leipzig,RB Leipzig,2413,2170,2,1,2,0,4,1,0.075,0.041,0.075,0,0.149,0.041,-0.034,-0.075,-0.108,Decline,2657,855
469050,Nathan Collins,Defender,Centre-Back,Ireland,2021-22,2022-23,21,22,Burnley FC,Wolverhampton Wanderers,1670,1812,2,0,0,0,2,0,0.108,0,0,0,0.108,0,-0.108,0,-0.108,Decline,2658,854
289446,Yerry Mina,Defender,Centre-Back,Colombia,2023-24,2024-25,29,30,"ACF Fiorentina, Cagliari Calcio",Cagliari Calcio,1259,2576,2,1,0,0,2,1,0.143,0.035,0,0,0.143,0.035,-0.108,0,-0.108,Decline,2658,854
344381,Christopher Nkunku,Attack,Centre-Forward,France,2021-22,2022-23,24,25,RB Leipzig,RB Leipzig,2733,1897,20,16,15,6,35,22,0.659,0.759,0.494,0.285,1.153,1.044,0.1,-0.209,-0.109,Decline,2659,853
258039,Aurélio Buta,Defender,Right-Back,Portugal,2023-24,2024-25,27,28,Eintracht Frankfurt,Stade Reims,1747,1977,1,0,2,1,3,1,0.052,0,0.103,0.046,0.155,0.046,-0.052,-0.057,-0.109,Decline,2660,852
149498,Gabriel Paulista,Defender,Centre-Back,Brazil,2021-22,2022-23,31,32,Valencia CF,Valencia CF,1596,1504,2,1,1,0,3,1,0.113,0.06,0.056,0,0.169,0.06,-0.053,-0.056,-0.109,Decline,2661,851
392768,Callum Hudson-Odoi,Attack,Left Winger,England,2023-24,2024-25,23,24,Nottingham Forest,Nottingham Forest,1857,2205,8,5,1,3,9,8,0.388,0.204,0.048,0.122,0.436,0.327,-0.184,0.074,-0.109,Decline,2662,850
186590,John Stones,Defender,Centre-Back,England,2022-23,2023-24,29,30,Manchester City,Manchester City,1848,1064,2,1,2,0,4,1,0.097,0.085,0.097,0,0.195,0.085,-0.012,-0.097,-0.11,Decline,2663,849
94201,Robin Knoche,Defender,Centre-Back,Germany,2022-23,2023-24,31,32,1.FC Union Berlin,1.FC Union Berlin,2874,1918,2,1,3,0,5,1,0.063,0.047,0.094,0,0.157,0.047,-0.016,-0.094,-0.11,Decline,2664,848
480763,Juan Foyth,Defender,Centre-Back,Argentina,2023-24,2024-25,26,27,Villarreal CF,Villarreal CF,1062,1517,1,1,1,0,2,1,0.085,0.059,0.085,0,0.169,0.059,-0.026,-0.085,-0.11,Decline,2665,847
469669,Yvan Neyou,Midfield,Defensive Midfield,Cameroon,2020-21,2021-22,24,25,AS Saint-Étienne,AS Saint-Étienne,2452,940,1,0,2,0,3,0,0.037,0,0.073,0,0.11,0,-0.037,-0.073,-0.11,Decline,2666,846
248732,Paweł Dawidowicz,Defender,Centre-Back,Poland,2022-23,2023-24,28,29,Hellas Verona,Hellas Verona,1634,2143,1,0,1,0,2,0,0.055,0,0.055,0,0.11,0,-0.055,-0.055,-0.11,Decline,2667,845
251876,Pablo Maffeo,Defender,Right-Back,Argentina,2023-24,2024-25,26,27,RCD Mallorca,RCD Mallorca,1455,2375,1,0,2,2,3,2,0.062,0,0.124,0.076,0.186,0.076,-0.062,-0.048,-0.11,Decline,2668,844
372246,Carlos Soler,Midfield,Central Midfield,Spain,2022-23,2023-24,26,27,"Paris Saint-Germain, Valencia CF",Paris Saint-Germain,1428,1089,4,2,3,2,7,4,0.252,0.165,0.189,0.165,0.441,0.331,-0.087,-0.024,-0.11,Decline,2669,843
575998,Leonardo Balerdi,Defender,Centre-Back,Argentina,2020-21,2021-22,22,23,Olympique Marseille,Olympique Marseille,1634,949,2,0,0,0,2,0,0.11,0,0,0,0.11,0,-0.11,0,-0.11,Decline,2670,842
338425,Álex Berenguer,Attack,Left Winger,Spain,2020-21,2021-22,25,26,"Athletic Bilbao, Torino FC",Athletic Bilbao,2422,2172,8,3,5,6,13,9,0.297,0.124,0.186,0.249,0.483,0.373,-0.173,0.063,-0.11,Decline,2671,841
296397,Arne Maier,Midfield,Central Midfield,Germany,2021-22,2022-23,23,24,FC Augsburg,FC Augsburg,1872,1971,1,5,7,1,8,6,0.048,0.228,0.337,0.046,0.385,0.274,0.18,-0.291,-0.111,Decline,2672,840
623570,Iliman Ndiaye,Attack,Right Winger,Senegal,2023-24,2024-25,24,25,Olympique Marseille,Everton FC,1625,2440,3,9,5,0,8,9,0.166,0.332,0.277,0,0.443,0.332,0.166,-0.277,-0.111,Decline,2673,839
175639,Jonathan Clauss,Defender,Right-Back,France,2022-23,2023-24,30,31,Olympique Marseille,Olympique Marseille,2602,2071,2,3,10,4,12,7,0.069,0.13,0.346,0.174,0.415,0.304,0.061,-0.172,-0.111,Decline,2674,838
86202,Antonio Rüdiger,Defender,Centre-Back,Germany,2021-22,2022-23,29,30,Chelsea FC,Real Madrid,3036,2411,3,1,2,0,5,1,0.089,0.037,0.059,0,0.148,0.037,-0.052,-0.059,-0.111,Decline,2675,837
232418,Ondrej Duda,Midfield,Central Midfield,Slovakia,2021-22,2022-23,27,28,1.FC Köln,"1.FC Köln, Hellas Verona",1625,1759,2,0,0,0,2,0,0.111,0,0,0,0.111,0,-0.111,0,-0.111,Decline,2676,836
214532,Pierrick Capelle,Midfield,Central Midfield,France,2020-21,2021-22,34,35,Angers SCO,Angers SCO,2052,1187,3,0,3,2,6,2,0.132,0,0.132,0.152,0.263,0.152,-0.132,0.02,-0.111,Decline,2677,835
335225,Manu Morlanes,Midfield,Central Midfield,Spain,2023-24,2024-25,25,26,RCD Mallorca,RCD Mallorca,1610,1340,0,0,2,0,2,0,0,0,0.112,0,0.112,0,0,-0.112,-0.112,Decline,2678,834
583404,Marcus Pedersen,Defender,Right-Back,Norway,2023-24,2024-25,23,24,US Sassuolo,Torino FC,1606,1357,0,0,2,0,2,0,0,0,0.112,0,0.112,0,0,-0.112,-0.112,Decline,2678,834
480692,Luis Díaz,Attack,Left Winger,Colombia,2021-22,2022-23,25,26,Liverpool FC,Liverpool FC,963,997,4,4,3,2,7,6,0.374,0.361,0.28,0.181,0.654,0.542,-0.013,-0.099,-0.112,Decline,2679,833
82105,Joel Matip,Defender,Centre-Back,Cameroon,2021-22,2022-23,30,31,Liverpool FC,Liverpool FC,2790,1093,3,1,3,0,6,1,0.097,0.082,0.097,0,0.194,0.082,-0.015,-0.097,-0.112,Decline,2680,832
18644,Álvaro Negredo,Attack,Centre-Forward,Spain,2020-21,2021-22,35,36,Cádiz CF,Cádiz CF,2216,2159,8,7,4,2,12,9,0.325,0.292,0.162,0.083,0.487,0.375,-0.033,-0.079,-0.112,Decline,2681,831
344069,Anton Stach,Midfield,Defensive Midfield,Germany,2023-24,2024-25,25,26,"1.FSV Mainz 05, TSG 1899 Hoffenheim",TSG 1899 Hoffenheim,2497,2590,2,1,4,2,6,3,0.072,0.035,0.144,0.069,0.216,0.104,-0.037,-0.075,-0.112,Decline,2682,830
223974,Stefan Posch,Defender,Centre-Back,Austria,2023-24,2024-25,27,28,Bologna Football Club 1909,"Atalanta BC, Bologna Football Club 1909",2418,1097,1,0,2,0,3,0,0.037,0,0.074,0,0.112,0,-0.037,-0.074,-0.112,Decline,2682,830
199733,Danilo Cataldi,Midfield,Defensive Midfield,Italy,2021-22,2022-23,27,28,Società Sportiva Lazio S.p.A.,Società Sportiva Lazio S.p.A.,1712,1941,1,0,2,1,3,1,0.053,0,0.105,0.046,0.158,0.046,-0.053,-0.059,-0.112,Decline,2683,829
520624,Bruno Guimarães,Midfield,Central Midfield,Brazil,2023-24,2024-25,26,27,Newcastle United,Newcastle United,3269,3287,7,5,8,6,15,11,0.193,0.137,0.22,0.164,0.413,0.301,-0.056,-0.056,-0.112,Decline,2684,828
368482,Riccardo Orsolini,Attack,Right Winger,Italy,2020-21,2021-22,24,25,Bologna Football Club 1909,Bologna Football Club 1909,1755,1793,7,6,4,3,11,9,0.359,0.301,0.205,0.151,0.564,0.452,-0.058,-0.054,-0.112,Decline,2685,827
250845,José María Giménez,Defender,Centre-Back,Uruguay,2022-23,2023-24,28,29,Atlético de Madrid,Atlético de Madrid,2421,1323,2,0,1,0,3,0,0.074,0,0.037,0,0.112,0,-0.074,-0.037,-0.112,Decline,2686,826
364135,Moise Kean,Attack,Centre-Forward,Italy,2021-22,2022-23,22,23,"Everton FC, Juventus FC",Juventus FC,1091,988,5,6,3,0,8,6,0.412,0.547,0.247,0,0.66,0.547,0.135,-0.247,-0.113,Decline,2687,825
711544,Jake O'Brien,Defender,Right-Back,Ireland,2023-24,2024-25,23,24,Olympique Lyon,Everton FC,2370,1569,4,2,2,0,6,2,0.152,0.115,0.076,0,0.228,0.115,-0.037,-0.076,-0.113,Decline,2688,824
241076,Emmanuel Gyasi,Midfield,Right Midfield,Ghana,2021-22,2022-23,28,29,Spezia Calcio,Spezia Calcio,3044,2833,6,2,0,0,6,2,0.177,0.064,0,0,0.177,0.064,-0.113,0,-0.113,Decline,2689,823
283628,Tomáš Souček,Midfield,Defensive Midfield,Czech Republic,2020-21,2021-22,26,27,West Ham United,West Ham United,3420,3062,10,5,1,1,11,6,0.263,0.147,0.026,0.029,0.289,0.176,-0.116,0.003,-0.113,Decline,2690,822
214775,Óliver Torres,Midfield,Central Midfield,Spain,2022-23,2023-24,28,29,Sevilla FC,Sevilla FC,2149,1623,3,0,1,1,4,1,0.126,0,0.042,0.055,0.168,0.055,-0.126,0.013,-0.113,Decline,2691,821
303254,Fikayo Tomori,Defender,Centre-Back,England,2023-24,2024-25,26,27,AC Milan,AC Milan,2125,1594,4,0,0,1,4,1,0.169,0,0,0.056,0.169,0.056,-0.169,0.056,-0.113,Decline,2692,820
216569,Jérémie Boga,Attack,Left Winger,Cote d'Ivoire,2020-21,2021-22,24,25,US Sassuolo,"Atalanta BC, US Sassuolo",1792,1436,4,0,2,3,6,3,0.201,0,0.1,0.188,0.301,0.188,-0.201,0.088,-0.113,Decline,2693,819
124555,Cristiano Biraghi,Defender,Left-Back,Italy,2020-21,2021-22,28,29,ACF Fiorentina,ACF Fiorentina,2808,3165,1,4,7,1,8,5,0.032,0.114,0.224,0.028,0.256,0.142,0.082,-0.196,-0.114,Decline,2694,818
189441,Lucas Ocampos,Attack,Left Winger,Argentina,2021-22,2022-23,27,28,Sevilla FC,Sevilla FC,2127,1164,6,4,4,0,10,4,0.254,0.309,0.169,0,0.423,0.309,0.055,-0.169,-0.114,Decline,2695,817
378953,Gerzino Nyamsi,Defender,Centre-Back,Cameroon,2022-23,2023-24,26,27,RC Strasbourg Alsace,RC Strasbourg Alsace,1579,1093,1,0,1,0,2,0,0.057,0,0.057,0,0.114,0,-0.057,-0.057,-0.114,Decline,2696,816
111195,Joël Veltman,Defender,Right-Back,Netherlands,2023-24,2024-25,32,33,Brighton & Hove Albion,Brighton & Hove Albion,1582,1699,1,0,1,0,2,0,0.057,0,0.057,0,0.114,0,-0.057,-0.057,-0.114,Decline,2696,816
503987,Noni Madueke,Attack,Right Winger,England,2023-24,2024-25,22,23,Chelsea FC,Chelsea FC,1053,2047,5,7,2,4,7,11,0.427,0.308,0.171,0.176,0.598,0.484,-0.119,0.005,-0.114,Decline,2697,815
303116,Gaetano Castrovilli,Midfield,Central Midfield,Italy,2020-21,2021-22,24,25,ACF Fiorentina,ACF Fiorentina,2347,1398,5,1,3,2,8,3,0.192,0.064,0.115,0.129,0.307,0.193,-0.128,0.014,-0.114,Decline,2698,814
607223,Rayan Cherki,Midfield,Attacking Midfield,France,2022-23,2023-24,19,20,Olympique Lyon,Olympique Lyon,1871,1718,4,1,6,6,10,7,0.192,0.052,0.289,0.314,0.481,0.367,-0.14,0.025,-0.114,Decline,2699,813
293194,Borna Sosa,Defender,Left-Back,Croatia,2020-21,2021-22,23,24,VfB Stuttgart,VfB Stuttgart,2048,2500,0,1,10,8,10,9,0,0.036,0.439,0.288,0.439,0.324,0.036,-0.151,-0.115,Decline,2700,812
412363,Rodrygo,Attack,Right Winger,Brazil,2022-23,2023-24,22,23,Real Madrid,Real Madrid,2381,2391,9,10,9,5,18,15,0.34,0.376,0.34,0.188,0.68,0.565,0.036,-0.152,-0.115,Decline,2700,812
624037,Joris Chotard,Midfield,Defensive Midfield,France,2022-23,2023-24,21,22,Montpellier HSC,Montpellier HSC,2465,2593,0,0,6,3,6,3,0,0,0.219,0.104,0.219,0.104,0,-0.115,-0.115,Decline,2701,811
93604,Lukas Kübler,Defender,Right-Back,Germany,2022-23,2023-24,30,31,SC Freiburg,SC Freiburg,1645,1848,2,1,1,0,3,1,0.109,0.049,0.055,0,0.164,0.049,-0.06,-0.055,-0.115,Decline,2702,810
466805,Nico González,Midfield,Defensive Midfield,Spain,2021-22,2022-23,20,21,FC Barcelona,Valencia CF,1111,1409,2,1,1,1,3,2,0.162,0.064,0.081,0.064,0.243,0.128,-0.098,-0.017,-0.115,Decline,2703,809
392775,Ryan Sessegnon,Defender,Left-Back,England,2020-21,2021-22,21,22,TSG 1899 Hoffenheim,Tottenham Hotspur,1573,1053,2,0,3,2,5,2,0.114,0,0.172,0.171,0.286,0.171,-0.114,-0.001,-0.115,Decline,2704,808
246291,Diego Llorente,Defender,Centre-Back,Spain,2021-22,2022-23,28,29,Leeds United,"Associazione Sportiva Roma, Leeds United",2343,1222,3,0,0,0,3,0,0.115,0,0,0,0.115,0,-0.115,0,-0.115,Decline,2705,807
250426,Adam Armstrong,Attack,Centre-Forward,England,2021-22,2022-23,25,26,Southampton FC,Southampton FC,1415,1334,2,2,3,1,5,3,0.127,0.135,0.191,0.067,0.318,0.202,0.008,-0.124,-0.116,Decline,2706,806
111038,Dennis Appiah,Defender,Right-Back,France,2020-21,2021-22,29,30,FC Nantes,FC Nantes,1553,2093,0,0,2,0,2,0,0,0,0.116,0,0.116,0,0,-0.116,-0.116,Decline,2707,805
470794,Ivan Ilić,Midfield,Central Midfield,Serbia,2023-24,2024-25,23,24,Torino FC,Torino FC,2100,916,3,1,2,0,5,1,0.129,0.098,0.086,0,0.214,0.098,-0.031,-0.086,-0.116,Decline,2708,804
170953,Stéphane Bahoken,Attack,Centre-Forward,Cameroon,2020-21,2021-22,29,30,Angers SCO,Angers SCO,1621,1096,6,3,2,1,8,4,0.333,0.246,0.111,0.082,0.444,0.328,-0.087,-0.029,-0.116,Decline,2709,803
182913,Adrien Rabiot,Midfield,Central Midfield,France,2020-21,2021-22,26,27,Juventus FC,Juventus FC,2313,2292,4,0,1,2,5,2,0.156,0,0.039,0.079,0.195,0.079,-0.156,0.04,-0.116,Decline,2710,802
369081,Federico Valverde,Midfield,Central Midfield,Uruguay,2022-23,2023-24,24,25,Real Madrid,Real Madrid,2510,2911,7,2,4,7,11,9,0.251,0.062,0.143,0.216,0.394,0.278,-0.189,0.073,-0.116,Decline,2711,801
108354,Jordan Ayew,Attack,Centre-Forward,Ghana,2023-24,2024-25,32,33,Crystal Palace,"Crystal Palace, Leicester City",2551,1663,4,5,7,0,11,5,0.141,0.271,0.247,0,0.388,0.271,0.13,-0.247,-0.117,Decline,2712,800
309110,Brais Méndez,Midfield,Attacking Midfield,Spain,2023-24,2024-25,27,28,Real Sociedad,Real Sociedad,2419,1540,5,3,6,2,11,5,0.186,0.175,0.223,0.117,0.409,0.292,-0.011,-0.106,-0.117,Decline,2713,799
381950,Alexis Saelemaekers,Midfield,Right Midfield,Belgium,2020-21,2021-22,22,23,AC Milan,AC Milan,2032,1865,2,1,5,3,7,4,0.089,0.048,0.221,0.145,0.31,0.193,-0.041,-0.076,-0.117,Decline,2714,798
93720,Alexandre Lacazette,Attack,Centre-Forward,France,2023-24,2024-25,33,34,Olympique Lyon,Olympique Lyon,2305,2061,19,15,3,2,22,17,0.742,0.655,0.117,0.087,0.859,0.742,-0.087,-0.03,-0.117,Decline,2715,797
338668,Senne Lynen,Midfield,Defensive Midfield,Belgium,2023-24,2024-25,25,26,SV Werder Bremen,SV Werder Bremen,1793,2748,0,0,3,1,3,1,0,0,0.151,0.033,0.151,0.033,0,-0.118,-0.118,Decline,2716,796
203746,Ruben Aguilar,Defender,Right-Back,France,2020-21,2021-22,28,29,AS Monaco,AS Monaco,2228,2138,1,0,4,2,5,2,0.04,0,0.162,0.084,0.202,0.084,-0.04,-0.078,-0.118,Decline,2717,795
324358,Ollie Watkins,Attack,Centre-Forward,England,2020-21,2021-22,25,26,Aston Villa,Aston Villa,3329,2955,14,11,5,2,19,13,0.378,0.335,0.135,0.061,0.514,0.396,-0.043,-0.074,-0.118,Decline,2718,794
59016,David Alaba,Defender,Centre-Back,Austria,2022-23,2023-24,31,32,Real Madrid,Real Madrid,1839,1156,1,0,3,1,4,1,0.049,0,0.147,0.078,0.196,0.078,-0.049,-0.069,-0.118,Decline,2719,793
148153,Lewis Dunk,Defender,Centre-Back,England,2020-21,2021-22,29,30,Brighton & Hove Albion,Brighton & Hove Albion,2933,2574,5,1,0,0,5,1,0.153,0.035,0,0,0.153,0.035,-0.118,0,-0.118,Decline,2720,792
331726,Tammy Abraham,Attack,Centre-Forward,England,2021-22,2022-23,24,25,Associazione Sportiva Roma,Associazione Sportiva Roma,3097,2194,17,8,4,4,21,12,0.494,0.328,0.116,0.164,0.61,0.492,-0.166,0.048,-0.118,Decline,2721,791
395083,Andreaw Gravillon,Defender,Centre-Back,Guadeloupe,2020-21,2021-22,23,24,FC Lorient,Stade Reims,2274,2141,1,0,2,0,3,0,0.04,0,0.079,0,0.119,0,-0.04,-0.079,-0.119,Decline,2722,790
223979,Xaver Schlager,Midfield,Central Midfield,Austria,2020-21,2021-22,23,24,VfL Wolfsburg,VfL Wolfsburg,2639,1048,2,0,4,1,6,1,0.068,0,0.136,0.086,0.205,0.086,-0.068,-0.05,-0.119,Decline,2723,789
533662,Cameron Archer,Attack,Centre-Forward,England,2023-24,2024-25,22,23,"Aston Villa, Sheffield United",Southampton FC,1840,1433,4,2,1,0,5,2,0.196,0.126,0.049,0,0.245,0.126,-0.07,-0.049,-0.119,Decline,2724,788
575998,Leonardo Balerdi,Defender,Centre-Back,Argentina,2023-24,2024-25,25,26,Olympique Marseille,Olympique Marseille,2275,2276,2,0,1,0,3,0,0.079,0,0.04,0,0.119,0,-0.079,-0.04,-0.119,Decline,2725,787
564529,Victor Kristiansen,Defender,Left-Back,Denmark,2023-24,2024-25,21,22,Bologna Football Club 1909,Leicester City,2312,2489,0,0,4,1,4,1,0,0,0.156,0.036,0.156,0.036,0,-0.12,-0.12,Decline,2726,786
196357,Jonathan Tah,Defender,Centre-Back,Germany,2021-22,2022-23,26,27,Bayer 04 Leverkusen,Bayer 04 Leverkusen,2882,2485,2,1,3,0,5,1,0.062,0.036,0.094,0,0.156,0.036,-0.026,-0.094,-0.12,Decline,2727,785
555820,Martín Payero,Midfield,Central Midfield,Argentina,2023-24,2024-25,25,26,Udinese Calcio,Udinese Calcio,1801,1383,2,1,3,1,5,2,0.1,0.065,0.15,0.065,0.25,0.13,-0.035,-0.085,-0.12,Decline,2728,784
321528,Denzel Dumfries,Defender,Right-Back,Netherlands,2021-22,2022-23,26,27,Inter Milan,Inter Milan,2026,2223,5,1,5,7,10,8,0.222,0.04,0.222,0.283,0.444,0.324,-0.182,0.061,-0.12,Decline,2729,783
412363,Rodrygo,Attack,Right Winger,Brazil,2020-21,2021-22,20,21,Real Madrid,Real Madrid,980,1552,1,4,6,5,7,9,0.092,0.232,0.551,0.29,0.643,0.522,0.14,-0.261,-0.121,Decline,2730,782
129674,Jeremy Toljan,Defender,Right-Back,Germany,2020-21,2021-22,26,27,US Sassuolo,US Sassuolo,1493,1399,0,0,2,0,2,0,0,0,0.121,0,0.121,0,0,-0.121,-0.121,Decline,2731,781
157672,Vladimír Coufal,Defender,Right-Back,Czech Republic,2021-22,2022-23,29,30,West Ham United,West Ham United,2211,2139,0,0,4,1,4,1,0,0,0.163,0.042,0.163,0.042,0,-0.121,-0.121,Decline,2731,781
344069,Anton Stach,Midfield,Defensive Midfield,Germany,2021-22,2022-23,23,24,1.FSV Mainz 05,1.FSV Mainz 05,1863,2078,1,1,6,4,7,5,0.048,0.043,0.29,0.173,0.338,0.217,-0.005,-0.117,-0.121,Decline,2732,780
386455,Riccardo Sottil,Attack,Left Winger,Italy,2023-24,2024-25,25,26,ACF Fiorentina,"AC Milan, ACF Fiorentina",1108,947,2,1,3,2,5,3,0.162,0.095,0.244,0.19,0.406,0.285,-0.067,-0.054,-0.121,Decline,2733,779
596122,Pep Chavarría,Defender,Left-Back,Spain,2023-24,2024-25,26,27,Rayo Vallecano,Rayo Vallecano,1156,2583,1,0,1,1,2,1,0.078,0,0.078,0.035,0.156,0.035,-0.078,-0.043,-0.121,Decline,2734,778
463618,Khéphren Thuram,Midfield,Central Midfield,France,2021-22,2022-23,21,22,OGC Nice,OGC Nice,1897,2558,4,2,3,4,7,6,0.19,0.07,0.142,0.141,0.332,0.211,-0.12,-0.001,-0.121,Decline,2735,777
73926,Davide Faraoni,Defender,Right-Back,Italy,2022-23,2023-24,31,32,Hellas Verona,"ACF Fiorentina, Hellas Verona",1489,993,2,0,3,2,5,2,0.121,0,0.181,0.181,0.302,0.181,-0.121,0,-0.121,Decline,2736,776
225657,Philipp Lienhart,Defender,Centre-Back,Austria,2021-22,2022-23,25,26,SC Freiburg,SC Freiburg,2871,2498,5,1,0,0,5,1,0.157,0.036,0,0,0.157,0.036,-0.121,0,-0.121,Decline,2736,776
65230,Sergio Busquets,Midfield,Defensive Midfield,Spain,2020-21,2021-22,32,33,FC Barcelona,FC Barcelona,2528,3202,0,2,5,0,5,2,0,0.056,0.178,0,0.178,0.056,0.056,-0.178,-0.122,Decline,2737,775
339699,Giovanni González,Defender,Right-Back,Uruguay,2022-23,2023-24,28,29,RCD Mallorca,RCD Mallorca,923,2464,0,1,2,1,2,2,0,0.037,0.195,0.037,0.195,0.073,0.037,-0.158,-0.122,Decline,2738,774
282250,Birger Meling,Defender,Left-Back,Norway,2021-22,2022-23,27,28,Stade Rennais FC,Stade Rennais FC,1826,1199,0,0,4,1,4,1,0,0,0.197,0.075,0.197,0.075,0,-0.122,-0.122,Decline,2739,773
290862,Maxime Lopez,Midfield,Defensive Midfield,France,2021-22,2022-23,24,25,US Sassuolo,US Sassuolo,2939,2297,2,0,2,0,4,0,0.061,0,0.061,0,0.122,0,-0.061,-0.061,-0.122,Decline,2740,772
659516,Warren Bondo,Midfield,Central Midfield,France,2023-24,2024-25,20,21,AC Monza,"AC Milan, AC Monza",1471,1785,1,0,1,0,2,0,0.061,0,0.061,0,0.122,0,-0.061,-0.061,-0.122,Decline,2740,772
93720,Alexandre Lacazette,Attack,Centre-Forward,France,2022-23,2023-24,32,33,Olympique Lyon,Olympique Lyon,2935,2305,27,19,5,3,32,22,0.828,0.742,0.153,0.117,0.981,0.859,-0.086,-0.036,-0.122,Decline,2741,771
182913,Adrien Rabiot,Midfield,Central Midfield,France,2022-23,2023-24,28,29,Juventus FC,Juventus FC,2751,2652,8,5,4,3,12,8,0.262,0.17,0.131,0.102,0.393,0.271,-0.092,-0.029,-0.122,Decline,2742,770
93740,Willi Orbán,Defender,Centre-Back,Hungary,2022-23,2023-24,30,31,RB Leipzig,RB Leipzig,2951,1583,4,0,0,0,4,0,0.122,0,0,0,0.122,0,-0.122,0,-0.122,Decline,2743,769
434990,Álex Sola,Attack,Right Winger,Spain,2023-24,2024-25,25,26,"Deportivo Alavés, Real Sociedad",Getafe CF,1286,1037,0,0,3,1,3,1,0,0,0.21,0.087,0.21,0.087,0,-0.123,-0.123,Decline,2744,768
178459,Davie Selke,Attack,Centre-Forward,Germany,2022-23,2023-24,28,29,"1.FC Köln, Hertha BSC",1.FC Köln,1151,1273,6,6,1,0,7,6,0.469,0.424,0.078,0,0.547,0.424,-0.045,-0.078,-0.123,Decline,2745,767
162434,Niklas Stark,Defender,Centre-Back,Germany,2023-24,2024-25,29,30,SV Werder Bremen,SV Werder Bremen,1087,2111,2,0,0,1,2,1,0.166,0,0,0.043,0.166,0.043,-0.166,0.043,-0.123,Decline,2746,766
467992,Samuele Ricci,Midfield,Defensive Midfield,Italy,2023-24,2024-25,22,23,Torino FC,Torino FC,2401,2839,1,1,4,1,5,2,0.037,0.032,0.15,0.032,0.187,0.063,-0.005,-0.118,-0.124,Decline,2747,765
232454,Nadiem Amiri,Midfield,Central Midfield,Germany,2020-21,2021-22,24,25,Bayer 04 Leverkusen,"Bayer 04 Leverkusen, Genoa CFC",1886,1046,2,1,6,2,8,3,0.095,0.086,0.286,0.172,0.382,0.258,-0.009,-0.114,-0.124,Decline,2748,764
401624,Edgar González,Defender,Centre-Back,Spain,2021-22,2022-23,25,26,Real Betis Balompié,Real Betis Balompié,1457,1770,1,0,1,0,2,0,0.062,0,0.062,0,0.124,0,-0.062,-0.062,-0.124,Decline,2749,763
156501,Felipe,Defender,Centre-Back,Brazil,2021-22,2022-23,33,34,Atlético de Madrid,"Atlético de Madrid, Nottingham Forest",1498,1612,2,0,1,1,3,1,0.12,0,0.06,0.056,0.18,0.056,-0.12,-0.004,-0.124,Decline,2750,762
351816,Ismaël Bennacer,Midfield,Defensive Midfield,Algeria,2023-24,2024-25,26,27,AC Milan,"AC Milan, Olympique Marseille",1151,952,2,0,2,2,4,2,0.156,0,0.156,0.189,0.313,0.189,-0.156,0.033,-0.124,Decline,2751,761
153084,Leon Goretzka,Midfield,Central Midfield,Germany,2021-22,2022-23,27,28,Bayern Munich,Bayern Munich,1405,1737,3,3,3,2,6,5,0.192,0.155,0.192,0.104,0.384,0.259,-0.037,-0.088,-0.125,Decline,2752,760
92571,Aaron Cresswell,Defender,Left-Back,England,2021-22,2022-23,32,33,West Ham United,West Ham United,2728,2237,2,0,3,1,5,1,0.066,0,0.099,0.04,0.165,0.04,-0.066,-0.059,-0.125,Decline,2753,759
148153,Lewis Dunk,Defender,Centre-Back,England,2023-24,2024-25,32,33,Brighton & Hove Albion,Brighton & Hove Albion,2872,2083,3,0,1,0,4,0,0.094,0,0.031,0,0.125,0,-0.094,-0.031,-0.125,Decline,2754,758
330352,Raúl Guti,Midfield,Central Midfield,Spain,2020-21,2021-22,24,25,Elche CF,Elche CF,2875,1624,3,0,1,0,4,0,0.094,0,0.031,0,0.125,0,-0.094,-0.031,-0.125,Decline,2754,758
119037,Philipp Hofmann,Attack,Centre-Forward,Germany,2023-24,2024-25,31,32,VfL Bochum,VfL Bochum,1576,2288,4,3,3,4,7,7,0.228,0.118,0.171,0.157,0.4,0.275,-0.11,-0.014,-0.125,Decline,2755,757
144028,Leandro Trossard,Attack,Left Winger,Belgium,2022-23,2023-24,28,29,"Arsenal FC, Brighton & Hove Albion",Arsenal FC,2257,1646,8,12,13,1,21,13,0.319,0.656,0.518,0.055,0.837,0.711,0.337,-0.463,-0.126,Decline,2756,756
289592,Orel Mangala,Midfield,Defensive Midfield,Belgium,2021-22,2022-23,24,25,VfB Stuttgart,Nottingham Forest,1863,1555,1,1,4,1,5,2,0.048,0.058,0.193,0.058,0.242,0.116,0.01,-0.135,-0.126,Decline,2757,755
463618,Khéphren Thuram,Midfield,Central Midfield,France,2022-23,2023-24,22,23,OGC Nice,OGC Nice,2558,2114,2,1,4,1,6,2,0.07,0.043,0.141,0.043,0.211,0.085,-0.027,-0.098,-0.126,Decline,2758,754
93935,Sergio Escudero,Defender,Left-Back,Spain,2021-22,2022-23,32,33,Granada CF,Real Valladolid CF,1427,1439,2,1,1,0,3,1,0.126,0.063,0.063,0,0.189,0.063,-0.063,-0.063,-0.126,Decline,2759,753
413507,Nikola Milenković,Defender,Centre-Back,Serbia,2022-23,2023-24,25,26,ACF Fiorentina,ACF Fiorentina,2136,2505,2,0,1,0,3,0,0.084,0,0.042,0,0.126,0,-0.084,-0.042,-0.126,Decline,2760,752
212847,Adam Webster,Defender,Centre-Back,England,2021-22,2022-23,27,28,Brighton & Hove Albion,Brighton & Hove Albion,1432,1987,2,0,0,0,2,0,0.126,0,0,0,0.126,0,-0.126,0,-0.126,Decline,2761,751
7161,Jonas Hofmann,Midfield,Attacking Midfield,Germany,2022-23,2023-24,30,31,Borussia Mönchengladbach,Bayer 04 Leverkusen,2693,2216,12,5,10,10,22,15,0.401,0.203,0.334,0.406,0.735,0.609,-0.198,0.072,-0.126,Decline,2762,750
185077,Vincenzo Grifo,Attack,Left Winger,Italy,2022-23,2023-24,30,31,SC Freiburg,SC Freiburg,2431,2345,15,8,5,8,20,16,0.555,0.307,0.185,0.307,0.74,0.614,-0.248,0.122,-0.126,Decline,2763,749
459658,Andrea Cambiaso,Defender,Left-Back,Italy,2021-22,2022-23,22,23,Genoa CFC,Bologna Football Club 1909,1790,2170,1,0,4,3,5,3,0.05,0,0.201,0.124,0.251,0.124,-0.05,-0.077,-0.127,Decline,2764,748
568559,Radu Drăgușin,Defender,Centre-Back,Romania,2023-24,2024-25,22,23,"Genoa CFC, Tottenham Hotspur",Tottenham Hotspur,2134,1251,2,0,1,0,3,0,0.084,0,0.042,0,0.127,0,-0.084,-0.042,-0.127,Decline,2765,747
93740,Willi Orbán,Defender,Centre-Back,Hungary,2020-21,2021-22,28,29,RB Leipzig,RB Leipzig,2362,2646,4,2,2,1,6,3,0.152,0.068,0.076,0.034,0.229,0.102,-0.084,-0.042,-0.127,Decline,2765,747
176553,Aymeric Laporte,Defender,Centre-Back,Spain,2021-22,2022-23,28,29,Manchester City,Manchester City,2834,993,4,0,0,0,4,0,0.127,0,0,0,0.127,0,-0.127,0,-0.127,Decline,2766,746
533738,Jonathan David,Attack,Centre-Forward,Canada,2020-21,2021-22,21,22,LOSC Lille,LOSC Lille,2368,2812,13,15,3,0,16,15,0.494,0.48,0.114,0,0.608,0.48,-0.014,-0.114,-0.128,Decline,2767,745
355915,Cristian Romero,Defender,Centre-Back,Argentina,2020-21,2021-22,23,24,Atalanta BC,Tottenham Hotspur,2547,1846,2,1,3,0,5,1,0.071,0.049,0.106,0,0.177,0.049,-0.022,-0.106,-0.128,Decline,2768,744
405398,Takefusa Kubo,Attack,Right Winger,Japan,2022-23,2023-24,22,23,Real Sociedad,Real Sociedad,2454,2156,9,7,7,4,16,11,0.33,0.292,0.257,0.167,0.587,0.459,-0.038,-0.09,-0.128,Decline,2769,743
410425,Yves Bissouma,Midfield,Defensive Midfield,Mali,2021-22,2022-23,25,26,Brighton & Hove Albion,Tottenham Hotspur,2116,1004,1,0,2,0,3,0,0.043,0,0.085,0,0.128,0,-0.043,-0.085,-0.128,Decline,2770,742
85383,Rubén Sobrino,Attack,Centre-Forward,Spain,2022-23,2023-24,31,32,Cádiz CF,Cádiz CF,2470,1662,3,0,2,1,5,1,0.109,0,0.073,0.054,0.182,0.054,-0.109,-0.019,-0.128,Decline,2771,741
336125,Mërgim Vojvoda,Defender,Right-Back,Kosovo,2020-21,2021-22,26,27,Torino FC,Torino FC,1365,1980,2,0,2,3,4,3,0.132,0,0.132,0.136,0.264,0.136,-0.132,0.004,-0.128,Decline,2772,740
342405,Mattias Svanberg,Midfield,Central Midfield,Sweden,2020-21,2021-22,22,23,Bologna Football Club 1909,Bologna Football Club 1909,1862,2574,5,3,2,3,7,6,0.242,0.105,0.097,0.105,0.338,0.21,-0.137,0.008,-0.128,Decline,2773,739
103565,Wahbi Khazri,Attack,Left Winger,Tunisia,2021-22,2022-23,31,32,AS Saint-Étienne,Montpellier HSC,2238,1642,10,4,0,1,10,5,0.402,0.219,0,0.055,0.402,0.274,-0.183,0.055,-0.128,Decline,2774,738
268670,Gerard Gumbau,Midfield,Defensive Midfield,Spain,2022-23,2023-24,28,29,Elche CF,Granada CF,2744,2685,1,0,6,3,7,3,0.033,0,0.197,0.101,0.23,0.101,-0.033,-0.096,-0.129,Decline,2775,737
124028,Ismaily,Defender,Left-Back,Brazil,2022-23,2023-24,33,34,LOSC Lille,LOSC Lille,1785,2467,2,1,2,1,4,2,0.101,0.036,0.101,0.036,0.202,0.073,-0.065,-0.065,-0.129,Decline,2776,736
278359,Borja Iglesias,Attack,Centre-Forward,Spain,2020-21,2021-22,28,29,Real Betis Balompié,Real Betis Balompié,1411,1571,11,10,0,0,11,10,0.702,0.573,0,0,0.702,0.573,-0.129,0,-0.129,Decline,2777,735
199704,Yunis Abdelhamid,Defender,Centre-Back,Morocco,2023-24,2024-25,36,37,Stade Reims,AS Saint-Étienne,2782,1003,4,0,0,0,4,0,0.129,0,0,0,0.129,0,-0.129,0,-0.129,Decline,2777,735
288230,Ousmane Dembélé,Attack,Centre-Forward,France,2021-22,2022-23,25,26,FC Barcelona,FC Barcelona,1411,1415,1,5,13,7,14,12,0.064,0.318,0.829,0.445,0.893,0.763,0.254,-0.384,-0.13,Decline,2778,734
95424,Kyle Walker,Defender,Right-Back,England,2023-24,2024-25,34,35,Manchester City,"AC Milan, Manchester City",2768,1625,0,0,4,0,4,0,0,0,0.13,0,0.13,0,0,-0.13,-0.13,Decline,2779,733
245744,Takuma Asano,Attack,Right Winger,Japan,2021-22,2022-23,27,28,VfL Bochum,VfL Bochum,1617,1728,3,3,4,2,7,5,0.167,0.156,0.223,0.104,0.39,0.26,-0.011,-0.119,-0.13,Decline,2780,732
57500,César Azpilicueta,Defender,Centre-Back,Spain,2021-22,2022-23,32,33,Chelsea FC,Chelsea FC,2074,1522,1,0,2,0,3,0,0.043,0,0.087,0,0.13,0,-0.043,-0.087,-0.13,Decline,2781,731
106872,Kevin Stöger,Midfield,Attacking Midfield,Austria,2023-24,2024-25,30,31,VfL Bochum,Borussia Mönchengladbach,2678,1544,7,3,9,4,16,7,0.235,0.175,0.302,0.233,0.538,0.408,-0.06,-0.069,-0.13,Decline,2782,730
566723,Michael Olise,Attack,Right Winger,France,2021-22,2022-23,20,21,Crystal Palace,Crystal Palace,1135,2756,2,2,5,11,7,13,0.159,0.065,0.396,0.359,0.555,0.425,-0.094,-0.037,-0.13,Decline,2783,729
766412,Théo Le Bris,Midfield,Right Midfield,France,2022-23,2023-24,20,21,FC Lorient,FC Lorient,1448,1512,2,0,2,2,4,2,0.124,0,0.124,0.119,0.249,0.119,-0.124,-0.005,-0.13,Decline,2784,728
128220,Luis Alberto,Midfield,Attacking Midfield,Spain,2021-22,2022-23,29,30,Società Sportiva Lazio S.p.A.,Società Sportiva Lazio S.p.A.,2362,2442,5,6,11,7,16,13,0.191,0.221,0.419,0.258,0.61,0.479,0.03,-0.161,-0.131,Decline,2785,727
649033,Dion Lopy,Midfield,Defensive Midfield,Senegal,2022-23,2023-24,21,22,Stade Reims,UD Almería,1378,1918,0,0,2,0,2,0,0,0,0.131,0,0.131,0,0,-0.131,-0.131,Decline,2786,726
138927,Daniel Carvajal,Defender,Right-Back,Spain,2021-22,2022-23,30,31,Real Madrid,Real Madrid,1552,1789,1,0,3,2,4,2,0.058,0,0.174,0.101,0.232,0.101,-0.058,-0.073,-0.131,Decline,2787,725
353826,Robert Gumny,Defender,Right-Back,Poland,2020-21,2021-22,23,24,FC Augsburg,FC Augsburg,1371,2275,1,0,1,0,2,0,0.066,0,0.066,0,0.131,0,-0.066,-0.066,-0.131,Decline,2788,724
35207,Marco Reus,Midfield,Attacking Midfield,Germany,2021-22,2022-23,33,34,Borussia Dortmund,Borussia Dortmund,2514,1352,9,6,17,6,26,12,0.322,0.399,0.609,0.399,0.931,0.799,0.077,-0.21,-0.132,Decline,2789,723
284595,Tommaso Augello,Defender,Left-Back,Italy,2022-23,2023-24,28,29,UC Sampdoria,Cagliari Calcio,3065,2431,2,1,5,1,7,2,0.059,0.037,0.147,0.037,0.206,0.074,-0.022,-0.11,-0.132,Decline,2790,722
266302,Sergej Milinković-Savić,Midfield,Central Midfield,Serbia,2021-22,2022-23,27,28,Società Sportiva Lazio S.p.A.,Società Sportiva Lazio S.p.A.,3110,3029,11,9,11,8,22,17,0.318,0.267,0.318,0.238,0.637,0.505,-0.051,-0.08,-0.132,Decline,2791,721
260827,Joachim Andersen,Defender,Centre-Back,Denmark,2023-24,2024-25,28,29,Crystal Palace,"Crystal Palace, Fulham FC",3417,2674,2,0,3,0,5,0,0.053,0,0.079,0,0.132,0,-0.053,-0.079,-0.132,Decline,2792,720
434224,Maxence Lacroix,Defender,Centre-Back,France,2023-24,2024-25,24,25,VfL Wolfsburg,Crystal Palace,2365,3119,4,1,1,1,5,2,0.152,0.029,0.038,0.029,0.19,0.058,-0.123,-0.009,-0.132,Decline,2793,719
223725,Munir El Haddadi,Midfield,Attacking Midfield,Morocco,2022-23,2023-24,27,28,Getafe CF,UD Las Palmas,1147,2469,3,3,1,2,4,5,0.235,0.109,0.078,0.073,0.314,0.182,-0.126,-0.005,-0.132,Decline,2794,718
127187,Abdoulaye Doucouré,Midfield,Attacking Midfield,Mali,2023-24,2024-25,31,32,Everton FC,Everton FC,2642,2577,7,3,2,2,9,5,0.238,0.105,0.068,0.07,0.307,0.175,-0.133,0.002,-0.132,Decline,2795,717
42412,Jonny Evans,Defender,Centre-Back,Northern Ireland,2021-22,2022-23,34,35,Leicester City,Leicester City,1350,1053,1,0,1,0,2,0,0.067,0,0.067,0,0.133,0,-0.067,-0.067,-0.133,Decline,2796,716
272999,Miguel Almirón,Attack,Right Winger,Paraguay,2020-21,2021-22,27,28,Newcastle United,Newcastle United,2438,1720,4,1,1,0,5,1,0.148,0.052,0.037,0,0.185,0.052,-0.096,-0.037,-0.133,Decline,2797,715
560593,Hicham Boudaoui,Midfield,Central Midfield,Algeria,2021-22,2022-23,22,23,OGC Nice,OGC Nice,1630,1882,3,1,2,2,5,3,0.166,0.048,0.11,0.096,0.276,0.143,-0.118,-0.014,-0.133,Decline,2798,714
20005,Papu Gómez,Attack,Left Winger,Argentina,2021-22,2022-23,34,35,Sevilla FC,Sevilla FC,1787,1063,5,1,1,1,6,2,0.252,0.085,0.05,0.085,0.302,0.169,-0.167,0.035,-0.133,Decline,2799,713
620322,Malo Gusto,Defender,Right-Back,France,2021-22,2022-23,19,20,Olympique Lyon,Olympique Lyon,1880,1600,0,0,4,1,4,1,0,0,0.191,0.056,0.191,0.056,0,-0.135,-0.135,Decline,2800,712
82873,Pascal Groß,Midfield,Central Midfield,Germany,2020-21,2021-22,30,31,Brighton & Hove Albion,Brighton & Hove Albion,2480,2043,3,2,8,4,11,6,0.109,0.088,0.29,0.176,0.399,0.264,-0.021,-0.114,-0.135,Decline,2801,711
422466,Javi Hernández,Defender,Left-Back,Spain,2022-23,2023-24,25,26,Girona FC,Cádiz CF,1117,2518,1,1,2,2,3,3,0.081,0.036,0.161,0.071,0.242,0.107,-0.045,-0.09,-0.135,Decline,2802,710
520840,José Copete,Defender,Centre-Back,Spain,2023-24,2024-25,24,25,RCD Mallorca,RCD Mallorca,1336,1523,1,0,1,0,2,0,0.067,0,0.067,0,0.135,0,-0.067,-0.067,-0.135,Decline,2803,709
57370,Damien Da Silva,Defender,Centre-Back,France,2020-21,2021-22,33,34,Stade Rennais FC,Olympique Lyon,2665,1126,4,0,0,0,4,0,0.135,0,0,0,0.135,0,-0.135,0,-0.135,Decline,2804,708
282411,Marcos Llorente,Defender,Right-Back,Spain,2023-24,2024-25,29,30,Atlético de Madrid,Atlético de Madrid,2570,2513,6,2,4,4,10,6,0.21,0.072,0.14,0.143,0.35,0.215,-0.138,0.003,-0.135,Decline,2805,707
16306,Casemiro,Midfield,Defensive Midfield,Brazil,2020-21,2021-22,29,30,Real Madrid,Real Madrid,2903,2576,6,1,4,4,10,5,0.186,0.035,0.124,0.14,0.31,0.175,-0.151,0.016,-0.135,Decline,2806,706
193098,Álex Moreno,Defender,Left-Back,Spain,2021-22,2022-23,29,30,Real Betis Balompié,"Aston Villa, Real Betis Balompié",2408,2685,5,0,4,6,9,6,0.187,0,0.15,0.201,0.336,0.201,-0.187,0.051,-0.135,Decline,2807,705
316264,Martin Ødegaard,Midfield,Attacking Midfield,Norway,2022-23,2023-24,24,25,Arsenal FC,Arsenal FC,3150,3104,15,8,8,10,23,18,0.429,0.232,0.229,0.29,0.657,0.522,-0.197,0.061,-0.135,Decline,2808,704
528833,Lazar Samardžić,Midfield,Attacking Midfield,Serbia,2022-23,2023-24,21,22,Udinese Calcio,Udinese Calcio,1850,2382,5,6,4,2,9,8,0.243,0.227,0.195,0.076,0.438,0.302,-0.016,-0.119,-0.136,Decline,2809,703
337725,Christian Kouamé,Attack,Centre-Forward,Cote d'Ivoire,2022-23,2023-24,25,26,ACF Fiorentina,ACF Fiorentina,1871,1083,4,2,4,1,8,3,0.192,0.166,0.192,0.083,0.385,0.249,-0.026,-0.109,-0.136,Decline,2810,702
242273,Pedro Chirivella,Midfield,Defensive Midfield,Spain,2021-22,2022-23,25,26,FC Nantes,FC Nantes,2646,2041,3,0,1,0,4,0,0.102,0,0.034,0,0.136,0,-0.102,-0.034,-0.136,Decline,2811,701
170961,Thomas Delaine,Defender,Left-Back,France,2020-21,2021-22,29,30,FC Metz,FC Metz,1781,2316,3,1,2,2,5,3,0.152,0.039,0.101,0.078,0.253,0.117,-0.113,-0.023,-0.136,Decline,2812,700
315969,Scott McTominay,Midfield,Central Midfield,Scotland,2020-21,2021-22,24,25,Manchester United,Manchester United,2128,2391,4,1,1,1,5,2,0.169,0.038,0.042,0.038,0.211,0.075,-0.131,-0.004,-0.136,Decline,2813,699
145988,Wilfried Zaha,Attack,Left Winger,Cote d'Ivoire,2021-22,2022-23,29,30,Crystal Palace,Crystal Palace,2762,2294,14,7,1,2,15,9,0.456,0.275,0.033,0.078,0.489,0.353,-0.181,0.045,-0.136,Decline,2814,698
252677,José Luis Morales,Attack,Centre-Forward,Spain,2021-22,2022-23,34,35,Levante UD,Villarreal CF,2726,1204,13,7,7,0,20,7,0.429,0.523,0.231,0,0.66,0.523,0.094,-0.231,-0.137,Decline,2815,697
117674,Maximilian Arnold,Midfield,Central Midfield,Germany,2020-21,2021-22,27,28,VfL Wolfsburg,VfL Wolfsburg,2591,2996,3,4,7,3,10,7,0.104,0.12,0.243,0.09,0.347,0.21,0.016,-0.153,-0.137,Decline,2816,696
202886,Ruben Loftus-Cheek,Midfield,Central Midfield,England,2021-22,2022-23,26,27,Chelsea FC,Chelsea FC,1387,1542,0,0,3,1,3,1,0,0,0.195,0.058,0.195,0.058,0,-0.137,-0.137,Decline,2817,695
324690,Jonathan Ikoné,Attack,Right Winger,France,2022-23,2023-24,25,26,ACF Fiorentina,ACF Fiorentina,2007,1685,4,3,5,2,9,5,0.179,0.16,0.224,0.107,0.404,0.267,-0.019,-0.117,-0.137,Decline,2818,694
85789,Martin Hinteregger,Defender,Centre-Back,Austria,2020-21,2021-22,28,29,Eintracht Frankfurt,Eintracht Frankfurt,2527,2220,2,1,3,0,5,1,0.071,0.041,0.107,0,0.178,0.041,-0.03,-0.107,-0.137,Decline,2819,693
711625,José Ángel Carmona,Defender,Right-Back,Spain,2023-24,2024-25,22,23,Getafe CF,Sevilla FC,1312,2954,1,0,1,0,2,0,0.069,0,0.069,0,0.137,0,-0.069,-0.069,-0.137,Decline,2820,692
425334,Matty Cash,Defender,Right-Back,Poland,2021-22,2022-23,24,25,Aston Villa,Aston Villa,3380,1821,4,0,3,1,7,1,0.107,0,0.08,0.049,0.186,0.049,-0.107,-0.031,-0.137,Decline,2821,691
229006,Franck Honorat,Attack,Right Winger,France,2021-22,2022-23,25,26,Stade Brestois 29,Stade Brestois 29,2911,2544,11,6,6,5,17,11,0.34,0.212,0.186,0.177,0.526,0.389,-0.128,-0.009,-0.137,Decline,2822,690
243028,Jan Bednarek,Defender,Centre-Back,Poland,2021-22,2022-23,26,27,Southampton FC,"Aston Villa, Southampton FC",2631,1773,4,0,0,0,4,0,0.137,0,0,0,0.137,0,-0.137,0,-0.137,Decline,2823,689
104124,Michail Antonio,Attack,Centre-Forward,Jamaica,2020-21,2021-22,31,32,West Ham United,West Ham United,1983,2980,10,10,5,8,15,18,0.454,0.302,0.227,0.242,0.681,0.544,-0.152,0.015,-0.137,Decline,2824,688
108537,Jonas Hector,Defender,Left-Back,Germany,2020-21,2021-22,31,32,1.FC Köln,1.FC Köln,1293,2555,3,0,2,6,5,6,0.209,0,0.139,0.211,0.348,0.211,-0.209,0.072,-0.137,Decline,2825,687
167721,Chimy Ávila,Attack,Centre-Forward,Argentina,2022-23,2023-24,29,30,CA Osasuna,"CA Osasuna, Real Betis Balompié",1722,1167,8,2,2,3,10,5,0.418,0.154,0.105,0.231,0.523,0.386,-0.264,0.126,-0.137,Decline,2826,686
538964,Thijs Dallinga,Attack,Centre-Forward,Netherlands,2023-24,2024-25,23,24,FC Toulouse,Bologna Football Club 1909,2514,1145,14,3,3,3,17,6,0.501,0.236,0.107,0.236,0.609,0.472,-0.265,0.129,-0.137,Decline,2827,685
241076,Emmanuel Gyasi,Midfield,Right Midfield,Ghana,2020-21,2021-22,27,28,Spezia Calcio,Spezia Calcio,2858,3044,4,6,6,0,10,6,0.126,0.177,0.189,0,0.315,0.177,0.051,-0.189,-0.138,Decline,2828,684
690799,Anthony Rouault,Defender,Centre-Back,France,2023-24,2024-25,23,24,VfB Stuttgart,"Stade Rennais FC, VfB Stuttgart",1008,2185,0,1,2,0,2,1,0,0.041,0.179,0,0.179,0.041,0.041,-0.179,-0.138,Decline,2829,683
338425,Álex Berenguer,Attack,Left Winger,Spain,2021-22,2022-23,26,27,Athletic Bilbao,Athletic Bilbao,2172,2301,3,4,6,2,9,6,0.124,0.156,0.249,0.078,0.373,0.235,0.032,-0.171,-0.138,Decline,2830,682
339808,Theo Hernández,Defender,Left-Back,France,2021-22,2022-23,24,25,AC Milan,AC Milan,2714,2775,5,4,6,3,11,7,0.166,0.13,0.199,0.097,0.365,0.227,-0.036,-0.102,-0.138,Decline,2831,681
462823,Gustav Isaksen,Attack,Right Winger,Denmark,2023-24,2024-25,23,24,Società Sportiva Lazio S.p.A.,Società Sportiva Lazio S.p.A.,1069,2228,3,4,2,3,5,7,0.253,0.162,0.168,0.121,0.421,0.283,-0.091,-0.047,-0.138,Decline,2832,680
405885,Giacomo Raspadori,Attack,Second Striker,Italy,2020-21,2021-22,21,22,US Sassuolo,US Sassuolo,1225,2754,6,10,3,6,9,16,0.441,0.327,0.22,0.196,0.661,0.523,-0.114,-0.024,-0.138,Decline,2833,679
100131,William Carvalho,Midfield,Defensive Midfield,Portugal,2021-22,2022-23,30,31,Real Betis Balompié,Real Betis Balompié,1805,2452,2,3,3,0,5,3,0.1,0.11,0.15,0,0.249,0.11,0.01,-0.15,-0.139,Decline,2834,678
532775,Melvin Bard,Defender,Left-Back,France,2021-22,2022-23,21,22,OGC Nice,OGC Nice,2591,2458,2,0,2,0,4,0,0.069,0,0.069,0,0.139,0,-0.069,-0.069,-0.139,Decline,2835,677
284854,Carles Aleñá,Midfield,Central Midfield,Spain,2020-21,2021-22,23,24,"FC Barcelona, Getafe CF",Getafe CF,1416,2339,2,1,2,2,4,3,0.127,0.038,0.127,0.077,0.254,0.115,-0.089,-0.05,-0.139,Decline,2836,676
162056,Gonzalo Melero,Midfield,Central Midfield,Spain,2021-22,2022-23,28,29,Levante UD,UD Almería,1707,1877,7,4,2,3,9,7,0.369,0.192,0.105,0.144,0.475,0.336,-0.177,0.039,-0.139,Decline,2837,675
192635,Nico Elvedi,Defender,Centre-Back,Switzerland,2020-21,2021-22,24,25,Borussia Mönchengladbach,Borussia Mönchengladbach,2537,2432,3,1,2,0,5,1,0.106,0.037,0.071,0,0.177,0.037,-0.069,-0.071,-0.14,Decline,2838,674
469976,Christopher Operi,Defender,Left-Back,Cote d'Ivoire,2023-24,2024-25,27,28,Le Havre AC,Le Havre AC,2447,1170,3,0,5,2,8,2,0.11,0,0.184,0.154,0.294,0.154,-0.11,-0.03,-0.14,Decline,2839,673
291200,Moussa Niakhaté,Defender,Centre-Back,Senegal,2021-22,2022-23,26,27,1.FSV Mainz 05,Nottingham Forest,2567,1166,4,0,0,0,4,0,0.14,0,0,0,0.14,0,-0.14,0,-0.14,Decline,2840,672
131075,Francesco Acerbi,Defender,Centre-Back,Italy,2021-22,2022-23,34,35,Società Sportiva Lazio S.p.A.,Inter Milan,2537,2420,4,0,1,1,5,1,0.142,0,0.035,0.037,0.177,0.037,-0.142,0.002,-0.14,Decline,2841,671
266807,Ángel Correa,Attack,Second Striker,Argentina,2021-22,2022-23,27,28,Atlético de Madrid,Atlético de Madrid,1857,1449,12,9,5,2,17,11,0.582,0.559,0.242,0.124,0.824,0.683,-0.023,-0.118,-0.141,Decline,2842,670
610442,Rasmus Højlund,Attack,Centre-Forward,Denmark,2022-23,2023-24,20,21,Atalanta BC,Manchester United,1835,2171,9,10,4,2,13,12,0.441,0.415,0.196,0.083,0.638,0.497,-0.026,-0.113,-0.141,Decline,2843,669
556385,Destiny Udogie,Defender,Left-Back,Italy,2023-24,2024-25,21,22,Tottenham Hotspur,Tottenham Hotspur,2398,1932,2,0,3,1,5,1,0.075,0,0.113,0.047,0.188,0.047,-0.075,-0.066,-0.141,Decline,2844,668
170929,Massadio Haïdara,Defender,Left-Back,Mali,2021-22,2022-23,29,30,RC Lens,RC Lens,1078,1656,1,0,2,2,3,2,0.083,0,0.167,0.109,0.25,0.109,-0.083,-0.058,-0.141,Decline,2845,667
291417,Ferland Mendy,Defender,Left-Back,France,2021-22,2022-23,27,28,Real Madrid,Real Madrid,1737,1357,2,0,2,1,4,1,0.104,0,0.104,0.066,0.207,0.066,-0.104,-0.038,-0.141,Decline,2846,666
503871,Morten Frendrup,Midfield,Defensive Midfield,Denmark,2023-24,2024-25,23,24,Genoa CFC,Genoa CFC,3147,3107,2,2,5,0,7,2,0.057,0.058,0.143,0,0.2,0.058,0.001,-0.143,-0.142,Decline,2847,665
504153,Joe Scally,Defender,Right-Back,United States,2021-22,2022-23,19,20,Borussia Mönchengladbach,Borussia Mönchengladbach,1905,2216,1,0,2,0,3,0,0.047,0,0.094,0,0.142,0,-0.047,-0.094,-0.142,Decline,2848,664
277179,Angeliño,Defender,Left-Back,Spain,2020-21,2021-22,24,25,RB Leipzig,RB Leipzig,2165,2299,4,2,6,5,10,7,0.166,0.078,0.249,0.196,0.416,0.274,-0.088,-0.053,-0.142,Decline,2849,663
278837,Luis Rioja,Attack,Right Winger,Spain,2020-21,2021-22,27,28,Deportivo Alavés,Deportivo Alavés,2098,3129,4,1,2,3,6,4,0.172,0.029,0.086,0.086,0.257,0.115,-0.143,0,-0.142,Decline,2850,662
386552,Lassana Coulibaly,Midfield,Central Midfield,Mali,2022-23,2023-24,27,28,US Salernitana 1919,US Salernitana 1919,2901,2086,3,0,3,1,6,1,0.093,0,0.093,0.043,0.186,0.043,-0.093,-0.05,-0.143,Decline,2851,661
405885,Giacomo Raspadori,Attack,Second Striker,Italy,2021-22,2022-23,22,23,US Sassuolo,"SSC Napoli, US Sassuolo",2754,947,10,2,6,2,16,4,0.327,0.19,0.196,0.19,0.523,0.38,-0.137,-0.006,-0.143,Decline,2852,660
270051,Andrei Girotto,Defender,Centre-Back,Brazil,2021-22,2022-23,30,31,FC Nantes,FC Nantes,3150,3155,6,1,1,1,7,2,0.171,0.029,0.029,0.029,0.2,0.057,-0.142,0,-0.143,Decline,2853,659
232454,Nadiem Amiri,Midfield,Central Midfield,Germany,2022-23,2023-24,26,27,Bayer 04 Leverkusen,"1.FSV Mainz 05, Bayer 04 Leverkusen",970,1401,4,1,1,4,5,5,0.371,0.064,0.093,0.257,0.464,0.321,-0.307,0.164,-0.143,Decline,2854,658
341272,Álex Pozo,Attack,Right Winger,Spain,2022-23,2023-24,24,25,UD Almería,UD Almería,1875,962,0,0,3,0,3,0,0,0,0.144,0,0.144,0,0,-0.144,-0.144,Decline,2855,657
395693,Houssem Aouar,Midfield,Attacking Midfield,Algeria,2020-21,2021-22,23,24,Olympique Lyon,Olympique Lyon,1789,2509,7,6,3,4,10,10,0.352,0.215,0.151,0.143,0.503,0.359,-0.137,-0.008,-0.144,Decline,2856,656
435772,Charles De Ketelaere,Midfield,Attacking Midfield,Belgium,2023-24,2024-25,23,24,Atalanta BC,Atalanta BC,2042,2080,10,7,8,8,18,15,0.441,0.303,0.353,0.346,0.793,0.649,-0.138,-0.007,-0.144,Decline,2857,655
591949,Aaron Hickey,Defender,Right-Back,Scotland,2021-22,2022-23,20,21,Bologna Football Club 1909,Brentford FC,2834,1931,5,0,1,1,6,1,0.159,0,0.032,0.047,0.191,0.047,-0.159,0.015,-0.144,Decline,2858,654
237662,Breel Embolo,Attack,Centre-Forward,Switzerland,2020-21,2021-22,24,25,Borussia Mönchengladbach,Borussia Mönchengladbach,1434,2145,5,9,6,4,11,13,0.314,0.378,0.377,0.168,0.69,0.545,0.064,-0.209,-0.145,Decline,2859,653
327251,Ridle Baku,Defender,Right-Back,Germany,2020-21,2021-22,23,24,"1.FSV Mainz 05, VfL Wolfsburg",VfL Wolfsburg,2869,2449,6,3,8,5,14,8,0.188,0.11,0.251,0.184,0.439,0.294,-0.078,-0.067,-0.145,Decline,2860,652
61812,Yuri Berchiche,Defender,Left-Back,Spain,2023-24,2024-25,34,35,Athletic Bilbao,Athletic Bilbao,1931,2041,3,0,2,2,5,2,0.14,0,0.093,0.088,0.233,0.088,-0.14,-0.005,-0.145,Decline,2861,651
133794,Edgar Méndez,Attack,Right Winger,Spain,2020-21,2021-22,31,32,Deportivo Alavés,Deportivo Alavés,2104,1614,5,1,1,1,6,2,0.214,0.056,0.043,0.056,0.257,0.112,-0.158,0.013,-0.145,Decline,2862,650
294057,James Maddison,Midfield,Attacking Midfield,England,2022-23,2023-24,26,27,Leicester City,Tottenham Hotspur,2486,2154,10,4,9,9,19,13,0.362,0.167,0.326,0.376,0.688,0.543,-0.195,0.05,-0.145,Decline,2863,649
138927,Daniel Carvajal,Defender,Right-Back,Spain,2020-21,2021-22,29,30,Real Madrid,Real Madrid,952,1552,0,1,4,3,4,4,0,0.058,0.378,0.174,0.378,0.232,0.058,-0.204,-0.146,Decline,2864,648
391005,Mads Roerslev,Defender,Right-Back,Denmark,2021-22,2022-23,23,24,Brentford FC,Brentford FC,1233,1102,1,0,1,0,2,0,0.073,0,0.073,0,0.146,0,-0.073,-0.073,-0.146,Decline,2865,647
123261,Vlad Chiricheș,Midfield,Defensive Midfield,Romania,2020-21,2021-22,31,32,US Sassuolo,US Sassuolo,1844,2302,2,0,1,0,3,0,0.098,0,0.049,0,0.146,0,-0.098,-0.049,-0.146,Decline,2866,646
141050,Danilo Pereira,Defender,Centre-Back,Portugal,2021-22,2022-23,30,31,Paris Saint-Germain,Paris Saint-Germain,2037,2411,5,2,0,0,5,2,0.221,0.075,0,0,0.221,0.075,-0.146,0,-0.146,Decline,2867,645
65278,Pedro,Attack,Right Winger,Spain,2021-22,2022-23,34,35,Società Sportiva Lazio S.p.A.,Società Sportiva Lazio S.p.A.,2041,1895,9,4,4,5,13,9,0.397,0.19,0.176,0.237,0.573,0.427,-0.207,0.061,-0.146,Decline,2868,644
93720,Alexandre Lacazette,Attack,Centre-Forward,France,2020-21,2021-22,30,31,Arsenal FC,Arsenal FC,1929,1787,13,4,2,7,15,11,0.607,0.201,0.093,0.353,0.7,0.554,-0.406,0.26,-0.146,Decline,2869,643
148367,Christian Nørgaard,Midfield,Defensive Midfield,Denmark,2022-23,2023-24,29,30,Brentford FC,Brentford FC,1770,2514,1,2,4,1,5,3,0.051,0.072,0.203,0.036,0.254,0.107,0.021,-0.167,-0.147,Decline,2870,642
108537,Jonas Hector,Defender,Left-Back,Germany,2021-22,2022-23,32,33,1.FC Köln,1.FC Köln,2555,2825,0,0,6,2,6,2,0,0,0.211,0.064,0.211,0.064,0,-0.147,-0.147,Decline,2871,641
249565,Youri Tielemans,Midfield,Central Midfield,Belgium,2023-24,2024-25,27,28,Aston Villa,Aston Villa,1621,3032,2,3,6,7,8,10,0.111,0.089,0.333,0.208,0.444,0.297,-0.022,-0.125,-0.147,Decline,2872,640
485960,Lilian Brassier,Defender,Centre-Back,France,2020-21,2021-22,21,22,Stade Brestois 29,Stade Brestois 29,963,2257,1,1,1,0,2,1,0.093,0.04,0.093,0,0.187,0.04,-0.053,-0.093,-0.147,Decline,2873,639
177779,Janik Haberer,Midfield,Central Midfield,Germany,2023-24,2024-25,30,31,1.FC Union Berlin,1.FC Union Berlin,1222,1704,1,0,1,0,2,0,0.074,0,0.074,0,0.147,0,-0.074,-0.074,-0.147,Decline,2874,638
328658,Kristoffer Ajer,Defender,Centre-Back,Norway,2023-24,2024-25,26,27,Brentford FC,Brentford FC,1833,1443,2,0,1,0,3,0,0.098,0,0.049,0,0.147,0,-0.098,-0.049,-0.147,Decline,2875,637
428563,Lewis Ferguson,Midfield,Central Midfield,Scotland,2023-24,2024-25,24,25,Bologna Football Club 1909,Bologna Football Club 1909,2718,980,6,1,4,1,10,2,0.199,0.092,0.132,0.092,0.331,0.184,-0.107,-0.04,-0.147,Decline,2876,636
144028,Leandro Trossard,Attack,Left Winger,Belgium,2023-24,2024-25,29,30,Arsenal FC,Arsenal FC,1646,2551,12,8,1,8,13,16,0.656,0.282,0.055,0.282,0.711,0.564,-0.374,0.227,-0.147,Decline,2877,635
72047,Iago Aspas,Attack,Centre-Forward,Spain,2020-21,2021-22,33,34,Celta de Vigo,Celta de Vigo,2871,3095,14,18,13,6,27,24,0.439,0.523,0.408,0.174,0.846,0.698,0.084,-0.234,-0.148,Decline,2878,634
160968,Benno Schmitz,Defender,Right-Back,Germany,2021-22,2022-23,27,28,1.FC Köln,1.FC Köln,2432,2430,0,1,5,0,5,1,0,0.037,0.185,0,0.185,0.037,0.037,-0.185,-0.148,Decline,2879,633
388294,Omar Traoré,Defender,Right-Back,Germany,2023-24,2024-25,26,27,1. Fußballclub Heidenheim 1846,1. Fußballclub Heidenheim 1846,2478,2622,0,0,5,1,5,1,0,0,0.182,0.034,0.182,0.034,0,-0.148,-0.148,Decline,2880,632
177476,Nathan Aké,Defender,Centre-Back,Netherlands,2021-22,2022-23,27,28,Manchester City,Manchester City,920,1877,2,1,0,0,2,1,0.196,0.048,0,0,0.196,0.048,-0.148,0,-0.148,Decline,2881,631
370683,Andreas Hanche-Olsen,Defender,Centre-Back,Norway,2022-23,2023-24,26,27,1.FSV Mainz 05,1.FSV Mainz 05,1498,994,1,1,3,0,4,1,0.06,0.091,0.18,0,0.24,0.091,0.031,-0.18,-0.149,Decline,2882,630
239802,Adam Marusic,Defender,Right-Back,Montenegro,2020-21,2021-22,28,29,Società Sportiva Lazio S.p.A.,Società Sportiva Lazio S.p.A.,2971,2722,2,1,4,0,6,1,0.061,0.033,0.121,0,0.182,0.033,-0.028,-0.121,-0.149,Decline,2883,629
278296,Antonio Raíllo,Defender,Centre-Back,Spain,2023-24,2024-25,32,33,RCD Mallorca,RCD Mallorca,2198,3209,3,2,2,0,5,2,0.123,0.056,0.082,0,0.205,0.056,-0.067,-0.082,-0.149,Decline,2884,628
423443,Álex Centelles,Defender,Left-Back,Spain,2022-23,2023-24,23,24,UD Almería,UD Almería,1122,979,1,0,2,1,3,1,0.08,0,0.16,0.092,0.241,0.092,-0.08,-0.068,-0.149,Decline,2885,627
340324,Eddie Nketiah,Attack,Centre-Forward,England,2023-24,2024-25,25,26,Arsenal FC,Crystal Palace,1072,1025,5,3,2,2,7,5,0.42,0.263,0.168,0.176,0.588,0.439,-0.157,0.008,-0.149,Decline,2886,626
50201,Christian Benteke,Attack,Centre-Forward,Belgium,2020-21,2021-22,30,31,Crystal Palace,Crystal Palace,1817,1137,10,4,1,1,11,5,0.495,0.317,0.05,0.079,0.545,0.396,-0.178,0.029,-0.149,Decline,2887,625
392569,Gabriele Zappa,Defender,Right-Back,Italy,2020-21,2021-22,21,22,Cagliari Calcio,Cagliari Calcio,2402,1138,0,0,4,0,4,0,0,0,0.15,0,0.15,0,0,-0.15,-0.15,Decline,2888,624
397171,Gideon Mensah,Defender,Left-Back,Ghana,2021-22,2022-23,23,24,FC Girondins Bordeaux,AJ Auxerre,1204,2264,0,0,2,0,2,0,0,0,0.15,0,0.15,0,0,-0.15,-0.15,Decline,2888,624
240934,Filippo Bandinelli,Midfield,Central Midfield,Italy,2021-22,2022-23,27,28,FC Empoli,FC Empoli,1966,2280,2,2,3,0,5,2,0.092,0.079,0.137,0,0.229,0.079,-0.013,-0.137,-0.15,Decline,2889,623
488626,Jesús Areso,Defender,Right-Back,Spain,2023-24,2024-25,24,25,CA Osasuna,CA Osasuna,2661,3089,1,0,6,3,7,3,0.034,0,0.203,0.087,0.237,0.087,-0.034,-0.116,-0.15,Decline,2890,622
262226,Timothy Castagne,Defender,Right-Back,Belgium,2020-21,2021-22,25,26,Leicester City,Leicester City,2347,2126,2,1,3,0,5,1,0.077,0.042,0.115,0,0.192,0.042,-0.035,-0.115,-0.15,Decline,2891,621
593482,Azzedine Ounahi,Midfield,Central Midfield,Morocco,2021-22,2022-23,22,23,Angers SCO,"Angers SCO, Olympique Marseille",1623,1249,2,1,2,0,4,1,0.111,0.072,0.111,0,0.222,0.072,-0.039,-0.111,-0.15,Decline,2892,620
51174,Fernando,Midfield,Defensive Midfield,Brazil,2020-21,2021-22,33,34,Sevilla FC,Sevilla FC,2546,1850,3,1,4,1,7,2,0.106,0.049,0.141,0.049,0.247,0.097,-0.057,-0.092,-0.15,Decline,2893,619
239743,Przemyslaw Frankowski,Defender,Right-Back,Poland,2021-22,2022-23,27,28,RC Lens,RC Lens,2453,2840,6,5,5,3,11,8,0.22,0.158,0.183,0.095,0.404,0.254,-0.062,-0.088,-0.15,Decline,2894,618
25488,Antonio Candreva,Midfield,Right Midfield,Italy,2021-22,2022-23,35,36,UC Sampdoria,US Salernitana 1919,3132,2734,7,7,12,5,19,12,0.201,0.23,0.345,0.165,0.546,0.395,0.029,-0.18,-0.151,Decline,2895,617
15956,Jesús Navas,Midfield,Right Midfield,Spain,2021-22,2022-23,36,37,Sevilla FC,Sevilla FC,1786,1980,0,0,3,0,3,0,0,0,0.151,0,0.151,0,0,-0.151,-0.151,Decline,2896,616
568158,Javi López,Defender,Left-Back,Spain,2023-24,2024-25,22,23,Deportivo Alavés,Real Sociedad,2387,1935,1,0,3,0,4,0,0.038,0,0.113,0,0.151,0,-0.038,-0.113,-0.151,Decline,2897,615
148252,Remo Freuler,Midfield,Central Midfield,Switzerland,2021-22,2022-23,30,31,Atalanta BC,Nottingham Forest,2377,2165,1,0,3,0,4,0,0.038,0,0.114,0,0.151,0,-0.038,-0.114,-0.151,Decline,2897,615
117674,Maximilian Arnold,Midfield,Central Midfield,Germany,2022-23,2023-24,29,30,VfL Wolfsburg,VfL Wolfsburg,2776,2504,5,2,3,1,8,3,0.162,0.072,0.097,0.036,0.259,0.108,-0.09,-0.061,-0.151,Decline,2898,614
249565,Youri Tielemans,Midfield,Central Midfield,Belgium,2021-22,2022-23,25,26,Leicester City,Leicester City,2634,2351,6,3,4,2,10,5,0.205,0.115,0.137,0.077,0.342,0.191,-0.09,-0.06,-0.151,Decline,2898,614
249513,Diego Rico,Defender,Left-Back,Spain,2023-24,2024-25,31,32,Getafe CF,Getafe CF,2536,2820,0,0,7,3,7,3,0,0,0.248,0.096,0.248,0.096,0,-0.152,-0.152,Decline,2899,613
104124,Michail Antonio,Attack,Centre-Forward,Jamaica,2021-22,2022-23,32,33,West Ham United,West Ham United,2980,1838,10,5,8,3,18,8,0.302,0.245,0.242,0.147,0.544,0.392,-0.057,-0.095,-0.152,Decline,2900,612
157506,Jeffrey Schlupp,Midfield,Left Midfield,Ghana,2021-22,2022-23,29,30,Crystal Palace,Crystal Palace,1846,2547,4,3,2,1,6,4,0.195,0.106,0.098,0.035,0.293,0.141,-0.089,-0.063,-0.152,Decline,2901,611
91970,Juan Cuadrado,Midfield,Right Midfield,Colombia,2021-22,2022-23,34,35,Juventus FC,Juventus FC,2494,2084,4,1,5,3,9,4,0.144,0.043,0.18,0.13,0.325,0.173,-0.101,-0.05,-0.152,Decline,2902,610
640428,Eduardo Camavinga,Midfield,Central Midfield,France,2021-22,2022-23,19,20,"Real Madrid, Stade Rennais FC",Real Madrid,1371,2002,2,0,1,1,3,1,0.131,0,0.066,0.045,0.197,0.045,-0.131,-0.021,-0.152,Decline,2903,609
245537,Nabil Bentaleb,Midfield,Defensive Midfield,Algeria,2022-23,2023-24,28,29,Angers SCO,LOSC Lille,2493,1967,4,0,4,3,8,3,0.144,0,0.144,0.137,0.289,0.137,-0.144,-0.007,-0.152,Decline,2904,608
229804,Aritz Elustondo,Defender,Centre-Back,Spain,2021-22,2022-23,28,29,Real Sociedad,Real Sociedad,2103,1449,4,0,1,1,5,1,0.171,0,0.043,0.062,0.214,0.062,-0.171,0.019,-0.152,Decline,2905,607
115763,Koray Günter,Defender,Centre-Back,Germany,2020-21,2021-22,26,27,Hellas Verona,Hellas Verona,1769,2413,0,0,3,0,3,0,0,0,0.153,0,0.153,0,0,-0.153,-0.153,Decline,2906,606
417346,Jack Harrison,Attack,Left Winger,England,2022-23,2023-24,26,27,Leeds United,Everton FC,2727,2219,5,3,7,3,12,6,0.165,0.122,0.231,0.122,0.396,0.243,-0.043,-0.109,-0.153,Decline,2907,605
443331,Patrick Osterhage,Midfield,Defensive Midfield,Germany,2023-24,2024-25,24,25,VfL Bochum,SC Freiburg,1863,2273,2,1,2,0,4,1,0.097,0.04,0.097,0,0.193,0.04,-0.057,-0.097,-0.153,Decline,2908,604
381967,Albert Sambi Lokonga,Midfield,Central Midfield,Belgium,2023-24,2024-25,24,25,Luton Town,Sevilla FC,1310,1474,1,0,3,2,4,2,0.069,0,0.206,0.122,0.275,0.122,-0.069,-0.084,-0.153,Decline,2909,603
191891,Arkadiusz Milik,Attack,Centre-Forward,Poland,2021-22,2022-23,28,29,Olympique Marseille,"Juventus FC, Olympique Marseille",1419,1721,7,7,2,1,9,8,0.444,0.366,0.127,0.052,0.571,0.418,-0.078,-0.075,-0.153,Decline,2910,602
159088,Robert Andrich,Midfield,Defensive Midfield,Germany,2023-24,2024-25,29,30,Bayer 04 Leverkusen,Bayer 04 Leverkusen,1682,1605,4,2,2,1,6,3,0.214,0.112,0.107,0.056,0.321,0.168,-0.102,-0.051,-0.153,Decline,2911,601
607854,Éderson,Midfield,Central Midfield,Brazil,2021-22,2022-23,22,23,US Salernitana 1919,Atalanta BC,1152,2221,2,1,1,1,3,2,0.156,0.041,0.078,0.041,0.234,0.081,-0.115,-0.037,-0.153,Decline,2912,600
411295,Raphinha,Attack,Left Winger,Brazil,2020-21,2021-22,24,25,"Leeds United, Stade Rennais FC",Leeds United,2771,2923,7,11,11,3,18,14,0.227,0.339,0.357,0.092,0.585,0.431,0.112,-0.265,-0.154,Decline,2913,599
61812,Yuri Berchiche,Defender,Left-Back,Spain,2021-22,2022-23,32,33,Athletic Bilbao,Athletic Bilbao,1016,2406,1,1,2,2,3,3,0.089,0.037,0.177,0.075,0.266,0.112,-0.052,-0.102,-0.154,Decline,2914,598
336960,Giuseppe Pezzella,Defender,Left-Back,Italy,2021-22,2022-23,24,25,Atalanta BC,US Lecce,1068,919,0,0,3,1,3,1,0,0,0.253,0.098,0.253,0.098,0,-0.155,-0.155,Decline,2915,597
262523,Davide Calabria,Defender,Right-Back,Italy,2022-23,2023-24,26,27,AC Milan,AC Milan,1695,2194,1,1,5,3,6,4,0.053,0.041,0.265,0.123,0.319,0.164,-0.012,-0.142,-0.155,Decline,2916,596
61651,Jordan Henderson,Midfield,Defensive Midfield,England,2021-22,2022-23,32,33,Liverpool FC,Liverpool FC,2603,2072,2,0,5,2,7,2,0.069,0,0.173,0.087,0.242,0.087,-0.069,-0.086,-0.155,Decline,2917,595
579930,Armand Laurienté,Attack,Left Winger,France,2020-21,2021-22,22,23,FC Lorient,FC Lorient,1618,2493,3,6,5,2,8,8,0.167,0.217,0.278,0.072,0.445,0.289,0.05,-0.206,-0.156,Decline,2918,594
69633,Christian Eriksen,Midfield,Attacking Midfield,Denmark,2022-23,2023-24,31,32,Manchester United,Manchester United,2063,1140,1,1,8,2,9,3,0.044,0.079,0.349,0.158,0.393,0.237,0.035,-0.191,-0.156,Decline,2919,593
339816,Tete Morente,Attack,Left Winger,Spain,2021-22,2022-23,25,26,Elche CF,Elche CF,1636,2073,3,4,3,0,6,4,0.165,0.174,0.165,0,0.33,0.174,0.009,-0.165,-0.156,Decline,2920,592
66106,Sergio Canales,Midfield,Attacking Midfield,Spain,2021-22,2022-23,31,32,Real Betis Balompié,Real Betis Balompié,2803,2415,5,4,8,3,13,7,0.161,0.149,0.257,0.112,0.417,0.261,-0.012,-0.145,-0.156,Decline,2921,591
392959,Andrea Colpani,Midfield,Attacking Midfield,Italy,2023-24,2024-25,25,26,AC Monza,ACF Fiorentina,2680,1458,8,2,4,2,12,4,0.269,0.123,0.134,0.123,0.403,0.247,-0.146,-0.011,-0.156,Decline,2922,590
88683,Mattia Destro,Attack,Centre-Forward,Italy,2020-21,2021-22,30,31,Genoa CFC,Genoa CFC,1615,1753,11,9,1,1,12,10,0.613,0.462,0.056,0.051,0.669,0.513,-0.151,-0.005,-0.156,Decline,2923,589
372246,Carlos Soler,Midfield,Central Midfield,Spain,2021-22,2022-23,25,26,Valencia CF,"Paris Saint-Germain, Valencia CF",2411,1428,11,4,5,3,16,7,0.411,0.252,0.187,0.189,0.597,0.441,-0.159,0.002,-0.156,Decline,2924,588
358008,Gianluca Gaetano,Midfield,Defensive Midfield,Italy,2023-24,2024-25,24,25,"Cagliari Calcio, SSC Napoli",Cagliari Calcio,904,998,5,2,2,4,7,6,0.498,0.18,0.199,0.361,0.697,0.541,-0.318,0.162,-0.156,Decline,2925,587
289255,Andoni Gorosabel,Defender,Right-Back,Spain,2021-22,2022-23,25,26,Real Sociedad,Real Sociedad,2297,1710,0,0,4,0,4,0,0,0,0.157,0,0.157,0,0,-0.157,-0.157,Decline,2926,586
531949,Ignatius Ganago,Attack,Centre-Forward,Cameroon,2020-21,2021-22,22,23,RC Lens,RC Lens,1308,1017,7,5,3,1,10,6,0.482,0.442,0.206,0.088,0.688,0.531,-0.04,-0.118,-0.157,Decline,2927,585
417346,Jack Harrison,Attack,Left Winger,England,2023-24,2024-25,27,28,Everton FC,Everton FC,2219,2083,3,1,3,1,6,2,0.122,0.043,0.122,0.043,0.243,0.086,-0.079,-0.079,-0.157,Decline,2928,584
261905,Suat Serdar,Midfield,Central Midfield,Germany,2022-23,2023-24,26,27,Hertha BSC,Hellas Verona,2032,1658,4,0,2,2,6,2,0.177,0,0.089,0.109,0.266,0.109,-0.177,0.02,-0.157,Decline,2929,583
93936,Kike García,Attack,Centre-Forward,Spain,2021-22,2022-23,32,33,CA Osasuna,CA Osasuna,1859,997,5,2,2,0,7,2,0.242,0.181,0.097,0,0.339,0.181,-0.061,-0.097,-0.158,Decline,2930,582
402733,Gonzalo Montiel,Defender,Right-Back,Argentina,2021-22,2022-23,25,26,Sevilla FC,Sevilla FC,1070,1521,1,0,3,3,4,3,0.084,0,0.252,0.178,0.336,0.178,-0.084,-0.074,-0.158,Decline,2931,581
448258,Josha Vagnoman,Defender,Right-Back,Germany,2023-24,2024-25,23,24,VfB Stuttgart,VfB Stuttgart,1182,1835,2,1,2,2,4,3,0.152,0.049,0.152,0.098,0.305,0.147,-0.103,-0.054,-0.158,Decline,2932,580
334222,Lucas Boyé,Attack,Centre-Forward,Argentina,2021-22,2022-23,26,27,Elche CF,Elche CF,1724,2472,7,7,3,3,10,10,0.365,0.255,0.157,0.109,0.522,0.364,-0.11,-0.048,-0.158,Decline,2933,579
272636,Harold Moukoudi,Defender,Centre-Back,Cameroon,2020-21,2021-22,23,24,AS Saint-Étienne,AS Saint-Étienne,2277,1657,3,0,1,0,4,0,0.119,0,0.04,0,0.158,0,-0.119,-0.04,-0.158,Decline,2934,578
67089,Juan Cala,Defender,Centre-Back,,2020-21,2021-22,31,32,Cádiz CF,Cádiz CF,2273,946,3,0,1,0,4,0,0.119,0,0.04,0,0.158,0,-0.119,-0.04,-0.158,Decline,2934,578
245056,Saša Lukić,Midfield,Central Midfield,Serbia,2021-22,2022-23,25,26,Torino FC,"Fulham FC, Torino FC",2985,1602,5,2,4,0,9,2,0.151,0.112,0.121,0,0.271,0.112,-0.039,-0.121,-0.159,Decline,2935,577
16306,Casemiro,Midfield,Defensive Midfield,Brazil,2022-23,2023-24,31,32,"Manchester United, Real Madrid",Manchester United,2134,1985,4,1,3,2,7,3,0.169,0.045,0.127,0.091,0.295,0.136,-0.124,-0.036,-0.159,Decline,2936,576
423444,Fran Beltrán,Midfield,Central Midfield,Spain,2020-21,2021-22,22,23,Celta de Vigo,Celta de Vigo,1389,2607,3,1,0,0,3,1,0.194,0.035,0,0,0.194,0.035,-0.159,0,-0.159,Decline,2937,575
401320,Dara O'Shea,Defender,Centre-Back,Ireland,2023-24,2024-25,25,26,Burnley FC,Ipswich Town,2895,3123,3,0,4,2,7,2,0.093,0,0.124,0.058,0.218,0.058,-0.093,-0.066,-0.16,Decline,2938,574
361093,Sven Botman,Defender,Centre-Back,Netherlands,2021-22,2022-23,22,23,LOSC Lille,Newcastle United,2250,3129,3,0,1,0,4,0,0.12,0,0.04,0,0.16,0,-0.12,-0.04,-0.16,Decline,2939,573
399776,Pau Torres,Defender,Centre-Back,Spain,2021-22,2022-23,25,26,Villarreal CF,Villarreal CF,2856,3055,5,1,1,0,6,1,0.158,0.029,0.032,0,0.189,0.029,-0.129,-0.032,-0.16,Decline,2940,572
354814,M'Bala Nzola,Attack,Centre-Forward,Angola,2022-23,2023-24,26,27,Spezia Calcio,ACF Fiorentina,2653,1546,13,3,2,3,15,6,0.441,0.175,0.068,0.175,0.509,0.349,-0.266,0.107,-0.16,Decline,2941,571
241527,Federico Bonazzoli,Attack,Centre-Forward,Italy,2021-22,2022-23,25,26,US Salernitana 1919,US Salernitana 1919,1865,1116,10,2,0,2,10,4,0.483,0.161,0,0.161,0.483,0.323,-0.322,0.161,-0.16,Decline,2942,570
378293,Yangel Herrera,Midfield,Central Midfield,Venezuela,2022-23,2023-24,25,26,Girona FC,Girona FC,964,2122,2,5,2,0,4,5,0.187,0.212,0.187,0,0.373,0.212,0.025,-0.187,-0.161,Decline,2943,569
32522,Antonio Barragán,Defender,Right-Back,Spain,2020-21,2021-22,34,35,Elche CF,Elche CF,2237,1022,0,0,4,0,4,0,0,0,0.161,0,0.161,0,0,-0.161,-0.161,Decline,2944,568
168959,Nemanja Radoja,Midfield,Defensive Midfield,Serbia,2020-21,2021-22,28,29,Levante UD,Levante UD,1117,1222,0,0,2,0,2,0,0,0,0.161,0,0.161,0,0,-0.161,-0.161,Decline,2944,568
40633,Milan Badelj,Midfield,Defensive Midfield,Croatia,2020-21,2021-22,32,33,Genoa CFC,Genoa CFC,2414,2853,1,1,5,1,6,2,0.037,0.032,0.186,0.032,0.224,0.063,-0.005,-0.154,-0.161,Decline,2945,567
177843,Domenico Berardi,Attack,Right Winger,Italy,2022-23,2023-24,28,29,US Sassuolo,US Sassuolo,1872,1437,12,9,7,3,19,12,0.577,0.564,0.337,0.188,0.913,0.752,-0.013,-0.149,-0.161,Decline,2946,566
55735,Henrikh Mkhitaryan,Midfield,Central Midfield,Armenia,2023-24,2024-25,35,36,Inter Milan,Inter Milan,2804,2412,2,1,10,5,12,6,0.064,0.037,0.321,0.187,0.385,0.224,-0.027,-0.134,-0.161,Decline,2947,565
602105,Antony,Attack,Right Winger,Brazil,2022-23,2023-24,23,24,Manchester United,Manchester United,1818,1323,4,1,2,1,6,2,0.198,0.068,0.099,0.068,0.297,0.136,-0.13,-0.031,-0.161,Decline,2948,564
1005240,Christian Mawissa,Defender,Centre-Back,France,2023-24,2024-25,19,20,FC Toulouse,AS Monaco,1116,1502,2,0,0,0,2,0,0.161,0,0,0,0.161,0,-0.161,0,-0.161,Decline,2949,563
266795,Gonzalo Escalante,Midfield,Central Midfield,Argentina,2022-23,2023-24,30,31,"Cádiz CF, US Cremonese",Cádiz CF,1682,1691,4,1,2,2,6,3,0.214,0.053,0.107,0.106,0.321,0.16,-0.161,-0.001,-0.161,Decline,2949,563
228917,Jorge Miramón,Defender,Right-Back,Spain,2020-21,2021-22,32,33,Levante UD,Levante UD,1734,1977,0,1,4,0,4,1,0,0.046,0.208,0,0.208,0.046,0.046,-0.208,-0.162,Decline,2950,562
578391,Rayan Aït-Nouri,Defender,Left-Back,Algeria,2021-22,2022-23,21,22,Wolverhampton Wanderers,Wolverhampton Wanderers,1828,1070,1,1,4,0,5,1,0.049,0.084,0.197,0,0.246,0.084,0.035,-0.197,-0.162,Decline,2951,561
192565,Leroy Sané,Attack,Right Winger,Germany,2020-21,2021-22,25,26,Bayern Munich,Bayern Munich,1805,1980,6,7,10,7,16,14,0.299,0.318,0.499,0.318,0.798,0.636,0.019,-0.181,-0.162,Decline,2952,560
555076,Romain Faivre,Midfield,Attacking Midfield,France,2022-23,2023-24,24,25,"FC Lorient, Olympique Lyon","AFC Bournemouth, FC Lorient",1546,1490,5,5,4,1,9,6,0.291,0.302,0.233,0.06,0.524,0.362,0.011,-0.173,-0.162,Decline,2953,559
65318,Jaume Costa,Defender,Left-Back,Spain,2021-22,2022-23,34,35,RCD Mallorca,RCD Mallorca,1833,2609,0,0,4,1,4,1,0,0,0.196,0.034,0.196,0.034,0,-0.162,-0.162,Decline,2954,558
340456,Noussair Mazraoui,Defender,Right-Back,Morocco,2023-24,2024-25,26,27,Bayern Munich,Manchester United,1198,2849,0,0,3,2,3,2,0,0,0.225,0.063,0.225,0.063,0,-0.162,-0.162,Decline,2954,558
73794,Duván Zapata,Attack,Centre-Forward,Colombia,2020-21,2021-22,30,31,Atalanta BC,Atalanta BC,2392,1732,15,10,10,5,25,15,0.564,0.52,0.376,0.26,0.941,0.779,-0.044,-0.116,-0.162,Decline,2955,557
94005,Sead Kolasinac,Defender,Centre-Back,Bosnia-Herzegovina,2022-23,2023-24,30,31,Olympique Marseille,Atalanta BC,2219,2182,4,1,1,0,5,1,0.162,0.041,0.041,0,0.203,0.041,-0.121,-0.041,-0.162,Decline,2956,556
659543,Matthis Abline,Attack,Centre-Forward,France,2023-24,2024-25,21,22,FC Nantes,FC Nantes,1044,2788,5,9,1,2,6,11,0.431,0.291,0.086,0.065,0.517,0.355,-0.14,-0.021,-0.162,Decline,2957,555
646733,Jim Allevinah,Attack,Right Winger,Gabon,2021-22,2022-23,27,28,Clermont Foot 63,Clermont Foot 63,1482,2247,1,1,3,1,4,2,0.061,0.04,0.182,0.04,0.243,0.08,-0.021,-0.142,-0.163,Decline,2958,554
357233,Leandro Barreiro,Midfield,Central Midfield,Luxembourg,2022-23,2023-24,23,24,1.FSV Mainz 05,1.FSV Mainz 05,2144,2607,4,4,4,1,8,5,0.168,0.138,0.168,0.035,0.336,0.173,-0.03,-0.133,-0.163,Decline,2959,553
585982,Carlos Augusto,Defender,Left-Back,Brazil,2022-23,2023-24,24,25,AC Monza,Inter Milan,3086,1704,6,0,5,3,11,3,0.175,0,0.146,0.158,0.321,0.158,-0.175,0.012,-0.163,Decline,2960,552
203460,Jack Grealish,Attack,Left Winger,England,2022-23,2023-24,27,28,Manchester City,Manchester City,2063,1001,5,3,7,1,12,4,0.218,0.27,0.305,0.09,0.524,0.36,0.052,-0.215,-0.164,Decline,2961,551
550106,Matteo Cancellieri,Attack,Right Winger,Italy,2023-24,2024-25,22,23,FC Empoli,Parma Calcio 1913,1784,1430,4,3,3,0,7,3,0.202,0.189,0.151,0,0.353,0.189,-0.013,-0.151,-0.164,Decline,2962,550
126729,Patric,Defender,Centre-Back,Spain,2021-22,2022-23,29,30,Società Sportiva Lazio S.p.A.,Società Sportiva Lazio S.p.A.,1651,1414,1,0,2,0,3,0,0.055,0,0.109,0,0.164,0,-0.055,-0.109,-0.164,Decline,2963,549
191891,Arkadiusz Milik,Attack,Centre-Forward,Poland,2020-21,2021-22,27,28,Olympique Marseille,Olympique Marseille,1225,1419,9,7,1,2,10,9,0.661,0.444,0.073,0.127,0.735,0.571,-0.217,0.054,-0.164,Decline,2964,548
842338,Enzo Tchato,Defender,Right-Back,Cameroon,2022-23,2023-24,20,21,Montpellier HSC,Montpellier HSC,1093,1123,1,0,1,0,2,0,0.082,0,0.082,0,0.165,0,-0.082,-0.082,-0.165,Decline,2965,547
371851,Jaka Bijol,Defender,Centre-Back,Slovenia,2022-23,2023-24,24,25,Udinese Calcio,Udinese Calcio,2732,2083,3,0,2,0,5,0,0.099,0,0.066,0,0.165,0,-0.099,-0.066,-0.165,Decline,2966,546
292417,Demarai Gray,Attack,Left Winger,Jamaica,2021-22,2022-23,26,27,Everton FC,Everton FC,2351,2511,5,4,4,1,9,5,0.191,0.143,0.153,0.036,0.345,0.179,-0.048,-0.117,-0.166,Decline,2967,545
202278,Flavien Tait,Midfield,Central Midfield,France,2021-22,2022-23,29,30,Stade Rennais FC,Stade Rennais FC,2131,1684,5,2,4,2,9,4,0.211,0.107,0.169,0.107,0.38,0.214,-0.104,-0.062,-0.166,Decline,2968,544
402008,Amadou Haidara,Midfield,Central Midfield,Mali,2023-24,2024-25,26,27,RB Leipzig,RB Leipzig,1539,1324,2,0,2,1,4,1,0.117,0,0.117,0.068,0.234,0.068,-0.117,-0.049,-0.166,Decline,2969,543
343959,Erhan Masovic,Defender,Centre-Back,Serbia,2022-23,2023-24,24,25,VfL Bochum,VfL Bochum,2174,2218,4,0,0,0,4,0,0.166,0,0,0,0.166,0,-0.166,0,-0.166,Decline,2970,542
225693,Fabinho,Midfield,Defensive Midfield,Brazil,2021-22,2022-23,28,29,Liverpool FC,Liverpool FC,2316,2677,5,0,1,2,6,2,0.194,0,0.039,0.067,0.233,0.067,-0.194,0.028,-0.166,Decline,2971,541
357147,Diogo Dalot,Defender,Right-Back,Portugal,2020-21,2021-22,22,23,AC Milan,Manchester United,1080,1797,1,0,1,0,2,0,0.083,0,0.083,0,0.167,0,-0.083,-0.083,-0.167,Decline,2972,540
70411,Darko Lazović,Midfield,Left Midfield,Serbia,2022-23,2023-24,32,33,Hellas Verona,Hellas Verona,2253,1945,4,3,6,2,10,5,0.16,0.139,0.24,0.093,0.399,0.231,-0.021,-0.147,-0.168,Decline,2973,539
67063,Danny Welbeck,Attack,Centre-Forward,England,2022-23,2023-24,32,33,Brighton & Hove Albion,Brighton & Hove Albion,1856,1703,6,5,4,1,10,6,0.291,0.264,0.194,0.053,0.485,0.317,-0.027,-0.141,-0.168,Decline,2974,538
344152,Odsonne Édouard,Attack,Centre-Forward,France,2021-22,2022-23,24,25,Crystal Palace,Crystal Palace,1566,1806,6,5,3,2,9,7,0.345,0.249,0.172,0.1,0.517,0.349,-0.096,-0.072,-0.168,Decline,2975,537
399434,Marcus Tavernier,Midfield,Attacking Midfield,England,2022-23,2023-24,24,25,AFC Bournemouth,AFC Bournemouth,1749,2133,5,3,4,4,9,7,0.257,0.127,0.206,0.169,0.463,0.295,-0.13,-0.037,-0.168,Decline,2976,536
193900,Marius Wolf,Defender,Right-Back,Germany,2021-22,2022-23,27,28,Borussia Dortmund,Borussia Dortmund,1322,1569,3,1,2,2,5,3,0.204,0.057,0.136,0.115,0.34,0.172,-0.147,-0.021,-0.168,Decline,2977,535
648020,Alexsandro,Defender,Centre-Back,Brazil,2022-23,2023-24,23,24,LOSC Lille,LOSC Lille,1610,2218,3,0,0,0,3,0,0.168,0,0,0,0.168,0,-0.168,0,-0.168,Decline,2978,534
250153,Pasquale Mazzocchi,Defender,Right-Back,Italy,2022-23,2023-24,27,28,US Salernitana 1919,"SSC Napoli, US Salernitana 1919",1966,1704,2,0,4,2,6,2,0.092,0,0.183,0.106,0.275,0.106,-0.092,-0.077,-0.169,Decline,2979,533
223974,Stefan Posch,Defender,Centre-Back,Austria,2022-23,2023-24,26,27,"Bologna Football Club 1909, TSG 1899 Hoffenheim",Bologna Football Club 1909,2559,2418,6,1,2,2,8,3,0.211,0.037,0.07,0.074,0.281,0.112,-0.174,0.004,-0.169,Decline,2980,532
568157,Yéremy Pino,Attack,Right Winger,Spain,2021-22,2022-23,19,20,Villarreal CF,Villarreal CF,1685,2464,6,4,4,6,10,10,0.32,0.146,0.214,0.219,0.534,0.365,-0.174,0.005,-0.169,Decline,2980,532
44352,Luis Suárez,Attack,Centre-Forward,Uruguay,2020-21,2021-22,34,35,Atlético de Madrid,Atlético de Madrid,2522,1835,21,11,3,3,24,14,0.749,0.54,0.107,0.147,0.856,0.687,-0.209,0.04,-0.169,Decline,2981,531
221322,José Gayà,Defender,Left-Back,Spain,2021-22,2022-23,27,28,Valencia CF,Valencia CF,1874,2715,2,1,5,4,7,5,0.096,0.033,0.24,0.133,0.336,0.166,-0.063,-0.107,-0.17,Decline,2982,530
387687,César Montes,Defender,Centre-Back,Mexico,2022-23,2023-24,26,27,RCD Espanyol Barcelona,UD Almería,1589,1792,3,0,0,0,3,0,0.17,0,0,0,0.17,0,-0.17,0,-0.17,Decline,2983,529
55735,Henrikh Mkhitaryan,Midfield,Central Midfield,Armenia,2021-22,2022-23,33,34,Associazione Sportiva Roma,Inter Milan,2502,2000,5,3,6,2,11,5,0.18,0.135,0.216,0.09,0.396,0.225,-0.045,-0.126,-0.171,Decline,2984,528
14086,Ashley Young,Defender,Right-Back,England,2020-21,2021-22,35,36,Inter Milan,Aston Villa,1423,1238,1,0,4,2,5,2,0.063,0,0.253,0.145,0.316,0.145,-0.063,-0.108,-0.171,Decline,2985,527
354361,Frank Anguissa,Midfield,Central Midfield,Cameroon,2022-23,2023-24,27,28,SSC Napoli,SSC Napoli,3062,2793,3,0,5,2,8,2,0.088,0,0.147,0.064,0.235,0.064,-0.088,-0.083,-0.171,Decline,2986,526
162056,Gonzalo Melero,Midfield,Central Midfield,Spain,2022-23,2023-24,29,30,UD Almería,UD Almería,1877,1094,4,1,3,1,7,2,0.192,0.082,0.144,0.082,0.336,0.165,-0.11,-0.062,-0.171,Decline,2987,525
39728,Mats Hummels,Defender,Centre-Back,Germany,2023-24,2024-25,35,36,Borussia Dortmund,Associazione Sportiva Roma,1582,918,3,0,0,0,3,0,0.171,0,0,0,0.171,0,-0.171,0,-0.171,Decline,2988,524
371998,Vinicius Junior,Attack,Left Winger,Brazil,2023-24,2024-25,23,24,Real Madrid,Real Madrid,1875,2258,15,11,6,10,21,21,0.72,0.438,0.288,0.399,1.008,0.837,-0.282,0.111,-0.171,Decline,2989,523
136514,Charalampos Lykogiannis,Defender,Left-Back,Greece,2020-21,2021-22,27,28,Cagliari Calcio,Cagliari Calcio,2433,1821,4,1,2,0,6,1,0.148,0.049,0.074,0,0.222,0.049,-0.099,-0.074,-0.173,Decline,2990,522
126281,Alexander Hack,Defender,Centre-Back,Germany,2021-22,2022-23,28,29,1.FSV Mainz 05,1.FSV Mainz 05,2076,1132,3,0,1,0,4,0,0.13,0,0.043,0,0.173,0,-0.13,-0.043,-0.173,Decline,2991,521
149231,Fidel,Attack,Left Winger,Spain,2021-22,2022-23,32,33,Elche CF,Elche CF,2279,1728,5,3,6,2,11,5,0.197,0.156,0.237,0.104,0.434,0.26,-0.041,-0.133,-0.174,Decline,2992,520
332697,Weston McKennie,Midfield,Central Midfield,United States,2020-21,2021-22,22,23,Juventus FC,Juventus FC,1700,1370,5,3,2,0,7,3,0.265,0.197,0.106,0,0.371,0.197,-0.068,-0.106,-0.174,Decline,2993,519
372712,Ibrahima Sissoko,Midfield,Defensive Midfield,Mali,2021-22,2022-23,24,25,RC Strasbourg Alsace,RC Strasbourg Alsace,2307,1303,2,0,6,2,8,2,0.078,0,0.234,0.138,0.312,0.138,-0.078,-0.096,-0.174,Decline,2994,518
406973,Moritz Broschinski,Attack,Centre-Forward,Germany,2023-24,2024-25,23,24,VfL Bochum,VfL Bochum,1245,1385,2,1,4,3,6,4,0.145,0.065,0.289,0.195,0.434,0.26,-0.08,-0.094,-0.174,Decline,2995,517
413220,James Justin,Defender,Right-Back,England,2020-21,2021-22,23,24,Leicester City,Leicester City,2070,997,2,0,2,0,4,0,0.087,0,0.087,0,0.174,0,-0.087,-0.087,-0.174,Decline,2996,516
177467,Gerard Moreno,Attack,Centre-Forward,Spain,2021-22,2022-23,30,31,Villarreal CF,Villarreal CF,1194,1231,9,7,3,3,12,10,0.678,0.512,0.226,0.219,0.905,0.731,-0.166,-0.007,-0.174,Decline,2997,515
51118,Adil Rami,Defender,Centre-Back,France,2021-22,2022-23,36,37,ESTAC Troyes,ESTAC Troyes,1173,1600,3,0,0,1,3,1,0.23,0,0,0.056,0.23,0.056,-0.23,0.056,-0.174,Decline,2998,514
424204,Alphonso Davies,Defender,Left-Back,Canada,2023-24,2024-25,23,24,Bayern Munich,Bayern Munich,2067,1562,2,1,6,2,8,3,0.087,0.058,0.261,0.115,0.348,0.173,-0.029,-0.146,-0.175,Decline,2999,513
53622,İlkay Gündoğan,Midfield,Central Midfield,Germany,2020-21,2021-22,30,31,Manchester City,Manchester City,2031,1855,13,8,3,3,16,11,0.576,0.388,0.133,0.146,0.709,0.534,-0.188,0.013,-0.175,Decline,3000,512
876631,Habib Diarra,Midfield,Central Midfield,Senegal,2022-23,2023-24,19,20,RC Strasbourg Alsace,RC Strasbourg Alsace,1628,2313,3,3,3,1,6,4,0.166,0.117,0.166,0.039,0.332,0.156,-0.049,-0.127,-0.176,Decline,3001,511
477758,Aaron Wan-Bissaka,Defender,Right-Back,DR Congo,2020-21,2021-22,23,24,Manchester United,Manchester United,3060,1794,2,0,4,0,6,0,0.059,0,0.118,0,0.176,0,-0.059,-0.118,-0.176,Decline,3002,510
584769,Dwight McNeil,Attack,Left Winger,England,2020-21,2021-22,21,22,Burnley FC,Burnley FC,3072,3112,2,0,5,1,7,1,0.059,0,0.146,0.029,0.205,0.029,-0.059,-0.117,-0.176,Decline,3002,510
406640,Felix Nmecha,Midfield,Central Midfield,Germany,2022-23,2023-24,22,23,VfL Wolfsburg,Borussia Dortmund,1836,1017,3,1,6,2,9,3,0.147,0.088,0.294,0.177,0.441,0.265,-0.059,-0.117,-0.176,Decline,3002,510
161011,Filip Kostić,Midfield,Left Midfield,Serbia,2022-23,2023-24,30,31,"Eintracht Frankfurt, Juventus FC",Juventus FC,2653,1831,3,0,8,4,11,4,0.102,0,0.271,0.197,0.373,0.197,-0.102,-0.074,-0.176,Decline,3003,509
266359,Benjamin Bourigeaud,Midfield,Central Midfield,France,2021-22,2022-23,28,29,Stade Rennais FC,Stade Rennais FC,3216,3086,11,7,13,10,24,17,0.308,0.204,0.364,0.292,0.672,0.496,-0.104,-0.072,-0.176,Decline,3004,508
350219,Fabián Ruiz,Midfield,Central Midfield,Spain,2021-22,2022-23,26,27,SSC Napoli,Paris Saint-Germain,2397,1898,7,3,4,2,11,5,0.263,0.142,0.15,0.095,0.413,0.237,-0.121,-0.055,-0.176,Decline,3005,507
374954,Kristijan Jakic,Midfield,Defensive Midfield,Croatia,2023-24,2024-25,27,28,"Eintracht Frankfurt, FC Augsburg",FC Augsburg,1253,2308,2,0,1,1,3,1,0.144,0,0.072,0.039,0.215,0.039,-0.144,-0.033,-0.176,Decline,3006,506
298976,Borja Mayoral,Attack,Centre-Forward,Spain,2023-24,2024-25,27,28,Getafe CF,Getafe CF,2165,1105,15,5,1,1,16,6,0.624,0.407,0.042,0.081,0.665,0.489,-0.217,0.039,-0.176,Decline,3007,505
520468,Iago,Defender,Left-Back,Brazil,2021-22,2022-23,25,26,FC Augsburg,FC Augsburg,2177,1607,2,0,5,2,7,2,0.083,0,0.207,0.112,0.289,0.112,-0.083,-0.095,-0.177,Decline,3008,504
525578,Pathé Ciss,Midfield,Central Midfield,Senegal,2021-22,2022-23,28,29,Rayo Vallecano,Rayo Vallecano,1088,1267,2,1,1,0,3,1,0.165,0.071,0.083,0,0.248,0.071,-0.094,-0.083,-0.177,Decline,3009,503
193867,Liam Henderson,Midfield,Central Midfield,Scotland,2021-22,2022-23,26,27,FC Empoli,FC Empoli,2018,1004,2,0,4,1,6,1,0.089,0,0.178,0.09,0.268,0.09,-0.089,-0.088,-0.178,Decline,3010,502
497291,Nicolás Domínguez,Midfield,Central Midfield,Argentina,2023-24,2024-25,26,27,"Bologna Football Club 1909, Nottingham Forest",Nottingham Forest,1605,1971,2,0,2,1,4,1,0.112,0,0.112,0.046,0.224,0.046,-0.112,-0.066,-0.178,Decline,3011,501
281769,Mario Hermoso,Defender,Centre-Back,Spain,2022-23,2023-24,28,29,Atlético de Madrid,Atlético de Madrid,2112,2556,3,0,2,1,5,1,0.128,0,0.085,0.035,0.213,0.035,-0.128,-0.05,-0.178,Decline,3012,500
119296,Emre Can,Defender,Centre-Back,Germany,2021-22,2022-23,28,29,Borussia Dortmund,Borussia Dortmund,1689,1896,5,2,1,1,6,3,0.266,0.095,0.053,0.047,0.32,0.142,-0.171,-0.006,-0.178,Decline,3013,499
45320,Ángel Di María,Attack,Right Winger,Argentina,2021-22,2022-23,34,35,Paris Saint-Germain,Juventus FC,1654,1364,5,4,8,4,13,8,0.272,0.264,0.435,0.264,0.707,0.528,-0.008,-0.171,-0.179,Decline,3014,498
501418,Adrià Pedrosa,Defender,Left-Back,Spain,2023-24,2024-25,26,27,Sevilla FC,Sevilla FC,1749,2304,1,1,4,1,5,2,0.051,0.039,0.206,0.039,0.257,0.078,-0.012,-0.167,-0.179,Decline,3015,497
463613,Yann Gboho,Attack,Left Winger,France,2023-24,2024-25,23,24,FC Toulouse,FC Toulouse,1200,2342,3,5,4,4,7,9,0.225,0.192,0.3,0.154,0.525,0.346,-0.033,-0.146,-0.179,Decline,3016,496
805908,Bradley Locko,Defender,Left-Back,France,2021-22,2022-23,20,21,Stade Reims,"Stade Brestois 29, Stade Reims",1006,1327,1,0,1,0,2,0,0.089,0,0.089,0,0.179,0,-0.089,-0.089,-0.179,Decline,3017,495
157509,Kurt Zouma,Defender,Centre-Back,France,2020-21,2021-22,26,27,Chelsea FC,West Ham United,2027,2080,5,1,0,0,5,1,0.222,0.043,0,0,0.222,0.043,-0.179,0,-0.179,Decline,3018,494
127189,Geoffrey Kondogbia,Midfield,Defensive Midfield,Central African Republic,2022-23,2023-24,30,31,Atlético de Madrid,Olympique Marseille,1000,1458,0,0,2,0,2,0,0,0,0.18,0,0.18,0,0,-0.18,-0.18,Decline,3019,493
143891,Maximilian Philipp,Attack,Second Striker,Germany,2020-21,2021-22,27,28,VfL Wolfsburg,VfL Wolfsburg,1117,968,6,1,2,4,8,5,0.483,0.093,0.161,0.372,0.645,0.465,-0.39,0.211,-0.18,Decline,3020,492
186644,Mohamed Elyounoussi,Attack,Second Striker,Norway,2021-22,2022-23,27,28,Southampton FC,Southampton FC,2045,2179,4,1,2,1,6,2,0.176,0.041,0.088,0.041,0.264,0.083,-0.135,-0.047,-0.181,Decline,3021,491
413112,Aurélien Tchouaméni,Midfield,Defensive Midfield,France,2023-24,2024-25,24,25,Real Madrid,Real Madrid,1986,2692,3,0,1,0,4,0,0.136,0,0.045,0,0.181,0,-0.136,-0.045,-0.181,Decline,3022,490
377393,Pierre Lees-Melou,Midfield,Defensive Midfield,France,2022-23,2023-24,30,31,Stade Brestois 29,Stade Brestois 29,2773,2521,5,4,5,0,10,4,0.162,0.143,0.162,0,0.325,0.143,-0.019,-0.162,-0.182,Decline,3023,489
234803,Andrew Robertson,Defender,Left-Back,Scotland,2021-22,2022-23,28,29,Liverpool FC,Liverpool FC,2541,2590,3,0,10,8,13,8,0.106,0,0.354,0.278,0.46,0.278,-0.106,-0.076,-0.182,Decline,3024,488
143798,Pavel Kaderabek,Midfield,Right Midfield,Czech Republic,2023-24,2024-25,32,33,TSG 1899 Hoffenheim,TSG 1899 Hoffenheim,2422,1574,3,2,5,0,8,2,0.111,0.114,0.186,0,0.297,0.114,0.003,-0.186,-0.183,Decline,3025,487
123682,Callum Wilson,Attack,Centre-Forward,England,2022-23,2023-24,31,32,Newcastle United,Newcastle United,1887,985,18,9,5,1,23,10,0.859,0.822,0.238,0.091,1.097,0.914,-0.037,-0.147,-0.183,Decline,3026,486
377393,Pierre Lees-Melou,Midfield,Defensive Midfield,France,2020-21,2021-22,28,29,OGC Nice,Norwich City,2065,2272,4,1,2,1,6,2,0.174,0.04,0.087,0.04,0.262,0.079,-0.134,-0.047,-0.183,Decline,3027,485
324795,Mahdi Camara,Midfield,Central Midfield,France,2023-24,2024-25,26,27,Stade Brestois 29,Stade Brestois 29,2038,2670,7,5,4,4,11,9,0.309,0.169,0.177,0.135,0.486,0.303,-0.14,-0.042,-0.183,Decline,3028,484
462250,João Félix,Attack,Second Striker,Portugal,2023-24,2024-25,24,25,FC Barcelona,"AC Milan, Chelsea FC",1542,1123,7,3,3,2,10,5,0.409,0.24,0.175,0.16,0.584,0.401,-0.169,-0.015,-0.183,Decline,3029,483
392966,Nadir Zortea,Defender,Right-Back,Italy,2023-24,2024-25,25,26,"Atalanta BC, Frosinone Calcio",Cagliari Calcio,1405,2727,2,6,5,2,7,8,0.128,0.198,0.32,0.066,0.448,0.264,0.07,-0.254,-0.184,Decline,3030,482
398184,Ferran Torres,Attack,Centre-Forward,Spain,2021-22,2022-23,22,23,"FC Barcelona, Manchester City",FC Barcelona,1723,1382,6,4,5,2,11,6,0.313,0.26,0.261,0.13,0.575,0.391,-0.053,-0.131,-0.184,Decline,3031,481
22068,Franck Ribéry,Attack,Left Winger,France,2020-21,2021-22,38,39,ACF Fiorentina,US Salernitana 1919,2170,1425,2,0,7,3,9,3,0.083,0,0.29,0.189,0.373,0.189,-0.083,-0.101,-0.184,Decline,3032,480
187492,Julian Brandt,Midfield,Attacking Midfield,Germany,2023-24,2024-25,28,29,Borussia Dortmund,Borussia Dortmund,2232,2319,7,5,12,10,19,15,0.282,0.194,0.484,0.388,0.766,0.582,-0.088,-0.096,-0.184,Decline,3033,479
553875,Pedro Porro,Defender,Right-Back,Spain,2022-23,2023-24,23,24,Tottenham Hotspur,Tottenham Hotspur,1136,3093,3,3,3,7,6,10,0.238,0.087,0.238,0.204,0.475,0.291,-0.151,-0.034,-0.184,Decline,3034,478
126665,Idrissa Gueye,Midfield,Defensive Midfield,Senegal,2021-22,2022-23,32,33,Paris Saint-Germain,Everton FC,1643,2593,3,0,1,1,4,1,0.164,0,0.055,0.035,0.219,0.035,-0.164,-0.02,-0.184,Decline,3035,477
711625,José Ángel Carmona,Defender,Right-Back,Spain,2022-23,2023-24,21,22,"Elche CF, Sevilla FC",Getafe CF,1120,1312,3,1,1,1,4,2,0.241,0.069,0.08,0.069,0.321,0.137,-0.172,-0.011,-0.184,Decline,3036,476
205006,Rick Karsdorp,Defender,Right-Back,Netherlands,2020-21,2021-22,26,27,Associazione Sportiva Roma,Associazione Sportiva Roma,2548,2891,1,0,6,2,7,2,0.035,0,0.212,0.062,0.247,0.062,-0.035,-0.15,-0.185,Decline,3037,475
283735,Mattia Zaccagni,Attack,Left Winger,Italy,2022-23,2023-24,28,29,Società Sportiva Lazio S.p.A.,Società Sportiva Lazio S.p.A.,2783,1973,10,6,7,2,17,8,0.323,0.274,0.226,0.091,0.55,0.365,-0.049,-0.135,-0.185,Decline,3038,474
168157,Leander Dendoncker,Midfield,Defensive Midfield,Belgium,2021-22,2022-23,27,28,Wolverhampton Wanderers,"Aston Villa, Wolverhampton Wanderers",1948,902,2,0,2,0,4,0,0.092,0,0.092,0,0.185,0,-0.092,-0.092,-0.185,Decline,3039,473
102558,Marco Verratti,Midfield,Central Midfield,Italy,2021-22,2022-23,29,30,Paris Saint-Germain,Paris Saint-Germain,1947,2206,2,0,2,0,4,0,0.092,0,0.092,0,0.185,0,-0.092,-0.092,-0.185,Decline,3039,473
185077,Vincenzo Grifo,Attack,Left Winger,Italy,2020-21,2021-22,28,29,SC Freiburg,SC Freiburg,2329,2790,9,9,10,8,19,17,0.348,0.29,0.386,0.258,0.734,0.548,-0.058,-0.128,-0.186,Decline,3040,472
290532,Saïd Benrahma,Attack,Left Winger,Algeria,2021-22,2022-23,26,27,West Ham United,West Ham United,2184,2071,8,6,6,3,14,9,0.33,0.261,0.247,0.13,0.577,0.391,-0.069,-0.117,-0.186,Decline,3041,471
820374,Kobbie Mainoo,Midfield,Central Midfield,England,2023-24,2024-25,19,20,Manchester United,Manchester United,1940,1656,3,0,1,0,4,0,0.139,0,0.046,0,0.186,0,-0.139,-0.046,-0.186,Decline,3042,470
212391,Roger Martí,Attack,Centre-Forward,Spain,2020-21,2021-22,30,31,Levante UD,Levante UD,2208,2124,12,7,4,4,16,11,0.489,0.297,0.163,0.169,0.652,0.466,-0.192,0.006,-0.186,Decline,3043,469
156617,Marcelo Brozović,Midfield,Defensive Midfield,Croatia,2020-21,2021-22,28,29,Inter Milan,Inter Milan,2584,2949,2,2,6,1,8,3,0.07,0.061,0.209,0.031,0.279,0.092,-0.009,-0.178,-0.187,Decline,3044,468
357885,Pablo Fornals,Midfield,Central Midfield,Spain,2023-24,2024-25,28,29,"Real Betis Balompié, West Ham United",Real Betis Balompié,1573,1838,3,2,2,0,5,2,0.172,0.098,0.114,0,0.286,0.098,-0.074,-0.114,-0.188,Decline,3045,467
323831,Rafael Borré,Attack,Centre-Forward,Colombia,2021-22,2022-23,26,27,Eintracht Frankfurt,Eintracht Frankfurt,2391,1063,8,2,6,2,14,4,0.301,0.169,0.226,0.169,0.527,0.339,-0.132,-0.057,-0.188,Decline,3046,466
586853,Vitinha,Attack,Centre-Forward,Portugal,2023-24,2024-25,24,25,"Genoa CFC, Olympique Marseille",Genoa CFC,1201,1334,5,2,2,3,7,5,0.375,0.135,0.15,0.202,0.525,0.337,-0.24,0.052,-0.188,Decline,3047,465
93707,Christian Günter,Defender,Left-Back,Germany,2021-22,2022-23,29,30,SC Freiburg,SC Freiburg,3060,2748,2,1,10,4,12,5,0.059,0.033,0.294,0.131,0.353,0.164,-0.026,-0.163,-0.189,Decline,3048,464
636688,Alejandro Balde,Defender,Left-Back,Spain,2022-23,2023-24,19,20,FC Barcelona,FC Barcelona,2476,1378,1,0,6,1,7,1,0.036,0,0.218,0.065,0.254,0.065,-0.036,-0.153,-0.189,Decline,3049,463
256448,Gianluca Mancini,Defender,Centre-Back,Italy,2020-21,2021-22,25,26,Associazione Sportiva Roma,Associazione Sportiva Roma,2854,2883,4,0,2,0,6,0,0.126,0,0.063,0,0.189,0,-0.126,-0.063,-0.189,Decline,3050,462
102017,Jorginho,Midfield,Defensive Midfield,Italy,2021-22,2022-23,30,31,Chelsea FC,"Arsenal FC, Chelsea FC",2279,2134,6,2,2,1,8,3,0.237,0.084,0.079,0.042,0.316,0.127,-0.153,-0.037,-0.189,Decline,3051,461
192009,Unai López,Midfield,Central Midfield,Spain,2020-21,2021-22,25,26,Athletic Bilbao,Rayo Vallecano,1425,1156,3,0,0,0,3,0,0.189,0,0,0,0.189,0,-0.189,0,-0.189,Decline,3052,460
22328,Fabio Quagliarella,Attack,Centre-Forward,,2020-21,2021-22,38,39,UC Sampdoria,UC Sampdoria,2215,1660,13,4,1,3,14,7,0.528,0.217,0.041,0.163,0.569,0.38,-0.311,0.122,-0.189,Decline,3053,459
444523,Lucas Paquetá,Midfield,Attacking Midfield,Brazil,2023-24,2024-25,26,27,West Ham United,West Ham United,2639,2385,4,4,6,0,10,4,0.136,0.151,0.205,0,0.341,0.151,0.015,-0.205,-0.19,Decline,3054,458
75921,Christopher Trimmel,Defender,Right-Back,Austria,2022-23,2023-24,36,37,1.FC Union Berlin,1.FC Union Berlin,1809,1651,0,0,6,2,6,2,0,0,0.299,0.109,0.299,0.109,0,-0.19,-0.19,Decline,3055,457
127032,Serge Aurier,Defender,Right-Back,Cote d'Ivoire,2020-21,2021-22,28,29,Tottenham Hotspur,Villarreal CF,1608,1003,2,0,3,1,5,1,0.112,0,0.168,0.09,0.28,0.09,-0.112,-0.078,-0.19,Decline,3056,456
298477,Oli McBurnie,Attack,Centre-Forward,Scotland,2023-24,2024-25,28,29,Sheffield United,UD Las Palmas,1285,1839,6,3,3,6,9,9,0.42,0.147,0.21,0.294,0.63,0.44,-0.273,0.084,-0.19,Decline,3057,455
505674,Sergio Camello,Attack,Centre-Forward,Spain,2022-23,2023-24,22,23,Rayo Vallecano,Rayo Vallecano,2413,1646,6,3,5,1,11,4,0.224,0.164,0.186,0.055,0.41,0.219,-0.06,-0.131,-0.191,Decline,3058,454
293200,Nikola Vlašić,Midfield,Attacking Midfield,Croatia,2022-23,2023-24,25,26,Torino FC,Torino FC,2731,2615,5,3,6,2,11,5,0.165,0.103,0.198,0.069,0.363,0.172,-0.062,-0.129,-0.191,Decline,3059,453
195736,Florian Grillitsch,Midfield,Defensive Midfield,Austria,2020-21,2021-22,25,26,TSG 1899 Hoffenheim,TSG 1899 Hoffenheim,1882,1495,2,0,2,0,4,0,0.096,0,0.096,0,0.191,0,-0.096,-0.096,-0.191,Decline,3060,452
406635,Phil Foden,Midfield,Attacking Midfield,England,2020-21,2021-22,21,22,Manchester City,Manchester City,1614,2134,9,9,5,5,14,14,0.502,0.38,0.279,0.211,0.781,0.59,-0.122,-0.068,-0.191,Decline,3061,451
406040,Ademola Lookman,Attack,Left Winger,Nigeria,2022-23,2023-24,25,26,Atalanta BC,Atalanta BC,1732,1901,13,11,8,8,21,19,0.676,0.521,0.416,0.379,1.091,0.9,-0.155,-0.037,-0.191,Decline,3062,450
540536,Carlos Vicente,Attack,Right Winger,Spain,2023-24,2024-25,25,26,Deportivo Alavés,Deportivo Alavés,1118,3098,2,5,4,5,6,10,0.161,0.145,0.322,0.145,0.483,0.291,-0.016,-0.177,-0.192,Decline,3063,449
143798,Pavel Kaderabek,Midfield,Right Midfield,Czech Republic,2021-22,2022-23,30,31,TSG 1899 Hoffenheim,TSG 1899 Hoffenheim,1200,1662,1,1,3,1,4,2,0.075,0.054,0.225,0.054,0.3,0.108,-0.021,-0.171,-0.192,Decline,3064,448
274862,Moses Simon,Attack,Left Winger,Nigeria,2021-22,2022-23,26,27,FC Nantes,FC Nantes,2351,2358,6,5,8,4,14,9,0.23,0.191,0.306,0.153,0.536,0.344,-0.039,-0.153,-0.192,Decline,3065,447
546543,Darwin Núñez,Attack,Centre-Forward,Uruguay,2023-24,2024-25,25,26,Liverpool FC,Liverpool FC,2045,1118,11,5,8,3,19,8,0.484,0.403,0.352,0.242,0.836,0.644,-0.081,-0.11,-0.192,Decline,3066,446
122797,Andy Delort,Attack,Centre-Forward,Algeria,2021-22,2022-23,30,31,"Montpellier HSC, OGC Nice","FC Nantes, OGC Nice",2717,1249,18,6,3,1,21,7,0.596,0.432,0.099,0.072,0.696,0.504,-0.164,-0.027,-0.192,Decline,3067,445
433188,Curtis Jones,Midfield,Central Midfield,England,2022-23,2023-24,22,23,Liverpool FC,Liverpool FC,1039,1166,3,1,1,1,4,2,0.26,0.077,0.087,0.077,0.346,0.154,-0.183,-0.01,-0.192,Decline,3068,444
161056,Joshua Kimmich,Midfield,Defensive Midfield,Germany,2021-22,2022-23,27,28,Bayern Munich,Bayern Munich,2478,2814,3,5,12,6,15,11,0.109,0.16,0.436,0.192,0.545,0.352,0.051,-0.244,-0.193,Decline,3069,443
694509,Moussa Diarra,Defender,Centre-Back,Mali,2023-24,2024-25,23,24,FC Toulouse,Deportivo Alavés,1400,1863,1,0,2,0,3,0,0.064,0,0.129,0,0.193,0,-0.064,-0.129,-0.193,Decline,3070,442
711980,Guéla Doué,Defender,Right-Back,Cote d'Ivoire,2023-24,2024-25,21,22,Stade Rennais FC,RC Strasbourg Alsace,1228,2716,0,1,4,2,4,3,0,0.033,0.293,0.066,0.293,0.099,0.033,-0.227,-0.194,Decline,3071,441
292818,Jonathan Bamba,Attack,Left Winger,Cote d'Ivoire,2022-23,2023-24,27,28,LOSC Lille,Celta de Vigo,2789,1993,6,3,7,2,13,5,0.194,0.135,0.226,0.09,0.42,0.226,-0.059,-0.136,-0.194,Decline,3072,440
340456,Noussair Mazraoui,Defender,Right-Back,Morocco,2022-23,2023-24,25,26,Bayern Munich,Bayern Munich,1073,1198,1,0,4,3,5,3,0.084,0,0.336,0.225,0.419,0.225,-0.084,-0.111,-0.194,Decline,3073,439
288429,Mads Pedersen,Defender,Left-Back,Denmark,2021-22,2022-23,25,26,FC Augsburg,FC Augsburg,1392,1837,2,0,1,0,3,0,0.129,0,0.065,0,0.194,0,-0.129,-0.065,-0.194,Decline,3074,438
103565,Wahbi Khazri,Attack,Left Winger,Tunisia,2022-23,2023-24,32,33,Montpellier HSC,Montpellier HSC,1642,1131,4,1,1,0,5,1,0.219,0.08,0.055,0,0.274,0.08,-0.139,-0.055,-0.194,Decline,3075,437
255942,Nicolò Barella,Midfield,Central Midfield,Italy,2022-23,2023-24,26,27,Inter Milan,Inter Milan,2623,2859,6,2,7,6,13,8,0.206,0.063,0.24,0.189,0.446,0.252,-0.143,-0.051,-0.194,Decline,3076,436
420002,Jean-Philippe Mateta,Attack,Centre-Forward,France,2020-21,2021-22,24,25,"1.FSV Mainz 05, Crystal Palace",Crystal Palace,1220,1149,8,5,1,1,9,6,0.59,0.392,0.074,0.078,0.664,0.47,-0.198,0.004,-0.194,Decline,3077,435
166601,Niklas Süle,Defender,Centre-Back,Germany,2022-23,2023-24,27,28,Borussia Dortmund,Borussia Dortmund,2117,1508,2,1,4,0,6,1,0.085,0.06,0.17,0,0.255,0.06,-0.025,-0.17,-0.195,Decline,3078,434
490426,Krépin Diatta,Midfield,Right Midfield,Senegal,2022-23,2023-24,24,25,AS Monaco,AS Monaco,2078,1194,4,0,4,2,8,2,0.173,0,0.173,0.151,0.346,0.151,-0.173,-0.022,-0.195,Decline,3079,433
257751,Simone Bastoni,Midfield,Central Midfield,Italy,2020-21,2021-22,24,25,Spezia Calcio,Spezia Calcio,1529,2292,1,3,7,4,8,7,0.059,0.118,0.412,0.157,0.471,0.275,0.059,-0.255,-0.196,Decline,3080,432
153084,Leon Goretzka,Midfield,Central Midfield,Germany,2020-21,2021-22,26,27,Bayern Munich,Bayern Munich,1706,1405,5,3,6,3,11,6,0.264,0.192,0.317,0.192,0.58,0.384,-0.072,-0.125,-0.196,Decline,3081,431
72047,Iago Aspas,Attack,Centre-Forward,Spain,2021-22,2022-23,34,35,Celta de Vigo,Celta de Vigo,3095,2866,18,12,6,4,24,16,0.523,0.377,0.174,0.126,0.698,0.502,-0.146,-0.048,-0.196,Decline,3082,430
435648,Joshua Zirkzee,Attack,Centre-Forward,Netherlands,2023-24,2024-25,23,24,Bologna Football Club 1909,Manchester United,2774,1394,11,3,5,2,16,5,0.357,0.194,0.162,0.129,0.519,0.323,-0.163,-0.033,-0.196,Decline,3083,429
951579,Saël Kumbedi,Defender,Right-Back,France,2023-24,2024-25,19,20,Olympique Lyon,Olympique Lyon,916,956,0,0,2,0,2,0,0,0,0.197,0,0.197,0,0,-0.197,-0.197,Decline,3084,428
53418,Kevin Kampl,Midfield,Central Midfield,Slovenia,2022-23,2023-24,32,33,RB Leipzig,RB Leipzig,1368,1359,2,1,2,0,4,1,0.132,0.066,0.132,0,0.263,0.066,-0.066,-0.132,-0.197,Decline,3085,427
159088,Robert Andrich,Midfield,Defensive Midfield,Germany,2021-22,2022-23,27,28,Bayer 04 Leverkusen,Bayer 04 Leverkusen,1820,2410,4,2,3,2,7,4,0.198,0.075,0.148,0.075,0.346,0.149,-0.123,-0.073,-0.197,Decline,3086,426
485965,Nicolas Cozza,Defender,Centre-Back,France,2022-23,2023-24,24,25,"Montpellier HSC, VfL Wolfsburg","FC Nantes, VfL Wolfsburg",1372,1173,2,0,1,0,3,0,0.131,0,0.066,0,0.197,0,-0.131,-0.066,-0.197,Decline,3087,425
56416,Dries Mertens,Attack,Second Striker,Belgium,2020-21,2021-22,34,35,SSC Napoli,SSC Napoli,1467,1384,9,11,8,2,17,13,0.552,0.715,0.491,0.13,1.043,0.845,0.163,-0.361,-0.198,Decline,3088,424
417346,Jack Harrison,Attack,Left Winger,England,2020-21,2021-22,24,25,Leeds United,Leeds United,2855,2647,8,8,8,1,16,9,0.252,0.272,0.252,0.034,0.504,0.306,0.02,-0.218,-0.198,Decline,3089,423
309944,Tyronne Ebuehi,Defender,Right-Back,Nigeria,2022-23,2023-24,27,28,FC Empoli,FC Empoli,1928,1097,2,0,4,1,6,1,0.093,0,0.187,0.082,0.28,0.082,-0.093,-0.105,-0.198,Decline,3090,422
655488,Gabriel Martinelli,Attack,Left Winger,Brazil,2022-23,2023-24,22,23,Arsenal FC,Arsenal FC,2805,2029,15,6,5,4,20,10,0.481,0.266,0.16,0.177,0.642,0.444,-0.215,0.017,-0.198,Decline,3091,421
335147,Junior Sambia,Defender,Right-Back,France,2020-21,2021-22,24,25,Montpellier HSC,Montpellier HSC,2446,1528,1,1,6,0,7,1,0.037,0.059,0.221,0,0.258,0.059,0.022,-0.221,-0.199,Decline,3092,420
181136,Piotr Zielinski,Midfield,Central Midfield,Poland,2020-21,2021-22,27,28,SSC Napoli,SSC Napoli,2548,2099,8,6,11,5,19,11,0.283,0.257,0.389,0.214,0.671,0.472,-0.026,-0.175,-0.199,Decline,3093,419
52769,Willian,Attack,Left Winger,Brazil,2022-23,2023-24,34,35,Fulham FC,Fulham FC,2144,2056,5,4,6,2,11,6,0.21,0.175,0.252,0.088,0.462,0.263,-0.035,-0.164,-0.199,Decline,3094,418
595809,Beto,Attack,Centre-Forward,Guinea-Bissau,2022-23,2023-24,25,26,Udinese Calcio,"Everton FC, Udinese Calcio",2131,1016,10,3,1,0,11,3,0.422,0.266,0.042,0,0.465,0.266,-0.156,-0.042,-0.199,Decline,3095,417
552425,Jon Moncayola,Midfield,Central Midfield,Spain,2023-24,2024-25,26,27,CA Osasuna,CA Osasuna,1803,2113,1,0,3,0,4,0,0.05,0,0.15,0,0.2,0,-0.05,-0.15,-0.2,Decline,3096,416
487469,Vitinha,Midfield,Defensive Midfield,Portugal,2023-24,2024-25,24,25,Paris Saint-Germain,Paris Saint-Germain,2129,2035,7,5,4,1,11,6,0.296,0.221,0.169,0.044,0.465,0.265,-0.075,-0.125,-0.2,Decline,3097,415
421637,Frank Onyeka,Midfield,Central Midfield,Nigeria,2023-24,2024-25,26,27,Brentford FC,"Brentford FC, FC Augsburg",1153,2620,1,0,2,1,3,1,0.078,0,0.156,0.034,0.234,0.034,-0.078,-0.122,-0.2,Decline,3098,414
43848,Miguel Veloso,Midfield,Defensive Midfield,Portugal,2021-22,2022-23,36,37,Hellas Verona,Hellas Verona,1346,1167,0,0,3,0,3,0,0,0,0.201,0,0.201,0,0,-0.201,-0.201,Decline,3099,413
157672,Vladimír Coufal,Defender,Right-Back,Czech Republic,2023-24,2024-25,31,32,West Ham United,West Ham United,3139,1061,0,0,7,0,7,0,0,0,0.201,0,0.201,0,0,-0.201,-0.201,Decline,3099,413
504153,Joe Scally,Defender,Right-Back,United States,2023-24,2024-25,21,22,Borussia Mönchengladbach,Borussia Mönchengladbach,2236,2588,1,0,4,0,5,0,0.04,0,0.161,0,0.201,0,-0.04,-0.161,-0.201,Decline,3100,412
405687,Tom Krauß,Midfield,Defensive Midfield,Germany,2023-24,2024-25,23,24,1.FSV Mainz 05,VfL Bochum,1342,1081,1,0,2,0,3,0,0.067,0,0.134,0,0.201,0,-0.067,-0.134,-0.201,Decline,3101,411
387047,Danilho Doekhi,Defender,Centre-Back,Netherlands,2022-23,2023-24,25,26,1.FC Union Berlin,1.FC Union Berlin,2217,2160,5,2,2,0,7,2,0.203,0.083,0.081,0,0.284,0.083,-0.12,-0.081,-0.201,Decline,3102,410
256267,Vedat Muriqi,Attack,Centre-Forward,Kosovo,2022-23,2023-24,29,30,RCD Mallorca,RCD Mallorca,2953,2330,15,7,3,2,18,9,0.457,0.27,0.091,0.077,0.549,0.348,-0.187,-0.014,-0.201,Decline,3103,409
388198,Nico Schlotterbeck,Defender,Centre-Back,Germany,2022-23,2023-24,23,24,Borussia Dortmund,Borussia Dortmund,2256,2861,4,2,5,3,9,5,0.16,0.063,0.199,0.094,0.359,0.157,-0.097,-0.105,-0.202,Decline,3104,408
103565,Wahbi Khazri,Attack,Left Winger,Tunisia,2020-21,2021-22,30,31,AS Saint-Étienne,AS Saint-Étienne,1193,2238,7,10,1,0,8,10,0.528,0.402,0.075,0,0.604,0.402,-0.126,-0.075,-0.202,Decline,3105,407
158764,Stuart Dallas,Defender,Right-Back,Northern Ireland,2020-21,2021-22,30,31,Leeds United,Leeds United,3411,2922,8,1,2,1,10,2,0.211,0.031,0.053,0.031,0.264,0.062,-0.18,-0.022,-0.202,Decline,3106,406
125781,Antoine Griezmann,Attack,Second Striker,France,2023-24,2024-25,33,34,Atlético de Madrid,Atlético de Madrid,2654,2482,16,8,6,7,22,15,0.543,0.29,0.203,0.254,0.746,0.544,-0.253,0.051,-0.202,Decline,3107,405
645774,Eren Dinkçi,Attack,Right Winger,Türkiye,2023-24,2024-25,22,23,1. Fußballclub Heidenheim 1846,SC Freiburg,2676,1194,10,0,5,4,15,4,0.336,0,0.168,0.302,0.504,0.302,-0.336,0.134,-0.202,Decline,3108,404
58358,Thomas Müller,Attack,Second Striker,Germany,2021-22,2022-23,32,33,Bayern Munich,Bayern Munich,2578,1668,8,7,21,8,29,15,0.279,0.378,0.733,0.432,1.012,0.809,0.099,-0.301,-0.203,Decline,3109,403
580195,Jamal Musiala,Midfield,Attacking Midfield,Germany,2022-23,2023-24,20,21,Bayern Munich,Bayern Munich,2211,1767,12,10,13,6,25,16,0.488,0.509,0.529,0.306,1.018,0.815,0.021,-0.223,-0.203,Decline,3110,402
289182,Christopher Antwi-Adjei,Attack,Left Winger,Ghana,2022-23,2023-24,29,30,VfL Bochum,VfL Bochum,1989,1221,3,2,8,2,11,4,0.136,0.147,0.362,0.147,0.498,0.295,0.011,-0.215,-0.203,Decline,3111,401
372246,Carlos Soler,Midfield,Central Midfield,Spain,2023-24,2024-25,27,28,Paris Saint-Germain,West Ham United,1089,1404,2,1,2,1,4,2,0.165,0.064,0.165,0.064,0.331,0.128,-0.101,-0.101,-0.203,Decline,3112,400
58995,Anthony Jung,Defender,Centre-Back,Germany,2022-23,2023-24,31,32,SV Werder Bremen,SV Werder Bremen,2635,2582,2,1,5,0,7,1,0.068,0.035,0.171,0,0.239,0.035,-0.033,-0.171,-0.204,Decline,3113,399
486049,Jérémy Doku,Attack,Left Winger,Belgium,2023-24,2024-25,22,23,"Manchester City, Stade Rennais FC",Manchester City,1705,1514,4,3,10,6,14,9,0.211,0.178,0.528,0.357,0.739,0.535,-0.033,-0.171,-0.204,Decline,3113,399
551505,Mousa Tamari,Attack,Right Winger,Jordan,2023-24,2024-25,27,28,Montpellier HSC,"Montpellier HSC, Stade Rennais FC",1940,1686,5,3,4,1,9,4,0.232,0.16,0.186,0.053,0.418,0.214,-0.072,-0.133,-0.204,Decline,3114,398
341647,Cengiz Ünder,Attack,Right Winger,Türkiye,2021-22,2022-23,24,25,Olympique Marseille,Olympique Marseille,2208,2495,10,5,3,4,13,9,0.408,0.18,0.122,0.144,0.53,0.325,-0.228,0.022,-0.205,Decline,3115,397
495629,Hugo Guillamón,Midfield,Defensive Midfield,Spain,2022-23,2023-24,23,24,Valencia CF,Valencia CF,1634,1305,1,1,4,0,5,1,0.055,0.069,0.22,0,0.275,0.069,0.014,-0.22,-0.206,Decline,3116,396
196231,Marvin Friedrich,Defender,Centre-Back,Germany,2020-21,2021-22,25,26,1.FC Union Berlin,"1.FC Union Berlin, Borussia Mönchengladbach",3060,1769,5,0,2,0,7,0,0.147,0,0.059,0,0.206,0,-0.147,-0.059,-0.206,Decline,3117,395
122797,Andy Delort,Attack,Centre-Forward,Algeria,2020-21,2021-22,29,30,Montpellier HSC,"Montpellier HSC, OGC Nice",2492,2717,15,18,10,3,25,21,0.542,0.596,0.361,0.099,0.903,0.696,0.054,-0.262,-0.207,Decline,3118,394
59561,Dani Parejo,Midfield,Central Midfield,Spain,2021-22,2022-23,33,34,Villarreal CF,Villarreal CF,2710,3289,2,3,10,4,12,7,0.066,0.082,0.332,0.109,0.399,0.192,0.016,-0.223,-0.207,Decline,3119,393
274839,Wilfred Ndidi,Midfield,Defensive Midfield,Nigeria,2020-21,2021-22,24,25,Leicester City,Leicester City,2179,1619,1,0,4,0,5,0,0.041,0,0.165,0,0.207,0,-0.041,-0.165,-0.207,Decline,3120,392
341278,Iván Martín,Midfield,Central Midfield,Spain,2023-24,2024-25,25,26,Girona FC,Girona FC,2747,2043,5,1,4,1,9,2,0.164,0.044,0.131,0.044,0.295,0.088,-0.12,-0.087,-0.207,Decline,3121,391
433049,Youssef En-Nesyri,Attack,Centre-Forward,Morocco,2020-21,2021-22,24,25,Sevilla FC,Sevilla FC,2314,1279,18,5,0,2,18,7,0.7,0.352,0,0.141,0.7,0.493,-0.348,0.141,-0.207,Decline,3122,390
571020,Oihan Sancet,Midfield,Attacking Midfield,Spain,2021-22,2022-23,22,23,Athletic Bilbao,Athletic Bilbao,1427,2555,6,10,4,2,10,12,0.378,0.352,0.252,0.07,0.631,0.423,-0.026,-0.182,-0.208,Decline,3123,389
344695,Dayot Upamecano,Defender,Centre-Back,France,2021-22,2022-23,23,24,Bayern Munich,Bayern Munich,2209,2349,1,0,6,2,7,2,0.041,0,0.244,0.077,0.285,0.077,-0.041,-0.167,-0.208,Decline,3124,388
435228,Ardian Ismajli,Defender,Centre-Back,Albania,2020-21,2021-22,24,25,Spezia Calcio,FC Empoli,1296,1265,1,0,2,0,3,0,0.069,0,0.139,0,0.208,0,-0.069,-0.139,-0.208,Decline,3125,387
203496,Nabil Fekir,Midfield,Attacking Midfield,France,2022-23,2023-24,29,30,Real Betis Balompié,Real Betis Balompié,966,1048,2,1,3,2,5,3,0.186,0.086,0.28,0.172,0.466,0.258,-0.1,-0.108,-0.208,Decline,3126,386
92738,Mateusz Klich,Midfield,Defensive Midfield,Poland,2020-21,2021-22,31,32,Leeds United,Leeds United,2397,2082,4,1,5,2,9,3,0.15,0.043,0.188,0.086,0.338,0.13,-0.107,-0.102,-0.208,Decline,3127,385
503733,Anthony Gordon,Attack,Left Winger,England,2023-24,2024-25,23,24,Newcastle United,Newcastle United,2906,2446,11,6,10,6,21,12,0.341,0.221,0.31,0.221,0.65,0.442,-0.12,-0.089,-0.208,Decline,3128,384
205938,Mario Pašalić,Midfield,Central Midfield,Croatia,2023-24,2024-25,29,30,Atalanta BC,Atalanta BC,2046,1970,6,3,6,4,12,7,0.264,0.137,0.264,0.183,0.528,0.32,-0.127,-0.081,-0.208,Decline,3129,383
463605,Bafodé Diakité,Defender,Centre-Back,France,2023-24,2024-25,23,24,LOSC Lille,LOSC Lille,1696,2767,5,4,2,1,7,5,0.265,0.13,0.106,0.033,0.371,0.163,-0.135,-0.073,-0.208,Decline,3130,382
341227,Juan Miranda,Defender,Left-Back,Spain,2022-23,2023-24,23,24,Real Betis Balompié,Real Betis Balompié,1475,1860,3,1,2,1,5,2,0.183,0.048,0.122,0.048,0.305,0.097,-0.135,-0.074,-0.208,Decline,3130,382
362977,Josip Juranovic,Defender,Right-Back,Croatia,2023-24,2024-25,28,29,1.FC Union Berlin,1.FC Union Berlin,1292,1159,0,0,3,0,3,0,0,0,0.209,0,0.209,0,0,-0.209,-0.209,Decline,3131,381
76467,Kiko Femenía,Defender,Right-Back,Spain,2021-22,2022-23,31,32,Watford FC,Villarreal CF,2150,1135,0,0,5,0,5,0,0,0,0.209,0,0.209,0,0,-0.209,-0.209,Decline,3131,381
87884,Mário Rui,Defender,Left-Back,Portugal,2022-23,2023-24,32,33,SSC Napoli,SSC Napoli,1762,1207,0,0,7,2,7,2,0,0,0.358,0.149,0.358,0.149,0,-0.209,-0.209,Decline,3131,381
341110,Franco Cervi,Attack,Left Winger,Argentina,2021-22,2022-23,28,29,Celta de Vigo,Celta de Vigo,1806,1895,4,0,4,4,8,4,0.199,0,0.199,0.19,0.399,0.19,-0.199,-0.009,-0.209,Decline,3132,380
124555,Cristiano Biraghi,Defender,Left-Back,Italy,2023-24,2024-25,31,32,ACF Fiorentina,"ACF Fiorentina, Torino FC",2359,1589,2,1,5,0,7,1,0.076,0.057,0.191,0,0.267,0.057,-0.019,-0.191,-0.21,Decline,3133,379
157507,Adrien Tamèze,Midfield,Defensive Midfield,France,2021-22,2022-23,28,29,Hellas Verona,Hellas Verona,2573,3039,4,0,2,0,6,0,0.14,0,0.07,0,0.21,0,-0.14,-0.07,-0.21,Decline,3134,378
398073,Achraf Hakimi,Defender,Right-Back,Morocco,2020-21,2021-22,22,23,Inter Milan,Paris Saint-Germain,2670,2484,7,4,10,6,17,10,0.236,0.145,0.337,0.217,0.573,0.362,-0.091,-0.12,-0.211,Decline,3135,377
32467,Ivan Rakitic,Midfield,Central Midfield,Croatia,2021-22,2022-23,34,35,Sevilla FC,Sevilla FC,2187,1790,4,1,6,3,10,4,0.165,0.05,0.247,0.151,0.412,0.201,-0.115,-0.096,-0.211,Decline,3136,376
579930,Armand Laurienté,Attack,Left Winger,France,2022-23,2023-24,24,25,"FC Lorient, US Sassuolo",US Sassuolo,2459,2926,8,5,7,6,15,11,0.293,0.154,0.256,0.185,0.549,0.338,-0.139,-0.071,-0.211,Decline,3137,375
234029,Grischa Prömel,Midfield,Central Midfield,Germany,2021-22,2022-23,27,28,1.FC Union Berlin,TSG 1899 Hoffenheim,2428,1458,8,1,1,1,9,2,0.297,0.062,0.037,0.062,0.334,0.123,-0.235,0.025,-0.211,Decline,3138,374
91970,Juan Cuadrado,Midfield,Right Midfield,Colombia,2020-21,2021-22,33,34,Juventus FC,Juventus FC,2180,2494,2,4,11,5,13,9,0.083,0.144,0.454,0.18,0.537,0.325,0.061,-0.274,-0.212,Decline,3139,373
111961,Suso,Midfield,Attacking Midfield,Spain,2022-23,2023-24,29,30,Sevilla FC,Sevilla FC,1060,1514,2,1,4,4,6,5,0.17,0.059,0.34,0.238,0.509,0.297,-0.111,-0.102,-0.212,Decline,3140,372
51100,Peter Pekarík,Defender,Right-Back,Slovakia,2020-21,2021-22,34,35,Hertha BSC,Hertha BSC,1700,2239,3,0,1,0,4,0,0.159,0,0.053,0,0.212,0,-0.159,-0.053,-0.212,Decline,3141,371
36182,Max Kruse,Attack,Second Striker,Germany,2020-21,2021-22,33,34,1.FC Union Berlin,"1.FC Union Berlin, VfL Wolfsburg",1634,2420,11,12,5,6,16,18,0.606,0.446,0.275,0.223,0.881,0.669,-0.16,-0.052,-0.212,Decline,3142,370
640109,Martín Satriano,Attack,Centre-Forward,Uruguay,2021-22,2022-23,21,22,"Inter Milan, Stade Brestois 29",FC Empoli,973,1708,4,2,0,1,4,3,0.37,0.105,0,0.053,0.37,0.158,-0.265,0.053,-0.212,Decline,3143,369
321247,Emiliano Buendía,Attack,Left Winger,Argentina,2021-22,2022-23,25,26,Aston Villa,Aston Villa,1901,2422,4,5,6,2,10,7,0.189,0.186,0.284,0.074,0.473,0.26,-0.003,-0.21,-0.213,Decline,3144,368
296622,Marco Asensio,Midfield,Attacking Midfield,Spain,2022-23,2023-24,27,28,Real Madrid,Paris Saint-Germain,1434,1113,9,4,6,5,15,9,0.565,0.323,0.377,0.404,0.941,0.728,-0.242,0.027,-0.213,Decline,3145,367
496857,Edon Zhegrova,Attack,Right Winger,Kosovo,2022-23,2023-24,24,25,LOSC Lille,LOSC Lille,1054,2301,3,6,5,6,8,12,0.256,0.235,0.427,0.235,0.683,0.469,-0.021,-0.192,-0.214,Decline,3146,366
324690,Jonathan Ikoné,Attack,Right Winger,France,2020-21,2021-22,23,24,LOSC Lille,"ACF Fiorentina, LOSC Lille",2186,1718,4,2,5,1,9,3,0.165,0.105,0.206,0.052,0.371,0.157,-0.06,-0.154,-0.214,Decline,3147,365
326029,Donyell Malen,Attack,Centre-Forward,Netherlands,2023-24,2024-25,25,26,Borussia Dortmund,"Aston Villa, Borussia Dortmund",1784,910,13,6,3,0,16,6,0.656,0.593,0.151,0,0.807,0.593,-0.063,-0.151,-0.214,Decline,3148,364
395516,Moussa Diaby,Attack,Right Winger,France,2021-22,2022-23,22,23,Bayer 04 Leverkusen,Bayer 04 Leverkusen,2775,2717,13,9,12,9,25,18,0.422,0.298,0.389,0.298,0.811,0.596,-0.124,-0.091,-0.215,Decline,3149,363
123682,Callum Wilson,Attack,Centre-Forward,England,2020-21,2021-22,29,30,Newcastle United,Newcastle United,2085,1389,12,8,5,0,17,8,0.518,0.518,0.216,0,0.734,0.518,0,-0.216,-0.216,Decline,3150,362
287920,Tim Skarke,Attack,Centre-Forward,Germany,2023-24,2024-25,27,28,SV Darmstadt 98,1.FC Union Berlin,2419,1155,8,0,2,2,10,2,0.298,0,0.074,0.156,0.372,0.156,-0.298,0.082,-0.216,Decline,3151,361
255653,Santi Mina,Attack,Centre-Forward,Spain,2020-21,2021-22,25,26,Celta de Vigo,Celta de Vigo,2421,2378,12,7,4,3,16,10,0.446,0.265,0.149,0.114,0.595,0.378,-0.181,-0.035,-0.217,Decline,3152,360
265088,Manuel Locatelli,Midfield,Defensive Midfield,Italy,2021-22,2022-23,24,25,Juventus FC,Juventus FC,2163,2458,3,0,4,2,7,2,0.125,0,0.166,0.073,0.291,0.073,-0.125,-0.093,-0.218,Decline,3153,359
203853,Oleksandr Zinchenko,Defender,Left-Back,Ukraine,2021-22,2022-23,25,26,Manchester City,Arsenal FC,1044,2136,0,1,4,2,4,3,0,0.042,0.345,0.084,0.345,0.126,0.042,-0.261,-0.219,Decline,3154,358
618809,Manu Sánchez,Defender,Left-Back,Spain,2023-24,2024-25,23,24,Celta de Vigo,Deportivo Alavés,1776,2640,0,1,5,0,5,1,0,0.034,0.253,0,0.253,0.034,0.034,-0.253,-0.219,Decline,3155,357
371149,Evan Ndicka,Defender,Centre-Back,Cote d'Ivoire,2021-22,2022-23,22,23,Eintracht Frankfurt,Eintracht Frankfurt,2858,2693,4,1,4,0,8,1,0.126,0.033,0.126,0,0.252,0.033,-0.093,-0.126,-0.219,Decline,3156,356
418659,Amine Gouiri,Attack,Centre-Forward,Algeria,2022-23,2023-24,23,24,"OGC Nice, Stade Rennais FC",Stade Rennais FC,2759,2077,15,7,5,3,20,10,0.489,0.303,0.163,0.13,0.652,0.433,-0.186,-0.033,-0.219,Decline,3157,355
119234,Karim Onisiwo,Attack,Centre-Forward,Austria,2022-23,2023-24,31,32,1.FSV Mainz 05,1.FSV Mainz 05,2547,1497,10,1,3,3,13,4,0.353,0.06,0.106,0.18,0.459,0.24,-0.293,0.074,-0.219,Decline,3158,354
398065,Harvey Barnes,Attack,Left Winger,England,2021-22,2022-23,24,25,Leicester City,Leicester City,2105,2718,6,13,10,1,16,14,0.257,0.43,0.428,0.033,0.684,0.464,0.173,-0.395,-0.22,Decline,3159,353
496745,Emil Holm,Defender,Right-Back,Sweden,2023-24,2024-25,24,25,Atalanta BC,Bologna Football Club 1909,949,1135,1,1,3,1,4,2,0.095,0.079,0.285,0.079,0.379,0.159,-0.016,-0.206,-0.22,Decline,3160,352
262939,Johan Mojica,Defender,Left-Back,Colombia,2021-22,2022-23,29,30,Elche CF,"Elche CF, Villarreal CF",2858,904,2,0,5,0,7,0,0.063,0,0.157,0,0.22,0,-0.063,-0.157,-0.22,Decline,3161,351
424042,Nahuel Molina,Defender,Right-Back,Argentina,2021-22,2022-23,24,25,Udinese Calcio,Atlético de Madrid,2650,2872,7,4,5,2,12,6,0.238,0.125,0.17,0.063,0.408,0.188,-0.113,-0.107,-0.22,Decline,3162,350
139435,Dani Rodríguez,Midfield,Attacking Midfield,Spain,2022-23,2023-24,35,36,RCD Mallorca,RCD Mallorca,2114,2634,3,2,7,4,10,6,0.128,0.068,0.298,0.137,0.426,0.205,-0.06,-0.161,-0.221,Decline,3163,349
369081,Federico Valverde,Midfield,Central Midfield,Uruguay,2020-21,2021-22,22,23,Real Madrid,Real Madrid,1331,1833,3,0,1,1,4,1,0.203,0,0.068,0.049,0.27,0.049,-0.203,-0.019,-0.221,Decline,3164,348
270541,Serhou Guirassy,Attack,Centre-Forward,Guinea,2021-22,2022-23,26,27,Stade Rennais FC,"Stade Rennais FC, VfB Stuttgart",998,1675,9,11,0,0,9,11,0.812,0.591,0,0,0.812,0.591,-0.221,0,-0.221,Decline,3165,347
177907,Harry Maguire,Defender,Centre-Back,England,2023-24,2024-25,31,32,Manchester United,Manchester United,1650,1756,2,1,3,0,5,1,0.109,0.051,0.164,0,0.273,0.051,-0.058,-0.164,-0.222,Decline,3166,346
173859,Davide Zappacosta,Midfield,Right Midfield,Italy,2022-23,2023-24,31,32,Atalanta BC,Atalanta BC,1476,1875,4,2,2,1,6,3,0.244,0.096,0.122,0.048,0.366,0.144,-0.148,-0.074,-0.222,Decline,3167,345
315865,Andrea Pinamonti,Attack,Centre-Forward,Italy,2021-22,2022-23,23,24,FC Empoli,US Sassuolo,2872,2174,13,5,2,1,15,6,0.407,0.207,0.063,0.041,0.47,0.248,-0.2,-0.022,-0.222,Decline,3168,344
295330,Kelechi Iheanacho,Attack,Centre-Forward,Nigeria,2020-21,2021-22,24,25,Leicester City,Leicester City,1457,1260,12,4,2,5,14,9,0.741,0.286,0.124,0.357,0.865,0.643,-0.455,0.233,-0.222,Decline,3169,343
215977,Adrien Thomasson,Midfield,Central Midfield,France,2022-23,2023-24,29,30,"RC Lens, RC Strasbourg Alsace",RC Lens,2225,1191,5,1,8,3,13,4,0.202,0.076,0.324,0.227,0.526,0.302,-0.126,-0.097,-0.224,Decline,3170,342
487969,Randal Kolo Muani,Attack,Centre-Forward,France,2022-23,2023-24,24,25,Eintracht Frankfurt,"Eintracht Frankfurt, Paris Saint-Germain",2647,1419,15,7,14,5,29,12,0.51,0.444,0.476,0.317,0.986,0.761,-0.066,-0.159,-0.225,Decline,3171,341
258004,Rúben Dias,Defender,Centre-Back,Portugal,2021-22,2022-23,25,26,Manchester City,Manchester City,2403,1998,2,0,4,0,6,0,0.075,0,0.15,0,0.225,0,-0.075,-0.15,-0.225,Decline,3172,340
297070,Hamari Traoré,Defender,Right-Back,Mali,2021-22,2022-23,30,31,Stade Rennais FC,Stade Rennais FC,2898,2531,3,1,10,4,13,5,0.093,0.036,0.311,0.142,0.404,0.178,-0.057,-0.169,-0.226,Decline,3173,339
287188,Dejan Ljubicic,Midfield,Defensive Midfield,Austria,2022-23,2023-24,25,26,1.FC Köln,1.FC Köln,1722,2054,5,0,1,2,6,2,0.261,0,0.052,0.088,0.314,0.088,-0.261,0.036,-0.226,Decline,3174,338
283994,Ludovic Ajorque,Attack,Centre-Forward,France,2022-23,2023-24,29,30,"1.FSV Mainz 05, RC Strasbourg Alsace",1.FSV Mainz 05,1992,1356,7,2,1,0,8,2,0.316,0.133,0.045,0,0.361,0.133,-0.183,-0.045,-0.228,Decline,3175,337
298976,Borja Mayoral,Attack,Centre-Forward,Spain,2021-22,2022-23,25,26,"Associazione Sportiva Roma, Getafe CF",Getafe CF,1141,2776,6,8,1,2,7,10,0.473,0.259,0.079,0.065,0.552,0.324,-0.214,-0.014,-0.228,Decline,3176,336
543499,Mohammed Kudus,Attack,Right Winger,Ghana,2023-24,2024-25,23,24,West Ham United,West Ham United,2489,2603,8,5,6,3,14,8,0.289,0.173,0.217,0.104,0.506,0.277,-0.116,-0.113,-0.229,Decline,3177,335
84765,Francesco Caputo,Attack,Centre-Forward,Italy,2021-22,2022-23,34,35,"UC Sampdoria, US Sassuolo","FC Empoli, UC Sampdoria",2957,2822,11,6,7,4,18,10,0.335,0.191,0.213,0.128,0.548,0.319,-0.144,-0.085,-0.229,Decline,3178,334
444523,Lucas Paquetá,Midfield,Attacking Midfield,Brazil,2021-22,2022-23,24,25,Olympique Lyon,"Olympique Lyon, West Ham United",2707,2333,9,4,6,3,15,7,0.299,0.154,0.199,0.116,0.499,0.27,-0.145,-0.083,-0.229,Decline,3179,333
342405,Mattias Svanberg,Midfield,Central Midfield,Sweden,2022-23,2023-24,24,25,VfL Wolfsburg,VfL Wolfsburg,1834,1726,4,1,6,4,10,5,0.196,0.052,0.294,0.209,0.491,0.261,-0.144,-0.085,-0.23,Decline,3180,332
234803,Andrew Robertson,Defender,Left-Back,Scotland,2023-24,2024-25,30,31,Liverpool FC,Liverpool FC,1692,2492,3,0,2,1,5,1,0.16,0,0.106,0.036,0.266,0.036,-0.16,-0.07,-0.23,Decline,3181,331
94529,Stephan El Shaarawy,Attack,Left Winger,Italy,2022-23,2023-24,30,31,Associazione Sportiva Roma,Associazione Sportiva Roma,1520,1740,7,3,3,4,10,7,0.414,0.155,0.178,0.207,0.592,0.362,-0.259,0.029,-0.23,Decline,3182,330
792380,Aleksandar Pavlovic,Midfield,Defensive Midfield,Germany,2023-24,2024-25,20,21,Bayern Munich,Bayern Munich,1229,1458,2,1,2,0,4,1,0.146,0.062,0.146,0,0.293,0.062,-0.084,-0.146,-0.231,Decline,3183,329
42783,André Hahn,Attack,Right Winger,Germany,2020-21,2021-22,30,31,FC Augsburg,FC Augsburg,2046,2112,8,5,5,3,13,8,0.352,0.213,0.22,0.128,0.572,0.341,-0.139,-0.092,-0.231,Decline,3184,328
181579,James Ward-Prowse,Midfield,Central Midfield,England,2023-24,2024-25,29,30,West Ham United,"Nottingham Forest, West Ham United",3004,1440,7,1,7,2,14,3,0.21,0.063,0.21,0.125,0.419,0.188,-0.147,-0.085,-0.231,Decline,3185,327
467434,Rocco Reitz,Midfield,Central Midfield,Germany,2023-24,2024-25,22,23,Borussia Mönchengladbach,Borussia Mönchengladbach,2144,1841,6,2,3,1,9,3,0.252,0.098,0.126,0.049,0.378,0.147,-0.154,-0.077,-0.231,Decline,3186,326
286297,Lorenzo Pellegrini,Midfield,Attacking Midfield,Italy,2021-22,2022-23,26,27,Associazione Sportiva Roma,Associazione Sportiva Roma,2300,2557,9,4,5,5,14,9,0.352,0.141,0.196,0.176,0.548,0.317,-0.211,-0.02,-0.231,Decline,3187,325
88682,Mattia De Sciglio,Defender,Right-Back,Italy,2021-22,2022-23,29,30,Juventus FC,Juventus FC,1166,1045,1,0,2,0,3,0,0.077,0,0.154,0,0.232,0,-0.077,-0.154,-0.232,Decline,3188,324
318523,Romain Perraud,Defender,Left-Back,France,2020-21,2021-22,23,24,Stade Brestois 29,Southampton FC,3140,1625,3,0,7,1,10,1,0.086,0,0.201,0.055,0.287,0.055,-0.086,-0.146,-0.232,Decline,3189,323
356141,Daichi Kamada,Midfield,Attacking Midfield,Japan,2023-24,2024-25,27,28,Società Sportiva Lazio S.p.A.,Crystal Palace,1542,1553,2,0,2,0,4,0,0.117,0,0.117,0,0.233,0,-0.117,-0.117,-0.233,Decline,3190,322
167329,Alassane Pléa,Attack,Centre-Forward,France,2021-22,2022-23,29,30,Borussia Mönchengladbach,Borussia Mönchengladbach,2053,1779,10,2,8,9,18,11,0.438,0.101,0.351,0.455,0.789,0.556,-0.337,0.104,-0.233,Decline,3191,321
462250,João Félix,Attack,Second Striker,Portugal,2021-22,2022-23,22,23,Atlético de Madrid,"Atlético de Madrid, Chelsea FC",1262,1591,8,8,4,3,12,11,0.571,0.453,0.285,0.17,0.856,0.622,-0.118,-0.115,-0.234,Decline,3192,320
327251,Ridle Baku,Defender,Right-Back,Germany,2022-23,2023-24,25,26,VfL Wolfsburg,VfL Wolfsburg,2582,2014,5,1,3,0,8,1,0.174,0.045,0.105,0,0.279,0.045,-0.129,-0.105,-0.234,Decline,3193,319
199369,Sandro Ramírez,Attack,Centre-Forward,Spain,2020-21,2021-22,25,26,SD Huesca,Getafe CF,1294,1472,5,3,1,0,6,3,0.348,0.183,0.07,0,0.417,0.183,-0.165,-0.07,-0.234,Decline,3194,318
332798,Roland Sallai,Defender,Right-Back,Hungary,2020-21,2021-22,24,25,SC Freiburg,SC Freiburg,1673,1560,8,4,6,5,14,9,0.43,0.231,0.323,0.288,0.753,0.519,-0.199,-0.035,-0.234,Decline,3195,317
18934,Thomas Mangani,Midfield,Central Midfield,France,2021-22,2022-23,35,36,Angers SCO,AC Ajaccio,2195,1329,7,1,2,1,9,2,0.287,0.068,0.082,0.068,0.369,0.135,-0.219,-0.014,-0.234,Decline,3196,316
238407,Alexander Sørloth,Attack,Centre-Forward,Norway,2020-21,2021-22,25,26,RB Leipzig,Real Sociedad,1432,1760,5,4,2,0,7,4,0.314,0.205,0.126,0,0.44,0.205,-0.109,-0.126,-0.235,Decline,3197,315
300168,Mikel Vesga,Midfield,Defensive Midfield,Spain,2023-24,2024-25,31,32,Athletic Bilbao,Athletic Bilbao,1535,981,3,0,1,0,4,0,0.176,0,0.059,0,0.235,0,-0.176,-0.059,-0.235,Decline,3198,314
363205,Gabriel Jesus,Attack,Centre-Forward,Brazil,2022-23,2023-24,26,27,Arsenal FC,Arsenal FC,2075,1483,11,4,7,5,18,9,0.477,0.243,0.304,0.303,0.781,0.546,-0.234,-0.001,-0.235,Decline,3199,313
95810,Kieran Trippier,Defender,Right-Back,England,2023-24,2024-25,33,34,Newcastle United,Newcastle United,2240,1309,1,0,10,3,11,3,0.04,0,0.402,0.206,0.442,0.206,-0.04,-0.196,-0.236,Decline,3200,312
719442,David Da Costa,Midfield,Attacking Midfield,Portugal,2021-22,2022-23,21,22,RC Lens,RC Lens,1463,1408,3,1,5,3,8,4,0.185,0.064,0.308,0.192,0.492,0.256,-0.121,-0.116,-0.236,Decline,3201,311
227081,Joaquín Correa,Attack,Second Striker,Argentina,2021-22,2022-23,27,28,Inter Milan,Inter Milan,1023,947,6,3,1,1,7,4,0.528,0.285,0.088,0.095,0.616,0.38,-0.243,0.007,-0.236,Decline,3202,310
8198,Cristiano Ronaldo,Attack,Centre-Forward,Portugal,2020-21,2021-22,36,37,Juventus FC,"Juventus FC, Manchester United",2803,2489,29,18,2,3,31,21,0.931,0.651,0.064,0.108,0.995,0.759,-0.28,0.044,-0.236,Decline,3203,309
486031,Nico González,Attack,Left Winger,Argentina,2020-21,2021-22,23,24,VfB Stuttgart,ACF Fiorentina,935,2361,6,7,2,7,8,14,0.578,0.267,0.193,0.267,0.77,0.534,-0.311,0.074,-0.236,Decline,3204,308
181136,Piotr Zielinski,Midfield,Central Midfield,Poland,2022-23,2023-24,29,30,SSC Napoli,SSC Napoli,2301,1938,3,3,9,2,12,5,0.117,0.139,0.352,0.093,0.469,0.232,0.022,-0.259,-0.237,Decline,3205,307
395237,Maxence Caqueret,Midfield,Central Midfield,France,2022-23,2023-24,23,24,Olympique Lyon,Olympique Lyon,2778,3026,4,1,7,3,11,4,0.13,0.03,0.227,0.089,0.356,0.119,-0.1,-0.138,-0.237,Decline,3206,306
288318,Adrián Embarba,Attack,Right Winger,Spain,2022-23,2023-24,31,32,"RCD Espanyol Barcelona, UD Almería",UD Almería,1507,2485,4,3,3,2,7,5,0.239,0.109,0.179,0.072,0.418,0.181,-0.13,-0.107,-0.237,Decline,3207,305
633992,Enzo Le Fée,Midfield,Central Midfield,France,2022-23,2023-24,23,24,FC Lorient,Stade Rennais FC,3043,1534,5,0,5,1,10,1,0.148,0,0.148,0.059,0.296,0.059,-0.148,-0.089,-0.237,Decline,3208,304
38607,Federico Di Francesco,Attack,Left Winger,Italy,2021-22,2022-23,28,29,FC Empoli,US Lecce,1374,2037,5,2,2,3,7,5,0.328,0.088,0.131,0.133,0.459,0.221,-0.24,0.002,-0.238,Decline,3209,303
258923,Marcus Rashford,Attack,Left Winger,England,2020-21,2021-22,23,24,Manchester United,Manchester United,2924,1233,11,4,11,2,22,6,0.339,0.292,0.339,0.146,0.677,0.438,-0.047,-0.193,-0.239,Decline,3210,302
666547,Zito Luvumbo,Attack,Right Winger,Angola,2023-24,2024-25,22,23,Cagliari Calcio,Cagliari Calcio,1947,1613,4,2,6,2,10,4,0.185,0.112,0.277,0.112,0.462,0.223,-0.073,-0.165,-0.239,Decline,3211,301
315110,Karl Toko Ekambi,Attack,Centre-Forward,Cameroon,2021-22,2022-23,29,30,Olympique Lyon,"Olympique Lyon, Stade Rennais FC",2304,2332,12,7,5,4,17,11,0.469,0.27,0.195,0.154,0.664,0.425,-0.199,-0.041,-0.239,Decline,3212,300
354362,Rodrigo Bentancur,Midfield,Defensive Midfield,Uruguay,2022-23,2023-24,26,27,Tottenham Hotspur,Tottenham Hotspur,1506,1007,5,1,2,1,7,2,0.299,0.089,0.12,0.089,0.418,0.179,-0.21,-0.031,-0.239,Decline,3213,299
268429,Sandi Lovrić,Midfield,Central Midfield,Slovenia,2022-23,2023-24,25,26,Udinese Calcio,Udinese Calcio,2349,1990,5,1,6,3,11,4,0.192,0.045,0.23,0.136,0.421,0.181,-0.147,-0.094,-0.24,Decline,3214,298
140776,Yannick Carrasco,Attack,Left Winger,Belgium,2020-21,2021-22,27,28,Atlético de Madrid,Atlético de Madrid,2189,2593,6,6,10,6,16,12,0.247,0.208,0.411,0.208,0.658,0.417,-0.039,-0.203,-0.241,Decline,3215,297
46580,Andrej Kramaric,Attack,Second Striker,Croatia,2023-24,2024-25,33,34,TSG 1899 Hoffenheim,TSG 1899 Hoffenheim,2207,2781,15,11,6,8,21,19,0.612,0.356,0.245,0.259,0.856,0.615,-0.256,0.014,-0.241,Decline,3216,296
221316,Lucas Vázquez,Defender,Right-Back,Spain,2020-21,2021-22,29,30,Real Madrid,Real Madrid,1850,1835,2,3,6,0,8,3,0.097,0.147,0.292,0,0.389,0.147,0.05,-0.292,-0.242,Decline,3217,295
106270,Florian Kainz,Midfield,Attacking Midfield,Austria,2022-23,2023-24,30,31,1.FC Köln,1.FC Köln,2370,2213,6,5,10,4,16,9,0.228,0.203,0.38,0.163,0.608,0.366,-0.025,-0.217,-0.242,Decline,3218,294
72121,Johan Gastien,Midfield,Defensive Midfield,France,2022-23,2023-24,35,36,Clermont Foot 63,Clermont Foot 63,2607,2274,4,0,3,0,7,0,0.138,0,0.104,0,0.242,0,-0.138,-0.104,-0.242,Decline,3219,293
633668,Giovanni Fabbian,Midfield,Attacking Midfield,Italy,2023-24,2024-25,21,22,Bologna Football Club 1909,Bologna Football Club 1909,1053,1010,5,3,2,1,7,4,0.427,0.267,0.171,0.089,0.598,0.356,-0.16,-0.082,-0.242,Decline,3220,292
85393,Nicolas Viola,Midfield,Attacking Midfield,Italy,2023-24,2024-25,34,35,Cagliari Calcio,Cagliari Calcio,1202,1275,5,3,2,1,7,4,0.374,0.212,0.15,0.071,0.524,0.282,-0.162,-0.079,-0.242,Decline,3221,291
38253,Robert Lewandowski,Attack,Centre-Forward,Poland,2021-22,2022-23,33,34,Bayern Munich,FC Barcelona,2952,2852,35,23,4,7,39,30,1.067,0.726,0.122,0.221,1.189,0.947,-0.341,0.099,-0.242,Decline,3222,290
30321,Óscar Trejo,Midfield,Attacking Midfield,Argentina,2021-22,2022-23,34,35,Rayo Vallecano,Rayo Vallecano,2022,2165,3,3,9,4,12,7,0.134,0.125,0.401,0.166,0.534,0.291,-0.009,-0.235,-0.243,Decline,3223,289
164771,Jordan Veretout,Midfield,Central Midfield,France,2021-22,2022-23,29,30,Associazione Sportiva Roma,Olympique Marseille,2327,2863,4,4,8,3,12,7,0.155,0.126,0.309,0.094,0.464,0.22,-0.029,-0.215,-0.244,Decline,3224,288
353948,Lucas Tousart,Midfield,Central Midfield,France,2022-23,2023-24,26,27,Hertha BSC,1.FC Union Berlin,2948,1574,5,0,3,0,8,0,0.153,0,0.092,0,0.244,0,-0.153,-0.092,-0.244,Decline,3225,287
598577,Florian Wirtz,Midfield,Attacking Midfield,Germany,2021-22,2022-23,19,20,Bayer 04 Leverkusen,Bayer 04 Leverkusen,1863,1091,7,1,10,6,17,7,0.338,0.082,0.483,0.495,0.821,0.577,-0.256,0.012,-0.244,Decline,3226,286
55099,Nicolas Höfler,Midfield,Defensive Midfield,Germany,2021-22,2022-23,32,33,SC Freiburg,SC Freiburg,2602,2822,2,0,6,1,8,1,0.069,0,0.208,0.032,0.277,0.032,-0.069,-0.176,-0.245,Decline,3227,285
74683,Nemanja Matić,Midfield,Defensive Midfield,Serbia,2022-23,2023-24,34,35,Associazione Sportiva Roma,"Olympique Lyon, Stade Rennais FC",1838,2288,2,0,3,0,5,0,0.098,0,0.147,0,0.245,0,-0.098,-0.147,-0.245,Decline,3228,284
513031,Antonio Sánchez,Midfield,Central Midfield,Spain,2023-24,2024-25,27,28,RCD Mallorca,RCD Mallorca,1464,1387,3,0,1,0,4,0,0.184,0,0.061,0,0.246,0,-0.184,-0.061,-0.246,Decline,3229,283
51471,Mateo Kovacic,Midfield,Central Midfield,Croatia,2021-22,2022-23,28,29,Chelsea FC,Chelsea FC,1556,1705,2,1,5,2,7,3,0.116,0.053,0.289,0.106,0.405,0.158,-0.063,-0.183,-0.247,Decline,3230,282
353399,Romain Del Castillo,Attack,Right Winger,France,2022-23,2023-24,27,28,Stade Brestois 29,Stade Brestois 29,1430,2521,6,8,7,8,13,16,0.378,0.286,0.441,0.286,0.818,0.571,-0.092,-0.155,-0.247,Decline,3231,281
81789,Maya Yoshida,Defender,Centre-Back,Japan,2021-22,2022-23,33,34,UC Sampdoria,FC Schalke 04,1823,2554,2,0,3,0,5,0,0.099,0,0.148,0,0.247,0,-0.099,-0.148,-0.247,Decline,3232,280
188888,Sheraldo Becker,Attack,Left Winger,Suriname,2022-23,2023-24,28,29,1.FC Union Berlin,"1.FC Union Berlin, Real Sociedad",2582,1421,11,2,7,4,18,6,0.383,0.127,0.244,0.253,0.627,0.38,-0.256,0.009,-0.247,Decline,3233,279
272278,Chris Führich,Attack,Left Winger,Germany,2023-24,2024-25,26,27,VfB Stuttgart,VfB Stuttgart,2595,1987,8,2,7,4,15,6,0.277,0.091,0.243,0.181,0.52,0.272,-0.186,-0.062,-0.248,Decline,3234,278
412513,Thomas Henry,Attack,Centre-Forward,France,2021-22,2022-23,27,28,Venezia FC,Hellas Verona,2121,1036,9,2,3,1,12,3,0.382,0.174,0.127,0.087,0.509,0.261,-0.208,-0.04,-0.248,Decline,3235,277
335103,Linton Maina,Attack,Left Winger,Germany,2022-23,2023-24,24,25,1.FC Köln,1.FC Köln,2260,1907,3,1,8,3,11,4,0.119,0.047,0.319,0.142,0.438,0.189,-0.072,-0.177,-0.249,Decline,3236,276
268178,Arkadiusz Reca,Midfield,Left Midfield,Poland,2020-21,2021-22,26,27,FC Crotone,Spezia Calcio,2317,1778,2,0,7,2,9,2,0.078,0,0.272,0.101,0.35,0.101,-0.078,-0.171,-0.249,Decline,3237,275
298976,Borja Mayoral,Attack,Centre-Forward,Spain,2020-21,2021-22,24,25,"Associazione Sportiva Roma, Real Madrid","Associazione Sportiva Roma, Getafe CF",1573,1141,10,6,4,1,14,7,0.572,0.473,0.229,0.079,0.801,0.552,-0.099,-0.15,-0.249,Decline,3238,274
207917,Alberto Moreno,Defender,Left-Back,Spain,2023-24,2024-25,31,32,Villarreal CF,Como 1907,1446,1736,2,0,2,0,4,0,0.124,0,0.124,0,0.249,0,-0.124,-0.124,-0.249,Decline,3239,273
346314,Trevoh Chalobah,Defender,Centre-Back,England,2021-22,2022-23,22,23,Chelsea FC,Chelsea FC,1448,1603,3,0,1,0,4,0,0.186,0,0.062,0,0.249,0,-0.186,-0.062,-0.249,Decline,3240,272
127156,Téji Savanier,Midfield,Attacking Midfield,France,2023-24,2024-25,32,33,Montpellier HSC,Montpellier HSC,2778,2339,9,2,7,5,16,7,0.292,0.077,0.227,0.192,0.518,0.269,-0.215,-0.035,-0.249,Decline,3241,271
587458,Kevin Agudelo,Midfield,Attacking Midfield,Colombia,2021-22,2022-23,23,24,Spezia Calcio,Spezia Calcio,1236,2137,3,0,1,1,4,1,0.218,0,0.073,0.042,0.291,0.042,-0.218,-0.031,-0.249,Decline,3242,270
357164,Rafael Leão,Attack,Left Winger,Portugal,2022-23,2023-24,24,25,AC Milan,AC Milan,2430,2525,15,9,10,10,25,19,0.556,0.321,0.37,0.356,0.926,0.677,-0.235,-0.014,-0.249,Decline,3243,269
122840,Loïc Nego,Defender,Right-Back,Hungary,2023-24,2024-25,33,34,Le Havre AC,Le Havre AC,1561,2464,0,0,5,1,5,1,0,0,0.288,0.037,0.288,0.037,0,-0.251,-0.251,Decline,3244,268
746695,Kamaldeen Sulemana,Attack,Left Winger,Ghana,2021-22,2022-23,20,21,Stade Rennais FC,"Southampton FC, Stade Rennais FC",1015,1283,4,3,2,1,6,4,0.355,0.21,0.177,0.07,0.532,0.281,-0.145,-0.107,-0.251,Decline,3245,267
387106,Lovro Majer,Midfield,Attacking Midfield,Croatia,2021-22,2022-23,24,25,Stade Rennais FC,Stade Rennais FC,1841,1664,6,2,8,6,14,8,0.293,0.108,0.391,0.325,0.684,0.433,-0.185,-0.066,-0.251,Decline,3246,266
74943,Juraj Kucka,Midfield,Central Midfield,Slovakia,2020-21,2021-22,34,35,Parma Calcio 1913,Watford FC,2344,1923,7,1,2,1,9,2,0.269,0.047,0.077,0.047,0.346,0.094,-0.222,-0.03,-0.252,Decline,3247,265
241641,Bernardo Silva,Midfield,Attacking Midfield,Portugal,2023-24,2024-25,29,30,Manchester City,Manchester City,2582,2668,6,4,9,4,15,8,0.209,0.135,0.314,0.135,0.523,0.27,-0.074,-0.179,-0.253,Decline,3248,264
105521,Ciro Immobile,Attack,Centre-Forward,Italy,2022-23,2023-24,33,34,Società Sportiva Lazio S.p.A.,Società Sportiva Lazio S.p.A.,2225,1656,12,7,5,1,17,8,0.485,0.38,0.202,0.054,0.688,0.435,-0.105,-0.148,-0.253,Decline,3249,263
258039,Aurélio Buta,Defender,Right-Back,Portugal,2022-23,2023-24,26,27,Eintracht Frankfurt,Eintracht Frankfurt,1323,1747,3,1,3,2,6,3,0.204,0.052,0.204,0.103,0.408,0.155,-0.152,-0.101,-0.253,Decline,3250,262
284732,Ramy Bensebaini,Defender,Centre-Back,Algeria,2022-23,2023-24,28,29,Borussia Mönchengladbach,Borussia Dortmund,2487,1030,6,0,1,0,7,0,0.217,0,0.036,0,0.253,0,-0.217,-0.036,-0.253,Decline,3251,261
487465,Pedro Neto,Attack,Right Winger,Portugal,2023-24,2024-25,24,25,Wolverhampton Wanderers,Chelsea FC,1519,2269,2,4,9,6,11,10,0.118,0.159,0.533,0.238,0.652,0.397,0.041,-0.295,-0.255,Decline,3252,260
146310,Wataru Endo,Midfield,Defensive Midfield,Japan,2022-23,2023-24,30,31,VfB Stuttgart,Liverpool FC,2925,1720,5,1,5,0,10,1,0.154,0.052,0.154,0,0.308,0.052,-0.102,-0.154,-0.256,Decline,3253,259
181378,Gaëtan Laborde,Attack,Centre-Forward,France,2022-23,2023-24,29,30,"OGC Nice, Stade Rennais FC",OGC Nice,2762,1913,15,5,3,2,18,7,0.489,0.235,0.098,0.094,0.587,0.329,-0.254,-0.004,-0.258,Decline,3254,258
129473,Rafinha,Midfield,Attacking Midfield,Brazil,2020-21,2021-22,28,29,Paris Saint-Germain,"Paris Saint-Germain, Real Sociedad",1367,1280,0,1,5,0,5,1,0,0.07,0.329,0,0.329,0.07,0.07,-0.329,-0.259,Decline,3255,257
167799,Pierre-Emile Højbjerg,Midfield,Defensive Midfield,Denmark,2022-23,2023-24,27,28,Tottenham Hotspur,Tottenham Hotspur,3133,1293,4,0,5,0,9,0,0.115,0,0.144,0,0.259,0,-0.115,-0.144,-0.259,Decline,3256,256
724520,Abde Ezzalzouli,Attack,Left Winger,Morocco,2022-23,2023-24,21,22,CA Osasuna,"FC Barcelona, Real Betis Balompié",1511,921,4,1,2,0,6,1,0.238,0.098,0.119,0,0.357,0.098,-0.14,-0.119,-0.259,Decline,3257,255
808509,Danilo,Midfield,Central Midfield,Brazil,2022-23,2023-24,22,23,Nottingham Forest,Nottingham Forest,981,1797,3,2,2,2,5,4,0.275,0.1,0.183,0.1,0.459,0.2,-0.175,-0.083,-0.259,Decline,3258,254
249730,Guillermo Maripán,Defender,Centre-Back,Chile,2020-21,2021-22,27,28,AS Monaco,AS Monaco,2087,1829,5,0,1,0,6,0,0.216,0,0.043,0,0.259,0,-0.216,-0.043,-0.259,Decline,3259,253
153084,Leon Goretzka,Midfield,Central Midfield,Germany,2023-24,2024-25,29,30,Bayern Munich,Bayern Munich,2243,1315,6,4,9,1,15,5,0.241,0.274,0.361,0.068,0.602,0.342,0.033,-0.293,-0.26,Decline,3260,252
620322,Malo Gusto,Defender,Right-Back,France,2023-24,2024-25,21,22,Chelsea FC,Chelsea FC,1756,1858,0,0,6,1,6,1,0,0,0.308,0.048,0.308,0.048,0,-0.26,-0.26,Decline,3261,251
399543,Rémi Oudin,Midfield,Attacking Midfield,France,2021-22,2022-23,25,26,FC Girondins Bordeaux,US Lecce,1741,1316,4,3,5,0,9,3,0.207,0.205,0.258,0,0.465,0.205,-0.002,-0.258,-0.26,Decline,3262,250
354352,Frédéric Guilbert,Defender,Right-Back,France,2020-21,2021-22,26,27,RC Strasbourg Alsace,RC Strasbourg Alsace,1116,2520,1,0,4,4,5,4,0.081,0,0.323,0.143,0.403,0.143,-0.081,-0.18,-0.26,Decline,3263,249
344600,Michaël Cuisance,Midfield,Central Midfield,France,2020-21,2021-22,21,22,"Bayern Munich, Olympique Marseille","Bayern Munich, Venezia FC",1039,940,2,0,1,0,3,0,0.173,0,0.087,0,0.26,0,-0.173,-0.087,-0.26,Decline,3264,248
306024,Dominic Calvert-Lewin,Attack,Centre-Forward,England,2021-22,2022-23,25,26,Everton FC,Everton FC,1287,1175,5,2,2,1,7,3,0.35,0.153,0.14,0.077,0.49,0.23,-0.197,-0.063,-0.26,Decline,3265,247
659542,Elye Wahi,Attack,Centre-Forward,Cote d'Ivoire,2022-23,2023-24,20,21,Montpellier HSC,"Montpellier HSC, RC Lens",2531,1716,19,9,6,3,25,12,0.676,0.472,0.213,0.157,0.889,0.629,-0.204,-0.056,-0.26,Decline,3266,246
125781,Antoine Griezmann,Attack,Second Striker,France,2022-23,2023-24,32,33,Atlético de Madrid,Atlético de Madrid,2860,2654,15,16,17,6,32,22,0.472,0.543,0.535,0.203,1.007,0.746,0.071,-0.332,-0.261,Decline,3267,245
362086,Isi Palazón,Attack,Second Striker,Spain,2022-23,2023-24,28,29,Rayo Vallecano,Rayo Vallecano,2991,2820,9,4,5,1,14,5,0.271,0.128,0.15,0.032,0.421,0.16,-0.143,-0.118,-0.261,Decline,3268,244
79377,Genki Haraguchi,Midfield,Attacking Midfield,Japan,2021-22,2022-23,31,32,1.FC Union Berlin,"1.FC Union Berlin, VfB Stuttgart",1768,1253,2,0,6,2,8,2,0.102,0,0.305,0.144,0.407,0.144,-0.102,-0.161,-0.263,Decline,3269,243
340950,Diogo Jota,Attack,Left Winger,Portugal,2023-24,2024-25,27,28,Liverpool FC,Liverpool FC,1151,1194,10,6,3,4,13,10,0.782,0.452,0.235,0.302,1.017,0.754,-0.33,0.067,-0.263,Decline,3270,242
314940,Dimitri Liénard,Midfield,Left Midfield,France,2021-22,2022-23,34,35,RC Strasbourg Alsace,RC Strasbourg Alsace,2046,1544,2,0,4,0,6,0,0.088,0,0.176,0,0.264,0,-0.088,-0.176,-0.264,Decline,3271,241
782630,Khalil Fayad,Midfield,Central Midfield,Morocco,2023-24,2024-25,20,21,Montpellier HSC,Montpellier HSC,1023,1025,3,0,0,0,3,0,0.264,0,0,0,0.264,0,-0.264,0,-0.264,Decline,3272,240
171424,Riyad Mahrez,Attack,Right Winger,Algeria,2021-22,2022-23,31,32,Manchester City,Manchester City,1491,1924,11,5,5,10,16,15,0.664,0.234,0.302,0.468,0.966,0.702,-0.43,0.166,-0.264,Decline,3273,239
277179,Angeliño,Defender,Left-Back,Spain,2022-23,2023-24,26,27,TSG 1899 Hoffenheim,Associazione Sportiva Roma,2621,1148,0,0,10,1,10,1,0,0,0.343,0.078,0.343,0.078,0,-0.265,-0.265,Decline,3274,238
502670,Khvicha Kvaratskhelia,Attack,Left Winger,Georgia,2022-23,2023-24,22,23,SSC Napoli,SSC Napoli,2539,2753,12,11,13,8,25,19,0.425,0.36,0.461,0.262,0.886,0.621,-0.065,-0.199,-0.265,Decline,3275,237
106987,Marcel Sabitzer,Midfield,Central Midfield,Austria,2023-24,2024-25,30,31,Borussia Dortmund,Borussia Dortmund,1963,1616,4,1,3,0,7,1,0.183,0.056,0.138,0,0.321,0.056,-0.127,-0.138,-0.265,Decline,3276,236
20005,Papu Gómez,Attack,Left Winger,Argentina,2020-21,2021-22,33,34,"Atalanta BC, Sevilla FC",Sevilla FC,1586,1787,7,5,3,1,10,6,0.397,0.252,0.17,0.05,0.567,0.302,-0.145,-0.12,-0.265,Decline,3277,235
476352,Renan Lodi,Defender,Left-Back,Brazil,2021-22,2022-23,24,25,Atlético de Madrid,Nottingham Forest,1175,2220,2,0,2,1,4,1,0.153,0,0.153,0.041,0.306,0.041,-0.153,-0.112,-0.265,Decline,3278,234
627442,Benjamin Sesko,Attack,Centre-Forward,Slovenia,2023-24,2024-25,21,22,RB Leipzig,RB Leipzig,1528,2398,14,13,2,5,16,18,0.825,0.488,0.118,0.188,0.942,0.676,-0.337,0.07,-0.266,Decline,3279,233
263918,Aleksandr Golovin,Midfield,Attacking Midfield,Russia,2023-24,2024-25,28,29,AS Monaco,AS Monaco,2156,1153,6,3,6,0,12,3,0.25,0.234,0.25,0,0.501,0.234,-0.016,-0.25,-0.267,Decline,3280,232
401923,Victor Osimhen,Attack,Centre-Forward,Nigeria,2022-23,2023-24,24,25,SSC Napoli,SSC Napoli,2581,1989,26,15,5,3,31,18,0.907,0.679,0.174,0.136,1.081,0.814,-0.228,-0.038,-0.267,Decline,3281,231
237164,Ihlas Bebou,Attack,Centre-Forward,Togo,2020-21,2021-22,27,28,TSG 1899 Hoffenheim,TSG 1899 Hoffenheim,2203,2108,9,7,8,3,17,10,0.368,0.299,0.327,0.128,0.695,0.427,-0.069,-0.199,-0.268,Decline,3282,230
225593,Pere Milla,Attack,Left Winger,Spain,2021-22,2022-23,29,30,Elche CF,Elche CF,1639,1873,8,6,3,1,11,7,0.439,0.288,0.165,0.048,0.604,0.336,-0.151,-0.117,-0.268,Decline,3283,229
226524,Morten Thorsby,Midfield,Central Midfield,Norway,2023-24,2024-25,28,29,Genoa CFC,Genoa CFC,1142,1903,2,0,2,1,4,1,0.158,0,0.158,0.047,0.315,0.047,-0.158,-0.111,-0.268,Decline,3284,228
281755,Iván Alejo,Attack,Right Winger,Spain,2021-22,2022-23,27,28,Cádiz CF,Cádiz CF,1068,1305,2,0,2,1,4,1,0.169,0,0.169,0.069,0.337,0.069,-0.169,-0.1,-0.268,Decline,3285,227
54235,Iker Muniain,Attack,Left Winger,Spain,2021-22,2022-23,29,30,Athletic Bilbao,Athletic Bilbao,2803,1692,4,0,11,4,15,4,0.128,0,0.353,0.213,0.482,0.213,-0.128,-0.14,-0.269,Decline,3286,226
202591,Benjamin Henrichs,Defender,Right-Back,Germany,2021-22,2022-23,25,26,RB Leipzig,RB Leipzig,1138,2188,3,2,3,3,6,5,0.237,0.082,0.237,0.123,0.475,0.206,-0.155,-0.114,-0.269,Decline,3287,225
405398,Takefusa Kubo,Attack,Right Winger,Japan,2023-24,2024-25,23,24,Real Sociedad,Real Sociedad,2156,2381,7,5,4,0,11,5,0.292,0.189,0.167,0,0.459,0.189,-0.103,-0.167,-0.27,Decline,3288,224
345886,Rubén Vargas,Attack,Left Winger,Switzerland,2022-23,2023-24,24,25,FC Augsburg,FC Augsburg,1134,1977,3,4,5,4,8,8,0.238,0.182,0.397,0.182,0.635,0.364,-0.056,-0.215,-0.271,Decline,3289,223
362842,Arthur Melo,Midfield,Central Midfield,Brazil,2023-24,2024-25,27,28,ACF Fiorentina,Girona FC,1996,942,2,0,4,0,6,0,0.09,0,0.18,0,0.271,0,-0.09,-0.18,-0.271,Decline,3290,222
608832,Merlin Röhl,Midfield,Attacking Midfield,Germany,2023-24,2024-25,21,22,SC Freiburg,SC Freiburg,1484,967,2,0,4,1,6,1,0.121,0,0.243,0.093,0.364,0.093,-0.121,-0.15,-0.271,Decline,3291,221
418560,Erling Haaland,Attack,Centre-Forward,Norway,2023-24,2024-25,23,24,Manchester City,Manchester City,2558,2743,27,22,4,3,31,25,0.95,0.722,0.141,0.098,1.091,0.82,-0.228,-0.043,-0.271,Decline,3292,220
170527,Timo Werner,Attack,Centre-Forward,Germany,2020-21,2021-22,25,26,Chelsea FC,Chelsea FC,2606,1286,6,4,12,1,18,5,0.207,0.28,0.414,0.07,0.622,0.35,0.073,-0.344,-0.272,Decline,3293,219
195736,Florian Grillitsch,Midfield,Defensive Midfield,Austria,2023-24,2024-25,28,29,TSG 1899 Hoffenheim,"Real Valladolid CF, TSG 1899 Hoffenheim",2297,1226,1,0,6,0,7,0,0.039,0,0.235,0,0.274,0,-0.039,-0.235,-0.274,Decline,3294,218
165793,Takumi Minamino,Attack,Left Winger,Japan,2023-24,2024-25,29,30,AS Monaco,AS Monaco,2127,2245,9,6,6,3,15,9,0.381,0.241,0.254,0.12,0.635,0.361,-0.14,-0.134,-0.274,Decline,3295,217
205562,Thomas Lemar,Midfield,Attacking Midfield,France,2021-22,2022-23,26,27,Atlético de Madrid,Atlético de Madrid,1446,1257,4,1,5,3,9,4,0.249,0.072,0.311,0.215,0.56,0.286,-0.177,-0.096,-0.274,Decline,3296,216
351478,Mikel Oyarzabal,Attack,Centre-Forward,Spain,2021-22,2022-23,25,26,Real Sociedad,Real Sociedad,1676,1215,9,4,3,1,12,5,0.483,0.296,0.161,0.074,0.644,0.37,-0.187,-0.087,-0.274,Decline,3297,215
610442,Rasmus Højlund,Attack,Centre-Forward,Denmark,2023-24,2024-25,21,22,Manchester United,Manchester United,2171,2014,10,4,2,1,12,5,0.415,0.179,0.083,0.045,0.497,0.223,-0.236,-0.038,-0.274,Decline,3298,214
316889,Hirving Lozano,Attack,Left Winger,Mexico,2021-22,2022-23,26,27,SSC Napoli,SSC Napoli,1623,1612,5,3,6,3,11,6,0.277,0.167,0.333,0.167,0.61,0.335,-0.11,-0.166,-0.275,Decline,3299,213
243714,Kingsley Coman,Attack,Left Winger,France,2020-21,2021-22,25,26,Bayern Munich,Bayern Munich,1762,1369,5,6,12,3,17,9,0.255,0.394,0.613,0.197,0.868,0.592,0.139,-0.416,-0.276,Decline,3300,212
111078,Emil Forsberg,Attack,Left Winger,Sweden,2020-21,2021-22,29,30,RB Leipzig,RB Leipzig,1549,1710,7,6,5,2,12,8,0.407,0.316,0.291,0.105,0.697,0.421,-0.091,-0.186,-0.276,Decline,3301,211
708265,Bradley Barcola,Attack,Left Winger,France,2022-23,2023-24,20,21,Olympique Lyon,"Olympique Lyon, Paris Saint-Germain",1437,1647,5,4,9,7,14,11,0.313,0.219,0.564,0.383,0.877,0.601,-0.094,-0.181,-0.276,Decline,3302,210
131978,Ross Barkley,Midfield,Central Midfield,England,2022-23,2023-24,29,30,OGC Nice,Luton Town,921,2622,4,5,2,4,6,9,0.391,0.172,0.195,0.137,0.586,0.309,-0.219,-0.058,-0.277,Decline,3303,209
278332,Florian Neuhaus,Midfield,Central Midfield,Germany,2021-22,2022-23,25,26,Borussia Mönchengladbach,Borussia Mönchengladbach,2106,1410,4,1,4,0,8,1,0.171,0.064,0.171,0,0.342,0.064,-0.107,-0.171,-0.278,Decline,3304,208
331401,Manuel Lazzari,Defender,Right-Back,Italy,2021-22,2022-23,28,29,Società Sportiva Lazio S.p.A.,Società Sportiva Lazio S.p.A.,1658,1885,3,0,3,1,6,1,0.163,0,0.163,0.048,0.326,0.048,-0.163,-0.115,-0.278,Decline,3305,207
165895,Matteo Politano,Attack,Right Winger,Italy,2020-21,2021-22,27,28,SSC Napoli,SSC Napoli,1911,1655,9,3,5,4,14,7,0.424,0.163,0.235,0.218,0.659,0.381,-0.261,-0.017,-0.278,Decline,3306,206
198008,André Silva,Attack,Centre-Forward,Portugal,2021-22,2022-23,26,27,RB Leipzig,RB Leipzig,2080,1741,11,4,5,4,16,8,0.476,0.207,0.216,0.207,0.692,0.414,-0.269,-0.009,-0.278,Decline,3307,205
342229,Kylian Mbappé,Attack,Centre-Forward,France,2021-22,2022-23,23,24,Paris Saint-Germain,Paris Saint-Germain,3032,2822,28,29,19,6,47,35,0.831,0.925,0.564,0.191,1.395,1.116,0.094,-0.373,-0.279,Decline,3308,204
214775,Óliver Torres,Midfield,Central Midfield,Spain,2021-22,2022-23,27,28,Sevilla FC,Sevilla FC,1005,2149,2,3,3,1,5,4,0.179,0.126,0.269,0.042,0.448,0.168,-0.053,-0.227,-0.28,Decline,3309,203
255838,Patrick Ciurria,Midfield,Right Midfield,Italy,2022-23,2023-24,28,29,AC Monza,AC Monza,2758,1602,6,0,6,2,12,2,0.196,0,0.196,0.112,0.392,0.112,-0.196,-0.084,-0.28,Decline,3310,202
618809,Manu Sánchez,Defender,Left-Back,Spain,2020-21,2021-22,20,21,"Atlético de Madrid, CA Osasuna",CA Osasuna,1022,2260,0,1,5,3,5,4,0,0.04,0.44,0.119,0.44,0.159,0.04,-0.321,-0.281,Decline,3311,201
161011,Filip Kostić,Midfield,Left Midfield,Serbia,2020-21,2021-22,28,29,Eintracht Frankfurt,Eintracht Frankfurt,2536,2524,4,4,17,9,21,13,0.142,0.143,0.603,0.321,0.745,0.464,0.001,-0.282,-0.281,Decline,3312,200
54906,Matteo Darmian,Defender,Right-Back,Italy,2020-21,2021-22,31,32,"Inter Milan, Parma Calcio 1913",Inter Milan,1368,1507,3,2,4,1,7,3,0.197,0.119,0.263,0.06,0.461,0.179,-0.078,-0.203,-0.282,Decline,3313,199
67556,Milan Djuric,Attack,Centre-Forward,Bosnia-Herzegovina,2021-22,2022-23,32,33,US Salernitana 1919,Hellas Verona,2172,1362,5,1,5,1,10,2,0.207,0.066,0.207,0.066,0.414,0.132,-0.141,-0.141,-0.282,Decline,3314,198
272999,Miguel Almirón,Attack,Right Winger,Paraguay,2022-23,2023-24,29,30,Newcastle United,Newcastle United,2508,1947,11,3,2,1,13,4,0.395,0.139,0.072,0.046,0.467,0.185,-0.256,-0.026,-0.282,Decline,3315,197
99353,Portu,Attack,Right Winger,Spain,2020-21,2021-22,29,30,Real Sociedad,Real Sociedad,2189,1584,8,1,3,2,11,3,0.329,0.057,0.123,0.114,0.452,0.17,-0.272,-0.009,-0.282,Decline,3316,196
384859,Fabien Centonze,Defender,Right-Back,France,2021-22,2022-23,26,27,FC Metz,FC Nantes,1587,1691,4,0,1,0,5,0,0.227,0,0.057,0,0.284,0,-0.227,-0.057,-0.284,Decline,3317,195
420002,Jean-Philippe Mateta,Attack,Centre-Forward,France,2023-24,2024-25,27,28,Crystal Palace,Crystal Palace,2285,2656,16,14,5,2,21,16,0.63,0.474,0.197,0.068,0.827,0.542,-0.156,-0.129,-0.285,Decline,3318,194
634131,Aimar Oroz,Midfield,Attacking Midfield,Spain,2022-23,2023-24,21,22,CA Osasuna,CA Osasuna,2022,2350,3,2,6,1,9,3,0.134,0.077,0.267,0.038,0.401,0.115,-0.057,-0.229,-0.286,Decline,3319,193
349599,Pervis Estupiñán,Defender,Left-Back,Ecuador,2023-24,2024-25,26,27,Brighton & Hove Albion,Brighton & Hove Albion,1245,2403,2,1,3,1,5,2,0.145,0.037,0.217,0.037,0.361,0.075,-0.108,-0.18,-0.286,Decline,3320,192
737781,Jérémy Le Douaron,Attack,Centre-Forward,France,2022-23,2023-24,25,26,Stade Brestois 29,Stade Brestois 29,2078,1622,10,4,3,1,13,5,0.433,0.222,0.13,0.055,0.563,0.277,-0.211,-0.075,-0.286,Decline,3321,191
484547,Jeremie Frimpong,Defender,Right-Back,Netherlands,2023-24,2024-25,23,24,Bayer 04 Leverkusen,Bayer 04 Leverkusen,2266,2322,9,5,9,6,18,11,0.357,0.194,0.357,0.233,0.715,0.426,-0.163,-0.124,-0.289,Decline,3322,190
776890,Nicolas Jackson,Attack,Centre-Forward,Senegal,2022-23,2023-24,22,23,Villarreal CF,Chelsea FC,1602,2810,12,14,4,5,16,19,0.674,0.448,0.225,0.16,0.899,0.609,-0.226,-0.065,-0.29,Decline,3323,189
258923,Marcus Rashford,Attack,Left Winger,England,2022-23,2023-24,25,26,Manchester United,Manchester United,2891,2278,17,7,5,3,22,10,0.529,0.277,0.156,0.119,0.685,0.395,-0.252,-0.037,-0.29,Decline,3324,188
30321,Óscar Trejo,Midfield,Attacking Midfield,Argentina,2022-23,2023-24,35,36,Rayo Vallecano,Rayo Vallecano,2165,1416,3,0,4,0,7,0,0.125,0,0.166,0,0.291,0,-0.125,-0.166,-0.291,Decline,3325,187
72792,Niko Gießelmann,Defender,Left-Back,Germany,2021-22,2022-23,30,31,1.FC Union Berlin,1.FC Union Berlin,2093,1297,3,0,7,2,10,2,0.129,0,0.301,0.139,0.43,0.139,-0.129,-0.162,-0.291,Decline,3326,186
391065,Hamed Traoré,Attack,Left Winger,Cote d'Ivoire,2021-22,2022-23,22,23,US Sassuolo,"AFC Bournemouth, US Sassuolo",1781,1022,7,0,4,3,11,3,0.354,0,0.202,0.264,0.556,0.264,-0.354,0.062,-0.292,Decline,3327,185
60444,Thiago Alcántara,Midfield,Central Midfield,Spain,2021-22,2022-23,31,32,Liverpool FC,Liverpool FC,1537,1256,1,0,4,0,5,0,0.059,0,0.234,0,0.293,0,-0.059,-0.234,-0.293,Decline,3328,184
442891,Martin Terrier,Attack,Left Winger,France,2022-23,2023-24,26,27,Stade Rennais FC,Stade Rennais FC,1329,1534,9,7,4,3,13,10,0.609,0.411,0.271,0.176,0.88,0.587,-0.198,-0.095,-0.293,Decline,3329,183
75921,Christopher Trimmel,Defender,Right-Back,Austria,2020-21,2021-22,34,35,1.FC Union Berlin,1.FC Union Berlin,2579,1995,1,2,10,0,11,2,0.035,0.09,0.349,0,0.384,0.09,0.055,-0.349,-0.294,Decline,3330,182
855308,Arthur Atta,Midfield,Central Midfield,France,2023-24,2024-25,21,22,FC Metz,Udinese Calcio,917,1245,1,0,2,0,3,0,0.098,0,0.196,0,0.294,0,-0.098,-0.196,-0.294,Decline,3331,181
184672,Guido Carrillo,Attack,Centre-Forward,Argentina,2020-21,2021-22,30,31,Elche CF,Elche CF,1000,1155,3,2,2,0,5,2,0.27,0.156,0.18,0,0.45,0.156,-0.114,-0.18,-0.294,Decline,3332,180
160241,Kevin Akpoguma,Defender,Centre-Back,Nigeria,2021-22,2022-23,27,28,TSG 1899 Hoffenheim,TSG 1899 Hoffenheim,1531,1952,2,0,3,0,5,0,0.118,0,0.176,0,0.294,0,-0.118,-0.176,-0.294,Decline,3333,179
823231,Dango Ouattara,Attack,Right Winger,Burkina Faso,2022-23,2023-24,21,22,"AFC Bournemouth, FC Lorient",AFC Bournemouth,2798,1220,7,1,9,2,16,3,0.225,0.074,0.289,0.148,0.515,0.221,-0.151,-0.141,-0.294,Decline,3334,178
332798,Roland Sallai,Defender,Right-Back,Hungary,2022-23,2023-24,26,27,SC Freiburg,SC Freiburg,1003,1852,1,3,5,2,6,5,0.09,0.146,0.449,0.097,0.538,0.243,0.056,-0.352,-0.295,Decline,3335,177
283994,Ludovic Ajorque,Attack,Centre-Forward,France,2021-22,2022-23,28,29,RC Strasbourg Alsace,"1.FSV Mainz 05, RC Strasbourg Alsace",2744,1992,12,7,8,1,20,8,0.394,0.316,0.262,0.045,0.656,0.361,-0.078,-0.217,-0.295,Decline,3336,176
294808,Franck Kessié,Midfield,Central Midfield,Cote d'Ivoire,2020-21,2021-22,24,25,AC Milan,AC Milan,3230,2312,13,6,6,0,19,6,0.362,0.234,0.167,0,0.529,0.234,-0.128,-0.167,-0.295,Decline,3337,175
112515,Marcos Alonso,Defender,Centre-Back,Spain,2021-22,2022-23,31,32,Chelsea FC,FC Barcelona,2172,1162,4,1,5,0,9,1,0.166,0.077,0.207,0,0.373,0.077,-0.089,-0.207,-0.296,Decline,3338,174
314678,Brahim Díaz,Attack,Right Winger,Morocco,2020-21,2021-22,21,22,AC Milan,AC Milan,1230,1871,4,3,4,3,8,6,0.293,0.144,0.293,0.144,0.585,0.289,-0.149,-0.149,-0.296,Decline,3339,173
321647,Grejohn Kyei,Attack,Centre-Forward,France,2022-23,2023-24,27,28,Clermont Foot 63,Clermont Foot 63,2242,1020,10,2,4,1,14,3,0.401,0.176,0.161,0.088,0.562,0.265,-0.225,-0.073,-0.297,Decline,3340,172
709187,Nico Williams,Attack,Left Winger,Spain,2023-24,2024-25,21,22,Athletic Bilbao,Athletic Bilbao,2282,1998,5,5,14,5,19,10,0.197,0.225,0.552,0.225,0.749,0.45,0.028,-0.327,-0.299,Decline,3341,171
170986,Raphaël Guerreiro,Defender,Left-Back,Portugal,2020-21,2021-22,27,28,Borussia Dortmund,Borussia Dortmund,2222,1804,5,4,11,3,16,7,0.203,0.2,0.446,0.15,0.648,0.349,-0.003,-0.296,-0.299,Decline,3342,170
207917,Alberto Moreno,Defender,Left-Back,Spain,2021-22,2022-23,29,30,Villarreal CF,Villarreal CF,1223,1296,3,0,2,1,5,1,0.221,0,0.147,0.069,0.368,0.069,-0.221,-0.078,-0.299,Decline,3343,169
117432,Kevin Behrens,Attack,Centre-Forward,Germany,2022-23,2023-24,32,33,1.FC Union Berlin,"1.FC Union Berlin, VfL Wolfsburg",1536,1882,8,5,2,1,10,6,0.469,0.239,0.117,0.048,0.586,0.287,-0.23,-0.069,-0.299,Decline,3344,168
425918,Jakub Kiwior,Defender,Centre-Back,Poland,2023-24,2024-25,24,25,Arsenal FC,Arsenal FC,945,1117,1,1,3,0,4,1,0.095,0.081,0.286,0,0.381,0.081,-0.014,-0.286,-0.3,Decline,3345,167
167850,Memphis Depay,Attack,Centre-Forward,Netherlands,2020-21,2021-22,27,28,Olympique Lyon,FC Barcelona,2933,1848,20,12,12,2,32,14,0.614,0.584,0.368,0.097,0.982,0.682,-0.03,-0.271,-0.3,Decline,3346,166
182574,Jean-Paul Boëtius,Midfield,Attacking Midfield,Netherlands,2021-22,2022-23,28,29,1.FSV Mainz 05,Hertha BSC,1799,1046,2,0,4,0,6,0,0.1,0,0.2,0,0.3,0,-0.1,-0.2,-0.3,Decline,3347,165
540333,Tomas Suslov,Midfield,Attacking Midfield,Slovakia,2023-24,2024-25,22,23,Hellas Verona,Hellas Verona,2097,2097,3,0,5,1,8,1,0.129,0,0.215,0.043,0.343,0.043,-0.129,-0.172,-0.3,Decline,3348,164
451276,Dominik Szoboszlai,Midfield,Attacking Midfield,Hungary,2022-23,2023-24,22,23,RB Leipzig,Liverpool FC,2453,2111,6,3,8,2,14,5,0.22,0.128,0.294,0.085,0.514,0.213,-0.092,-0.209,-0.301,Decline,3349,163
341264,Fran García,Defender,Left-Back,Spain,2023-24,2024-25,24,25,Real Madrid,Real Madrid,1395,2174,1,0,5,2,6,2,0.065,0,0.323,0.083,0.387,0.083,-0.065,-0.24,-0.304,Decline,3350,162
354482,Amir Murillo,Defender,Right-Back,Panama,2023-24,2024-25,28,29,Olympique Marseille,Olympique Marseille,995,2436,3,1,2,3,5,4,0.271,0.037,0.181,0.111,0.452,0.148,-0.234,-0.07,-0.304,Decline,3351,161
196793,Maximilian Wittek,Defender,Left-Back,Germany,2023-24,2024-25,28,29,VfL Bochum,VfL Bochum,1068,2715,3,0,1,1,4,1,0.253,0,0.084,0.033,0.337,0.033,-0.253,-0.051,-0.304,Decline,3352,160
63186,Roberto Soriano,Midfield,Attacking Midfield,Italy,2020-21,2021-22,30,31,Bologna Football Club 1909,Bologna Football Club 1909,3255,2637,9,0,7,4,16,4,0.249,0,0.194,0.137,0.442,0.137,-0.249,-0.057,-0.305,Decline,3353,159
451276,Dominik Szoboszlai,Midfield,Attacking Midfield,Hungary,2021-22,2022-23,21,22,RB Leipzig,RB Leipzig,1537,2453,6,6,8,8,14,14,0.351,0.22,0.468,0.294,0.82,0.514,-0.131,-0.174,-0.306,Decline,3354,158
105521,Ciro Immobile,Attack,Centre-Forward,Italy,2021-22,2022-23,32,33,Società Sportiva Lazio S.p.A.,Società Sportiva Lazio S.p.A.,2716,2225,27,12,3,5,30,17,0.895,0.485,0.099,0.202,0.994,0.688,-0.41,0.103,-0.306,Decline,3355,157
360518,Teun Koopmeiners,Midfield,Defensive Midfield,Netherlands,2023-24,2024-25,26,27,Atalanta BC,Juventus FC,2633,1996,12,3,5,3,17,6,0.41,0.135,0.171,0.135,0.581,0.271,-0.275,-0.036,-0.31,Decline,3356,156
284010,Robin Hack,Attack,Left Winger,Germany,2023-24,2024-25,25,26,Borussia Mönchengladbach,Borussia Mönchengladbach,1344,2188,10,4,2,8,12,12,0.67,0.165,0.134,0.329,0.804,0.494,-0.505,0.195,-0.31,Decline,3357,155
356197,Alfonso Pedraza,Defender,Left-Back,Spain,2021-22,2022-23,26,27,Villarreal CF,Villarreal CF,1703,1636,4,0,5,3,9,3,0.211,0,0.264,0.165,0.476,0.165,-0.211,-0.099,-0.311,Decline,3358,154
149579,Elbasan Rashani,Attack,Left Winger,Kosovo,2021-22,2022-23,29,30,Clermont Foot 63,Clermont Foot 63,1769,2175,8,3,3,3,11,6,0.407,0.124,0.153,0.124,0.56,0.248,-0.283,-0.029,-0.312,Decline,3359,153
238752,Keita Baldé,Attack,Left Winger,Senegal,2020-21,2021-22,26,27,UC Sampdoria,Cagliari Calcio,1195,1231,7,3,2,2,9,5,0.527,0.219,0.151,0.146,0.678,0.366,-0.308,-0.005,-0.312,Decline,3360,152
616344,Tiago Tomás,Attack,Right Winger,Portugal,2022-23,2023-24,21,22,VfB Stuttgart,VfL Wolfsburg,1292,1028,3,1,4,1,7,2,0.209,0.088,0.279,0.088,0.488,0.175,-0.121,-0.191,-0.313,Decline,3361,151
128223,Álvaro Morata,Attack,Centre-Forward,Spain,2020-21,2021-22,28,29,Juventus FC,Juventus FC,2018,2312,11,9,10,7,21,16,0.491,0.35,0.446,0.272,0.937,0.623,-0.141,-0.174,-0.314,Decline,3362,150
70934,Nolito,Attack,Left Winger,Spain,2020-21,2021-22,34,35,Celta de Vigo,Celta de Vigo,2627,1383,7,2,6,0,13,2,0.24,0.13,0.206,0,0.445,0.13,-0.11,-0.206,-0.315,Decline,3363,149
217115,Neal Maupay,Attack,Centre-Forward,France,2021-22,2022-23,25,26,Brighton & Hove Albion,Everton FC,2274,1115,8,1,2,0,10,1,0.317,0.081,0.079,0,0.396,0.081,-0.236,-0.079,-0.315,Decline,3364,148
165007,Denis Suárez,Midfield,Attacking Midfield,Spain,2021-22,2022-23,28,29,Celta de Vigo,RCD Espanyol Barcelona,2837,948,4,0,6,0,10,0,0.127,0,0.19,0,0.317,0,-0.127,-0.19,-0.317,Decline,3365,147
567129,Josh Doig,Defender,Left-Back,Scotland,2022-23,2023-24,21,22,Hellas Verona,"Hellas Verona, US Sassuolo",1354,2185,2,0,4,2,6,2,0.133,0,0.266,0.082,0.399,0.082,-0.133,-0.184,-0.317,Decline,3366,146
309400,Kai Havertz,Attack,Centre-Forward,Germany,2021-22,2022-23,23,24,Chelsea FC,Chelsea FC,1811,2579,8,7,4,1,12,8,0.398,0.244,0.199,0.035,0.596,0.279,-0.154,-0.164,-0.317,Decline,3367,145
119277,Yannick Gerhardt,Midfield,Central Midfield,Germany,2022-23,2023-24,29,30,VfL Wolfsburg,VfL Wolfsburg,1868,1636,6,2,4,1,10,3,0.289,0.11,0.193,0.055,0.482,0.165,-0.179,-0.138,-0.317,Decline,3368,144
581678,Jude Bellingham,Midfield,Attacking Midfield,England,2023-24,2024-25,21,22,Real Madrid,Real Madrid,2324,2493,19,9,6,9,25,18,0.736,0.325,0.232,0.325,0.968,0.65,-0.411,0.093,-0.318,Decline,3369,143
96341,Romelu Lukaku,Attack,Centre-Forward,Belgium,2022-23,2023-24,30,31,Inter Milan,Associazione Sportiva Roma,1664,2644,10,13,6,3,16,16,0.541,0.443,0.325,0.102,0.865,0.545,-0.098,-0.223,-0.32,Decline,3370,142
538977,Georginio Rutter,Attack,Centre-Forward,France,2021-22,2022-23,20,21,TSG 1899 Hoffenheim,"Leeds United, TSG 1899 Hoffenheim",1605,1275,8,2,4,3,12,5,0.449,0.141,0.224,0.212,0.673,0.353,-0.308,-0.012,-0.32,Decline,3371,141
424072,Mathias Pereira Lage,Attack,Left Winger,Portugal,2021-22,2022-23,25,26,Angers SCO,Stade Brestois 29,1039,1269,4,2,3,2,7,4,0.346,0.142,0.26,0.142,0.606,0.284,-0.204,-0.118,-0.322,Decline,3372,140
345886,Rubén Vargas,Attack,Left Winger,Switzerland,2020-21,2021-22,22,23,FC Augsburg,FC Augsburg,1614,2001,6,1,3,3,9,4,0.335,0.045,0.167,0.135,0.502,0.18,-0.29,-0.032,-0.322,Decline,3373,139
111455,Granit Xhaka,Midfield,Defensive Midfield,Switzerland,2022-23,2023-24,30,31,Arsenal FC,Bayer 04 Leverkusen,3004,2827,7,3,7,0,14,3,0.21,0.096,0.21,0,0.419,0.096,-0.114,-0.21,-0.323,Decline,3374,138
340205,Gorka Guruzeta,Attack,Centre-Forward,Spain,2023-24,2024-25,27,28,Athletic Bilbao,Athletic Bilbao,2241,1842,14,7,5,2,19,9,0.562,0.342,0.201,0.098,0.763,0.44,-0.22,-0.103,-0.323,Decline,3375,137
255901,Rodrigo De Paul,Midfield,Central Midfield,Argentina,2020-21,2021-22,27,28,Udinese Calcio,Atlético de Madrid,3203,2155,9,3,10,2,19,5,0.253,0.125,0.281,0.084,0.534,0.209,-0.128,-0.197,-0.325,Decline,3376,136
112343,Manolo Gabbiadini,Attack,Centre-Forward,Italy,2021-22,2022-23,30,31,UC Sampdoria,UC Sampdoria,1147,2360,6,7,3,3,9,10,0.471,0.267,0.235,0.114,0.706,0.381,-0.204,-0.121,-0.325,Decline,3377,135
108725,Chris Wood,Attack,Centre-Forward,New Zealand,2020-21,2021-22,29,30,Burnley FC,"Burnley FC, Newcastle United",2751,2707,12,5,3,0,15,5,0.393,0.166,0.098,0,0.491,0.166,-0.227,-0.098,-0.325,Decline,3378,134
251878,Aarón Martín,Defender,Left-Back,Spain,2022-23,2023-24,26,27,1.FSV Mainz 05,Genoa CFC,1846,1381,5,0,3,1,8,1,0.244,0,0.146,0.065,0.39,0.065,-0.244,-0.081,-0.325,Decline,3379,133
264372,Viktor Tsygankov,Attack,Right Winger,Ukraine,2023-24,2024-25,26,27,Girona FC,Girona FC,2067,1921,8,2,7,5,15,7,0.348,0.094,0.305,0.234,0.653,0.328,-0.254,-0.071,-0.325,Decline,3380,132
212391,Roger Martí,Attack,Centre-Forward,Spain,2021-22,2022-23,31,32,Levante UD,"Cádiz CF, Elche CF",2124,1298,7,1,4,1,11,2,0.297,0.069,0.169,0.069,0.466,0.139,-0.228,-0.1,-0.327,Decline,3381,131
194638,Renato Steffen,Attack,Right Winger,Switzerland,2020-21,2021-22,29,30,VfL Wolfsburg,VfL Wolfsburg,1578,968,5,0,4,2,9,2,0.285,0,0.228,0.186,0.513,0.186,-0.285,-0.042,-0.327,Decline,3382,130
111630,Erik Lamela,Attack,Right Winger,Argentina,2021-22,2022-23,30,31,Sevilla FC,Sevilla FC,1015,1845,5,6,2,0,7,6,0.443,0.293,0.177,0,0.621,0.293,-0.15,-0.177,-0.328,Decline,3383,129
357498,Dušan Vlahović,Attack,Centre-Forward,Serbia,2021-22,2022-23,22,23,"ACF Fiorentina, Juventus FC",Juventus FC,2940,1932,24,10,5,2,29,12,0.735,0.466,0.153,0.093,0.888,0.559,-0.269,-0.06,-0.329,Decline,3384,128
74297,Gaël Kakuta,Midfield,Attacking Midfield,DR Congo,2020-21,2021-22,30,31,RC Lens,RC Lens,2413,1683,11,3,5,2,16,5,0.41,0.16,0.186,0.107,0.597,0.267,-0.25,-0.079,-0.33,Decline,3385,127
184894,Alfred Duncan,Midfield,Central Midfield,Ghana,2023-24,2024-25,31,32,ACF Fiorentina,Venezia FC,1896,959,2,0,5,0,7,0,0.095,0,0.237,0,0.332,0,-0.095,-0.237,-0.332,Decline,3386,126
449151,Junior Messias,Attack,Right Winger,Brazil,2022-23,2023-24,32,33,AC Milan,Genoa CFC,1508,1057,5,1,2,0,7,1,0.298,0.085,0.119,0,0.418,0.085,-0.213,-0.119,-0.333,Decline,3387,125
418560,Erling Haaland,Attack,Centre-Forward,Norway,2022-23,2023-24,22,23,Manchester City,Manchester City,2777,2558,36,27,8,4,44,31,1.167,0.95,0.259,0.141,1.426,1.091,-0.217,-0.118,-0.335,Decline,3388,124
207877,Ruslan Malinovskyi,Midfield,Central Midfield,Ukraine,2020-21,2021-22,28,29,Atalanta BC,Atalanta BC,1883,1597,8,6,12,5,20,11,0.382,0.338,0.574,0.282,0.956,0.62,-0.044,-0.292,-0.336,Decline,3389,123
630995,Rodri Sánchez,Attack,Right Winger,Spain,2022-23,2023-24,23,24,Real Betis Balompié,Real Betis Balompié,1606,1038,2,0,4,0,6,0,0.112,0,0.224,0,0.336,0,-0.112,-0.224,-0.336,Decline,3390,122
369567,Sasa Kalajdzic,Attack,Centre-Forward,Austria,2020-21,2021-22,23,24,VfB Stuttgart,VfB Stuttgart,2138,1221,16,6,6,2,22,8,0.674,0.442,0.253,0.147,0.926,0.59,-0.232,-0.106,-0.336,Decline,3391,121
538874,Terem Moffi,Attack,Centre-Forward,Nigeria,2020-21,2021-22,22,23,FC Lorient,FC Lorient,2089,2735,14,8,3,4,17,12,0.603,0.263,0.129,0.132,0.732,0.395,-0.34,0.003,-0.337,Decline,3392,120
585959,Arnaud Kalimuendo,Attack,Centre-Forward,France,2020-21,2021-22,19,20,"Paris Saint-Germain, RC Lens","Paris Saint-Germain, RC Lens",1292,2174,7,12,5,0,12,12,0.488,0.497,0.348,0,0.836,0.497,0.009,-0.348,-0.339,Decline,3393,119
370846,Timothy Weah,Midfield,Right Midfield,United States,2021-22,2022-23,22,23,LOSC Lille,LOSC Lille,1618,1746,3,0,5,2,8,2,0.167,0,0.278,0.103,0.445,0.103,-0.167,-0.175,-0.342,Decline,3394,118
106987,Marcel Sabitzer,Midfield,Central Midfield,Austria,2020-21,2021-22,27,28,RB Leipzig,"Bayern Munich, RB Leipzig",2029,945,8,1,4,1,12,2,0.355,0.095,0.177,0.095,0.532,0.19,-0.26,-0.082,-0.342,Decline,3395,117
280575,Elvis Rexhbecaj,Midfield,Central Midfield,Kosovo,2020-21,2021-22,23,24,1.FC Köln,VfL Bochum,1838,2536,5,0,2,0,7,0,0.245,0,0.098,0,0.343,0,-0.245,-0.098,-0.343,Decline,3396,116
28003,Lionel Messi,Attack,Right Winger,Argentina,2020-21,2021-22,34,35,FC Barcelona,Paris Saint-Germain,3023,2152,30,6,11,15,41,21,0.893,0.251,0.327,0.627,1.221,0.878,-0.642,0.3,-0.343,Decline,3397,115
131951,Kevin Lasagna,Attack,Centre-Forward,Italy,2021-22,2022-23,29,30,Hellas Verona,Hellas Verona,1173,1577,2,1,4,1,6,2,0.153,0.057,0.307,0.057,0.46,0.114,-0.096,-0.25,-0.346,Decline,3398,114
202886,Ruben Loftus-Cheek,Midfield,Central Midfield,England,2023-24,2024-25,28,29,AC Milan,AC Milan,2081,1032,6,0,2,0,8,0,0.259,0,0.086,0,0.346,0,-0.259,-0.086,-0.346,Decline,3399,113
232418,Ondrej Duda,Midfield,Central Midfield,Slovakia,2020-21,2021-22,26,27,1.FC Köln,1.FC Köln,2553,1625,7,2,6,0,13,2,0.247,0.111,0.212,0,0.458,0.111,-0.136,-0.212,-0.347,Decline,3400,112
190289,Gerrit Holtmann,Attack,Left Winger,Philippines,2021-22,2022-23,27,28,VfL Bochum,VfL Bochum,1830,931,5,1,6,1,11,2,0.246,0.097,0.295,0.097,0.541,0.193,-0.149,-0.198,-0.348,Decline,3401,111
354726,Florian Sotoca,Attack,Centre-Forward,France,2023-24,2024-25,33,34,RC Lens,RC Lens,2605,1799,7,1,6,1,13,2,0.242,0.05,0.207,0.05,0.449,0.1,-0.192,-0.157,-0.349,Decline,3402,110
165895,Matteo Politano,Attack,Right Winger,Italy,2023-24,2024-25,30,31,SSC Napoli,SSC Napoli,2385,2832,8,3,8,5,16,8,0.302,0.095,0.302,0.159,0.604,0.254,-0.207,-0.143,-0.35,Decline,3403,109
324377,Youssef Maleh,Midfield,Central Midfield,Morocco,2021-22,2022-23,23,24,ACF Fiorentina,"ACF Fiorentina, US Lecce",1013,969,2,0,3,1,5,1,0.178,0,0.267,0.093,0.444,0.093,-0.178,-0.174,-0.351,Decline,3404,108
131505,Rodrigo,Attack,Centre-Forward,Spain,2020-21,2021-22,30,31,Leeds United,Leeds United,1288,2270,7,6,2,1,9,7,0.489,0.238,0.14,0.04,0.629,0.278,-0.251,-0.1,-0.351,Decline,3405,107
459151,Nicolò Cambiaghi,Attack,Left Winger,Italy,2022-23,2023-24,22,23,FC Empoli,FC Empoli,1280,2563,6,1,2,5,8,6,0.422,0.035,0.141,0.176,0.563,0.211,-0.387,0.035,-0.352,Decline,3406,106
296397,Arne Maier,Midfield,Central Midfield,Germany,2023-24,2024-25,25,26,FC Augsburg,FC Augsburg,998,923,2,0,3,1,5,1,0.18,0,0.271,0.098,0.451,0.098,-0.18,-0.173,-0.353,Decline,3407,105
573775,Hugo Duro,Attack,Centre-Forward,Spain,2021-22,2022-23,22,23,"Getafe CF, Valencia CF",Valencia CF,1856,1376,7,1,3,1,10,2,0.339,0.065,0.145,0.065,0.485,0.131,-0.274,-0.08,-0.354,Decline,3408,104
132098,Harry Kane,Attack,Centre-Forward,England,2020-21,2021-22,27,28,Tottenham Hotspur,Tottenham Hotspur,3086,3232,23,17,14,9,37,26,0.671,0.473,0.408,0.251,1.079,0.724,-0.198,-0.157,-0.355,Decline,3409,103
270541,Serhou Guirassy,Attack,Centre-Forward,Guinea,2023-24,2024-25,28,29,VfB Stuttgart,Borussia Dortmund,2214,2602,28,21,2,4,30,25,1.138,0.726,0.081,0.138,1.22,0.865,-0.412,0.057,-0.355,Decline,3410,102
125781,Antoine Griezmann,Attack,Second Striker,France,2020-21,2021-22,30,31,FC Barcelona,"Atlético de Madrid, FC Barcelona",2620,1971,13,3,8,5,21,8,0.447,0.137,0.275,0.228,0.721,0.365,-0.31,-0.047,-0.356,Decline,3411,101
324811,Arnaud Nordin,Attack,Right Winger,France,2023-24,2024-25,26,27,Montpellier HSC,"1.FSV Mainz 05, Montpellier HSC",1251,1246,6,4,4,1,10,5,0.432,0.289,0.288,0.072,0.719,0.361,-0.143,-0.216,-0.358,Decline,3412,100
457673,Gabriel Strefezza,Attack,Right Winger,Brazil,2022-23,2023-24,26,27,US Lecce,US Lecce,2462,1117,8,1,4,0,12,1,0.292,0.081,0.146,0,0.439,0.081,-0.211,-0.146,-0.358,Decline,3413,99
251664,Ivan Toney,Attack,Centre-Forward,England,2022-23,2023-24,27,28,Brentford FC,Brentford FC,2955,1449,20,4,4,2,24,6,0.609,0.248,0.122,0.124,0.731,0.373,-0.361,0.002,-0.358,Decline,3414,98
113707,Rémy Cabella,Midfield,Attacking Midfield,France,2022-23,2023-24,33,34,LOSC Lille,LOSC Lille,2535,1470,7,2,10,2,17,4,0.249,0.122,0.355,0.122,0.604,0.245,-0.127,-0.233,-0.359,Decline,3415,97
146854,Wissam Ben Yedder,Attack,Centre-Forward,France,2022-23,2023-24,32,33,AS Monaco,AS Monaco,2128,2322,19,16,6,2,25,18,0.804,0.62,0.254,0.078,1.057,0.698,-0.184,-0.176,-0.359,Decline,3416,96
286297,Lorenzo Pellegrini,Midfield,Attacking Midfield,Italy,2023-24,2024-25,28,29,Associazione Sportiva Roma,Associazione Sportiva Roma,1866,1633,8,2,4,2,12,4,0.386,0.11,0.193,0.11,0.579,0.22,-0.276,-0.083,-0.359,Decline,3417,95
469781,Marcos Senesi,Defender,Centre-Back,Argentina,2023-24,2024-25,27,28,AFC Bournemouth,AFC Bournemouth,2247,1107,4,0,5,0,9,0,0.16,0,0.2,0,0.36,0,-0.16,-0.2,-0.36,Decline,3418,94
148455,Mohamed Salah,Attack,Right Winger,Egypt,2021-22,2022-23,30,31,Liverpool FC,Liverpool FC,2762,3297,23,19,14,12,37,31,0.749,0.519,0.456,0.328,1.206,0.846,-0.23,-0.128,-0.36,Decline,3419,93
390177,Nedim Bajrami,Midfield,Attacking Midfield,Albania,2021-22,2022-23,23,24,FC Empoli,"FC Empoli, US Sassuolo",2062,1748,6,2,7,2,13,4,0.262,0.103,0.306,0.103,0.567,0.206,-0.159,-0.203,-0.361,Decline,3420,92
648046,Evan Ferguson,Attack,Centre-Forward,Ireland,2022-23,2023-24,18,19,Brighton & Hove Albion,Brighton & Hove Albion,950,1365,6,6,2,0,8,6,0.568,0.396,0.189,0,0.758,0.396,-0.172,-0.189,-0.362,Decline,3421,91
256429,Sergi Guardiola,Attack,Centre-Forward,Spain,2021-22,2022-23,31,32,Rayo Vallecano,"Cádiz CF, Real Valladolid CF",1714,1675,8,3,2,0,10,3,0.42,0.161,0.105,0,0.525,0.161,-0.259,-0.105,-0.364,Decline,3422,90
431755,Dejan Kulusevski,Midfield,Attacking Midfield,Sweden,2021-22,2022-23,22,23,"Juventus FC, Tottenham Hotspur",Tottenham Hotspur,2027,2079,6,2,11,7,17,9,0.266,0.087,0.488,0.303,0.755,0.39,-0.179,-0.185,-0.365,Decline,3423,89
146752,Gianluca Caprari,Attack,Second Striker,Italy,2021-22,2022-23,28,29,Hellas Verona,AC Monza,2754,2463,12,5,7,2,19,7,0.392,0.183,0.229,0.073,0.621,0.256,-0.209,-0.156,-0.365,Decline,3424,88
371998,Vinicius Junior,Attack,Left Winger,Brazil,2021-22,2022-23,21,22,Real Madrid,Real Madrid,2700,2833,17,10,13,10,30,20,0.567,0.318,0.433,0.318,1,0.635,-0.249,-0.115,-0.365,Decline,3425,87
216569,Jérémie Boga,Attack,Left Winger,Cote d'Ivoire,2023-24,2024-25,27,28,OGC Nice,OGC Nice,2011,1057,6,1,6,1,12,2,0.269,0.085,0.269,0.085,0.537,0.17,-0.184,-0.184,-0.367,Decline,3426,86
207877,Ruslan Malinovskyi,Midfield,Central Midfield,Ukraine,2021-22,2022-23,29,30,Atalanta BC,"Atalanta BC, Olympique Marseille",1597,1782,6,2,5,3,11,5,0.338,0.101,0.282,0.152,0.62,0.253,-0.237,-0.13,-0.367,Decline,3427,85
342229,Kylian Mbappé,Attack,Centre-Forward,France,2023-24,2024-25,25,26,Paris Saint-Germain,Real Madrid,2159,2917,27,31,7,3,34,34,1.126,0.956,0.292,0.093,1.417,1.049,-0.17,-0.199,-0.368,Decline,3428,84
368887,Loïs Openda,Attack,Centre-Forward,Belgium,2023-24,2024-25,24,25,RB Leipzig,RB Leipzig,2716,2464,24,9,7,9,31,18,0.795,0.329,0.232,0.329,1.027,0.657,-0.466,0.097,-0.37,Decline,3429,83
291739,Milot Rashica,Attack,Right Winger,Kosovo,2020-21,2021-22,25,26,SV Werder Bremen,Norwich City,1463,2239,3,1,5,2,8,3,0.185,0.04,0.308,0.08,0.492,0.121,-0.145,-0.228,-0.371,Decline,3430,82
392538,Tommaso Pobega,Midfield,Central Midfield,Italy,2020-21,2021-22,21,22,Spezia Calcio,Torino FC,1239,2238,6,4,3,3,9,7,0.436,0.161,0.218,0.121,0.654,0.282,-0.275,-0.097,-0.372,Decline,3431,81
256361,Daniele Verde,Attack,Right Winger,Italy,2021-22,2022-23,26,27,Spezia Calcio,Spezia Calcio,1957,995,8,3,6,0,14,3,0.368,0.271,0.276,0,0.644,0.271,-0.097,-0.276,-0.373,Decline,3432,80
240306,Bruno Fernandes,Midfield,Attacking Midfield,Portugal,2020-21,2021-22,26,27,Manchester United,Manchester United,3109,3118,18,10,11,6,29,16,0.521,0.289,0.318,0.173,0.839,0.462,-0.232,-0.145,-0.377,Decline,3433,79
635336,Imrân Louza,Midfield,Central Midfield,Morocco,2020-21,2021-22,22,23,FC Nantes,Watford FC,2389,1420,7,0,3,0,10,0,0.264,0,0.113,0,0.377,0,-0.264,-0.113,-0.377,Decline,3434,78
496094,Karim Adeyemi,Attack,Right Winger,Germany,2022-23,2023-24,21,22,Borussia Dortmund,Borussia Dortmund,1397,911,6,3,6,1,12,4,0.387,0.296,0.387,0.099,0.773,0.395,-0.091,-0.288,-0.378,Decline,3435,77
126414,Hakan Çalhanoğlu,Midfield,Defensive Midfield,Türkiye,2021-22,2022-23,28,29,Inter Milan,Inter Milan,2505,2374,7,3,13,6,20,9,0.251,0.114,0.467,0.227,0.719,0.341,-0.137,-0.24,-0.378,Decline,3436,76
234523,Antonio Sanabria,Attack,Centre-Forward,Paraguay,2022-23,2023-24,27,28,Torino FC,Torino FC,2443,2133,12,5,4,0,16,5,0.442,0.211,0.147,0,0.589,0.211,-0.231,-0.147,-0.378,Decline,3437,75
134425,Raheem Sterling,Attack,Right Winger,England,2021-22,2022-23,27,28,Manchester City,Chelsea FC,2127,1902,13,6,6,3,19,9,0.55,0.284,0.254,0.142,0.804,0.426,-0.266,-0.112,-0.378,Decline,3438,74
315867,Gianluca Scamacca,Attack,Centre-Forward,Italy,2021-22,2022-23,23,24,US Sassuolo,West Ham United,2152,928,16,3,0,0,16,3,0.669,0.291,0,0,0.669,0.291,-0.378,0,-0.378,Decline,3439,73
18922,Karim Benzema,Attack,Centre-Forward,France,2021-22,2022-23,34,35,Real Madrid,Real Madrid,2603,2044,27,19,12,3,39,22,0.934,0.837,0.415,0.132,1.348,0.969,-0.097,-0.283,-0.379,Decline,3440,72
324278,Christoph Baumgartner,Midfield,Attacking Midfield,Austria,2023-24,2024-25,24,25,RB Leipzig,RB Leipzig,1149,1609,5,2,2,1,7,3,0.392,0.112,0.157,0.056,0.548,0.168,-0.28,-0.101,-0.38,Decline,3441,71
518505,Jamie Leweling,Attack,Right Winger,Germany,2023-24,2024-25,23,24,VfB Stuttgart,VfB Stuttgart,1523,1677,4,2,7,3,11,5,0.236,0.107,0.414,0.161,0.65,0.268,-0.129,-0.253,-0.382,Decline,3442,70
356141,Daichi Kamada,Midfield,Attacking Midfield,Japan,2020-21,2021-22,24,25,Eintracht Frankfurt,Eintracht Frankfurt,2375,2145,5,4,13,3,18,7,0.189,0.168,0.493,0.126,0.682,0.294,-0.021,-0.367,-0.388,Decline,3443,69
314875,Jarrod Bowen,Attack,Right Winger,England,2021-22,2022-23,25,26,West Ham United,West Ham United,2993,3237,12,6,12,6,24,12,0.361,0.167,0.361,0.167,0.722,0.334,-0.194,-0.194,-0.388,Decline,3444,68
173900,Hélder Costa,Attack,Right Winger,Angola,2020-21,2021-22,27,28,Leeds United,"Leeds United, Valencia CF",1156,1138,3,0,3,1,6,1,0.234,0,0.234,0.079,0.467,0.079,-0.234,-0.155,-0.388,Decline,3445,67
55735,Henrikh Mkhitaryan,Midfield,Central Midfield,Armenia,2020-21,2021-22,32,33,Associazione Sportiva Roma,Associazione Sportiva Roma,2747,2502,13,5,11,6,24,11,0.426,0.18,0.36,0.216,0.786,0.396,-0.246,-0.144,-0.39,Decline,3446,66
406635,Phil Foden,Midfield,Attacking Midfield,England,2023-24,2024-25,24,25,Manchester City,Manchester City,2871,1781,19,7,8,2,27,9,0.596,0.354,0.251,0.101,0.846,0.455,-0.242,-0.15,-0.391,Decline,3447,65
221316,Lucas Vázquez,Defender,Right-Back,Spain,2023-24,2024-25,32,33,Real Madrid,Real Madrid,1411,2193,3,1,7,5,10,6,0.191,0.041,0.446,0.205,0.638,0.246,-0.15,-0.241,-0.392,Decline,3448,64
349066,Alexander Isak,Attack,Centre-Forward,Sweden,2020-21,2021-22,21,22,Real Sociedad,Real Sociedad,2356,2157,17,6,2,2,19,8,0.649,0.25,0.076,0.083,0.726,0.334,-0.399,0.007,-0.392,Decline,3449,63
223967,Konrad Laimer,Defender,Right-Back,Austria,2021-22,2022-23,25,26,RB Leipzig,RB Leipzig,1242,1474,4,3,4,0,8,3,0.29,0.183,0.29,0,0.58,0.183,-0.107,-0.29,-0.397,Decline,3450,62
318528,Marcus Thuram,Attack,Centre-Forward,France,2020-21,2021-22,23,24,Borussia Mönchengladbach,Borussia Mönchengladbach,1738,953,8,3,7,1,15,4,0.414,0.283,0.362,0.094,0.777,0.378,-0.131,-0.268,-0.399,Decline,3451,61
292818,Jonathan Bamba,Attack,Left Winger,Cote d'Ivoire,2020-21,2021-22,25,26,LOSC Lille,LOSC Lille,2994,2444,6,1,11,2,17,3,0.18,0.037,0.331,0.074,0.511,0.11,-0.143,-0.257,-0.401,Decline,3452,60
356141,Daichi Kamada,Midfield,Attacking Midfield,Japan,2022-23,2023-24,26,27,Eintracht Frankfurt,Società Sportiva Lazio S.p.A.,2271,1542,9,2,7,2,16,4,0.357,0.117,0.277,0.117,0.634,0.233,-0.24,-0.16,-0.401,Decline,3453,59
170986,Raphaël Guerreiro,Defender,Left-Back,Portugal,2022-23,2023-24,29,30,Borussia Dortmund,Bayern Munich,2296,1201,4,3,12,0,16,3,0.157,0.225,0.47,0,0.627,0.225,0.068,-0.47,-0.402,Decline,3454,58
486031,Nico González,Attack,Left Winger,Argentina,2023-24,2024-25,26,27,ACF Fiorentina,Juventus FC,1913,1764,12,3,2,2,14,5,0.565,0.153,0.094,0.102,0.659,0.255,-0.412,0.008,-0.404,Decline,3455,57
243714,Kingsley Coman,Attack,Left Winger,France,2022-23,2023-24,27,28,Bayern Munich,Bayern Munich,1419,1123,8,3,6,3,14,6,0.507,0.24,0.381,0.24,0.888,0.481,-0.267,-0.141,-0.407,Decline,3456,56
128223,Álvaro Morata,Attack,Centre-Forward,Spain,2023-24,2024-25,31,32,Atlético de Madrid,AC Milan,1909,1104,15,5,4,1,19,6,0.707,0.408,0.189,0.082,0.896,0.489,-0.299,-0.107,-0.407,Decline,3457,55
354814,M'Bala Nzola,Attack,Centre-Forward,Angola,2020-21,2021-22,24,25,Spezia Calcio,Spezia Calcio,1899,1061,11,2,3,1,14,3,0.521,0.17,0.142,0.085,0.664,0.254,-0.351,-0.057,-0.41,Decline,3458,54
199258,Andrea Petagna,Attack,Centre-Forward,Italy,2022-23,2023-24,28,29,AC Monza,Cagliari Calcio,1668,997,4,1,7,1,11,2,0.216,0.09,0.378,0.09,0.594,0.181,-0.126,-0.288,-0.413,Decline,3459,53
318204,David Raum,Defender,Left-Back,Germany,2021-22,2022-23,24,25,TSG 1899 Hoffenheim,RB Leipzig,2761,1688,3,0,13,2,16,2,0.098,0,0.424,0.107,0.522,0.107,-0.098,-0.317,-0.415,Decline,3460,52
406625,Lautaro Martínez,Attack,Centre-Forward,Argentina,2023-24,2024-25,26,27,Inter Milan,Inter Milan,2667,2580,24,12,6,5,30,17,0.81,0.419,0.202,0.174,1.012,0.593,-0.391,-0.028,-0.419,Decline,3461,51
355369,Jordan,Attack,Centre-Forward,United States,2023-24,2024-25,28,29,"1.FC Union Berlin, Borussia Mönchengladbach","1.FC Union Berlin, Stade Reims",1450,1291,5,1,4,1,9,2,0.31,0.07,0.248,0.07,0.559,0.139,-0.24,-0.178,-0.42,Decline,3462,50
343463,Cyle Larin,Attack,Centre-Forward,Canada,2022-23,2023-24,28,29,Real Valladolid CF,RCD Mallorca,1469,1824,8,3,3,2,11,5,0.49,0.148,0.184,0.099,0.674,0.247,-0.342,-0.085,-0.427,Decline,3463,49
167727,Andrea Belotti,Attack,Centre-Forward,Italy,2021-22,2022-23,28,29,Torino FC,Associazione Sportiva Roma,1376,1136,8,0,1,2,9,2,0.523,0,0.065,0.158,0.589,0.158,-0.523,0.093,-0.431,Decline,3464,48
206050,Paulo Dybala,Attack,Second Striker,Argentina,2023-24,2024-25,30,31,Associazione Sportiva Roma,Associazione Sportiva Roma,1974,1421,13,6,9,3,22,9,0.593,0.38,0.41,0.19,1.003,0.57,-0.213,-0.22,-0.433,Decline,3465,47
687609,Isaac Romero,Attack,Centre-Forward,Spain,2023-24,2024-25,24,25,Sevilla FC,Sevilla FC,1050,2171,4,4,4,2,8,6,0.343,0.166,0.343,0.083,0.686,0.249,-0.177,-0.26,-0.437,Decline,3466,46
656681,Victor Boniface,Attack,Centre-Forward,Nigeria,2023-24,2024-25,23,24,Bayer 04 Leverkusen,Bayer 04 Leverkusen,1555,1011,14,8,9,2,23,10,0.81,0.712,0.521,0.178,1.331,0.89,-0.098,-0.343,-0.441,Decline,3467,45
394300,Davide Frattesi,Midfield,Central Midfield,Italy,2023-24,2024-25,24,25,Inter Milan,Inter Milan,935,1210,6,5,4,2,10,7,0.578,0.372,0.385,0.149,0.963,0.521,-0.206,-0.236,-0.442,Decline,3468,44
709726,Hugo Ekitiké,Attack,Centre-Forward,France,2021-22,2022-23,20,21,Stade Reims,Paris Saint-Germain,1276,1155,10,3,4,4,14,7,0.705,0.234,0.282,0.312,0.987,0.545,-0.471,0.03,-0.442,Decline,3469,43
822458,Bamba Dieng,Attack,Centre-Forward,Senegal,2021-22,2022-23,22,23,Olympique Marseille,"FC Lorient, Olympique Marseille",973,934,7,4,3,1,10,5,0.647,0.385,0.277,0.096,0.925,0.482,-0.262,-0.181,-0.443,Decline,3470,42
88755,Kevin De Bruyne,Midfield,Attacking Midfield,Belgium,2023-24,2024-25,33,34,Manchester City,Manchester City,1228,1705,4,4,10,7,14,11,0.293,0.211,0.733,0.37,1.026,0.581,-0.082,-0.363,-0.445,Decline,3471,41
46580,Andrej Kramaric,Attack,Second Striker,Croatia,2020-21,2021-22,30,31,TSG 1899 Hoffenheim,TSG 1899 Hoffenheim,2386,2710,20,6,6,10,26,16,0.754,0.199,0.226,0.332,0.981,0.531,-0.555,0.106,-0.45,Decline,3472,40
568177,Cole Palmer,Midfield,Attacking Midfield,England,2023-24,2024-25,22,23,"Chelsea FC, Manchester City",Chelsea FC,2628,3200,22,15,11,9,33,24,0.753,0.422,0.377,0.253,1.13,0.675,-0.331,-0.124,-0.455,Decline,3473,39
91845,Heung-min Son,Attack,Left Winger,"Korea, South",2021-22,2022-23,29,30,Tottenham Hotspur,Tottenham Hotspur,3022,2899,23,10,9,6,32,16,0.685,0.31,0.268,0.186,0.953,0.497,-0.375,-0.082,-0.456,Decline,3474,38
73794,Duván Zapata,Attack,Centre-Forward,Colombia,2021-22,2022-23,31,32,Atalanta BC,Atalanta BC,1732,1393,10,2,5,3,15,5,0.52,0.129,0.26,0.194,0.779,0.323,-0.391,-0.066,-0.456,Decline,3475,37
84765,Francesco Caputo,Attack,Centre-Forward,Italy,2020-21,2021-22,33,34,US Sassuolo,"UC Sampdoria, US Sassuolo",1700,2957,11,11,8,7,19,18,0.582,0.335,0.424,0.213,1.006,0.548,-0.247,-0.211,-0.458,Decline,3476,36
203460,Jack Grealish,Attack,Left Winger,England,2020-21,2021-22,25,26,Aston Villa,Manchester City,2185,1916,6,3,12,3,18,6,0.247,0.141,0.494,0.141,0.741,0.282,-0.106,-0.353,-0.459,Decline,3477,35
119228,Luis Muriel,Attack,Centre-Forward,Colombia,2021-22,2022-23,31,32,Atalanta BC,Atalanta BC,1544,1069,9,3,9,4,18,7,0.525,0.253,0.525,0.337,1.049,0.589,-0.272,-0.188,-0.46,Decline,3478,34
152963,Florian Niederlechner,Attack,Centre-Forward,Germany,2021-22,2022-23,31,32,FC Augsburg,"FC Augsburg, Hertha BSC",1151,1697,5,5,5,1,10,6,0.391,0.265,0.391,0.053,0.782,0.318,-0.126,-0.338,-0.464,Decline,3479,33
131275,Choco Lozano,Attack,Centre-Forward,Honduras,2021-22,2022-23,29,30,Cádiz CF,Cádiz CF,1675,1440,7,1,4,1,11,2,0.376,0.063,0.215,0.063,0.591,0.125,-0.313,-0.152,-0.466,Decline,3480,32
193082,Alejandro Grimaldo,Defender,Left-Back,Spain,2023-24,2024-25,28,29,Bayer 04 Leverkusen,Bayer 04 Leverkusen,2788,2646,10,2,15,8,25,10,0.323,0.068,0.484,0.272,0.807,0.34,-0.255,-0.212,-0.467,Decline,3481,31
626913,Boulaye Dia,Attack,Centre-Forward,Senegal,2022-23,2023-24,26,27,US Salernitana 1919,US Salernitana 1919,2526,1143,16,4,6,0,22,4,0.57,0.315,0.214,0,0.784,0.315,-0.255,-0.214,-0.469,Decline,3482,30
198008,André Silva,Attack,Centre-Forward,Portugal,2020-21,2021-22,25,26,Eintracht Frankfurt,RB Leipzig,2773,2080,28,11,8,5,36,16,0.909,0.476,0.26,0.216,1.168,0.692,-0.433,-0.044,-0.476,Decline,3483,29
272261,Antonín Barák,Midfield,Attacking Midfield,Czech Republic,2021-22,2022-23,27,28,Hellas Verona,"ACF Fiorentina, Hellas Verona",2345,1831,11,2,4,0,15,2,0.422,0.098,0.154,0,0.576,0.098,-0.324,-0.154,-0.478,Decline,3484,28
314678,Brahim Díaz,Attack,Right Winger,Morocco,2023-24,2024-25,24,25,Real Madrid,Real Madrid,1551,1382,8,4,7,2,15,6,0.464,0.26,0.406,0.13,0.87,0.391,-0.204,-0.276,-0.479,Decline,3485,27
126737,Juanmi,Attack,Left Winger,Spain,2021-22,2022-23,29,30,Real Betis Balompié,Real Betis Balompié,2146,920,16,4,5,0,21,4,0.671,0.391,0.21,0,0.881,0.391,-0.28,-0.21,-0.49,Decline,3486,26
58358,Thomas Müller,Attack,Second Striker,Germany,2023-24,2024-25,34,35,Bayern Munich,Bayern Munich,1666,1218,5,1,11,4,16,5,0.27,0.074,0.594,0.296,0.864,0.369,-0.196,-0.298,-0.495,Decline,3487,25
182916,Wesley Saïd,Attack,Second Striker,France,2023-24,2024-25,29,30,RC Lens,RC Lens,1015,905,7,3,2,0,9,3,0.621,0.298,0.177,0,0.798,0.298,-0.323,-0.177,-0.5,Decline,3488,24
340329,Joe Willock,Midfield,Central Midfield,England,2020-21,2021-22,21,22,"Arsenal FC, Newcastle United",Newcastle United,1214,2045,8,2,0,0,8,2,0.593,0.088,0,0,0.593,0.088,-0.505,0,-0.505,Decline,3489,23
197838,Jamie Vardy,Attack,Centre-Forward,England,2021-22,2022-23,35,36,Leicester City,Leicester City,1805,1852,15,3,2,4,17,7,0.748,0.146,0.1,0.194,0.848,0.34,-0.602,0.094,-0.508,Decline,3490,22
228645,Wout Weghorst,Attack,Centre-Forward,Netherlands,2020-21,2021-22,28,29,VfL Wolfsburg,"Burnley FC, VfL Wolfsburg",2950,3010,20,8,9,4,29,12,0.61,0.239,0.275,0.12,0.885,0.359,-0.371,-0.155,-0.526,Decline,3491,21
346483,Mason Mount,Midfield,Attacking Midfield,England,2021-22,2022-23,23,24,Chelsea FC,Chelsea FC,2364,1655,11,3,10,2,21,5,0.419,0.163,0.381,0.109,0.799,0.272,-0.256,-0.272,-0.527,Decline,3492,20
472423,Reece James,Defender,Right-Back,England,2021-22,2022-23,22,23,Chelsea FC,Chelsea FC,1865,1244,5,1,9,1,14,2,0.241,0.072,0.434,0.072,0.676,0.145,-0.169,-0.362,-0.531,Decline,3493,19
295331,Isaac Success,Attack,Centre-Forward,Nigeria,2021-22,2022-23,26,27,Udinese Calcio,Udinese Calcio,911,1822,2,1,7,6,9,7,0.198,0.049,0.692,0.296,0.889,0.346,-0.149,-0.396,-0.543,Decline,3494,18
205938,Mario Pašalić,Midfield,Central Midfield,Croatia,2021-22,2022-23,27,28,Atalanta BC,Atalanta BC,2008,1783,13,5,7,2,20,7,0.583,0.252,0.314,0.101,0.896,0.353,-0.331,-0.213,-0.543,Decline,3495,17
177847,Adnan Januzaj,Attack,Right Winger,Belgium,2020-21,2021-22,26,27,Real Sociedad,Real Sociedad,1010,1627,4,3,4,0,8,3,0.356,0.166,0.356,0,0.713,0.166,-0.19,-0.356,-0.547,Decline,3496,16
96341,Romelu Lukaku,Attack,Centre-Forward,Belgium,2020-21,2021-22,28,29,Inter Milan,Chelsea FC,2888,1586,24,8,10,1,34,9,0.748,0.454,0.312,0.057,1.06,0.511,-0.294,-0.255,-0.549,Decline,3497,15
343537,Artem Dovbyk,Attack,Centre-Forward,Ukraine,2023-24,2024-25,27,28,Girona FC,Associazione Sportiva Roma,2605,2432,24,12,8,3,32,15,0.829,0.444,0.276,0.111,1.106,0.555,-0.385,-0.165,-0.551,Decline,3498,14
38253,Robert Lewandowski,Attack,Centre-Forward,Poland,2020-21,2021-22,32,33,Bayern Munich,Bayern Munich,2463,2952,41,35,7,4,48,39,1.498,1.067,0.256,0.122,1.754,1.189,-0.431,-0.134,-0.565,Decline,3499,13
68863,Mauro Icardi,Attack,Centre-Forward,Argentina,2020-21,2021-22,28,29,Paris Saint-Germain,Paris Saint-Germain,1074,1019,7,4,4,0,11,4,0.587,0.353,0.335,0,0.922,0.353,-0.234,-0.335,-0.569,Decline,3500,12
339314,Deniz Undav,Attack,Centre-Forward,Germany,2023-24,2024-25,27,28,VfB Stuttgart,VfB Stuttgart,2097,1729,18,9,10,3,28,12,0.773,0.468,0.429,0.156,1.202,0.625,-0.305,-0.273,-0.577,Decline,3501,11
401173,Jadon Sancho,Attack,Left Winger,England,2020-21,2021-22,21,22,Borussia Dortmund,Manchester United,2071,1901,8,3,12,3,20,6,0.348,0.142,0.521,0.142,0.869,0.284,-0.206,-0.379,-0.585,Decline,3502,10
387626,Leon Bailey,Attack,Right Winger,Jamaica,2023-24,2024-25,26,27,Aston Villa,Aston Villa,2076,1144,10,1,9,2,19,3,0.434,0.079,0.39,0.157,0.824,0.236,-0.355,-0.233,-0.588,Decline,3503,9
48298,Lars Stindl,Midfield,Attacking Midfield,Germany,2020-21,2021-22,32,33,Borussia Mönchengladbach,Borussia Mönchengladbach,1968,1635,14,4,10,5,24,9,0.64,0.22,0.457,0.275,1.098,0.495,-0.42,-0.182,-0.603,Decline,3504,8
282411,Marcos Llorente,Defender,Right-Back,Spain,2020-21,2021-22,26,27,Atlético de Madrid,Atlético de Madrid,2961,2456,12,0,11,2,23,2,0.365,0,0.334,0.073,0.699,0.073,-0.365,-0.261,-0.626,Decline,3505,7
34987,Burak Yilmaz,Attack,Centre-Forward,,2020-21,2021-22,35,36,LOSC Lille,LOSC Lille,2056,2219,16,4,5,3,21,7,0.7,0.162,0.219,0.122,0.919,0.284,-0.538,-0.097,-0.635,Decline,3506,6
801734,Mathys Tel,Attack,Centre-Forward,France,2023-24,2024-25,19,20,Bayern Munich,"Bayern Munich, Tottenham Hotspur",1023,1166,7,2,5,3,12,5,0.616,0.154,0.44,0.232,1.056,0.386,-0.462,-0.208,-0.67,Decline,3507,5
263918,Aleksandr Golovin,Midfield,Attacking Midfield,Russia,2020-21,2021-22,25,26,AS Monaco,AS Monaco,1072,1507,5,3,9,4,14,7,0.42,0.179,0.756,0.239,1.175,0.418,-0.241,-0.517,-0.757,Decline,3508,4
517894,Matheus Cunha,Attack,Centre-Forward,Brazil,2021-22,2022-23,23,24,"Atlético de Madrid, Hertha BSC","Atlético de Madrid, Wolverhampton Wanderers",1117,1342,6,2,7,2,13,4,0.483,0.134,0.564,0.134,1.047,0.268,-0.349,-0.43,-0.779,Decline,3509,3
242086,Patrik Schick,Attack,Centre-Forward,Czech Republic,2021-22,2022-23,26,27,Bayer 04 Leverkusen,Bayer 04 Leverkusen,2096,941,24,3,5,1,29,4,1.031,0.287,0.215,0.096,1.245,0.383,-0.744,-0.119,-0.862,Decline,3510,2
119228,Luis Muriel,Attack,Centre-Forward,Colombia,2020-21,2021-22,30,31,Atalanta BC,Atalanta BC,1435,1544,22,9,9,9,31,18,1.38,0.525,0.564,0.525,1.944,1.049,-0.855,-0.039,-0.895,Decline,3511,1